{"credit":"Made with Blockbench","texture_size":[24,24],"textures":{"0":"elitecreatures:zoo_cozy_cosmetic/bear_backpack","particle":"elitecreatures:zoo_cozy_cosmetic/bear_backpack"},"elements":[{"from":[5.5,3,8],"to":[10.5,9,10],"rotation":{"angle":0,"axis":"y","origin":[5.5,3,8]},"faces":{"north":{"uv":[0,0,3.33333,4],"texture":"#0"},"east":{"uv":[8,2.66667,9.33333,6.66667],"texture":"#0"},"south":{"uv":[3.33333,0,6.66667,4],"texture":"#0"},"west":{"uv":[5.33333,8.66667,6.66667,12.66667],"texture":"#0"},"up":{"uv":[10,10,6.66667,8.66667],"texture":"#0"},"down":{"uv":[12,6.66667,8.66667,8],"texture":"#0"}}},{"from":[5.5,3,10],"to":[10.5,6,11],"rotation":{"angle":0,"axis":"y","origin":[5.5,3,8]},"faces":{"east":{"uv":[4.66667,9.33333,5.33333,11.33333],"texture":"#0"},"south":{"uv":[5.33333,6.66667,8.66667,8.66667],"texture":"#0"},"west":{"uv":[2.66667,10.66667,3.33333,12.66667],"texture":"#0"},"up":{"uv":[12.66667,6.66667,9.33333,6],"texture":"#0"},"down":{"uv":[14,1.33333,10.66667,2],"texture":"#0"}}},{"from":[5.11941,1.5,8.1],"to":[7.11941,3.5,13.1],"rotation":{"angle":-22.5,"axis":"y","origin":[6.11941,2.5,10.6]},"faces":{"north":{"uv":[6.66667,2.66667,8,4],"texture":"#0"},"east":{"uv":[0,9.33333,3.33333,10.66667],"texture":"#0"},"south":{"uv":[1.33333,10.66667,2.66667,12],"texture":"#0"},"west":{"uv":[9.33333,0,12.66667,1.33333],"texture":"#0"},"up":{"uv":[10.66667,4.66667,9.33333,1.33333],"texture":"#0"},"down":{"uv":[4.66667,9.33333,3.33333,12.66667],"texture":"#0"}}},{"from":[8.88059,1.5,8.1],"to":[10.88059,3.5,13.1],"rotation":{"angle":22.5,"axis":"y","origin":[9.88059,2.5,10.6]},"faces":{"north":{"uv":[8,2.66667,6.66667,4],"texture":"#0"},"east":{"uv":[12.66667,0,9.33333,1.33333],"texture":"#0"},"south":{"uv":[2.66667,10.66667,1.33333,12],"texture":"#0"},"west":{"uv":[3.33333,9.33333,0,10.66667],"texture":"#0"},"up":{"uv":[9.33333,4.66667,10.66667,1.33333],"texture":"#0"},"down":{"uv":[3.33333,9.33333,4.66667,12.66667],"texture":"#0"}}},{"from":[3.9,6.1,7.7],"to":[5.9,8.1,12.7],"rotation":{"angle":45,"axis":"x","origin":[4.9,7.1,10.2]},"faces":{"north":{"uv":[10.66667,2,12,3.33333],"texture":"#0"},"east":{"uv":[9.33333,4.66667,12.66667,6],"texture":"#0"},"south":{"uv":[10.66667,3.33333,12,4.66667],"texture":"#0"},"west":{"uv":[6.66667,10,10,11.33333],"texture":"#0"},"up":{"uv":[11.33333,11.33333,10,8],"texture":"#0"},"down":{"uv":[1.33333,10.66667,0,14],"texture":"#0"}}},{"from":[10.1,6.1,7.7],"to":[12.1,8.1,12.7],"rotation":{"angle":45,"axis":"x","origin":[11.1,7.1,10.2]},"faces":{"north":{"uv":[12,2,10.66667,3.33333],"texture":"#0"},"east":{"uv":[10,10,6.66667,11.33333],"texture":"#0"},"south":{"uv":[12,3.33333,10.66667,4.66667],"texture":"#0"},"west":{"uv":[12.66667,4.66667,9.33333,6],"texture":"#0"},"up":{"uv":[10,11.33333,11.33333,8],"texture":"#0"},"down":{"uv":[0,10.66667,1.33333,14],"texture":"#0"}}},{"from":[6,8,8],"to":[10,12,12],"rotation":{"angle":22.5,"axis":"x","origin":[8,10,10]},"faces":{"north":{"uv":[0,4,2.66667,6.66667],"texture":"#0"},"east":{"uv":[2.66667,4,5.33333,6.66667],"texture":"#0"},"south":{"uv":[5.33333,4,8,6.66667],"texture":"#0"},"west":{"uv":[0,6.66667,2.66667,9.33333],"texture":"#0"},"up":{"uv":[9.33333,2.66667,6.66667,0],"texture":"#0"},"down":{"uv":[5.33333,6.66667,2.66667,9.33333],"texture":"#0"}}},{"from":[5,11,10],"to":[7,13,11],"rotation":{"angle":22.5,"axis":"x","origin":[8,10,10]},"faces":{"north":{"uv":[6.66667,11.33333,8,12.66667],"texture":"#0"},"east":{"uv":[4.66667,11.33333,5.33333,12.66667],"texture":"#0"},"south":{"uv":[8,11.33333,9.33333,12.66667],"texture":"#0"},"west":{"uv":[11.33333,8,12,9.33333],"texture":"#0"},"up":{"uv":[10,8.66667,8.66667,8],"texture":"#0"},"down":{"uv":[10.66667,11.33333,9.33333,12],"texture":"#0"}}},{"from":[9,11,10],"to":[11,13,11],"rotation":{"angle":22.5,"axis":"x","origin":[8,10,10]},"faces":{"north":{"uv":[8,11.33333,6.66667,12.66667],"texture":"#0"},"east":{"uv":[12,8,11.33333,9.33333],"texture":"#0"},"south":{"uv":[9.33333,11.33333,8,12.66667],"texture":"#0"},"west":{"uv":[5.33333,11.33333,4.66667,12.66667],"texture":"#0"},"up":{"uv":[8.66667,8.66667,10,8],"texture":"#0"},"down":{"uv":[9.33333,11.33333,10.66667,12],"texture":"#0"}}},{"from":[7,3,6.5],"to":[8.5,4.5,8],"rotation":{"angle":0,"axis":"y","origin":[7,3,6.5]},"faces":{"north":{"uv":[12.83333,0,13.83333,1],"texture":"#0"},"east":{"uv":[12.83333,0,13.83333,1],"texture":"#0"},"south":{"uv":[12.83333,0,13.83333,1],"texture":"#0"},"west":{"uv":[12.83333,0,13.83333,1],"texture":"#0"},"up":{"uv":[12.83333,0,13.83333,1],"texture":"#0"},"down":{"uv":[12.83333,0,13.83333,1],"texture":"#0"}}}],"gui_light":"front","display":{"thirdperson_righthand":{"rotation":[68,180,0],"translation":[0,-0.5,0.25],"scale":[0.6,0.6,0.6]},"thirdperson_lefthand":{"rotation":[74,2,0],"translation":[-6,-5.25,8.25],"scale":[1.21,1.21,1.21]},"firstperson_righthand":{"rotation":[-180,6.5,-180],"translation":[1,2.5,2.5]},"firstperson_lefthand":{"rotation":[-180,6.5,-180],"translation":[1,2.5,2.5],"scale":[0,0,0]},"ground":{"translation":[0,5.75,-2.25],"scale":[0.9,0.9,0.9]},"gui":{"translation":[0,1,0],"scale":[1.28711,1.28711,1.28711]},"head":{"translation":[0,-44,3.25],"scale":[2.61523,2.61523,2.61523]},"fixed":{"rotation":[-90,180,0],"translation":[0,5.5,-19.5],"scale":[3,3,3]}},"groups":[{"name":"group","origin":[7,3,6.5],"color":0,"children":[0,1,2,3,4,5,6,7,8,9]}]}