{"credit":"Made with Blockbench","texture_size":[28,28],"textures":{"2":"elitecreatures:zoo_cozy_cosmetic/rabbit_backpack"},"elements":[{"from":[5.5,3,8],"to":[10.5,9,10],"rotation":{"angle":0,"axis":"y","origin":[5.5,3,8]},"faces":{"north":{"uv":[0,0,2.85714,3.42857],"texture":"#2"},"east":{"uv":[6.85714,2.28571,8,5.71429],"texture":"#2"},"south":{"uv":[2.85714,0,5.71429,3.42857],"texture":"#2"},"west":{"uv":[4.57143,7.42857,5.71429,10.85714],"texture":"#2"},"up":{"uv":[8.57143,8.57143,5.71429,7.42857],"texture":"#2"},"down":{"uv":[10.28571,5.71429,7.42857,6.85714],"texture":"#2"}}},{"from":[5.5,3,10],"to":[10.5,6,11],"rotation":{"angle":0,"axis":"y","origin":[5.5,3,8]},"faces":{"east":{"uv":[4,8,4.57143,9.71429],"texture":"#2"},"south":{"uv":[4.57143,5.71429,7.42857,7.42857],"texture":"#2"},"west":{"uv":[2.28571,9.14286,2.85714,10.85714],"texture":"#2"},"up":{"uv":[10.85714,5.71429,8,5.14286],"texture":"#2"},"down":{"uv":[8.57143,9.71429,5.71429,10.28571],"texture":"#2"}}},{"from":[5.11941,1.5,8.1],"to":[7.11941,3.5,13.1],"rotation":{"angle":-22.5,"axis":"y","origin":[6.11941,2.5,10.6]},"faces":{"north":{"uv":[5.71429,2.28571,6.85714,3.42857],"texture":"#2"},"east":{"uv":[0,8,2.85714,9.14286],"texture":"#2"},"south":{"uv":[9.71429,9.14286,10.85714,10.28571],"texture":"#2"},"west":{"uv":[8,0,10.85714,1.14286],"texture":"#2"},"up":{"uv":[9.14286,4,8,1.14286],"texture":"#2"},"down":{"uv":[4,8,2.85714,10.85714],"texture":"#2"}}},{"from":[3.9,6.1,7.7],"to":[5.9,8.1,12.7],"rotation":{"angle":45,"axis":"x","origin":[4.9,7.1,10.2]},"faces":{"north":{"uv":[10.28571,1.14286,11.42857,2.28571],"texture":"#2"},"east":{"uv":[8,4,10.85714,5.14286],"texture":"#2"},"south":{"uv":[10.28571,2.28571,11.42857,3.42857],"texture":"#2"},"west":{"uv":[5.71429,8.57143,8.57143,9.71429],"texture":"#2"},"up":{"uv":[9.71429,9.71429,8.57143,6.85714],"texture":"#2"},"down":{"uv":[1.14286,9.14286,0,12],"texture":"#2"}}},{"from":[10.1,6.1,7.7],"to":[12.1,8.1,12.7],"rotation":{"angle":45,"axis":"x","origin":[11.1,7.1,10.2]},"faces":{"north":{"uv":[11.42857,1.14286,10.28571,2.28571],"texture":"#2"},"east":{"uv":[8.57143,8.57143,5.71429,9.71429],"texture":"#2"},"south":{"uv":[11.42857,2.28571,10.28571,3.42857],"texture":"#2"},"west":{"uv":[10.85714,4,8,5.14286],"texture":"#2"},"up":{"uv":[8.57143,9.71429,9.71429,6.85714],"texture":"#2"},"down":{"uv":[0,9.14286,1.14286,12],"texture":"#2"}}},{"from":[8.88059,1.5,8.1],"to":[10.88059,3.5,13.1],"rotation":{"angle":22.5,"axis":"y","origin":[9.88059,2.5,10.6]},"faces":{"north":{"uv":[6.85714,2.28571,5.71429,3.42857],"texture":"#2"},"east":{"uv":[10.85714,0,8,1.14286],"texture":"#2"},"south":{"uv":[10.85714,9.14286,9.71429,10.28571],"texture":"#2"},"west":{"uv":[2.85714,8,0,9.14286],"texture":"#2"},"up":{"uv":[8,4,9.14286,1.14286],"texture":"#2"},"down":{"uv":[2.85714,8,4,10.85714],"texture":"#2"}}},{"from":[6,8,8],"to":[10,12,12],"rotation":{"angle":22.5,"axis":"x","origin":[8,10,10]},"faces":{"north":{"uv":[0,3.42857,2.28571,5.71429],"texture":"#2"},"east":{"uv":[2.28571,3.42857,4.57143,5.71429],"texture":"#2"},"south":{"uv":[4.57143,3.42857,6.85714,5.71429],"texture":"#2"},"west":{"uv":[0,5.71429,2.28571,8],"texture":"#2"},"up":{"uv":[8,2.28571,5.71429,0],"texture":"#2"},"down":{"uv":[4.57143,5.71429,2.28571,8],"texture":"#2"}}},{"from":[7,3,6.5],"to":[8.5,4.5,8],"rotation":{"angle":0,"axis":"y","origin":[7,3,6.5]},"faces":{"north":{"uv":[6.85714,10.28571,7.71429,11.14286],"texture":"#2"},"east":{"uv":[9.71429,10.28571,10.57143,11.14286],"texture":"#2"},"south":{"uv":[10.85714,0,11.71429,0.85714],"texture":"#2"},"west":{"uv":[2.28571,10.85714,3.14286,11.71429],"texture":"#2"},"up":{"uv":[4.28571,11.71429,3.42857,10.85714],"texture":"#2"},"down":{"uv":[11.71429,3.42857,10.85714,4.28571],"texture":"#2"}}},{"from":[6.16,11.28223,12.1349],"to":[7.44,16.40223,12.4549],"rotation":{"angle":22.5,"axis":"x","origin":[7.08,14.09508,12.4725]},"faces":{"north":{"uv":[1.14286,9.14286,1.85714,12],"texture":"#2"},"east":{"uv":[8,10.28571,8.14286,13.14286],"texture":"#2"},"south":{"uv":[9.14286,1.14286,9.85714,4],"texture":"#2"},"west":{"uv":[4.57143,10.85714,4.71429,13.71429],"texture":"#2"},"up":{"uv":[8.14286,7,7.42857,6.85714],"texture":"#2"},"down":{"uv":[3,12,2.28571,12.14286],"texture":"#2"}}},{"from":[7.44,11.63159,12.01244],"to":[7.76,16.11159,12.33244],"rotation":{"angle":22.5,"axis":"x","origin":[7.08,13.79943,12.35004]},"faces":{"north":{"uv":[11.42857,4.57143,11.57143,7.14286],"texture":"#2"},"east":{"uv":[5.71429,11.42857,5.85714,14],"texture":"#2"},"south":{"uv":[6.28571,11.42857,6.42857,14],"texture":"#2"},"up":{"uv":[12.14286,4.71429,12,4.57143],"texture":"#2"},"down":{"uv":[12.14286,5.14286,12,5.28571],"texture":"#2"}}},{"from":[5.84,11.63159,12.01244],"to":[6.16,16.11159,12.33244],"rotation":{"angle":22.5,"axis":"x","origin":[6.52,13.79943,12.35004]},"faces":{"north":{"uv":[11.57143,4.57143,11.42857,7.14286],"texture":"#2"},"south":{"uv":[6.42857,11.42857,6.28571,14],"texture":"#2"},"west":{"uv":[5.85714,11.42857,5.71429,14],"texture":"#2"},"up":{"uv":[12,4.71429,12.14286,4.57143],"texture":"#2"},"down":{"uv":[12,5.14286,12.14286,5.28571],"texture":"#2"}}},{"from":[8.64,11.28223,12.1349],"to":[9.92,14.48223,12.4549],"rotation":{"angle":22.5,"axis":"x","origin":[8,14.09508,12.4725]},"faces":{"north":{"uv":[9.71429,6.85714,10.42857,8.71429],"texture":"#2"},"east":{"uv":[11.42857,1.14286,11.57143,3],"texture":"#2"},"south":{"uv":[8.57143,9.71429,9.28571,11.57143],"texture":"#2"},"west":{"uv":[6.85714,11.42857,7,13.28571],"texture":"#2"},"up":{"uv":[12.71429,2.42857,12,2.28571],"texture":"#2"},"down":{"uv":[12.71429,2.85714,12,3],"texture":"#2"}}},{"from":[8.32,11.60223,12.1349],"to":[8.64,14.48223,12.4549],"rotation":{"angle":22.5,"axis":"x","origin":[8,14.09508,12.4725]},"faces":{"north":{"uv":[7.42857,11.42857,7.57143,13.14286],"texture":"#2"},"south":{"uv":[11.42857,7.42857,11.57143,9.14286],"texture":"#2"},"west":{"uv":[11.42857,9.14286,11.57143,10.85714],"texture":"#2"},"up":{"uv":[12.14286,5.85714,12,5.71429],"texture":"#2"},"down":{"uv":[12.14286,6.28571,12,6.42857],"texture":"#2"}}},{"from":[9.92,11.60223,12.1349],"to":[10.24,14.48223,12.4549],"rotation":{"angle":22.5,"axis":"x","origin":[8,14.09508,12.4725]},"faces":{"north":{"uv":[9.71429,11.42857,9.85714,13.14286],"texture":"#2"},"east":{"uv":[10.28571,11.42857,10.42857,13.14286],"texture":"#2"},"south":{"uv":[11.42857,10.85714,11.57143,12.57143],"texture":"#2"},"up":{"uv":[12.14286,7,12,6.85714],"texture":"#2"},"down":{"uv":[12.14286,7.42857,12,7.57143],"texture":"#2"}}},{"from":[8.32,14.32357,12.01244],"to":[8.64,15.92357,12.33244],"rotation":{"angle":45,"axis":"x","origin":[8,14.09508,12.4725]},"faces":{"north":{"uv":[0,12,0.14286,12.85714],"texture":"#2"},"south":{"uv":[12,0,12.14286,0.85714],"texture":"#2"},"west":{"uv":[0.57143,12,0.71429,12.85714],"texture":"#2"},"up":{"uv":[12.14286,8.14286,12,8],"texture":"#2"},"down":{"uv":[8.71429,12,8.57143,12.14286],"texture":"#2"}}},{"from":[9.92,14.32357,12.01244],"to":[10.24,15.92357,12.33244],"rotation":{"angle":45,"axis":"x","origin":[8,14.09508,12.4725]},"faces":{"north":{"uv":[1.14286,12,1.28571,12.85714],"texture":"#2"},"east":{"uv":[12,1.14286,12.14286,2],"texture":"#2"},"south":{"uv":[1.71429,12,1.85714,12.85714],"texture":"#2"},"up":{"uv":[12.14286,8.71429,12,8.57143],"texture":"#2"},"down":{"uv":[9.28571,12,9.14286,12.14286],"texture":"#2"}}},{"from":[8.64,14.32357,12.01244],"to":[9.92,16.24357,12.33244],"rotation":{"angle":45,"axis":"x","origin":[8,14.09508,12.4725]},"faces":{"north":{"uv":[5.71429,10.28571,6.42857,11.42857],"texture":"#2"},"east":{"uv":[4,9.71429,4.14286,10.85714],"texture":"#2"},"south":{"uv":[10.28571,5.71429,11,6.85714],"texture":"#2"},"west":{"uv":[10.85714,4.57143,11,5.71429],"texture":"#2"},"up":{"uv":[4.14286,12.14286,3.42857,12],"texture":"#2"},"down":{"uv":[12.71429,3.42857,12,3.57143],"texture":"#2"}}}],"gui_light":"front","display":{"thirdperson_righthand":{"rotation":[57,180,0],"translation":[0,-0.5,0.25],"scale":[0.6,0.6,0.6]},"thirdperson_lefthand":{"rotation":[68,0,0],"translation":[-6,-5,8.5]},"firstperson_righthand":{"rotation":[-180,6.5,-180],"translation":[1,2.5,2.5]},"firstperson_lefthand":{"rotation":[-180,6.5,-180],"translation":[-2,2.5,2.5],"scale":[0,0,0]},"ground":{"translation":[0,5.75,-2.25],"scale":[0.9,0.9,0.9]},"gui":{"translation":[0,-0.75,0],"scale":[0.99414,0.99414,0.99414]},"head":{"translation":[0,-44,3.25],"scale":[2.61523,2.61523,2.61523]},"fixed":{"rotation":[-90,180,0],"translation":[0,5.5,-19.5],"scale":[3,3,3]}},"groups":[{"name":"group","origin":[8,14.09508,12.4725],"color":0,"children":[0,1,2,3,4,5,6,7,8,9,10,11,12,13,14,15,16]}]}