{
  "credit": "MadewithBlockbench",
  "textures": {
    "0": "block/gray_wool",
    "1": "block/oak_log_top",
    "2": "block/quartz_block_top",
    "3": "block/black_stained_glass",
    "4": "block/birch_planks",
    "5": "block/clay"
  },
  "elements": [
    {
      "name": "Cube",
      "from": [
        7,
        2,
        7
      ],
      "to": [
        9,
        11,
        9
      ],
      "faces": {
        "north": {
          "uv": [
            7,
            4,
            9,
            13
          ],
          "texture": "#0"
        },
        "east": {
          "uv": [
            0,
            0,
            2,
            9
          ],
          "texture": "#0"
        },
        "south": {
          "uv": [
            0,
            0,
            2,
            9
          ],
          "texture": "#0"
        },
        "west": {
          "uv": [
            0,
            0,
            2,
            9
          ],
          "texture": "#0"
        },
        "up": {
          "uv": [
            0,
            0,
            2,
            2
          ],
          "texture": "#0"
        },
        "down": {
          "uv": [
            0,
            0,
            2,
            2
          ],
          "texture": "#0"
        }
      }
    },
    {
      "name": "Cube",
      "from": [
        1,
        11,
        1
      ],
      "to": [
        15,
        13,
        15
      ],
      "faces": {
        "north": {
          "uv": [
            0,
            0,
            16,
            1
          ],
          "texture": "#1"
        },
        "east": {
          "uv": [
            0,
            0,
            16,
            1
          ],
          "texture": "#1"
        },
        "south": {
          "uv": [
            0,
            0,
            16,
            1
          ],
          "texture": "#1"
        },
        "west": {
          "uv": [
            0,
            0,
            16,
            1
          ],
          "texture": "#1"
        },
        "up": {
          "uv": [
            1,
            1,
            15,
            15
          ],
          "texture": "#1"
        },
        "down": {
          "uv": [
            1,
            1,
            15,
            15
          ],
          "texture": "#1"
        }
      }
    },
    {
      "name": "Cube",
      "from": [
        5,
        1,
        5
      ],
      "to": [
        11,
        2,
        11
      ],
      "faces": {
        "north": {
          "uv": [
            5,
            0,
            11,
            1
          ],
          "texture": "#0"
        },
        "east": {
          "uv": [
            5,
            0,
            11,
            1
          ],
          "texture": "#0"
        },
        "south": {
          "uv": [
            5,
            0,
            11,
            1
          ],
          "texture": "#0"
        },
        "west": {
          "uv": [
            5,
            0,
            11,
            1
          ],
          "texture": "#0"
        },
        "up": {
          "uv": [
            0,
            0,
            6,
            6
          ],
          "texture": "#0"
        },
        "down": {
          "uv": [
            0,
            0,
            6,
            6
          ],
          "texture": "#0"
        }
      }
    },
    {
      "name": "Cube",
      "from": [
        4,
        0,
        4
      ],
      "to": [
        12,
        1,
        12
      ],
      "faces": {
        "north": {
          "uv": [
            3,
            15,
            13,
            16
          ],
          "texture": "#0"
        },
        "east": {
          "uv": [
            3,
            15,
            13,
            16
          ],
          "texture": "#0"
        },
        "south": {
          "uv": [
            3,
            15,
            13,
            16
          ],
          "texture": "#0"
        },
        "west": {
          "uv": [
            3,
            15,
            13,
            16
          ],
          "texture": "#0"
        },
        "up": {
          "uv": [
            0,
            0,
            8,
            8
          ],
          "texture": "#0"
        },
        "down": {
          "uv": [
            0,
            0,
            8,
            8
          ],
          "texture": "#0"
        }
      }
    },
    {
      "name": "Cube",
      "from": [
        5,
        13,
        4
      ],
      "to": [
        7,
        14,
        6
      ],
      "faces": {
        "north": {
          "uv": [
            0,
            0,
            2,
            1
          ],
          "texture": "#2"
        },
        "east": {
          "uv": [
            0,
            0,
            2,
            1
          ],
          "texture": "#2"
        },
        "south": {
          "uv": [
            0,
            0,
            2,
            1
          ],
          "texture": "#2"
        },
        "west": {
          "uv": [
            0,
            0,
            2,
            1
          ],
          "texture": "#2"
        },
        "up": {
          "uv": [
            7,
            6,
            9,
            8
          ],
          "texture": "#2"
        },
        "down": {
          "uv": [
            8,
            7,
            10,
            9
          ],
          "texture": "#2"
        }
      }
    },
    {
      "name": "Cube",
      "from": [
        7,
        13,
        4
      ],
      "to": [
        8,
        17,
        6
      ],
      "faces": {
        "north": {
          "uv": [
            0,
            0,
            1,
            4
          ],
          "texture": "#2"
        },
        "east": {
          "uv": [
            0,
            0,
            2,
            4
          ],
          "texture": "#2"
        },
        "south": {
          "uv": [
            0,
            0,
            1,
            4
          ],
          "texture": "#2"
        },
        "west": {
          "uv": [
            0,
            0,
            2,
            4
          ],
          "texture": "#2"
        },
        "up": {
          "uv": [
            0,
            0,
            1,
            2
          ],
          "texture": "#2"
        },
        "down": {
          "uv": [
            0,
            0,
            1,
            2
          ],
          "texture": "#2"
        }
      }
    },
    {
      "name": "Cube",
      "from": [
        4,
        13,
        4
      ],
      "to": [
        5,
        17,
        6
      ],
      "faces": {
        "north": {
          "uv": [
            0,
            0,
            1,
            4
          ],
          "texture": "#2"
        },
        "east": {
          "uv": [
            0,
            0,
            2,
            4
          ],
          "texture": "#2"
        },
        "south": {
          "uv": [
            0,
            0,
            1,
            4
          ],
          "texture": "#2"
        },
        "west": {
          "uv": [
            0,
            0,
            2,
            4
          ],
          "texture": "#2"
        },
        "up": {
          "uv": [
            0,
            0,
            1,
            2
          ],
          "texture": "#2"
        },
        "down": {
          "uv": [
            0,
            0,
            1,
            2
          ],
          "texture": "#2"
        }
      }
    },
    {
      "name": "Cube",
      "from": [
        5,
        13,
        6
      ],
      "to": [
        7,
        17,
        7
      ],
      "faces": {
        "north": {
          "uv": [
            0,
            0,
            2,
            4
          ],
          "texture": "#2"
        },
        "east": {
          "uv": [
            0,
            0,
            1,
            4
          ],
          "texture": "#2"
        },
        "south": {
          "uv": [
            0,
            0,
            2,
            4
          ],
          "texture": "#2"
        },
        "west": {
          "uv": [
            0,
            0,
            1,
            4
          ],
          "texture": "#2"
        },
        "up": {
          "uv": [
            0,
            0,
            2,
            1
          ],
          "texture": "#2"
        },
        "down": {
          "uv": [
            0,
            0,
            2,
            1
          ],
          "texture": "#2"
        }
      }
    },
    {
      "name": "Cube",
      "from": [
        5,
        13,
        3
      ],
      "to": [
        7,
        17,
        4
      ],
      "faces": {
        "north": {
          "uv": [
            0,
            0,
            2,
            4
          ],
          "texture": "#2"
        },
        "east": {
          "uv": [
            0,
            0,
            1,
            4
          ],
          "texture": "#2"
        },
        "south": {
          "uv": [
            0,
            0,
            2,
            4
          ],
          "texture": "#2"
        },
        "west": {
          "uv": [
            0,
            0,
            1,
            4
          ],
          "texture": "#2"
        },
        "up": {
          "uv": [
            0,
            0,
            2,
            1
          ],
          "texture": "#2"
        },
        "down": {
          "uv": [
            0,
            0,
            2,
            1
          ],
          "texture": "#2"
        }
      }
    },
    {
      "name": "Cube",
      "from": [
        5,
        15,
        4
      ],
      "to": [
        7,
        16,
        6
      ],
      "faces": {
        "north": {
          "uv": [
            0,
            0,
            2,
            1
          ],
          "texture": "#3"
        },
        "east": {
          "uv": [
            0,
            0,
            2,
            1
          ],
          "texture": "#3"
        },
        "south": {
          "uv": [
            0,
            0,
            2,
            1
          ],
          "texture": "#3"
        },
        "west": {
          "uv": [
            0,
            0,
            2,
            1
          ],
          "texture": "#3"
        },
        "up": {
          "uv": [
            7,
            6,
            9,
            8
          ],
          "texture": "#3"
        },
        "down": {
          "uv": [
            8,
            7,
            10,
            9
          ],
          "texture": "#3"
        }
      }
    },
    {
      "name": "Cube",
      "from": [
        5,
        14,
        4
      ],
      "to": [
        7,
        15,
        6
      ],
      "faces": {
        "north": {
          "uv": [
            0,
            0,
            2,
            1
          ],
          "texture": "#3"
        },
        "east": {
          "uv": [
            0,
            0,
            2,
            1
          ],
          "texture": "#3"
        },
        "south": {
          "uv": [
            0,
            0,
            2,
            1
          ],
          "texture": "#3"
        },
        "west": {
          "uv": [
            0,
            0,
            2,
            1
          ],
          "texture": "#3"
        },
        "up": {
          "uv": [
            7,
            6,
            9,
            8
          ],
          "texture": "#3"
        },
        "down": {
          "uv": [
            8,
            7,
            10,
            9
          ],
          "texture": "#3"
        }
      }
    },
    {
      "name": "Cube",
      "from": [
        3,
        16.2,
        4.5
      ],
      "to": [
        4,
        16.7,
        5.5
      ],
      "shade": false,
      "faces": {
        "north": {
          "uv": [
            0,
            0,
            1,
            0.5
          ],
          "texture": "#2"
        },
        "east": {
          "uv": [
            0,
            0,
            1,
            0.5
          ],
          "texture": "#2"
        },
        "south": {
          "uv": [
            0,
            0,
            1,
            0.5
          ],
          "texture": "#2"
        },
        "west": {
          "uv": [
            0,
            0,
            1,
            0.5
          ],
          "texture": "#2"
        },
        "up": {
          "uv": [
            0,
            0,
            1,
            1
          ],
          "texture": "#2"
        },
        "down": {
          "uv": [
            0,
            0,
            1,
            1
          ],
          "texture": "#2"
        }
      }
    },
    {
      "name": "Cube",
      "from": [
        3,
        13.2,
        4.5
      ],
      "to": [
        4,
        13.7,
        5.5
      ],
      "shade": false,
      "faces": {
        "north": {
          "uv": [
            0,
            0,
            1,
            0.5
          ],
          "texture": "#2"
        },
        "east": {
          "uv": [
            0,
            0,
            1,
            0.5
          ],
          "texture": "#2"
        },
        "south": {
          "uv": [
            0,
            0,
            1,
            0.5
          ],
          "texture": "#2"
        },
        "west": {
          "uv": [
            0,
            0,
            1,
            0.5
          ],
          "texture": "#2"
        },
        "up": {
          "uv": [
            0,
            0,
            1,
            1
          ],
          "texture": "#2"
        },
        "down": {
          "uv": [
            0,
            0,
            1,
            1
          ],
          "texture": "#2"
        }
      }
    },
    {
      "name": "Cube",
      "from": [
        2,
        13.5,
        4.5
      ],
      "to": [
        3,
        16.4,
        5.5
      ],
      "faces": {
        "north": {
          "uv": [
            0,
            0,
            1,
            2.9
          ],
          "texture": "#2"
        },
        "east": {
          "uv": [
            0,
            0,
            1,
            2.9
          ],
          "texture": "#2"
        },
        "south": {
          "uv": [
            0,
            0,
            1,
            2.9
          ],
          "texture": "#2"
        },
        "west": {
          "uv": [
            0,
            0,
            1,
            2.9
          ],
          "texture": "#2"
        },
        "up": {
          "uv": [
            0,
            0,
            1,
            1
          ],
          "texture": "#2"
        },
        "down": {
          "uv": [
            0,
            0,
            1,
            1
          ],
          "texture": "#2"
        }
      }
    },
    {
      "name": "Cube",
      "from": [
        3,
        13,
        8
      ],
      "to": [
        9,
        14,
        12
      ],
      "rotation": {
        "angle": 22.5,
        "axis": "y",
        "origin": [
          8,
          8,
          8
        ]
      },
      "faces": {
        "north": {
          "uv": [
            0,
            0,
            16,
            1
          ],
          "texture": "#4"
        },
        "east": {
          "uv": [
            0,
            0,
            16,
            1
          ],
          "texture": "#4"
        },
        "south": {
          "uv": [
            0,
            0,
            6,
            1
          ],
          "texture": "#5"
        },
        "west": {
          "uv": [
            0,
            0,
            16,
            1
          ],
          "texture": "#4"
        },
        "up": {
          "uv": [
            0,
            0,
            6,
            4
          ],
          "texture": "#5"
        },
        "down": {
          "uv": [
            0,
            0,
            6,
            4
          ],
          "texture": "#5"
        }
      }
    },
    {
      "name": "Cube",
      "from": [
        3,
        13,
        12
      ],
      "to": [
        9,
        14,
        12.1
      ],
      "rotation": {
        "angle": 22.5,
        "axis": "y",
        "origin": [
          8,
          8,
          8
        ]
      },
      "faces": {
        "north": {
          "uv": [
            0,
            0,
            6,
            1
          ],
          "texture": "#5"
        },
        "east": {
          "uv": [
            0,
            0,
            0.1,
            1
          ],
          "texture": "#5"
        },
        "south": {
          "uv": [
            0,
            0,
            6,
            1
          ],
          "texture": "#5"
        },
        "west": {
          "uv": [
            0,
            0,
            0.1,
            1
          ],
          "texture": "#5"
        },
        "up": {
          "uv": [
            0,
            0,
            6,
            0.1
          ],
          "texture": "#5"
        },
        "down": {
          "uv": [
            0,
            0,
            6,
            0.1
          ],
          "texture": "#5"
        }
      }
    },
    {
      "name": "Cube",
      "from": [
        9,
        13,
        12
      ],
      "to": [
        9.1,
        14,
        12.1
      ],
      "rotation": {
        "angle": 22.5,
        "axis": "y",
        "origin": [
          8,
          8,
          8
        ]
      },
      "faces": {
        "north": {
          "uv": [
            0,
            0,
            0.1,
            1
          ],
          "texture": "#5"
        },
        "east": {
          "uv": [
            0,
            0,
            0.1,
            1
          ],
          "texture": "#5"
        },
        "south": {
          "uv": [
            0,
            0,
            0.1,
            1
          ],
          "texture": "#5"
        },
        "west": {
          "uv": [
            0,
            0,
            0.1,
            1
          ],
          "texture": "#5"
        },
        "up": {
          "uv": [
            0,
            0,
            0.1,
            0.1
          ],
          "texture": "#5"
        },
        "down": {
          "uv": [
            0,
            0,
            0.1,
            0.1
          ],
          "texture": "#5"
        }
      }
    },
    {
      "name": "Cube",
      "from": [
        2.9,
        13,
        12
      ],
      "to": [
        3,
        14,
        12.1
      ],
      "rotation": {
        "angle": 22.5,
        "axis": "y",
        "origin": [
          8,
          8,
          8
        ]
      },
      "faces": {
        "north": {
          "uv": [
            0,
            0,
            0.1,
            1
          ],
          "texture": "#5"
        },
        "east": {
          "uv": [
            0,
            0,
            0.1,
            1
          ],
          "texture": "#5"
        },
        "south": {
          "uv": [
            0,
            0,
            0.1,
            1
          ],
          "texture": "#5"
        },
        "west": {
          "uv": [
            0,
            0,
            0.1,
            1
          ],
          "texture": "#5"
        },
        "up": {
          "uv": [
            0,
            0,
            0.1,
            0.1
          ],
          "texture": "#5"
        },
        "down": {
          "uv": [
            0,
            0,
            0.1,
            0.1
          ],
          "texture": "#5"
        }
      }
    },
    {
      "name": "Cube",
      "from": [
        2.9,
        13.9,
        7.9
      ],
      "to": [
        3,
        14,
        12
      ],
      "rotation": {
        "angle": 22.5,
        "axis": "y",
        "origin": [
          8,
          8,
          8
        ]
      },
      "faces": {
        "north": {
          "uv": [
            0,
            0,
            0.1,
            0.1
          ],
          "texture": "#5"
        },
        "east": {
          "uv": [
            0,
            0,
            4.1,
            0.1
          ],
          "texture": "#5"
        },
        "south": {
          "uv": [
            0,
            0,
            0.1,
            0.1
          ],
          "texture": "#5"
        },
        "west": {
          "uv": [
            0,
            0,
            4.1,
            0.1
          ],
          "texture": "#5"
        },
        "up": {
          "uv": [
            0,
            0,
            0.1,
            4.1
          ],
          "texture": "#5"
        },
        "down": {
          "uv": [
            0,
            0,
            0.1,
            4.1
          ],
          "texture": "#5"
        }
      }
    },
    {
      "name": "Cube",
      "from": [
        2.9,
        13,
        7.9
      ],
      "to": [
        3,
        13.1,
        12
      ],
      "rotation": {
        "angle": 22.5,
        "axis": "y",
        "origin": [
          8,
          8,
          8
        ]
      },
      "faces": {
        "north": {
          "uv": [
            0,
            0,
            0.1,
            0.1
          ],
          "texture": "#5"
        },
        "east": {
          "uv": [
            0,
            0,
            4.1,
            0.1
          ],
          "texture": "#5"
        },
        "south": {
          "uv": [
            0,
            0,
            0.1,
            0.1
          ],
          "texture": "#5"
        },
        "west": {
          "uv": [
            0,
            0,
            4.1,
            0.1
          ],
          "texture": "#5"
        },
        "up": {
          "uv": [
            0,
            0,
            0.1,
            4.1
          ],
          "texture": "#5"
        },
        "down": {
          "uv": [
            0,
            0,
            0.1,
            4.1
          ],
          "texture": "#5"
        }
      }
    },
    {
      "name": "Cube",
      "from": [
        9,
        13,
        7.9
      ],
      "to": [
        9.1,
        13.1,
        12
      ],
      "rotation": {
        "angle": 22.5,
        "axis": "y",
        "origin": [
          8,
          8,
          8
        ]
      },
      "faces": {
        "north": {
          "uv": [
            0,
            0,
            0.1,
            0.1
          ],
          "texture": "#5"
        },
        "east": {
          "uv": [
            0,
            0,
            4.1,
            0.1
          ],
          "texture": "#5"
        },
        "south": {
          "uv": [
            0,
            0,
            0.1,
            0.1
          ],
          "texture": "#5"
        },
        "west": {
          "uv": [
            0,
            0,
            4.1,
            0.1
          ],
          "texture": "#5"
        },
        "up": {
          "uv": [
            0,
            0,
            0.1,
            4.1
          ],
          "texture": "#5"
        },
        "down": {
          "uv": [
            0,
            0,
            0.1,
            4.1
          ],
          "texture": "#5"
        }
      }
    },
    {
      "name": "Cube",
      "from": [
        9,
        13.9,
        7.9
      ],
      "to": [
        9.1,
        14,
        12
      ],
      "rotation": {
        "angle": 22.5,
        "axis": "y",
        "origin": [
          8,
          8,
          8
        ]
      },
      "faces": {
        "north": {
          "uv": [
            0,
            0,
            0.1,
            0.1
          ],
          "texture": "#5"
        },
        "east": {
          "uv": [
            0,
            0,
            4.1,
            0.1
          ],
          "texture": "#5"
        },
        "south": {
          "uv": [
            0,
            0,
            0.1,
            0.1
          ],
          "texture": "#5"
        },
        "west": {
          "uv": [
            0,
            0,
            4.1,
            0.1
          ],
          "texture": "#5"
        },
        "up": {
          "uv": [
            0,
            0,
            0.1,
            4.1
          ],
          "texture": "#5"
        },
        "down": {
          "uv": [
            0,
            0,
            0.1,
            4.1
          ],
          "texture": "#5"
        }
      }
    },
    {
      "name": "Cube",
      "from": [
        3,
        13,
        7.9
      ],
      "to": [
        9,
        13.1,
        8
      ],
      "rotation": {
        "angle": 22.5,
        "axis": "y",
        "origin": [
          8,
          8,
          8
        ]
      },
      "faces": {
        "north": {
          "uv": [
            0,
            0,
            6,
            0.1
          ],
          "texture": "#5"
        },
        "east": {
          "uv": [
            0,
            0,
            0.1,
            0.1
          ],
          "texture": "#5"
        },
        "south": {
          "uv": [
            0,
            0,
            6,
            0.1
          ],
          "texture": "#5"
        },
        "west": {
          "uv": [
            0,
            0,
            0.1,
            0.1
          ],
          "texture": "#5"
        },
        "up": {
          "uv": [
            0,
            0,
            6,
            0.1
          ],
          "texture": "#5"
        },
        "down": {
          "uv": [
            0,
            0,
            6,
            0.1
          ],
          "texture": "#5"
        }
      }
    },
    {
      "name": "Cube",
      "from": [
        3,
        13.9,
        7.9
      ],
      "to": [
        9,
        14,
        8
      ],
      "rotation": {
        "angle": 22.5,
        "axis": "y",
        "origin": [
          8,
          8,
          8
        ]
      },
      "faces": {
        "north": {
          "uv": [
            0,
            0,
            6,
            0.1
          ],
          "texture": "#5"
        },
        "east": {
          "uv": [
            0,
            0,
            0.1,
            0.1
          ],
          "texture": "#5"
        },
        "south": {
          "uv": [
            0,
            0,
            6,
            0.1
          ],
          "texture": "#5"
        },
        "west": {
          "uv": [
            0,
            0,
            0.1,
            0.1
          ],
          "texture": "#5"
        },
        "up": {
          "uv": [
            0,
            0,
            6,
            0.1
          ],
          "texture": "#5"
        },
        "down": {
          "uv": [
            0,
            0,
            6,
            0.1
          ],
          "texture": "#5"
        }
      }
    }
  ],
  "display": {
    "thirdperson_righthand": {
      "scale": [
        0.5,
        0.5,
        0.5
      ]
    },
    "thirdperson_lefthand": {
      "scale": [
        0.5,
        0.5,
        0.5
      ]
    },
    "firstperson_righthand": {
      "scale": [
        0.5,
        0.5,
        0.5
      ]
    },
    "firstperson_lefthand": {
      "scale": [
        0.5,
        0.5,
        0.5
      ]
    },
    "ground": {
      "translation": [
        0,
        1,
        0
      ],
      "scale": [
        0.25,
        0.25,
        0.25
      ]
    },
    "gui": {
      "rotation": [
        25,
        -45,
        0
      ],
      "translation": [
        0,
        -0.25,
        0
      ],
      "scale": [
        0.7,
        0.7,
        0.7
      ]
    },
    "head": {
      "translation": [
        0,
        -14.25,
        0
      ],
      "scale": [
        2.3,
        2.3,
        2.3
      ]
    },
    "fixed": {
      "rotation": [
        0,
        180,
        0
      ],
      "translation": [
        0,
        1,
        -2.25
      ],
      "scale": [
        0.5,
        0.5,
        0.5
      ]
    }
  },
  "groups": [
    {
      "name": "4",
      "origin": [
        8,
        8,
        8
      ],
      "children": [
        0,
        1,
        2,
        3,
        4,
        5,
        6,
        7,
        8,
        9,
        10,
        11,
        12,
        13,
        14,
        15,
        16,
        17,
        18,
        19,
        20,
        21,
        22,
        23
      ]
    }
  ]
}