{
  "credit": "MadewithBlockbench",
  "texture_size": [
    64,
    64
  ],
  "textures": {
    "0": "ancient_sky:ancient_sky/ancient_sky_scythe",
    "particle": "ancient_sky:ancient_sky/ancient_sky_scythe"
  },
  "elements": [
    {
      "from": [
        7.54677,
        -10.18228,
        7.397
      ],
      "to": [
        8.45277,
        -9.72628,
        8.603
      ],
      "rotation": {
        "angle": 0,
        "axis": "y",
        "origin": [
          7.99977,
          -6.11099,
          8
        ]
      },
      "faces": {
        "north": {
          "uv": [
            10.25,
            9.75,
            10.625,
            10
          ],
          "texture": "#0"
        },
        "east": {
          "uv": [
            9,
            10.25,
            9.5,
            10.5
          ],
          "texture": "#0"
        },
        "south": {
          "uv": [
            9.75,
            10.25,
            10.125,
            10.5
          ],
          "texture": "#0"
        },
        "west": {
          "uv": [
            10,
            9,
            10.5,
            9.25
          ],
          "texture": "#0"
        },
        "up": {
          "uv": [
            7.125,
            9.5,
            6.75,
            9
          ],
          "rotation": 180,
          "texture": "#0"
        },
        "down": {
          "uv": [
            7.625,
            9,
            7.25,
            9.5
          ],
          "rotation": 180,
          "texture": "#0"
        }
      }
    },
    {
      "from": [
        7.62477,
        -11.17205,
        8.88774
      ],
      "to": [
        8.37477,
        -9.82205,
        9.48774
      ],
      "rotation": {
        "angle": 22.5,
        "axis": "x",
        "origin": [
          7.99977,
          -6.11099,
          8
        ]
      },
      "faces": {
        "north": {
          "uv": [
            8,
            8.5,
            8.375,
            9.125
          ],
          "texture": "#0"
        },
        "east": {
          "uv": [
            4.5,
            9.25,
            4.75,
            9.875
          ],
          "texture": "#0"
        },
        "south": {
          "uv": [
            8.5,
            7.5,
            8.875,
            8.125
          ],
          "texture": "#0"
        },
        "west": {
          "uv": [
            4.25,
            9.25,
            4.5,
            9.875
          ],
          "texture": "#0"
        },
        "up": {
          "uv": [
            10.625,
            10.25,
            10.25,
            10
          ],
          "rotation": 180,
          "texture": "#0"
        },
        "down": {
          "uv": [
            10.625,
            10.25,
            10.25,
            10.5
          ],
          "rotation": 180,
          "texture": "#0"
        }
      }
    },
    {
      "from": [
        7.77477,
        -11.8927,
        6.96885
      ],
      "to": [
        8.22477,
        -11.1427,
        7.41885
      ],
      "rotation": {
        "angle": 0,
        "axis": "x",
        "origin": [
          7.99977,
          -6.11099,
          8
        ]
      },
      "faces": {
        "north": {
          "uv": [
            3.5,
            10.5,
            3.75,
            10.875
          ],
          "texture": "#0"
        },
        "east": {
          "uv": [
            3.75,
            10.5,
            4,
            10.875
          ],
          "texture": "#0"
        },
        "south": {
          "uv": [
            3,
            10.5,
            3.25,
            10.875
          ],
          "texture": "#0"
        },
        "west": {
          "uv": [
            3.25,
            10.5,
            3.5,
            10.875
          ],
          "texture": "#0"
        },
        "up": {
          "uv": [
            7.75,
            11,
            7.5,
            10.75
          ],
          "rotation": 180,
          "texture": "#0"
        },
        "down": {
          "uv": [
            11,
            7.5,
            10.75,
            7.75
          ],
          "rotation": 180,
          "texture": "#0"
        }
      }
    },
    {
      "from": [
        7.77477,
        -12.4927,
        6.96885
      ],
      "to": [
        8.22477,
        -11.8927,
        7.20885
      ],
      "rotation": {
        "angle": 0,
        "axis": "x",
        "origin": [
          7.99977,
          -6.11099,
          8
        ]
      },
      "faces": {
        "north": {
          "uv": [
            8.5,
            10.75,
            8.75,
            11
          ],
          "texture": "#0"
        },
        "east": {
          "uv": [
            11.25,
            0.75,
            11.375,
            1
          ],
          "texture": "#0"
        },
        "south": {
          "uv": [
            10.75,
            7.75,
            11,
            8
          ],
          "texture": "#0"
        },
        "west": {
          "uv": [
            11.25,
            0.5,
            11.375,
            0.75
          ],
          "texture": "#0"
        },
        "up": {
          "uv": [
            11.5,
            1.125,
            11.25,
            1
          ],
          "rotation": 180,
          "texture": "#0"
        },
        "down": {
          "uv": [
            11.5,
            1.25,
            11.25,
            1.375
          ],
          "rotation": 180,
          "texture": "#0"
        }
      }
    },
    {
      "from": [
        7.77477,
        -10.39316,
        10.00933
      ],
      "to": [
        8.22477,
        -9.64316,
        10.45933
      ],
      "rotation": {
        "angle": 45,
        "axis": "x",
        "origin": [
          7.99977,
          -6.11099,
          8
        ]
      },
      "faces": {
        "north": {
          "uv": [
            4.5,
            10.5,
            4.75,
            10.875
          ],
          "texture": "#0"
        },
        "east": {
          "uv": [
            10.5,
            4.5,
            10.75,
            4.875
          ],
          "texture": "#0"
        },
        "south": {
          "uv": [
            4,
            10.5,
            4.25,
            10.875
          ],
          "texture": "#0"
        },
        "west": {
          "uv": [
            4.25,
            10.5,
            4.5,
            10.875
          ],
          "texture": "#0"
        },
        "up": {
          "uv": [
            11,
            9,
            10.75,
            8.75
          ],
          "rotation": 180,
          "texture": "#0"
        },
        "down": {
          "uv": [
            11,
            9.25,
            10.75,
            9.5
          ],
          "rotation": 180,
          "texture": "#0"
        }
      }
    },
    {
      "from": [
        7.77477,
        -10.99316,
        10.00933
      ],
      "to": [
        8.22477,
        -10.39316,
        10.24933
      ],
      "rotation": {
        "angle": 45,
        "axis": "x",
        "origin": [
          7.99977,
          -6.11099,
          8
        ]
      },
      "faces": {
        "north": {
          "uv": [
            8.75,
            10.75,
            9,
            11
          ],
          "texture": "#0"
        },
        "east": {
          "uv": [
            11.25,
            1.75,
            11.375,
            2
          ],
          "texture": "#0"
        },
        "south": {
          "uv": [
            10.75,
            8.5,
            11,
            8.75
          ],
          "texture": "#0"
        },
        "west": {
          "uv": [
            11.25,
            1.5,
            11.375,
            1.75
          ],
          "texture": "#0"
        },
        "up": {
          "uv": [
            2.25,
            11.375,
            2,
            11.25
          ],
          "rotation": 180,
          "texture": "#0"
        },
        "down": {
          "uv": [
            11.5,
            2,
            11.25,
            2.125
          ],
          "rotation": 180,
          "texture": "#0"
        }
      }
    },
    {
      "from": [
        7.77477,
        -10.39316,
        5.54067
      ],
      "to": [
        8.22477,
        -9.64316,
        5.99067
      ],
      "rotation": {
        "angle": -45,
        "axis": "x",
        "origin": [
          7.99977,
          -6.11099,
          8
        ]
      },
      "faces": {
        "north": {
          "uv": [
            10.5,
            7,
            10.75,
            7.375
          ],
          "texture": "#0"
        },
        "east": {
          "uv": [
            10.5,
            7.5,
            10.75,
            7.875
          ],
          "texture": "#0"
        },
        "south": {
          "uv": [
            6.25,
            10.5,
            6.5,
            10.875
          ],
          "texture": "#0"
        },
        "west": {
          "uv": [
            10.5,
            6.5,
            10.75,
            6.875
          ],
          "texture": "#0"
        },
        "up": {
          "uv": [
            11.25,
            0.25,
            11,
            0
          ],
          "rotation": 180,
          "texture": "#0"
        },
        "down": {
          "uv": [
            11.25,
            0.25,
            11,
            0.5
          ],
          "rotation": 180,
          "texture": "#0"
        }
      }
    },
    {
      "from": [
        7.77477,
        -10.99316,
        5.75067
      ],
      "to": [
        8.22477,
        -10.39316,
        5.99067
      ],
      "rotation": {
        "angle": -45,
        "axis": "x",
        "origin": [
          7.99977,
          -6.11099,
          8
        ]
      },
      "faces": {
        "north": {
          "uv": [
            10.75,
            10.75,
            11,
            11
          ],
          "texture": "#0"
        },
        "east": {
          "uv": [
            3,
            11.25,
            3.125,
            11.5
          ],
          "texture": "#0"
        },
        "south": {
          "uv": [
            10.5,
            10.75,
            10.75,
            11
          ],
          "texture": "#0"
        },
        "west": {
          "uv": [
            2.75,
            11.25,
            2.875,
            11.5
          ],
          "texture": "#0"
        },
        "up": {
          "uv": [
            3.5,
            11.375,
            3.25,
            11.25
          ],
          "rotation": 180,
          "texture": "#0"
        },
        "down": {
          "uv": [
            3.75,
            11.25,
            3.5,
            11.375
          ],
          "rotation": 180,
          "texture": "#0"
        }
      }
    },
    {
      "from": [
        7.62477,
        -11.17205,
        6.51226
      ],
      "to": [
        8.37477,
        -9.82205,
        7.11226
      ],
      "rotation": {
        "angle": -22.5,
        "axis": "x",
        "origin": [
          7.99977,
          -6.11099,
          8
        ]
      },
      "faces": {
        "north": {
          "uv": [
            8.5,
            8.75,
            8.875,
            9.375
          ],
          "texture": "#0"
        },
        "east": {
          "uv": [
            9.5,
            4.75,
            9.75,
            5.375
          ],
          "texture": "#0"
        },
        "south": {
          "uv": [
            8.75,
            4.5,
            9.125,
            5.125
          ],
          "texture": "#0"
        },
        "west": {
          "uv": [
            9.25,
            9.25,
            9.5,
            9.875
          ],
          "texture": "#0"
        },
        "up": {
          "uv": [
            10.875,
            6.25,
            10.5,
            6
          ],
          "rotation": 180,
          "texture": "#0"
        },
        "down": {
          "uv": [
            10.875,
            6.25,
            10.5,
            6.5
          ],
          "rotation": 180,
          "texture": "#0"
        }
      }
    },
    {
      "from": [
        7.77477,
        -11.8927,
        8.58115
      ],
      "to": [
        8.22477,
        -11.1427,
        9.03115
      ],
      "rotation": {
        "angle": 0,
        "axis": "x",
        "origin": [
          7.99977,
          -6.11099,
          8
        ]
      },
      "faces": {
        "north": {
          "uv": [
            10.5,
            5.5,
            10.75,
            5.875
          ],
          "texture": "#0"
        },
        "east": {
          "uv": [
            6,
            10.5,
            6.25,
            10.875
          ],
          "texture": "#0"
        },
        "south": {
          "uv": [
            4.75,
            10.5,
            5,
            10.875
          ],
          "texture": "#0"
        },
        "west": {
          "uv": [
            10.5,
            5,
            10.75,
            5.375
          ],
          "texture": "#0"
        },
        "up": {
          "uv": [
            11,
            10.25,
            10.75,
            10
          ],
          "rotation": 180,
          "texture": "#0"
        },
        "down": {
          "uv": [
            11,
            10.25,
            10.75,
            10.5
          ],
          "rotation": 180,
          "texture": "#0"
        }
      }
    },
    {
      "from": [
        7.77477,
        -12.4927,
        8.79115
      ],
      "to": [
        8.22477,
        -11.8927,
        9.03115
      ],
      "rotation": {
        "angle": 0,
        "axis": "x",
        "origin": [
          7.99977,
          -6.11099,
          8
        ]
      },
      "faces": {
        "north": {
          "uv": [
            10.75,
            9.75,
            11,
            10
          ],
          "texture": "#0"
        },
        "east": {
          "uv": [
            11.25,
            2.25,
            11.375,
            2.5
          ],
          "texture": "#0"
        },
        "south": {
          "uv": [
            10.75,
            9.5,
            11,
            9.75
          ],
          "texture": "#0"
        },
        "west": {
          "uv": [
            2.25,
            11.25,
            2.375,
            11.5
          ],
          "texture": "#0"
        },
        "up": {
          "uv": [
            2.75,
            11.375,
            2.5,
            11.25
          ],
          "rotation": 180,
          "texture": "#0"
        },
        "down": {
          "uv": [
            11.5,
            2.5,
            11.25,
            2.625
          ],
          "rotation": 180,
          "texture": "#0"
        }
      }
    },
    {
      "from": [
        7.30977,
        -9.71907,
        4.39376
      ],
      "to": [
        8.68977,
        -8.93907,
        5.17376
      ],
      "rotation": {
        "angle": -45,
        "axis": "x",
        "origin": [
          7.99977,
          -6.11099,
          8
        ]
      },
      "faces": {
        "north": {
          "uv": [
            3.5,
            8.75,
            4.125,
            9.125
          ],
          "texture": "#0"
        },
        "east": {
          "uv": [
            8.5,
            10.25,
            8.875,
            10.625
          ],
          "texture": "#0"
        },
        "south": {
          "uv": [
            8.5,
            8.25,
            9.125,
            8.625
          ],
          "texture": "#0"
        },
        "west": {
          "uv": [
            7,
            10.25,
            7.375,
            10.625
          ],
          "texture": "#0"
        },
        "up": {
          "uv": [
            9.375,
            4.375,
            8.75,
            4
          ],
          "rotation": 180,
          "texture": "#0"
        },
        "down": {
          "uv": [
            4.875,
            8.75,
            4.25,
            9.125
          ],
          "rotation": 180,
          "texture": "#0"
        }
      }
    },
    {
      "from": [
        7.93981,
        18.27841,
        8.16652
      ],
      "to": [
        8.05981,
        18.63841,
        8.76652
      ],
      "rotation": {
        "angle": -22.5,
        "axis": "x",
        "origin": [
          7.99981,
          18.91334,
          8.59224
        ]
      },
      "faces": {
        "north": {
          "uv": [
            7.625,
            11.75,
            7.5,
            11.5
          ],
          "texture": "#0"
        },
        "east": {
          "uv": [
            10.75,
            4.5,
            11,
            4.875
          ],
          "rotation": 90,
          "texture": "#0"
        },
        "south": {
          "uv": [
            11.625,
            7.5,
            11.5,
            7.75
          ],
          "rotation": 180,
          "texture": "#0"
        },
        "west": {
          "uv": [
            10.75,
            4,
            11,
            4.375
          ],
          "rotation": 270,
          "texture": "#0"
        },
        "up": {
          "uv": [
            10,
            11,
            10.125,
            11.375
          ],
          "texture": "#0"
        },
        "down": {
          "uv": [
            10.25,
            11,
            10.375,
            11.375
          ],
          "rotation": 180,
          "texture": "#0"
        }
      }
    },
    {
      "from": [
        7.93981,
        18.44641,
        8.76652
      ],
      "to": [
        8.05981,
        18.63841,
        9.24652
      ],
      "rotation": {
        "angle": -22.5,
        "axis": "x",
        "origin": [
          7.99981,
          18.91334,
          8.59224
        ]
      },
      "faces": {
        "north": {
          "uv": [
            11.875,
            3.375,
            11.75,
            3.25
          ],
          "texture": "#0"
        },
        "east": {
          "uv": [
            11.5,
            7.25,
            11.625,
            7.5
          ],
          "rotation": 90,
          "texture": "#0"
        },
        "south": {
          "uv": [
            3.625,
            11.75,
            3.5,
            11.875
          ],
          "rotation": 180,
          "texture": "#0"
        },
        "west": {
          "uv": [
            11.5,
            7,
            11.625,
            7.25
          ],
          "rotation": 270,
          "texture": "#0"
        },
        "up": {
          "uv": [
            7,
            11.5,
            7.125,
            11.75
          ],
          "texture": "#0"
        },
        "down": {
          "uv": [
            7.25,
            11.5,
            7.375,
            11.75
          ],
          "rotation": 180,
          "texture": "#0"
        }
      }
    },
    {
      "from": [
        7.89,
        15.19905,
        -1.14645
      ],
      "to": [
        8.11,
        15.55905,
        -0.54645
      ],
      "rotation": {
        "angle": -45,
        "axis": "x",
        "origin": [
          7.95,
          15.33705,
          -1.11645
        ]
      },
      "faces": {
        "north": {
          "uv": [
            11.625,
            7.5,
            11.5,
            7.75
          ],
          "texture": "#0"
        },
        "east": {
          "uv": [
            10.75,
            4.5,
            11,
            4.875
          ],
          "rotation": 270,
          "texture": "#0"
        },
        "south": {
          "uv": [
            7.625,
            11.75,
            7.5,
            11.5
          ],
          "rotation": 180,
          "texture": "#0"
        },
        "west": {
          "uv": [
            10.75,
            4,
            11,
            4.375
          ],
          "rotation": 90,
          "texture": "#0"
        },
        "up": {
          "uv": [
            10.25,
            11,
            10.375,
            11.375
          ],
          "rotation": 180,
          "texture": "#0"
        },
        "down": {
          "uv": [
            10,
            11,
            10.125,
            11.375
          ],
          "texture": "#0"
        }
      }
    },
    {
      "from": [
        7.89,
        15.19905,
        -1.62645
      ],
      "to": [
        8.11,
        15.39105,
        -1.14645
      ],
      "rotation": {
        "angle": -45,
        "axis": "x",
        "origin": [
          7.95,
          15.33705,
          -1.11645
        ]
      },
      "faces": {
        "north": {
          "uv": [
            3.625,
            11.75,
            3.5,
            11.875
          ],
          "texture": "#0"
        },
        "east": {
          "uv": [
            11.5,
            7.25,
            11.625,
            7.5
          ],
          "rotation": 270,
          "texture": "#0"
        },
        "south": {
          "uv": [
            11.875,
            3.375,
            11.75,
            3.25
          ],
          "rotation": 180,
          "texture": "#0"
        },
        "west": {
          "uv": [
            11.5,
            7,
            11.625,
            7.25
          ],
          "rotation": 90,
          "texture": "#0"
        },
        "up": {
          "uv": [
            7.25,
            11.5,
            7.375,
            11.75
          ],
          "rotation": 180,
          "texture": "#0"
        },
        "down": {
          "uv": [
            7,
            11.5,
            7.125,
            11.75
          ],
          "texture": "#0"
        }
      }
    },
    {
      "from": [
        7.93981,
        17.76759,
        8.76652
      ],
      "to": [
        8.05981,
        17.95959,
        9.24652
      ],
      "rotation": {
        "angle": -22.5,
        "axis": "x",
        "origin": [
          7.99981,
          18.91334,
          8.59224
        ]
      },
      "faces": {
        "north": {
          "uv": [
            11.875,
            3.625,
            11.75,
            3.5
          ],
          "texture": "#0"
        },
        "east": {
          "uv": [
            11.5,
            8,
            11.625,
            8.25
          ],
          "rotation": 90,
          "texture": "#0"
        },
        "south": {
          "uv": [
            3.875,
            11.75,
            3.75,
            11.875
          ],
          "rotation": 180,
          "texture": "#0"
        },
        "west": {
          "uv": [
            11.5,
            7.75,
            11.625,
            8
          ],
          "rotation": 270,
          "texture": "#0"
        },
        "up": {
          "uv": [
            7.75,
            11.5,
            7.875,
            11.75
          ],
          "texture": "#0"
        },
        "down": {
          "uv": [
            8,
            11.5,
            8.125,
            11.75
          ],
          "rotation": 180,
          "texture": "#0"
        }
      }
    },
    {
      "from": [
        7.93981,
        19.05383,
        7.94991
      ],
      "to": [
        8.05981,
        19.41383,
        8.54991
      ],
      "rotation": {
        "angle": 0,
        "axis": "x",
        "origin": [
          7.99981,
          18.91334,
          8.59224
        ]
      },
      "faces": {
        "north": {
          "uv": [
            6.875,
            11.75,
            6.75,
            11.5
          ],
          "texture": "#0"
        },
        "east": {
          "uv": [
            10.75,
            3.5,
            11,
            3.875
          ],
          "rotation": 90,
          "texture": "#0"
        },
        "south": {
          "uv": [
            11.625,
            6.75,
            11.5,
            7
          ],
          "rotation": 180,
          "texture": "#0"
        },
        "west": {
          "uv": [
            10.75,
            3,
            11,
            3.375
          ],
          "rotation": 270,
          "texture": "#0"
        },
        "up": {
          "uv": [
            9.75,
            11,
            9.875,
            11.375
          ],
          "texture": "#0"
        },
        "down": {
          "uv": [
            11,
            9.75,
            11.125,
            10.125
          ],
          "rotation": 180,
          "texture": "#0"
        }
      }
    },
    {
      "from": [
        7.81981,
        19.20967,
        7.12454
      ],
      "to": [
        8.17981,
        19.68967,
        8.20454
      ],
      "rotation": {
        "angle": -22.5,
        "axis": "x",
        "origin": [
          7.99981,
          18.91334,
          8.59224
        ]
      },
      "faces": {
        "north": {
          "uv": [
            2.75,
            11.25,
            2.5,
            11
          ],
          "texture": "#0"
        },
        "east": {
          "uv": [
            9.5,
            9.75,
            9.75,
            10.375
          ],
          "rotation": 90,
          "texture": "#0"
        },
        "south": {
          "uv": [
            11.25,
            2.5,
            11,
            2.75
          ],
          "rotation": 180,
          "texture": "#0"
        },
        "west": {
          "uv": [
            9.75,
            7.75,
            10,
            8.375
          ],
          "rotation": 270,
          "texture": "#0"
        },
        "up": {
          "uv": [
            7.75,
            9.75,
            8,
            10.375
          ],
          "texture": "#0"
        },
        "down": {
          "uv": [
            9.75,
            8.5,
            10,
            9.125
          ],
          "rotation": 180,
          "texture": "#0"
        }
      }
    },
    {
      "from": [
        7.93981,
        19.22183,
        8.54991
      ],
      "to": [
        8.05981,
        19.41383,
        9.02991
      ],
      "rotation": {
        "angle": 0,
        "axis": "x",
        "origin": [
          7.99981,
          18.91334,
          8.59224
        ]
      },
      "faces": {
        "north": {
          "uv": [
            11.875,
            3.125,
            11.75,
            3
          ],
          "texture": "#0"
        },
        "east": {
          "uv": [
            11.5,
            6.5,
            11.625,
            6.75
          ],
          "rotation": 90,
          "texture": "#0"
        },
        "south": {
          "uv": [
            3.375,
            11.75,
            3.25,
            11.875
          ],
          "rotation": 180,
          "texture": "#0"
        },
        "west": {
          "uv": [
            11.5,
            6.25,
            11.625,
            6.5
          ],
          "rotation": 270,
          "texture": "#0"
        },
        "up": {
          "uv": [
            6.25,
            11.5,
            6.375,
            11.75
          ],
          "texture": "#0"
        },
        "down": {
          "uv": [
            6.5,
            11.5,
            6.625,
            11.75
          ],
          "rotation": 180,
          "texture": "#0"
        }
      }
    },
    {
      "from": [
        7.99981,
        13.11562,
        -2.80651
      ],
      "to": [
        7.99981,
        18.92074,
        11.15861
      ],
      "rotation": {
        "angle": 0,
        "axis": "x",
        "origin": [
          7.99981,
          16.01818,
          4.17605
        ]
      },
      "faces": {
        "north": {
          "uv": [
            0,
            3,
            0,
            0
          ],
          "texture": "#0"
        },
        "east": {
          "uv": [
            3,
            0,
            6,
            7.25
          ],
          "rotation": 90,
          "texture": "#0"
        },
        "south": {
          "uv": [
            0,
            0,
            0,
            3
          ],
          "rotation": 180,
          "texture": "#0"
        },
        "west": {
          "uv": [
            0,
            0,
            3,
            7.25
          ],
          "rotation": 270,
          "texture": "#0"
        },
        "up": {
          "uv": [
            0,
            0,
            0,
            7.25
          ],
          "texture": "#0"
        },
        "down": {
          "uv": [
            0,
            0,
            0,
            7.25
          ],
          "rotation": 180,
          "texture": "#0"
        }
      }
    },
    {
      "from": [
        7.99977,
        -13.65401,
        5.6
      ],
      "to": [
        7.99977,
        -8.85401,
        10.4
      ],
      "rotation": {
        "angle": 0,
        "axis": "x",
        "origin": [
          7.99977,
          -6.11099,
          8
        ]
      },
      "faces": {
        "north": {
          "uv": [
            0,
            0,
            0,
            2
          ],
          "texture": "#0"
        },
        "east": {
          "uv": [
            6,
            6,
            8,
            8
          ],
          "texture": "#0"
        },
        "south": {
          "uv": [
            0,
            0,
            0,
            2
          ],
          "texture": "#0"
        },
        "west": {
          "uv": [
            6,
            4,
            8,
            6
          ],
          "texture": "#0"
        },
        "up": {
          "uv": [
            0,
            2,
            0,
            0
          ],
          "rotation": 180,
          "texture": "#0"
        },
        "down": {
          "uv": [
            0,
            0,
            0,
            2
          ],
          "rotation": 180,
          "texture": "#0"
        }
      }
    },
    {
      "from": [
        7.63977,
        -3.44928,
        7.64
      ],
      "to": [
        8.35977,
        3.39072,
        8.36
      ],
      "rotation": {
        "angle": 0,
        "axis": "y",
        "origin": [
          7.99977,
          -6.11099,
          8
        ]
      },
      "faces": {
        "north": {
          "uv": [
            5.5,
            7.25,
            5.75,
            10.125
          ],
          "texture": "#0"
        },
        "east": {
          "uv": [
            5.75,
            7.25,
            6,
            10.125
          ],
          "texture": "#0"
        },
        "south": {
          "uv": [
            5,
            7.25,
            5.25,
            10.125
          ],
          "texture": "#0"
        },
        "west": {
          "uv": [
            5.25,
            7.25,
            5.5,
            10.125
          ],
          "texture": "#0"
        },
        "up": {
          "uv": [
            6.75,
            10.25,
            6.5,
            10
          ],
          "rotation": 180,
          "texture": "#0"
        },
        "down": {
          "uv": [
            9.5,
            10,
            9.25,
            10.25
          ],
          "rotation": 180,
          "texture": "#0"
        }
      }
    },
    {
      "from": [
        7.63977,
        -10.19928,
        7.64
      ],
      "to": [
        8.35977,
        -3.35928,
        8.36
      ],
      "rotation": {
        "angle": 0,
        "axis": "y",
        "origin": [
          7.99977,
          -6.11099,
          8
        ]
      },
      "faces": {
        "north": {
          "uv": [
            5.5,
            7.25,
            5.75,
            10.125
          ],
          "texture": "#0"
        },
        "east": {
          "uv": [
            5.75,
            7.25,
            6,
            10.125
          ],
          "texture": "#0"
        },
        "south": {
          "uv": [
            5,
            7.25,
            5.25,
            10.125
          ],
          "texture": "#0"
        },
        "west": {
          "uv": [
            5.25,
            7.25,
            5.5,
            10.125
          ],
          "texture": "#0"
        },
        "up": {
          "uv": [
            6.75,
            10.25,
            6.5,
            10
          ],
          "rotation": 180,
          "texture": "#0"
        },
        "down": {
          "uv": [
            9.5,
            10,
            9.25,
            10.25
          ],
          "rotation": 180,
          "texture": "#0"
        }
      }
    },
    {
      "from": [
        7.53177,
        -4.74728,
        7.532
      ],
      "to": [
        8.46777,
        -3.81128,
        8.468
      ],
      "rotation": {
        "angle": 0,
        "axis": "y",
        "origin": [
          7.99977,
          -6.11099,
          8
        ]
      },
      "faces": {
        "north": {
          "uv": [
            6,
            10,
            6.375,
            10.375
          ],
          "texture": "#0"
        },
        "east": {
          "uv": [
            10,
            6,
            10.375,
            6.375
          ],
          "texture": "#0"
        },
        "south": {
          "uv": [
            10,
            5,
            10.375,
            5.375
          ],
          "texture": "#0"
        },
        "west": {
          "uv": [
            10,
            5.5,
            10.375,
            5.875
          ],
          "texture": "#0"
        },
        "up": {
          "uv": [
            10.375,
            6.875,
            10,
            6.5
          ],
          "rotation": 180,
          "texture": "#0"
        },
        "down": {
          "uv": [
            10.375,
            7,
            10,
            7.375
          ],
          "rotation": 180,
          "texture": "#0"
        }
      }
    },
    {
      "from": [
        7.54977,
        -5.56928,
        7.55
      ],
      "to": [
        8.44977,
        -5.26928,
        8.45
      ],
      "rotation": {
        "angle": 0,
        "axis": "y",
        "origin": [
          7.99977,
          -6.11099,
          8
        ]
      },
      "faces": {
        "north": {
          "uv": [
            11,
            5,
            11.375,
            5.125
          ],
          "texture": "#0"
        },
        "east": {
          "uv": [
            5.25,
            11,
            5.625,
            11.125
          ],
          "texture": "#0"
        },
        "south": {
          "uv": [
            4.75,
            11,
            5.125,
            11.125
          ],
          "texture": "#0"
        },
        "west": {
          "uv": [
            11,
            4.75,
            11.375,
            4.875
          ],
          "texture": "#0"
        },
        "up": {
          "uv": [
            5.875,
            10.625,
            5.5,
            10.25
          ],
          "rotation": 180,
          "texture": "#0"
        },
        "down": {
          "uv": [
            6.875,
            10.25,
            6.5,
            10.625
          ],
          "rotation": 180,
          "texture": "#0"
        }
      }
    },
    {
      "from": [
        7.54977,
        -6.16928,
        7.55
      ],
      "to": [
        8.44977,
        -5.86928,
        8.45
      ],
      "rotation": {
        "angle": 0,
        "axis": "y",
        "origin": [
          7.99977,
          -6.11099,
          8
        ]
      },
      "faces": {
        "north": {
          "uv": [
            11,
            4.25,
            11.375,
            4.375
          ],
          "texture": "#0"
        },
        "east": {
          "uv": [
            11,
            4.5,
            11.375,
            4.625
          ],
          "texture": "#0"
        },
        "south": {
          "uv": [
            11,
            4,
            11.375,
            4.125
          ],
          "texture": "#0"
        },
        "west": {
          "uv": [
            4.25,
            11,
            4.625,
            11.125
          ],
          "texture": "#0"
        },
        "up": {
          "uv": [
            10.625,
            4.375,
            10.25,
            4
          ],
          "rotation": 180,
          "texture": "#0"
        },
        "down": {
          "uv": [
            5.375,
            10.25,
            5,
            10.625
          ],
          "rotation": 180,
          "texture": "#0"
        }
      }
    },
    {
      "from": [
        7.53177,
        -7.74728,
        7.532
      ],
      "to": [
        8.46777,
        -6.81128,
        8.468
      ],
      "rotation": {
        "angle": 0,
        "axis": "y",
        "origin": [
          7.99977,
          -6.11099,
          8
        ]
      },
      "faces": {
        "north": {
          "uv": [
            6,
            10,
            6.375,
            10.375
          ],
          "texture": "#0"
        },
        "east": {
          "uv": [
            10,
            6,
            10.375,
            6.375
          ],
          "texture": "#0"
        },
        "south": {
          "uv": [
            10,
            5,
            10.375,
            5.375
          ],
          "texture": "#0"
        },
        "west": {
          "uv": [
            10,
            5.5,
            10.375,
            5.875
          ],
          "texture": "#0"
        },
        "up": {
          "uv": [
            10.375,
            6.875,
            10,
            6.5
          ],
          "rotation": 180,
          "texture": "#0"
        },
        "down": {
          "uv": [
            10.375,
            7,
            10,
            7.375
          ],
          "rotation": 180,
          "texture": "#0"
        }
      }
    },
    {
      "from": [
        7.63977,
        9.45072,
        10.24
      ],
      "to": [
        8.35977,
        16.29072,
        10.96
      ],
      "rotation": {
        "angle": 0,
        "axis": "y",
        "origin": [
          8.00059,
          12.18092,
          8.30262
        ]
      },
      "faces": {
        "north": {
          "uv": [
            5.5,
            7.25,
            5.75,
            10.125
          ],
          "texture": "#0"
        },
        "east": {
          "uv": [
            5.75,
            7.25,
            6,
            10.125
          ],
          "texture": "#0"
        },
        "south": {
          "uv": [
            5,
            7.25,
            5.25,
            10.125
          ],
          "texture": "#0"
        },
        "west": {
          "uv": [
            5.25,
            7.25,
            5.5,
            10.125
          ],
          "texture": "#0"
        },
        "up": {
          "uv": [
            6.75,
            10.25,
            6.5,
            10
          ],
          "rotation": 180,
          "texture": "#0"
        },
        "down": {
          "uv": [
            9.5,
            10,
            9.25,
            10.25
          ],
          "rotation": 180,
          "texture": "#0"
        }
      }
    },
    {
      "from": [
        7.63977,
        2.99262,
        8.92137
      ],
      "to": [
        8.35977,
        9.83262,
        9.64137
      ],
      "rotation": {
        "angle": 22.5,
        "axis": "x",
        "origin": [
          7.99977,
          6.41262,
          9.28137
        ]
      },
      "faces": {
        "north": {
          "uv": [
            5.5,
            7.25,
            5.75,
            10.125
          ],
          "texture": "#0"
        },
        "east": {
          "uv": [
            5.75,
            7.25,
            6,
            10.125
          ],
          "texture": "#0"
        },
        "south": {
          "uv": [
            5,
            7.25,
            5.25,
            10.125
          ],
          "texture": "#0"
        },
        "west": {
          "uv": [
            5.25,
            7.25,
            5.5,
            10.125
          ],
          "texture": "#0"
        },
        "up": {
          "uv": [
            6.75,
            10.25,
            6.5,
            10
          ],
          "rotation": 180,
          "texture": "#0"
        },
        "down": {
          "uv": [
            9.5,
            10,
            9.25,
            10.25
          ],
          "rotation": 180,
          "texture": "#0"
        }
      }
    },
    {
      "from": [
        7.52577,
        11.79672,
        10.126
      ],
      "to": [
        8.47377,
        12.74472,
        11.074
      ],
      "rotation": {
        "angle": 0,
        "axis": "y",
        "origin": [
          8.00059,
          12.18092,
          8.30262
        ]
      },
      "faces": {
        "north": {
          "uv": [
            3.5,
            10,
            3.875,
            10.375
          ],
          "texture": "#0"
        },
        "east": {
          "uv": [
            4,
            10,
            4.375,
            10.375
          ],
          "texture": "#0"
        },
        "south": {
          "uv": [
            9.75,
            9.75,
            10.125,
            10.125
          ],
          "texture": "#0"
        },
        "west": {
          "uv": [
            3,
            10,
            3.375,
            10.375
          ],
          "texture": "#0"
        },
        "up": {
          "uv": [
            4.875,
            10.375,
            4.5,
            10
          ],
          "rotation": 180,
          "texture": "#0"
        },
        "down": {
          "uv": [
            10.375,
            4.5,
            10,
            4.875
          ],
          "rotation": 180,
          "texture": "#0"
        }
      }
    },
    {
      "from": [
        7.54977,
        13.38072,
        10.15
      ],
      "to": [
        8.44977,
        13.68072,
        11.05
      ],
      "rotation": {
        "angle": 0,
        "axis": "y",
        "origin": [
          8.00059,
          12.18092,
          8.30262
        ]
      },
      "faces": {
        "north": {
          "uv": [
            3.75,
            11,
            4.125,
            11.125
          ],
          "texture": "#0"
        },
        "east": {
          "uv": [
            11,
            3.75,
            11.375,
            3.875
          ],
          "texture": "#0"
        },
        "south": {
          "uv": [
            11,
            3.25,
            11.375,
            3.375
          ],
          "texture": "#0"
        },
        "west": {
          "uv": [
            11,
            3.5,
            11.375,
            3.625
          ],
          "texture": "#0"
        },
        "up": {
          "uv": [
            10.375,
            8.375,
            10,
            8
          ],
          "rotation": 180,
          "texture": "#0"
        },
        "down": {
          "uv": [
            10.375,
            8.5,
            10,
            8.875
          ],
          "rotation": 180,
          "texture": "#0"
        }
      }
    },
    {
      "from": [
        7.54977,
        13.98072,
        10.15
      ],
      "to": [
        8.44977,
        14.28072,
        11.05
      ],
      "rotation": {
        "angle": 0,
        "axis": "y",
        "origin": [
          8.00059,
          12.18092,
          8.30262
        ]
      },
      "faces": {
        "north": {
          "uv": [
            11,
            3,
            11.375,
            3.125
          ],
          "texture": "#0"
        },
        "east": {
          "uv": [
            3.25,
            11,
            3.625,
            11.125
          ],
          "texture": "#0"
        },
        "south": {
          "uv": [
            2.75,
            11,
            3.125,
            11.125
          ],
          "texture": "#0"
        },
        "west": {
          "uv": [
            11,
            2.75,
            11.375,
            2.875
          ],
          "texture": "#0"
        },
        "up": {
          "uv": [
            10.375,
            7.875,
            10,
            7.5
          ],
          "rotation": 180,
          "texture": "#0"
        },
        "down": {
          "uv": [
            8.375,
            10,
            8,
            10.375
          ],
          "rotation": 180,
          "texture": "#0"
        }
      }
    },
    {
      "from": [
        7.52577,
        14.79672,
        10.126
      ],
      "to": [
        8.47377,
        15.74472,
        11.074
      ],
      "rotation": {
        "angle": 0,
        "axis": "y",
        "origin": [
          8.00059,
          12.18092,
          8.30262
        ]
      },
      "faces": {
        "north": {
          "uv": [
            3.5,
            10,
            3.875,
            10.375
          ],
          "texture": "#0"
        },
        "east": {
          "uv": [
            4,
            10,
            4.375,
            10.375
          ],
          "texture": "#0"
        },
        "south": {
          "uv": [
            9.75,
            9.75,
            10.125,
            10.125
          ],
          "texture": "#0"
        },
        "west": {
          "uv": [
            3,
            10,
            3.375,
            10.375
          ],
          "texture": "#0"
        },
        "up": {
          "uv": [
            4.875,
            10.375,
            4.5,
            10
          ],
          "rotation": 180,
          "texture": "#0"
        },
        "down": {
          "uv": [
            10.375,
            4.5,
            10,
            4.875
          ],
          "rotation": 180,
          "texture": "#0"
        }
      }
    },
    {
      "from": [
        7.61101,
        16.5459,
        5.6225
      ],
      "to": [
        8.38861,
        18.1155,
        7.1921
      ],
      "rotation": {
        "angle": 45,
        "axis": "x",
        "origin": [
          8.00059,
          12.18092,
          8.30262
        ]
      },
      "faces": {
        "north": {
          "uv": [
            6,
            8,
            6.375,
            8.875
          ],
          "texture": "#0"
        },
        "east": {
          "uv": [
            4,
            7.25,
            4.875,
            8.125
          ],
          "texture": "#0"
        },
        "south": {
          "uv": [
            8,
            5.5,
            8.375,
            6.375
          ],
          "texture": "#0"
        },
        "west": {
          "uv": [
            3,
            7.25,
            3.875,
            8.125
          ],
          "texture": "#0"
        },
        "up": {
          "uv": [
            6.875,
            8.875,
            6.5,
            8
          ],
          "rotation": 180,
          "texture": "#0"
        },
        "down": {
          "uv": [
            8.375,
            6.5,
            8,
            7.375
          ],
          "rotation": 180,
          "texture": "#0"
        }
      }
    },
    {
      "from": [
        7.3766,
        13.58715,
        12.98148
      ],
      "to": [
        8.6246,
        14.54715,
        13.94148
      ],
      "rotation": {
        "angle": -45,
        "axis": "x",
        "origin": [
          8.00059,
          12.18092,
          8.30262
        ]
      },
      "faces": {
        "north": {
          "uv": [
            4.25,
            8.25,
            4.875,
            8.75
          ],
          "texture": "#0"
        },
        "east": {
          "uv": [
            8.5,
            7,
            9,
            7.5
          ],
          "texture": "#0"
        },
        "south": {
          "uv": [
            3.5,
            8.25,
            4.125,
            8.75
          ],
          "texture": "#0"
        },
        "west": {
          "uv": [
            8.5,
            6.5,
            9,
            7
          ],
          "texture": "#0"
        },
        "up": {
          "uv": [
            9.125,
            6,
            8.5,
            5.5
          ],
          "rotation": 180,
          "texture": "#0"
        },
        "down": {
          "uv": [
            9.125,
            6,
            8.5,
            6.5
          ],
          "rotation": 180,
          "texture": "#0"
        }
      }
    },
    {
      "from": [
        7.76676,
        18.32429,
        9.90846
      ],
      "to": [
        8.23324,
        18.63957,
        10.22373
      ],
      "rotation": {
        "angle": 22.5,
        "axis": "x",
        "origin": [
          8.00059,
          12.18092,
          8.30262
        ]
      },
      "faces": {
        "north": {
          "uv": [
            11,
            11,
            11.25,
            11.125
          ],
          "texture": "#0"
        },
        "east": {
          "uv": [
            11.5,
            9,
            11.625,
            9.125
          ],
          "texture": "#0"
        },
        "south": {
          "uv": [
            11,
            10.75,
            11.25,
            10.875
          ],
          "texture": "#0"
        },
        "west": {
          "uv": [
            9,
            11.5,
            9.125,
            11.625
          ],
          "texture": "#0"
        },
        "up": {
          "uv": [
            11.5,
            0.125,
            11.25,
            0
          ],
          "rotation": 180,
          "texture": "#0"
        },
        "down": {
          "uv": [
            11.5,
            0.25,
            11.25,
            0.375
          ],
          "rotation": 180,
          "texture": "#0"
        }
      }
    },
    {
      "from": [
        7.82,
        12.66283,
        13.34307
      ],
      "to": [
        8.18,
        13.74283,
        13.82307
      ],
      "rotation": {
        "angle": -45,
        "axis": "x",
        "origin": [
          8.00059,
          12.18092,
          8.30262
        ]
      },
      "faces": {
        "north": {
          "uv": [
            6.75,
            9.5,
            7,
            10.125
          ],
          "texture": "#0"
        },
        "east": {
          "uv": [
            7,
            9.5,
            7.25,
            10.125
          ],
          "texture": "#0"
        },
        "south": {
          "uv": [
            9.5,
            5.5,
            9.75,
            6.125
          ],
          "texture": "#0"
        },
        "west": {
          "uv": [
            9.5,
            6.25,
            9.75,
            6.875
          ],
          "texture": "#0"
        },
        "up": {
          "uv": [
            11.25,
            0.75,
            11,
            0.5
          ],
          "rotation": 180,
          "texture": "#0"
        },
        "down": {
          "uv": [
            11.25,
            0.75,
            11,
            1
          ],
          "rotation": 180,
          "texture": "#0"
        }
      }
    },
    {
      "from": [
        7.94,
        14.12578,
        12.79006
      ],
      "to": [
        8.06,
        14.72578,
        13.15006
      ],
      "rotation": {
        "angle": -22.5,
        "axis": "x",
        "origin": [
          8.00059,
          12.18092,
          8.30262
        ]
      },
      "faces": {
        "north": {
          "uv": [
            5.75,
            11,
            5.875,
            11.375
          ],
          "texture": "#0"
        },
        "east": {
          "uv": [
            8,
            10.5,
            8.25,
            10.875
          ],
          "texture": "#0"
        },
        "south": {
          "uv": [
            11,
            5.25,
            11.125,
            5.625
          ],
          "texture": "#0"
        },
        "west": {
          "uv": [
            7.75,
            10.5,
            8,
            10.875
          ],
          "texture": "#0"
        },
        "up": {
          "uv": [
            4.875,
            11.5,
            4.75,
            11.25
          ],
          "rotation": 180,
          "texture": "#0"
        },
        "down": {
          "uv": [
            5.125,
            11.25,
            5,
            11.5
          ],
          "rotation": 180,
          "texture": "#0"
        }
      }
    },
    {
      "from": [
        7.94,
        13.64578,
        12.95806
      ],
      "to": [
        8.06,
        14.12578,
        13.15006
      ],
      "rotation": {
        "angle": -22.5,
        "axis": "x",
        "origin": [
          8.00059,
          12.18092,
          8.30262
        ]
      },
      "faces": {
        "north": {
          "uv": [
            4.25,
            11.25,
            4.375,
            11.5
          ],
          "texture": "#0"
        },
        "east": {
          "uv": [
            4.5,
            11.25,
            4.625,
            11.5
          ],
          "texture": "#0"
        },
        "south": {
          "uv": [
            3.75,
            11.25,
            3.875,
            11.5
          ],
          "texture": "#0"
        },
        "west": {
          "uv": [
            4,
            11.25,
            4.125,
            11.5
          ],
          "texture": "#0"
        },
        "up": {
          "uv": [
            9.375,
            11.625,
            9.25,
            11.5
          ],
          "rotation": 180,
          "texture": "#0"
        },
        "down": {
          "uv": [
            11.625,
            9.25,
            11.5,
            9.375
          ],
          "rotation": 180,
          "texture": "#0"
        }
      }
    },
    {
      "from": [
        7.99981,
        13.34679,
        6.04
      ],
      "to": [
        7.99981,
        17.18679,
        15.16
      ],
      "rotation": {
        "angle": 0,
        "axis": "x",
        "origin": [
          8.00059,
          12.18092,
          8.30262
        ]
      },
      "faces": {
        "north": {
          "uv": [
            0,
            0,
            0,
            2
          ],
          "texture": "#0"
        },
        "east": {
          "uv": [
            6,
            2,
            10.75,
            4
          ],
          "texture": "#0"
        },
        "south": {
          "uv": [
            0,
            0,
            0,
            2
          ],
          "texture": "#0"
        },
        "west": {
          "uv": [
            6,
            0,
            10.75,
            2
          ],
          "texture": "#0"
        },
        "up": {
          "uv": [
            0,
            4.75,
            0,
            0
          ],
          "rotation": 180,
          "texture": "#0"
        },
        "down": {
          "uv": [
            0,
            0,
            0,
            4.75
          ],
          "rotation": 180,
          "texture": "#0"
        }
      }
    },
    {
      "from": [
        7.99981,
        10.70679,
        6.68
      ],
      "to": [
        7.99981,
        19.82679,
        10.52
      ],
      "rotation": {
        "angle": 0,
        "axis": "x",
        "origin": [
          7.99981,
          15.26679,
          8.6
        ]
      },
      "faces": {
        "north": {
          "uv": [
            0,
            0,
            0,
            4.75
          ],
          "texture": "#0"
        },
        "east": {
          "uv": [
            6,
            2,
            10.75,
            4
          ],
          "rotation": 270,
          "texture": "#0"
        },
        "south": {
          "uv": [
            0,
            4.75,
            0,
            0
          ],
          "rotation": 180,
          "texture": "#0"
        },
        "west": {
          "uv": [
            6,
            0,
            10.75,
            2
          ],
          "rotation": 90,
          "texture": "#0"
        },
        "up": {
          "uv": [
            0,
            0,
            0,
            2
          ],
          "rotation": 180,
          "texture": "#0"
        },
        "down": {
          "uv": [
            0,
            0,
            0,
            2
          ],
          "texture": "#0"
        }
      }
    },
    {
      "from": [
        7.99981,
        6.70679,
        7.68
      ],
      "to": [
        7.99981,
        15.82679,
        11.52
      ],
      "rotation": {
        "angle": 22.5,
        "axis": "x",
        "origin": [
          7.99981,
          11.26679,
          9.6
        ]
      },
      "faces": {
        "north": {
          "uv": [
            0,
            0,
            0,
            4.75
          ],
          "texture": "#0"
        },
        "east": {
          "uv": [
            6,
            2,
            10.75,
            4
          ],
          "rotation": 270,
          "texture": "#0"
        },
        "south": {
          "uv": [
            0,
            4.75,
            0,
            0
          ],
          "rotation": 180,
          "texture": "#0"
        },
        "west": {
          "uv": [
            6,
            0,
            10.75,
            2
          ],
          "rotation": 90,
          "texture": "#0"
        },
        "up": {
          "uv": [
            0,
            0,
            0,
            2
          ],
          "rotation": 180,
          "texture": "#0"
        },
        "down": {
          "uv": [
            0,
            0,
            0,
            2
          ],
          "texture": "#0"
        }
      }
    },
    {
      "from": [
        7.82,
        16.94497,
        12.42436
      ],
      "to": [
        8.18,
        17.42497,
        13.50436
      ],
      "rotation": {
        "angle": 0,
        "axis": "x",
        "origin": [
          8.00059,
          12.18092,
          8.30262
        ]
      },
      "faces": {
        "north": {
          "uv": [
            11,
            1.25,
            11.25,
            1.5
          ],
          "texture": "#0"
        },
        "east": {
          "uv": [
            9.5,
            4.25,
            10.125,
            4.5
          ],
          "texture": "#0"
        },
        "south": {
          "uv": [
            11,
            1,
            11.25,
            1.25
          ],
          "texture": "#0"
        },
        "west": {
          "uv": [
            9.5,
            4,
            10.125,
            4.25
          ],
          "texture": "#0"
        },
        "up": {
          "uv": [
            9.75,
            7.625,
            9.5,
            7
          ],
          "rotation": 180,
          "texture": "#0"
        },
        "down": {
          "uv": [
            7.5,
            9.5,
            7.25,
            10.125
          ],
          "rotation": 180,
          "texture": "#0"
        }
      }
    },
    {
      "from": [
        7.94,
        18.58804,
        11.11453
      ],
      "to": [
        8.06,
        18.94804,
        11.71453
      ],
      "rotation": {
        "angle": 22.5,
        "axis": "x",
        "origin": [
          8.00059,
          12.18092,
          8.30262
        ]
      },
      "faces": {
        "north": {
          "uv": [
            11.25,
            6,
            11.375,
            6.25
          ],
          "texture": "#0"
        },
        "east": {
          "uv": [
            10.5,
            8.25,
            10.875,
            8.5
          ],
          "texture": "#0"
        },
        "south": {
          "uv": [
            11.25,
            5.75,
            11.375,
            6
          ],
          "texture": "#0"
        },
        "west": {
          "uv": [
            10.5,
            8,
            10.875,
            8.25
          ],
          "texture": "#0"
        },
        "up": {
          "uv": [
            11.125,
            6.125,
            11,
            5.75
          ],
          "rotation": 180,
          "texture": "#0"
        },
        "down": {
          "uv": [
            6.125,
            11,
            6,
            11.375
          ],
          "rotation": 180,
          "texture": "#0"
        }
      }
    },
    {
      "from": [
        7.94,
        18.75604,
        11.71453
      ],
      "to": [
        8.06,
        18.94804,
        12.19453
      ],
      "rotation": {
        "angle": 22.5,
        "axis": "x",
        "origin": [
          8.00059,
          12.18092,
          8.30262
        ]
      },
      "faces": {
        "north": {
          "uv": [
            11.5,
            9.5,
            11.625,
            9.625
          ],
          "texture": "#0"
        },
        "east": {
          "uv": [
            11.25,
            5.25,
            11.5,
            5.375
          ],
          "texture": "#0"
        },
        "south": {
          "uv": [
            9.5,
            11.5,
            9.625,
            11.625
          ],
          "texture": "#0"
        },
        "west": {
          "uv": [
            5.25,
            11.25,
            5.5,
            11.375
          ],
          "texture": "#0"
        },
        "up": {
          "uv": [
            5.625,
            11.5,
            5.5,
            11.25
          ],
          "rotation": 180,
          "texture": "#0"
        },
        "down": {
          "uv": [
            11.375,
            5.5,
            11.25,
            5.75
          ],
          "rotation": 180,
          "texture": "#0"
        }
      }
    },
    {
      "from": [
        7.78544,
        17.98962,
        6.04619
      ],
      "to": [
        8.21456,
        19.78674,
        6.69131
      ],
      "rotation": {
        "angle": 45,
        "axis": "x",
        "origin": [
          8.00059,
          12.18092,
          8.30262
        ]
      },
      "faces": {
        "north": {
          "uv": [
            6.25,
            9,
            6,
            9.875
          ],
          "texture": "#0"
        },
        "east": {
          "uv": [
            7.875,
            8,
            7.5,
            8.875
          ],
          "texture": "#0"
        },
        "south": {
          "uv": [
            6.5,
            9,
            6.25,
            9.875
          ],
          "texture": "#0"
        },
        "west": {
          "uv": [
            7.375,
            8,
            7,
            8.875
          ],
          "texture": "#0"
        },
        "up": {
          "uv": [
            9.25,
            10.5,
            9,
            10.875
          ],
          "rotation": 180,
          "texture": "#0"
        },
        "down": {
          "uv": [
            9.5,
            10.875,
            9.25,
            10.5
          ],
          "rotation": 180,
          "texture": "#0"
        }
      }
    },
    {
      "from": [
        7.76676,
        16.56595,
        10.62651
      ],
      "to": [
        8.23324,
        16.88123,
        10.94178
      ],
      "rotation": {
        "angle": -22.5,
        "axis": "x",
        "origin": [
          8.00059,
          12.18092,
          8.30262
        ]
      },
      "faces": {
        "north": {
          "uv": [
            11.25,
            10.75,
            11,
            10.875
          ],
          "texture": "#0"
        },
        "east": {
          "uv": [
            11.625,
            9,
            11.5,
            9.125
          ],
          "texture": "#0"
        },
        "south": {
          "uv": [
            11.25,
            11,
            11,
            11.125
          ],
          "texture": "#0"
        },
        "west": {
          "uv": [
            9.125,
            11.5,
            9,
            11.625
          ],
          "texture": "#0"
        },
        "up": {
          "uv": [
            11.5,
            0,
            11.25,
            0.125
          ],
          "rotation": 180,
          "texture": "#0"
        },
        "down": {
          "uv": [
            11.5,
            0.375,
            11.25,
            0.25
          ],
          "rotation": 180,
          "texture": "#0"
        }
      }
    },
    {
      "from": [
        7.71084,
        17.2581,
        3.75123
      ],
      "to": [
        8.29196,
        18.00322,
        8.81235
      ],
      "rotation": {
        "angle": 22.5,
        "axis": "x",
        "origin": [
          8.00059,
          12.18092,
          8.30262
        ]
      },
      "faces": {
        "north": {
          "uv": [
            9.5,
            6.875,
            9.25,
            6.25
          ],
          "texture": "#0"
        },
        "east": {
          "uv": [
            0.75,
            7.25,
            1.375,
            13
          ],
          "rotation": 90,
          "texture": "#0"
        },
        "south": {
          "uv": [
            9.5,
            7,
            9.25,
            7.625
          ],
          "rotation": 180,
          "texture": "#0"
        },
        "west": {
          "uv": [
            0,
            7.25,
            0.625,
            13
          ],
          "rotation": 270,
          "texture": "#0"
        },
        "up": {
          "uv": [
            1.5,
            7.25,
            1.75,
            13
          ],
          "texture": "#0"
        },
        "down": {
          "uv": [
            1.75,
            7.25,
            2,
            13
          ],
          "rotation": 180,
          "texture": "#0"
        }
      }
    },
    {
      "from": [
        7.81084,
        16.55989,
        -1.06912
      ],
      "to": [
        8.19196,
        17.30501,
        6.992
      ],
      "rotation": {
        "angle": -22.5,
        "axis": "x",
        "origin": [
          8.0014,
          16.93245,
          1.96144
        ]
      },
      "faces": {
        "north": {
          "uv": [
            9.5,
            6.875,
            9.25,
            6.25
          ],
          "texture": "#0"
        },
        "east": {
          "uv": [
            0.75,
            7.25,
            1.375,
            13
          ],
          "rotation": 90,
          "texture": "#0"
        },
        "south": {
          "uv": [
            9.5,
            7,
            9.25,
            7.625
          ],
          "rotation": 180,
          "texture": "#0"
        },
        "west": {
          "uv": [
            0,
            7.25,
            0.625,
            13
          ],
          "rotation": 270,
          "texture": "#0"
        },
        "up": {
          "uv": [
            1.5,
            7.25,
            1.75,
            13
          ],
          "texture": "#0"
        },
        "down": {
          "uv": [
            1.75,
            7.25,
            2,
            13
          ],
          "rotation": 180,
          "texture": "#0"
        }
      }
    },
    {
      "from": [
        7.76672,
        17.09292,
        11.40347
      ],
      "to": [
        8.23328,
        17.51628,
        12.25883
      ],
      "rotation": {
        "angle": 0,
        "axis": "x",
        "origin": [
          8.00059,
          12.18092,
          8.30262
        ]
      },
      "faces": {
        "north": {
          "uv": [
            10.75,
            5.25,
            11,
            5.5
          ],
          "texture": "#0"
        },
        "east": {
          "uv": [
            10.25,
            9.5,
            10.75,
            9.75
          ],
          "texture": "#0"
        },
        "south": {
          "uv": [
            5.25,
            10.75,
            5.5,
            11
          ],
          "texture": "#0"
        },
        "west": {
          "uv": [
            10.25,
            9.25,
            10.75,
            9.5
          ],
          "texture": "#0"
        },
        "up": {
          "uv": [
            9.5,
            5.25,
            9.25,
            4.75
          ],
          "rotation": 180,
          "texture": "#0"
        },
        "down": {
          "uv": [
            7.75,
            10.25,
            7.5,
            10.75
          ],
          "rotation": 180,
          "texture": "#0"
        }
      }
    },
    {
      "from": [
        7.7624,
        15.16651,
        12.70907
      ],
      "to": [
        8.2376,
        15.59851,
        14.00507
      ],
      "rotation": {
        "angle": -22.5,
        "axis": "x",
        "origin": [
          8.00059,
          12.18092,
          8.30262
        ]
      },
      "faces": {
        "north": {
          "uv": [
            10.75,
            5.5,
            11,
            5.75
          ],
          "texture": "#0"
        },
        "east": {
          "uv": [
            9.25,
            4.5,
            9.875,
            4.75
          ],
          "texture": "#0"
        },
        "south": {
          "uv": [
            5.5,
            10.75,
            5.75,
            11
          ],
          "texture": "#0"
        },
        "west": {
          "uv": [
            8.75,
            5.25,
            9.375,
            5.5
          ],
          "texture": "#0"
        },
        "up": {
          "uv": [
            5,
            9.875,
            4.75,
            9.25
          ],
          "rotation": 180,
          "texture": "#0"
        },
        "down": {
          "uv": [
            9.5,
            5.5,
            9.25,
            6.125
          ],
          "rotation": 180,
          "texture": "#0"
        }
      }
    },
    {
      "from": [
        7.76672,
        17.09292,
        8.94117
      ],
      "to": [
        8.23328,
        17.51628,
        9.79653
      ],
      "rotation": {
        "angle": 0,
        "axis": "x",
        "origin": [
          8.00059,
          12.18092,
          8.30262
        ]
      },
      "faces": {
        "north": {
          "uv": [
            5.5,
            10.75,
            5.25,
            11
          ],
          "texture": "#0"
        },
        "east": {
          "uv": [
            10.75,
            9.5,
            10.25,
            9.75
          ],
          "texture": "#0"
        },
        "south": {
          "uv": [
            11,
            5.25,
            10.75,
            5.5
          ],
          "texture": "#0"
        },
        "west": {
          "uv": [
            10.75,
            9.25,
            10.25,
            9.5
          ],
          "texture": "#0"
        },
        "up": {
          "uv": [
            9.5,
            4.75,
            9.25,
            5.25
          ],
          "rotation": 180,
          "texture": "#0"
        },
        "down": {
          "uv": [
            7.75,
            10.75,
            7.5,
            10.25
          ],
          "rotation": 180,
          "texture": "#0"
        }
      }
    },
    {
      "from": [
        7.7624,
        16.92485,
        6.84517
      ],
      "to": [
        8.2376,
        17.35685,
        8.14117
      ],
      "rotation": {
        "angle": 22.5,
        "axis": "x",
        "origin": [
          8.00059,
          12.18092,
          8.30262
        ]
      },
      "faces": {
        "north": {
          "uv": [
            5.75,
            10.75,
            5.5,
            11
          ],
          "texture": "#0"
        },
        "east": {
          "uv": [
            9.875,
            4.5,
            9.25,
            4.75
          ],
          "texture": "#0"
        },
        "south": {
          "uv": [
            11,
            5.5,
            10.75,
            5.75
          ],
          "texture": "#0"
        },
        "west": {
          "uv": [
            9.375,
            5.25,
            8.75,
            5.5
          ],
          "texture": "#0"
        },
        "up": {
          "uv": [
            5,
            9.25,
            4.75,
            9.875
          ],
          "rotation": 180,
          "texture": "#0"
        },
        "down": {
          "uv": [
            9.5,
            6.125,
            9.25,
            5.5
          ],
          "rotation": 180,
          "texture": "#0"
        }
      }
    }
  ],
  "gui_light": "front",
  "display": {
    "thirdperson_righthand": {
      "translation": [
        -0.25,
        5.75,
        2.75
      ]
    },
    "thirdperson_lefthand": {
      "translation": [
        -0.25,
        6.75,
        2.75
      ]
    },
    "firstperson_righthand": {
      "rotation": [
        -23.25,
        0,
        0
      ],
      "translation": [
        4.25,
        1.25,
        -1.5
      ],
      "scale": [
        1.05,
        1.05,
        1.05
      ]
    },
    "firstperson_lefthand": {
      "rotation": [
        -23.25,
        0,
        0
      ],
      "translation": [
        4.25,
        1.25,
        -1.5
      ],
      "scale": [
        1.05,
        1.05,
        1.05
      ]
    },
    "ground": {
      "rotation": [
        -51,
        0,
        0
      ],
      "translation": [
        0,
        7.5,
        -0.75
      ],
      "scale": [
        0.6,
        0.6,
        0.6
      ]
    },
    "gui": {
      "rotation": [
        81,
        44,
        -75
      ],
      "translation": [
        1.2,
        1,
        0
      ],
      "scale": [
        0.5,
        0.5,
        0.5
      ]
    },
    "head": {
      "rotation": [
        0,
        90,
        0
      ],
      "translation": [
        0,
        29.75,
        0
      ],
      "scale": [
        0,
        0,
        0
      ]
    },
    "fixed": {
      "rotation": [
        90,
        -45,
        90
      ],
      "translation": [
        -4.05,
        4,
        -1.5
      ],
      "scale": [
        1.64688,
        1.64688,
        1.64688
      ]
    }
  },
  "groups": [
    0,
    1,
    2,
    3,
    4,
    5,
    6,
    7,
    8,
    9,
    10,
    {
      "name": "group",
      "origin": [
        8.00097,
        0.88523,
        -2.99934
      ],
      "color": 0,
      "nbt": "{}",
      "armAnimationEnabled": false,
      "children": [
        11
      ]
    },
    12,
    13,
    14,
    15,
    16,
    17,
    18,
    19,
    20,
    21,
    {
      "name": "group",
      "origin": [
        8,
        -2.2,
        8
      ],
      "color": 0,
      "nbt": "{}",
      "armAnimationEnabled": false,
      "children": [
        22,
        23,
        24,
        25,
        26,
        27
      ]
    },
    {
      "name": "group",
      "origin": [
        8.00059,
        12.83092,
        5.70262
      ],
      "color": 0,
      "nbt": "{}",
      "armAnimationEnabled": false,
      "children": [
        28,
        29,
        30,
        31,
        32,
        33,
        34,
        35,
        36,
        37,
        38,
        39,
        40,
        41,
        42,
        43,
        44,
        45,
        46,
        47,
        48,
        49,
        50,
        51,
        52,
        53
      ]
    }
  ]
}