{"providers":[{"file":"char/black.png","chars":[""],"height":1,"ascent":-5000,"type":"bitmap"},{"file":"char/black.png","chars":[""],"height":2,"ascent":-5000,"type":"bitmap"},{"file":"char/black.png","chars":[""],"height":3,"ascent":-5000,"type":"bitmap"},{"file":"char/black.png","chars":[""],"height":4,"ascent":-5000,"type":"bitmap"},{"file":"char/black.png","chars":[""],"height":5,"ascent":-5000,"type":"bitmap"},{"file":"char/black.png","chars":[""],"height":6,"ascent":-5000,"type":"bitmap"},{"file":"char/black.png","chars":[""],"height":7,"ascent":-5000,"type":"bitmap"},{"file":"char/black.png","chars":[""],"height":15,"ascent":-5000,"type":"bitmap"},{"file":"char/black.png","chars":[""],"height":31,"ascent":-5000,"type":"bitmap"},{"file":"char/black.png","chars":[""],"height":63,"ascent":-5000,"type":"bitmap"},{"file":"char/black.png","chars":[""],"height":127,"ascent":-5000,"type":"bitmap"},{"file":"char/black.png","chars":[""],"height":256,"ascent":-5000,"type":"bitmap"},{"file":"char/black.png","chars":[""],"height":512,"ascent":-5000,"type":"bitmap"},{"file":"char/black.png","chars":[""],"height":1024,"ascent":-5000,"type":"bitmap"},{"file":"char/black.png","chars":[""],"height":-3,"ascent":-5000,"type":"bitmap"},{"file":"char/black.png","chars":[""],"height":-4,"ascent":-5000,"type":"bitmap"},{"file":"char/black.png","chars":[""],"height":-5,"ascent":-5000,"type":"bitmap"},{"file":"char/black.png","chars":[""],"height":-6,"ascent":-5000,"type":"bitmap"},{"file":"char/black.png","chars":[""],"height":-7,"ascent":-5000,"type":"bitmap"},{"file":"char/black.png","chars":[""],"height":-8,"ascent":-5000,"type":"bitmap"},{"file":"char/black.png","chars":[""],"height":-9,"ascent":-5000,"type":"bitmap"},{"file":"char/black.png","chars":[""],"height":-10,"ascent":-5000,"type":"bitmap"},{"file":"char/black.png","chars":[""],"height":-18,"ascent":-5000,"type":"bitmap"},{"file":"char/black.png","chars":[""],"height":-34,"ascent":-5000,"type":"bitmap"},{"file":"char/black.png","chars":[""],"height":-66,"ascent":-5000,"type":"bitmap"},{"file":"char/black.png","chars":[""],"height":-130,"ascent":-5000,"type":"bitmap"},{"file":"char/black.png","chars":[""],"height":-259,"ascent":-5000,"type":"bitmap"},{"file":"char/black.png","chars":[""],"height":-515,"ascent":-5000,"type":"bitmap"},{"file":"char/black.png","chars":[""],"height":-1027,"ascent":-5000,"type":"bitmap"},{"file":"betterprefixes:font/rank/admin.png","chars":["这"],"height":9,"ascent":8,"type":"bitmap"},{"file":"betterprefixes:font/rank/mod.png","chars":["来"],"height":9,"ascent":8,"type":"bitmap"},{"file":"betterprefixes:font/rank/helper.png","chars":["国"],"height":9,"ascent":8,"type":"bitmap"},{"file":"betterprefixes:font/rank/player1.png","chars":["个"],"height":9,"ascent":8,"type":"bitmap"},{"file":"betterprefixes:font/rank/builder.png","chars":["说"],"height":9,"ascent":8,"type":"bitmap"},{"file":"betterprefixes:font/rank/mvp.png","chars":["们"],"height":9,"ascent":8,"type":"bitmap"},{"file":"betterprefixes:font/rank/muted.png","chars":["为"],"height":9,"ascent":8,"type":"bitmap"},{"file":"betterprefixes:font/rank/modplus.png","chars":["时"],"height":9,"ascent":8,"type":"bitmap"},{"file":"betterprefixes:font/rank/helperplus.png","chars":["会"],"height":9,"ascent":8,"type":"bitmap"},{"file":"betterprefixes:font/rank/elite.png","chars":["着"],"height":9,"ascent":8,"type":"bitmap"},{"file":"betterprefixes:font/rank/developer.png","chars":["过"],"height":9,"ascent":8,"type":"bitmap"},{"file":"betterprefixes:font/rank/dev.png","chars":["对"],"height":9,"ascent":8,"type":"bitmap"},{"file":"betterprefixes:font/rank/vip.png","chars":["没"],"height":9,"ascent":8,"type":"bitmap"},{"file":"betterprefixes:font/rank/vipplus.png","chars":["还"],"height":9,"ascent":8,"type":"bitmap"},{"file":"betterprefixes:font/rank/mvpplus.png","chars":["只"],"height":9,"ascent":8,"type":"bitmap"},{"file":"betterprefixes:font/rank/nitro.png","chars":["无"],"height":9,"ascent":8,"type":"bitmap"},{"file":"betterprefixes:font/rank/operator.png","chars":["开"],"height":9,"ascent":8,"type":"bitmap"},{"file":"betterprefixes:font/rank/owner.png","chars":["十"],"height":9,"ascent":8,"type":"bitmap"},{"file":"betterprefixes:font/rank/player2.png","chars":["见"],"height":9,"ascent":8,"type":"bitmap"},{"file":"betterprefixes:font/rank/pro.png","chars":["经"],"height":9,"ascent":8,"type":"bitmap"},{"file":"betterprefixes:font/rank/smod.png","chars":["头"],"height":9,"ascent":8,"type":"bitmap"},{"file":"betterprefixes:font/rank/staff.png","chars":["三"],"height":9,"ascent":8,"type":"bitmap"},{"file":"betterprefixes:font/rank/supporter.png","chars":["从"],"height":9,"ascent":8,"type":"bitmap"},{"file":"betterprefixes:font/rank/gg.png","chars":["动"],"height":9,"ascent":8,"type":"bitmap"},{"file":"respackicon:resourcepack_menu_background.png","chars":[""],"height":40,"ascent":9,"type":"bitmap"},{"file":"iadeco:gui/vending_machine_left.png","chars":[""],"height":164,"ascent":12,"type":"bitmap"},{"file":"iadeco:gui/vending_machine_right.png","chars":[""],"height":164,"ascent":12,"type":"bitmap"},{"file":"_iainternal:gui/no_recipe.png","chars":[""],"height":170,"ascent":47,"type":"bitmap"},{"file":"_iainternal:gui/crafting.png","chars":[""],"height":170,"ascent":47,"type":"bitmap"},{"file":"_iainternal:gui/cooking.png","chars":[""],"height":170,"ascent":47,"type":"bitmap"},{"file":"_iainternal:gui/blank_menu.png","chars":[""],"height":170,"ascent":47,"type":"bitmap"},{"file":"_iainternal:gui/anvil_repair.png","chars":[""],"height":170,"ascent":47,"type":"bitmap"},{"file":"_iainternal:gui/smithing.png","chars":[""],"height":170,"ascent":47,"type":"bitmap"},{"file":"iadeco:gui/coffee_machine_left.png","chars":[""],"height":164,"ascent":12,"type":"bitmap"},{"file":"iadeco:gui/coffee_machine_right.png","chars":[""],"height":164,"ascent":12,"type":"bitmap"},{"file":"itemtags:rare_artifact.png","chars":[""],"height":9,"ascent":8,"type":"bitmap"},{"file":"itemtags:rare.png","chars":[""],"height":9,"ascent":8,"type":"bitmap"},{"file":"itemtags:common.png","chars":[""],"height":9,"ascent":8,"type":"bitmap"},{"file":"itemtags:legendary.png","chars":[""],"height":9,"ascent":8,"type":"bitmap"}]}