{
  "credit": "Made with Blockbench",
  "textures": {
    "0": "furnituresplus:item/loom_bottom",
    "1": "furnituresplus:item/loom_front",
    "2": "furnituresplus:item/loom_side",
    "3": "item/string",
    "6": "item/blue_dye",
    "7": "item/brown_dye",
    "8": "item/cyan_dye",
    "10": "item/green_dye",
    "12": "item/light_gray_dye",
    "13": "item/lime_dye",
    "14": "item/magenta_dye",
    "15": "item/orange_dye",
    "18": "item/red_dye",
    "20": "item/yellow_dye",
    "particle": "furnituresplus:item/loom_bottom"
  },
  "elements": [
    {
      "from": [
        0,
        0,
        0
      ],
      "to": [
        16,
        15,
        16
      ],
      "faces": {
        "north": {
          "uv": [
            0,
            0,
            16,
            15
          ],
          "texture": "#0"
        },
        "east": {
          "uv": [
            0,
            0,
            16,
            15
          ],
          "texture": "#0"
        },
        "south": {
          "uv": [
            0,
            0,
            16,
            15
          ],
          "texture": "#0"
        },
        "west": {
          "uv": [
            0,
            0,
            16,
            15
          ],
          "texture": "#0"
        },
        "up": {
          "uv": [
            0,
            0,
            16,
            16
          ],
          "texture": "#1"
        },
        "down": {
          "uv": [
            0,
            0,
            16,
            16
          ],
          "texture": "#2"
        }
      }
    },
    {
      "from": [
        8.85,
        14.9,
        4.45
      ],
      "to": [
        15.65,
        15.2,
        11.55
      ],
      "rotation": {
        "angle": 0,
        "axis": "z",
        "origin": [
          0,
          -0.7,
          0
        ]
      },
      "faces": {
        "north": {
          "uv": [
            0,
            0,
            0.3,
            10
          ],
          "rotation": 90,
          "texture": "#3"
        },
        "east": {
          "uv": [
            0,
            0,
            0.3,
            10.6
          ],
          "rotation": 270,
          "texture": "#3"
        },
        "south": {
          "uv": [
            0,
            0,
            0.3,
            10
          ],
          "rotation": 270,
          "texture": "#3"
        },
        "west": {
          "uv": [
            0,
            0,
            0.3,
            10.6
          ],
          "rotation": 270,
          "texture": "#3"
        },
        "up": {
          "uv": [
            0,
            0,
            16,
            16
          ],
          "rotation": 270,
          "texture": "#3"
        },
        "down": {
          "uv": [
            0,
            0,
            10.6,
            10
          ],
          "rotation": 270,
          "texture": "#3"
        }
      }
    },
    {
      "from": [
        -0.05,
        14.9,
        4.45
      ],
      "to": [
        7.45,
        15.2,
        11.55
      ],
      "rotation": {
        "angle": 0,
        "axis": "z",
        "origin": [
          0,
          -0.7,
          0
        ]
      },
      "faces": {
        "north": {
          "uv": [
            0,
            0,
            0.3,
            10
          ],
          "rotation": 90,
          "texture": "#3"
        },
        "east": {
          "uv": [
            0,
            0,
            0.3,
            10.6
          ],
          "rotation": 270,
          "texture": "#3"
        },
        "south": {
          "uv": [
            0,
            0,
            0.3,
            10
          ],
          "rotation": 270,
          "texture": "#3"
        },
        "west": {
          "uv": [
            0,
            0,
            0.3,
            10.6
          ],
          "rotation": 270,
          "texture": "#3"
        },
        "up": {
          "uv": [
            0,
            0,
            16,
            16
          ],
          "rotation": 270,
          "texture": "#3"
        },
        "down": {
          "uv": [
            0,
            0,
            10.6,
            10
          ],
          "rotation": 270,
          "texture": "#3"
        }
      }
    },
    {
      "from": [
        6.75,
        15.2,
        1.15
      ],
      "to": [
        13.85,
        15.5,
        8.25
      ],
      "rotation": {
        "angle": -22.5,
        "axis": "y",
        "origin": [
          0,
          -0.7,
          0
        ]
      },
      "faces": {
        "north": {
          "uv": [
            0,
            0,
            0.3,
            10
          ],
          "rotation": 90,
          "texture": "#3"
        },
        "east": {
          "uv": [
            0,
            0,
            0.3,
            10.6
          ],
          "rotation": 270,
          "texture": "#3"
        },
        "south": {
          "uv": [
            0,
            0,
            0.3,
            10
          ],
          "rotation": 270,
          "texture": "#3"
        },
        "west": {
          "uv": [
            0,
            0,
            0.3,
            10.6
          ],
          "rotation": 270,
          "texture": "#3"
        },
        "up": {
          "uv": [
            0,
            0,
            16,
            16
          ],
          "rotation": 270,
          "texture": "#3"
        },
        "down": {
          "uv": [
            0,
            0,
            10.6,
            10
          ],
          "rotation": 270,
          "texture": "#3"
        }
      }
    },
    {
      "from": [
        11.7,
        15.3,
        12.45
      ],
      "to": [
        15.7,
        15.6,
        15.55
      ],
      "faces": {
        "north": {
          "uv": [
            0,
            0,
            0.3,
            10
          ],
          "rotation": 90,
          "texture": "#7"
        },
        "east": {
          "uv": [
            0,
            0,
            0.3,
            10.6
          ],
          "rotation": 270,
          "texture": "#7"
        },
        "south": {
          "uv": [
            0,
            0,
            0.3,
            10
          ],
          "rotation": 270,
          "texture": "#7"
        },
        "west": {
          "uv": [
            0,
            0,
            0.3,
            10.6
          ],
          "rotation": 270,
          "texture": "#7"
        },
        "up": {
          "uv": [
            0,
            0,
            16,
            16
          ],
          "rotation": 270,
          "texture": "#7"
        },
        "down": {
          "uv": [
            0,
            0,
            10.6,
            10
          ],
          "rotation": 270,
          "texture": "#7"
        }
      }
    },
    {
      "from": [
        3.4,
        15.3,
        12.45
      ],
      "to": [
        7.4,
        15.6,
        15.55
      ],
      "faces": {
        "north": {
          "uv": [
            0,
            0,
            0.3,
            10
          ],
          "rotation": 90,
          "texture": "#8"
        },
        "east": {
          "uv": [
            0,
            0,
            0.3,
            10.6
          ],
          "rotation": 270,
          "texture": "#8"
        },
        "south": {
          "uv": [
            0,
            0,
            0.3,
            10
          ],
          "rotation": 270,
          "texture": "#8"
        },
        "west": {
          "uv": [
            0,
            0,
            0.3,
            10.6
          ],
          "rotation": 270,
          "texture": "#8"
        },
        "up": {
          "uv": [
            0,
            0,
            16,
            16
          ],
          "rotation": 270,
          "texture": "#8"
        },
        "down": {
          "uv": [
            0,
            0,
            10.6,
            10
          ],
          "rotation": 270,
          "texture": "#8"
        }
      }
    },
    {
      "from": [
        0.1,
        15.3,
        12.45
      ],
      "to": [
        4.1,
        15.6,
        15.55
      ],
      "faces": {
        "north": {
          "uv": [
            0,
            0,
            0.3,
            10
          ],
          "rotation": 90,
          "texture": "#10"
        },
        "east": {
          "uv": [
            0,
            0,
            0.3,
            10.6
          ],
          "rotation": 270,
          "texture": "#10"
        },
        "south": {
          "uv": [
            0,
            0,
            0.3,
            10
          ],
          "rotation": 270,
          "texture": "#10"
        },
        "west": {
          "uv": [
            0,
            0,
            0.3,
            10.6
          ],
          "rotation": 270,
          "texture": "#10"
        },
        "up": {
          "uv": [
            0,
            0,
            16,
            16
          ],
          "rotation": 270,
          "texture": "#10"
        },
        "down": {
          "uv": [
            0,
            0,
            10.6,
            10
          ],
          "rotation": 270,
          "texture": "#10"
        }
      }
    },
    {
      "from": [
        3,
        15.3,
        0.45
      ],
      "to": [
        7,
        15.6,
        3.55
      ],
      "faces": {
        "north": {
          "uv": [
            0,
            0,
            0.3,
            10
          ],
          "rotation": 90,
          "texture": "#12"
        },
        "east": {
          "uv": [
            0,
            0,
            0.3,
            10.6
          ],
          "rotation": 270,
          "texture": "#12"
        },
        "south": {
          "uv": [
            0,
            0,
            0.3,
            10
          ],
          "rotation": 270,
          "texture": "#12"
        },
        "west": {
          "uv": [
            0,
            0,
            0.3,
            10.6
          ],
          "rotation": 270,
          "texture": "#12"
        },
        "up": {
          "uv": [
            0,
            0,
            16,
            16
          ],
          "rotation": 270,
          "texture": "#12"
        },
        "down": {
          "uv": [
            0,
            0,
            10.6,
            10
          ],
          "rotation": 270,
          "texture": "#12"
        }
      }
    },
    {
      "from": [
        0,
        15.3,
        0.45
      ],
      "to": [
        4,
        15.6,
        3.55
      ],
      "faces": {
        "north": {
          "uv": [
            0,
            0,
            0.3,
            10
          ],
          "rotation": 90,
          "texture": "#15"
        },
        "east": {
          "uv": [
            0,
            0,
            0.3,
            10.6
          ],
          "rotation": 270,
          "texture": "#15"
        },
        "south": {
          "uv": [
            0,
            0,
            0.3,
            10
          ],
          "rotation": 270,
          "texture": "#15"
        },
        "west": {
          "uv": [
            0,
            0,
            0.3,
            10.6
          ],
          "rotation": 270,
          "texture": "#15"
        },
        "up": {
          "uv": [
            0,
            0,
            16,
            16
          ],
          "rotation": 270,
          "texture": "#15"
        },
        "down": {
          "uv": [
            0,
            0,
            10.6,
            10
          ],
          "rotation": 270,
          "texture": "#15"
        }
      }
    },
    {
      "from": [
        11.7,
        15.3,
        0.45
      ],
      "to": [
        15.7,
        15.6,
        3.55
      ],
      "faces": {
        "north": {
          "uv": [
            0,
            0,
            0.3,
            10
          ],
          "rotation": 90,
          "texture": "#14"
        },
        "east": {
          "uv": [
            0,
            0,
            0.3,
            10.6
          ],
          "rotation": 270,
          "texture": "#14"
        },
        "south": {
          "uv": [
            0,
            0,
            0.3,
            10
          ],
          "rotation": 270,
          "texture": "#14"
        },
        "west": {
          "uv": [
            0,
            0,
            0.3,
            10.6
          ],
          "rotation": 270,
          "texture": "#14"
        },
        "up": {
          "uv": [
            0,
            0,
            16,
            16
          ],
          "rotation": 270,
          "texture": "#14"
        },
        "down": {
          "uv": [
            0,
            0,
            10.6,
            10
          ],
          "rotation": 270,
          "texture": "#14"
        }
      }
    },
    {
      "from": [
        8.8,
        15.3,
        0.45
      ],
      "to": [
        12.8,
        15.6,
        3.55
      ],
      "faces": {
        "north": {
          "uv": [
            0,
            0,
            0.3,
            10
          ],
          "rotation": 90,
          "texture": "#18"
        },
        "east": {
          "uv": [
            0,
            0,
            0.3,
            10.6
          ],
          "rotation": 270,
          "texture": "#18"
        },
        "south": {
          "uv": [
            0,
            0,
            0.3,
            10
          ],
          "rotation": 270,
          "texture": "#18"
        },
        "west": {
          "uv": [
            0,
            0,
            0.3,
            10.6
          ],
          "rotation": 270,
          "texture": "#18"
        },
        "up": {
          "uv": [
            0,
            0,
            16,
            16
          ],
          "rotation": 270,
          "texture": "#18"
        },
        "down": {
          "uv": [
            0,
            0,
            10.6,
            10
          ],
          "rotation": 270,
          "texture": "#18"
        }
      }
    },
    {
      "from": [
        5.8,
        15.3,
        0.45
      ],
      "to": [
        9.8,
        15.6,
        3.55
      ],
      "faces": {
        "north": {
          "uv": [
            0,
            0,
            0.3,
            10
          ],
          "rotation": 90,
          "texture": "#20"
        },
        "east": {
          "uv": [
            0,
            0,
            0.3,
            10.6
          ],
          "rotation": 270,
          "texture": "#20"
        },
        "south": {
          "uv": [
            0,
            0,
            0.3,
            10
          ],
          "rotation": 270,
          "texture": "#20"
        },
        "west": {
          "uv": [
            0,
            0,
            0.3,
            10.6
          ],
          "rotation": 270,
          "texture": "#20"
        },
        "up": {
          "uv": [
            0,
            0,
            16,
            16
          ],
          "rotation": 270,
          "texture": "#20"
        },
        "down": {
          "uv": [
            0,
            0,
            10.6,
            10
          ],
          "rotation": 270,
          "texture": "#20"
        }
      }
    },
    {
      "from": [
        8.8,
        15.3,
        12.45
      ],
      "to": [
        12.8,
        15.6,
        15.55
      ],
      "faces": {
        "north": {
          "uv": [
            0,
            0,
            0.3,
            10
          ],
          "rotation": 90,
          "texture": "#13"
        },
        "east": {
          "uv": [
            0,
            0,
            0.3,
            10.6
          ],
          "rotation": 270,
          "texture": "#13"
        },
        "south": {
          "uv": [
            0,
            0,
            0.3,
            10
          ],
          "rotation": 270,
          "texture": "#13"
        },
        "west": {
          "uv": [
            0,
            0,
            0.3,
            10.6
          ],
          "rotation": 270,
          "texture": "#13"
        },
        "up": {
          "uv": [
            0,
            0,
            16,
            16
          ],
          "rotation": 270,
          "texture": "#13"
        },
        "down": {
          "uv": [
            0,
            0,
            10.6,
            10
          ],
          "rotation": 270,
          "texture": "#13"
        }
      }
    },
    {
      "from": [
        5.9,
        15.3,
        12.45
      ],
      "to": [
        9.9,
        15.6,
        15.55
      ],
      "faces": {
        "north": {
          "uv": [
            0,
            0,
            0.3,
            10
          ],
          "rotation": 90,
          "texture": "#6"
        },
        "east": {
          "uv": [
            0,
            0,
            0.3,
            10.6
          ],
          "rotation": 270,
          "texture": "#6"
        },
        "south": {
          "uv": [
            0,
            0,
            0.3,
            10
          ],
          "rotation": 270,
          "texture": "#6"
        },
        "west": {
          "uv": [
            0,
            0,
            0.3,
            10.6
          ],
          "rotation": 270,
          "texture": "#6"
        },
        "up": {
          "uv": [
            0,
            0,
            16,
            16
          ],
          "rotation": 270,
          "texture": "#6"
        },
        "down": {
          "uv": [
            0,
            0,
            10.6,
            10
          ],
          "rotation": 270,
          "texture": "#6"
        }
      }
    },
    {
      "from": [
        0,
        15,
        1
      ],
      "to": [
        1,
        16,
        16
      ],
      "faces": {
        "north": {
          "uv": [
            0,
            0,
            1,
            1
          ],
          "texture": "#0"
        },
        "east": {
          "uv": [
            0,
            0,
            15,
            1
          ],
          "texture": "#0"
        },
        "south": {
          "uv": [
            0,
            0,
            1,
            1
          ],
          "texture": "#0"
        },
        "west": {
          "uv": [
            0,
            0,
            15,
            1
          ],
          "texture": "#0"
        },
        "up": {
          "uv": [
            0,
            0,
            1,
            15
          ],
          "texture": "#0"
        },
        "down": {
          "uv": [
            0,
            0,
            1,
            15
          ],
          "texture": "#0"
        }
      }
    },
    {
      "from": [
        15,
        15,
        0
      ],
      "to": [
        16,
        16,
        16
      ],
      "faces": {
        "north": {
          "uv": [
            0,
            0,
            1,
            1
          ],
          "texture": "#0"
        },
        "east": {
          "uv": [
            0,
            0,
            16,
            1
          ],
          "texture": "#0"
        },
        "south": {
          "uv": [
            0,
            0,
            1,
            1
          ],
          "texture": "#0"
        },
        "west": {
          "uv": [
            0,
            0,
            16,
            1
          ],
          "texture": "#0"
        },
        "up": {
          "uv": [
            0,
            0,
            1,
            16
          ],
          "texture": "#0"
        },
        "down": {
          "uv": [
            0,
            0,
            1,
            16
          ],
          "texture": "#0"
        }
      }
    },
    {
      "from": [
        0,
        15,
        0
      ],
      "to": [
        15,
        16,
        1
      ],
      "faces": {
        "north": {
          "uv": [
            0,
            0,
            15,
            1
          ],
          "texture": "#0"
        },
        "east": {
          "uv": [
            0,
            0,
            1,
            1
          ],
          "texture": "#0"
        },
        "south": {
          "uv": [
            0,
            0,
            15,
            1
          ],
          "texture": "#0"
        },
        "west": {
          "uv": [
            0,
            0,
            1,
            1
          ],
          "texture": "#0"
        },
        "up": {
          "uv": [
            0,
            0,
            15,
            1
          ],
          "texture": "#0"
        },
        "down": {
          "uv": [
            0,
            0,
            15,
            1
          ],
          "texture": "#0"
        }
      }
    },
    {
      "from": [
        1,
        15,
        3
      ],
      "to": [
        15,
        16,
        4
      ],
      "faces": {
        "north": {
          "uv": [
            0,
            0,
            14,
            1
          ],
          "texture": "#0"
        },
        "east": {
          "uv": [
            0,
            0,
            1,
            1
          ],
          "texture": "#0"
        },
        "south": {
          "uv": [
            0,
            0,
            14,
            1
          ],
          "texture": "#0"
        },
        "west": {
          "uv": [
            0,
            0,
            1,
            1
          ],
          "texture": "#0"
        },
        "up": {
          "uv": [
            0,
            0,
            14,
            1
          ],
          "texture": "#0"
        },
        "down": {
          "uv": [
            0,
            0,
            14,
            1
          ],
          "texture": "#0"
        }
      }
    },
    {
      "from": [
        1,
        15,
        12
      ],
      "to": [
        15,
        16,
        13
      ],
      "faces": {
        "north": {
          "uv": [
            0,
            0,
            14,
            1
          ],
          "texture": "#0"
        },
        "east": {
          "uv": [
            0,
            0,
            1,
            1
          ],
          "texture": "#0"
        },
        "south": {
          "uv": [
            0,
            0,
            14,
            1
          ],
          "texture": "#0"
        },
        "west": {
          "uv": [
            0,
            0,
            1,
            1
          ],
          "texture": "#0"
        },
        "up": {
          "uv": [
            0,
            0,
            14,
            1
          ],
          "texture": "#0"
        },
        "down": {
          "uv": [
            0,
            0,
            14,
            1
          ],
          "texture": "#0"
        }
      }
    },
    {
      "from": [
        1,
        15,
        15
      ],
      "to": [
        15,
        16,
        16
      ],
      "faces": {
        "north": {
          "uv": [
            0,
            0,
            14,
            1
          ],
          "texture": "#0"
        },
        "east": {
          "uv": [
            0,
            0,
            1,
            1
          ],
          "texture": "#0"
        },
        "south": {
          "uv": [
            0,
            0,
            14,
            1
          ],
          "texture": "#0"
        },
        "west": {
          "uv": [
            0,
            0,
            1,
            1
          ],
          "texture": "#0"
        },
        "up": {
          "uv": [
            0,
            0,
            14,
            1
          ],
          "texture": "#0"
        },
        "down": {
          "uv": [
            0,
            0,
            14,
            1
          ],
          "texture": "#0"
        }
      }
    }
  ],
  "display": {
    "thirdperson_righthand": {
      "rotation": [
        75,
        45,
        0
      ],
      "translation": [
        0,
        2.5,
        0
      ],
      "scale": [
        0.375,
        0.375,
        0.375
      ]
    },
    "thirdperson_lefthand": {
      "rotation": [
        75,
        45,
        0
      ],
      "translation": [
        0,
        2.5,
        0
      ],
      "scale": [
        0.375,
        0.375,
        0.375
      ]
    },
    "firstperson_righthand": {
      "rotation": [
        0,
        45,
        0
      ],
      "scale": [
        0.4,
        0.4,
        0.4
      ]
    },
    "firstperson_lefthand": {
      "rotation": [
        0,
        45,
        0
      ],
      "scale": [
        0.4,
        0.4,
        0.4
      ]
    },
    "ground": {
      "translation": [
        0,
        2,
        0
      ],
      "scale": [
        0.5,
        0.5,
        0.5
      ]
    },
    "gui": {
      "rotation": [
        30,
        45,
        0
      ],
      "translation": [
        0,
        -0.6,
        0
      ],
      "scale": [
        0.5,
        0.5,
        0.5
      ]
    },
    "head": {
      "translation": [
        0,
        -30.4,
        0
      ],
      "scale": [
        1.6,
        1.6,
        1.6
      ]
    },
    "fixed": {
      "rotation": [
        -90,
        180,
        0
      ],
      "translation": [
        0,
        0,
        -14
      ],
      "scale": [
        2.01,
        2.01,
        2.01
      ]
    }
  }
}