{
  "credit": "MadewithBlockbench",
  "texture_size": [
    32,
    32
  ],
  "textures": {
    "0": "demonset:demonset/demon_helmet",
    "particle": "demonset:demonset/demon_helmet"
  },
  "elements": [
    {
      "from": [
        3.4,
        1.1,
        5
      ],
      "to": [
        4.4,
        4.1,
        11
      ],
      "rotation": {
        "angle": -22.5,
        "axis": "x",
        "origin": [
          3.9,
          2.1,
          7
        ]
      },
      "faces": {
        "north": {
          "uv": [
            10,
            12,
            10.5,
            13.5
          ],
          "texture": "#0"
        },
        "east": {
          "uv": [
            0,
            3.5,
            3,
            5
          ],
          "texture": "#0"
        },
        "south": {
          "uv": [
            12,
            10,
            12.5,
            11.5
          ],
          "texture": "#0"
        },
        "west": {
          "uv": [
            3,
            4,
            6,
            5.5
          ],
          "texture": "#0"
        },
        "up": {
          "uv": [
            7,
            12.5,
            6.5,
            9.5
          ],
          "texture": "#0"
        },
        "down": {
          "uv": [
            8.5,
            10,
            8,
            13
          ],
          "texture": "#0"
        }
      }
    },
    {
      "from": [
        3.55,
        0.39506,
        8.93805
      ],
      "to": [
        4.55,
        3.39506,
        11.93805
      ],
      "rotation": {
        "angle": 22.5,
        "axis": "x",
        "origin": [
          4,
          1.89506,
          13.03805
        ]
      },
      "faces": {
        "north": {
          "uv": [
            10.5,
            12,
            11,
            13.5
          ],
          "texture": "#0"
        },
        "east": {
          "uv": [
            4,
            8,
            5.5,
            9.5
          ],
          "texture": "#0"
        },
        "south": {
          "uv": [
            11,
            12,
            11.5,
            13.5
          ],
          "texture": "#0"
        },
        "west": {
          "uv": [
            8,
            4,
            9.5,
            5.5
          ],
          "texture": "#0"
        },
        "up": {
          "uv": [
            12,
            13.5,
            11.5,
            12
          ],
          "texture": "#0"
        },
        "down": {
          "uv": [
            12.5,
            11.5,
            12,
            13
          ],
          "texture": "#0"
        }
      }
    },
    {
      "from": [
        5.11421,
        -1.41421,
        3.4
      ],
      "to": [
        6.11421,
        1.58579,
        4.4
      ],
      "rotation": {
        "angle": 0,
        "axis": "y",
        "origin": [
          5.61421,
          1.58579,
          3.4
        ]
      },
      "faces": {
        "north": {
          "uv": [
            12,
            5,
            12.5,
            6.5
          ],
          "texture": "#0"
        },
        "east": {
          "uv": [
            5.5,
            12,
            6,
            13.5
          ],
          "texture": "#0"
        },
        "south": {
          "uv": [
            6,
            12,
            6.5,
            13.5
          ],
          "texture": "#0"
        },
        "west": {
          "uv": [
            9.5,
            12,
            10,
            13.5
          ],
          "texture": "#0"
        },
        "up": {
          "uv": [
            3,
            14,
            2.5,
            13.5
          ],
          "texture": "#0"
        },
        "down": {
          "uv": [
            14,
            2.5,
            13.5,
            3
          ],
          "texture": "#0"
        }
      }
    },
    {
      "from": [
        4.34645,
        2.14645,
        3.4
      ],
      "to": [
        6.34645,
        3.14645,
        4.4
      ],
      "rotation": {
        "angle": -45,
        "axis": "z",
        "origin": [
          4.34645,
          2.64645,
          3.4
        ]
      },
      "faces": {
        "north": {
          "uv": [
            8,
            13,
            9,
            13.5
          ],
          "texture": "#0"
        },
        "east": {
          "uv": [
            2,
            13.5,
            2.5,
            14
          ],
          "texture": "#0"
        },
        "south": {
          "uv": [
            13,
            9,
            14,
            9.5
          ],
          "texture": "#0"
        },
        "west": {
          "uv": [
            13.5,
            2,
            14,
            2.5
          ],
          "texture": "#0"
        },
        "up": {
          "uv": [
            14,
            10,
            13,
            9.5
          ],
          "texture": "#0"
        },
        "down": {
          "uv": [
            14,
            10,
            13,
            10.5
          ],
          "texture": "#0"
        }
      }
    },
    {
      "from": [
        3.7,
        1,
        3.4
      ],
      "to": [
        4.7,
        5,
        4.4
      ],
      "rotation": {
        "angle": 0,
        "axis": "y",
        "origin": [
          4.2,
          3,
          3.4
        ]
      },
      "faces": {
        "north": {
          "uv": [
            7,
            11,
            7.5,
            13
          ],
          "texture": "#0"
        },
        "east": {
          "uv": [
            7.5,
            11,
            8,
            13
          ],
          "texture": "#0"
        },
        "south": {
          "uv": [
            8.5,
            11,
            9,
            13
          ],
          "texture": "#0"
        },
        "west": {
          "uv": [
            9,
            11,
            9.5,
            13
          ],
          "texture": "#0"
        },
        "up": {
          "uv": [
            12.5,
            7,
            12,
            6.5
          ],
          "texture": "#0"
        },
        "down": {
          "uv": [
            9.5,
            13,
            9,
            13.5
          ],
          "texture": "#0"
        }
      }
    },
    {
      "from": [
        5.30301,
        6.27352,
        6
      ],
      "to": [
        7.30301,
        7.27352,
        11
      ],
      "rotation": {
        "angle": 22.5,
        "axis": "z",
        "origin": [
          5.60301,
          6.67352,
          5
        ]
      },
      "faces": {
        "north": {
          "uv": [
            13,
            10.5,
            14,
            11
          ],
          "texture": "#0"
        },
        "east": {
          "uv": [
            11,
            2,
            13.5,
            2.5
          ],
          "texture": "#0"
        },
        "south": {
          "uv": [
            13,
            11,
            14,
            11.5
          ],
          "texture": "#0"
        },
        "west": {
          "uv": [
            11,
            2.5,
            13.5,
            3
          ],
          "texture": "#0"
        },
        "up": {
          "uv": [
            3,
            10.5,
            2,
            8
          ],
          "texture": "#0"
        },
        "down": {
          "uv": [
            4,
            8,
            3,
            10.5
          ],
          "texture": "#0"
        }
      }
    },
    {
      "from": [
        4.3,
        3.31283,
        6
      ],
      "to": [
        5.3,
        7.01283,
        11.2
      ],
      "rotation": {
        "angle": -22.5,
        "axis": "z",
        "origin": [
          4.9,
          5.31283,
          5
        ]
      },
      "faces": {
        "north": {
          "uv": [
            3,
            11.5,
            3.5,
            13.375
          ],
          "texture": "#0"
        },
        "east": {
          "uv": [
            3,
            0,
            5.625,
            1.875
          ],
          "texture": "#0"
        },
        "south": {
          "uv": [
            11.5,
            10,
            12,
            11.875
          ],
          "texture": "#0"
        },
        "west": {
          "uv": [
            3,
            2,
            5.625,
            3.875
          ],
          "texture": "#0"
        },
        "up": {
          "uv": [
            11,
            4.625,
            10.5,
            2
          ],
          "texture": "#0"
        },
        "down": {
          "uv": [
            4,
            10.5,
            3.5,
            13.125
          ],
          "texture": "#0"
        }
      }
    },
    {
      "from": [
        6.26569,
        4.53404,
        9.44853
      ],
      "to": [
        8.26569,
        6.63404,
        12.84853
      ],
      "rotation": {
        "angle": 45,
        "axis": "y",
        "origin": [
          7.06569,
          4.53404,
          12.74853
        ]
      },
      "faces": {
        "north": {
          "uv": [
            10.5,
            11,
            11.5,
            12
          ],
          "texture": "#0"
        },
        "east": {
          "uv": [
            8,
            9,
            9.75,
            10
          ],
          "texture": "#0"
        },
        "south": {
          "uv": [
            11.5,
            0,
            12.5,
            1
          ],
          "texture": "#0"
        },
        "west": {
          "uv": [
            9.5,
            0,
            11.25,
            1
          ],
          "texture": "#0"
        },
        "up": {
          "uv": [
            10.5,
            2.75,
            9.5,
            1
          ],
          "texture": "#0"
        },
        "down": {
          "uv": [
            10.5,
            3,
            9.5,
            4.75
          ],
          "texture": "#0"
        }
      }
    },
    {
      "from": [
        5.76569,
        -0.46596,
        9.32353
      ],
      "to": [
        6.76569,
        4.53404,
        12.74853
      ],
      "rotation": {
        "angle": 45,
        "axis": "y",
        "origin": [
          7.06569,
          2.53404,
          12.24853
        ]
      },
      "faces": {
        "north": {
          "uv": [
            4,
            10.5,
            4.5,
            13
          ],
          "texture": "#0"
        },
        "east": {
          "uv": [
            3,
            5.5,
            4.75,
            8
          ],
          "texture": "#0"
        },
        "south": {
          "uv": [
            4.5,
            10.5,
            5,
            13
          ],
          "texture": "#0"
        },
        "west": {
          "uv": [
            5,
            5.5,
            6.75,
            8
          ],
          "texture": "#0"
        },
        "up": {
          "uv": [
            0.5,
            13.75,
            0,
            12
          ],
          "texture": "#0"
        },
        "down": {
          "uv": [
            1,
            12,
            0.5,
            13.75
          ],
          "texture": "#0"
        }
      }
    },
    {
      "from": [
        6.5,
        6.65536,
        4.4
      ],
      "to": [
        9.5,
        8.65536,
        11.4
      ],
      "rotation": {
        "angle": 0,
        "axis": "y",
        "origin": [
          7.5,
          8.15536,
          5.4
        ]
      },
      "faces": {
        "north": {
          "uv": [
            9.5,
            6,
            11,
            7
          ],
          "texture": "#0"
        },
        "east": {
          "uv": [
            6,
            0,
            9.5,
            1
          ],
          "texture": "#0"
        },
        "south": {
          "uv": [
            10,
            7,
            11.5,
            8
          ],
          "texture": "#0"
        },
        "west": {
          "uv": [
            6,
            1,
            9.5,
            2
          ],
          "texture": "#0"
        },
        "up": {
          "uv": [
            1.5,
            3.5,
            0,
            0
          ],
          "texture": "#0"
        },
        "down": {
          "uv": [
            3,
            0,
            1.5,
            3.5
          ],
          "texture": "#0"
        }
      }
    },
    {
      "from": [
        6.5,
        11.75156,
        13.0967
      ],
      "to": [
        9.5,
        13.75156,
        16.0967
      ],
      "rotation": {
        "angle": 45,
        "axis": "x",
        "origin": [
          7.5,
          13.25156,
          6.0967
        ]
      },
      "faces": {
        "north": {
          "uv": [
            10,
            8,
            11.5,
            9
          ],
          "texture": "#0"
        },
        "east": {
          "uv": [
            8.5,
            10,
            10,
            11
          ],
          "texture": "#0"
        },
        "south": {
          "uv": [
            10,
            9,
            11.5,
            10
          ],
          "texture": "#0"
        },
        "west": {
          "uv": [
            10,
            10,
            11.5,
            11
          ],
          "texture": "#0"
        },
        "up": {
          "uv": [
            7,
            9.5,
            5.5,
            8
          ],
          "texture": "#0"
        },
        "down": {
          "uv": [
            9.5,
            5.5,
            8,
            7
          ],
          "texture": "#0"
        }
      }
    },
    {
      "from": [
        6.5,
        0.53404,
        11.52132
      ],
      "to": [
        9.5,
        6.53404,
        13.52132
      ],
      "rotation": {
        "angle": 0,
        "axis": "y",
        "origin": [
          8,
          5.03404,
          12.52132
        ]
      },
      "faces": {
        "north": {
          "uv": [
            0,
            5,
            1.5,
            8
          ],
          "texture": "#0"
        },
        "east": {
          "uv": [
            0,
            8,
            1,
            11
          ],
          "texture": "#0"
        },
        "south": {
          "uv": [
            1.5,
            5,
            3,
            8
          ],
          "texture": "#0"
        },
        "west": {
          "uv": [
            1,
            8,
            2,
            11
          ],
          "texture": "#0"
        },
        "up": {
          "uv": [
            12,
            2,
            10.5,
            1
          ],
          "texture": "#0"
        },
        "down": {
          "uv": [
            3.5,
            10.5,
            2,
            11.5
          ],
          "texture": "#0"
        }
      }
    },
    {
      "from": [
        4,
        5.75536,
        4.4
      ],
      "to": [
        6,
        7.75536,
        11.4
      ],
      "rotation": {
        "angle": 0,
        "axis": "y",
        "origin": [
          7.5,
          8.15536,
          5.4
        ]
      },
      "faces": {
        "north": {
          "uv": [
            11,
            6,
            12,
            7
          ],
          "texture": "#0"
        },
        "east": {
          "uv": [
            6,
            2,
            9.5,
            3
          ],
          "texture": "#0"
        },
        "south": {
          "uv": [
            9.5,
            11,
            10.5,
            12
          ],
          "texture": "#0"
        },
        "west": {
          "uv": [
            6,
            3,
            9.5,
            4
          ],
          "texture": "#0"
        },
        "up": {
          "uv": [
            8,
            7.5,
            7,
            4
          ],
          "texture": "#0"
        },
        "down": {
          "uv": [
            8,
            7.5,
            7,
            11
          ],
          "texture": "#0"
        }
      }
    },
    {
      "from": [
        3,
        6.65536,
        5.525
      ],
      "to": [
        5,
        8.65536,
        7.525
      ],
      "rotation": {
        "angle": -22.5,
        "axis": "z",
        "origin": [
          3,
          6.75536,
          5.325
        ]
      },
      "faces": {
        "north": {
          "uv": [
            2,
            11.5,
            3,
            12.5
          ],
          "texture": "#0"
        },
        "east": {
          "uv": [
            11.5,
            3,
            12.5,
            4
          ],
          "texture": "#0"
        },
        "south": {
          "uv": [
            11.5,
            4,
            12.5,
            5
          ],
          "texture": "#0"
        },
        "west": {
          "uv": [
            11.5,
            7,
            12.5,
            8
          ],
          "texture": "#0"
        },
        "up": {
          "uv": [
            12.5,
            9,
            11.5,
            8
          ],
          "texture": "#0"
        },
        "down": {
          "uv": [
            12.5,
            9,
            11.5,
            10
          ],
          "texture": "#0"
        }
      }
    },
    {
      "from": [
        3.13284,
        7.21107,
        5.691
      ],
      "to": [
        4.75284,
        8.83107,
        7.311
      ],
      "rotation": {
        "angle": 45,
        "axis": "z",
        "origin": [
          3.65284,
          6.87107,
          6.701
        ]
      },
      "faces": {
        "north": {
          "uv": [
            12.5,
            0,
            13.25,
            0.75
          ],
          "texture": "#0"
        },
        "east": {
          "uv": [
            2,
            12.5,
            2.75,
            13.25
          ],
          "texture": "#0"
        },
        "south": {
          "uv": [
            12.5,
            3,
            13.25,
            3.75
          ],
          "texture": "#0"
        },
        "west": {
          "uv": [
            12.5,
            4,
            13.25,
            4.75
          ],
          "texture": "#0"
        },
        "up": {
          "uv": [
            13.25,
            5.75,
            12.5,
            5
          ],
          "texture": "#0"
        },
        "down": {
          "uv": [
            13.25,
            6,
            12.5,
            6.75
          ],
          "texture": "#0"
        }
      }
    },
    {
      "from": [
        1.70147,
        8.08058,
        5.93248
      ],
      "to": [
        2.96507,
        9.34418,
        7.19608
      ],
      "rotation": {
        "angle": 22.5,
        "axis": "z",
        "origin": [
          2.18327,
          8.81238,
          6.56428
        ]
      },
      "faces": {
        "north": {
          "uv": [
            13,
            11.5,
            13.625,
            12.125
          ],
          "texture": "#0"
        },
        "east": {
          "uv": [
            12,
            13,
            12.625,
            13.625
          ],
          "texture": "#0"
        },
        "south": {
          "uv": [
            13,
            12.5,
            13.625,
            13.125
          ],
          "texture": "#0"
        },
        "west": {
          "uv": [
            13.5,
            0,
            14.125,
            0.625
          ],
          "texture": "#0"
        },
        "up": {
          "uv": [
            1.625,
            14.125,
            1,
            13.5
          ],
          "texture": "#0"
        },
        "down": {
          "uv": [
            14.125,
            1,
            13.5,
            1.625
          ],
          "texture": "#0"
        }
      }
    },
    {
      "from": [
        1.68837,
        9.17797,
        6.13024
      ],
      "to": [
        2.57289,
        10.06249,
        7.01476
      ],
      "rotation": {
        "angle": 0,
        "axis": "y",
        "origin": [
          3.73063,
          6.92023,
          6.9725
        ]
      },
      "faces": {
        "north": {
          "uv": [
            3,
            13.5,
            3.5,
            14
          ],
          "texture": "#0"
        },
        "east": {
          "uv": [
            13.5,
            3,
            14,
            3.5
          ],
          "texture": "#0"
        },
        "south": {
          "uv": [
            3.5,
            13.5,
            4,
            14
          ],
          "texture": "#0"
        },
        "west": {
          "uv": [
            13.5,
            3.5,
            14,
            4
          ],
          "texture": "#0"
        },
        "up": {
          "uv": [
            14,
            4.5,
            13.5,
            4
          ],
          "texture": "#0"
        },
        "down": {
          "uv": [
            14,
            4.5,
            13.5,
            5
          ],
          "texture": "#0"
        }
      }
    },
    {
      "from": [
        4.34462,
        -0.73254,
        4
      ],
      "to": [
        5.34462,
        1.26746,
        6
      ],
      "rotation": {
        "angle": 0,
        "axis": "y",
        "origin": [
          4.84462,
          -0.73254,
          5
        ]
      },
      "faces": {
        "north": {
          "uv": [
            4,
            13,
            4.5,
            14
          ],
          "texture": "#0"
        },
        "east": {
          "uv": [
            11,
            5,
            12,
            6
          ],
          "texture": "#0"
        },
        "south": {
          "uv": [
            4.5,
            13,
            5,
            14
          ],
          "texture": "#0"
        },
        "west": {
          "uv": [
            5.5,
            11,
            6.5,
            12
          ],
          "texture": "#0"
        },
        "up": {
          "uv": [
            7.5,
            14,
            7,
            13
          ],
          "texture": "#0"
        },
        "down": {
          "uv": [
            8,
            13,
            7.5,
            14
          ],
          "texture": "#0"
        }
      }
    },
    {
      "from": [
        4,
        1,
        4
      ],
      "to": [
        5,
        4,
        6
      ],
      "rotation": {
        "angle": 22.5,
        "axis": "z",
        "origin": [
          4.5,
          2,
          5
        ]
      },
      "faces": {
        "north": {
          "uv": [
            1,
            12,
            1.5,
            13.5
          ],
          "texture": "#0"
        },
        "east": {
          "uv": [
            6,
            4,
            7,
            5.5
          ],
          "texture": "#0"
        },
        "south": {
          "uv": [
            1.5,
            12,
            2,
            13.5
          ],
          "texture": "#0"
        },
        "west": {
          "uv": [
            5.5,
            9.5,
            6.5,
            11
          ],
          "texture": "#0"
        },
        "up": {
          "uv": [
            13,
            12,
            12.5,
            11
          ],
          "texture": "#0"
        },
        "down": {
          "uv": [
            13,
            12,
            12.5,
            13
          ],
          "texture": "#0"
        }
      }
    },
    {
      "from": [
        4,
        3.31283,
        4
      ],
      "to": [
        5,
        7.31283,
        6
      ],
      "rotation": {
        "angle": -22.5,
        "axis": "z",
        "origin": [
          4.5,
          5.31283,
          5
        ]
      },
      "faces": {
        "north": {
          "uv": [
            5,
            10.5,
            5.5,
            12.5
          ],
          "texture": "#0"
        },
        "east": {
          "uv": [
            8,
            7,
            9,
            9
          ],
          "texture": "#0"
        },
        "south": {
          "uv": [
            11,
            3,
            11.5,
            5
          ],
          "texture": "#0"
        },
        "west": {
          "uv": [
            9,
            7,
            10,
            9
          ],
          "texture": "#0"
        },
        "up": {
          "uv": [
            13,
            10,
            12.5,
            9
          ],
          "texture": "#0"
        },
        "down": {
          "uv": [
            13,
            10,
            12.5,
            11
          ],
          "texture": "#0"
        }
      }
    },
    {
      "from": [
        4.84253,
        7.15536,
        4
      ],
      "to": [
        7.84253,
        8.15536,
        6
      ],
      "rotation": {
        "angle": 22.5,
        "axis": "z",
        "origin": [
          6.84253,
          7.65536,
          5
        ]
      },
      "faces": {
        "north": {
          "uv": [
            12,
            1,
            13.5,
            1.5
          ],
          "texture": "#0"
        },
        "east": {
          "uv": [
            12.5,
            8,
            13.5,
            8.5
          ],
          "texture": "#0"
        },
        "south": {
          "uv": [
            12,
            1.5,
            13.5,
            2
          ],
          "texture": "#0"
        },
        "west": {
          "uv": [
            12.5,
            8.5,
            13.5,
            9
          ],
          "texture": "#0"
        },
        "up": {
          "uv": [
            5.5,
            10.5,
            4,
            9.5
          ],
          "texture": "#0"
        },
        "down": {
          "uv": [
            11,
            5,
            9.5,
            6
          ],
          "texture": "#0"
        }
      }
    },
    {
      "from": [
        11.6,
        1.1,
        5
      ],
      "to": [
        12.6,
        4.1,
        11
      ],
      "rotation": {
        "angle": -22.5,
        "axis": "x",
        "origin": [
          12.1,
          2.1,
          7
        ]
      },
      "faces": {
        "north": {
          "uv": [
            10.5,
            12,
            10,
            13.5
          ],
          "texture": "#0"
        },
        "east": {
          "uv": [
            6,
            4,
            3,
            5.5
          ],
          "texture": "#0"
        },
        "south": {
          "uv": [
            12.5,
            10,
            12,
            11.5
          ],
          "texture": "#0"
        },
        "west": {
          "uv": [
            3,
            3.5,
            0,
            5
          ],
          "texture": "#0"
        },
        "up": {
          "uv": [
            6.5,
            12.5,
            7,
            9.5
          ],
          "texture": "#0"
        },
        "down": {
          "uv": [
            8,
            10,
            8.5,
            13
          ],
          "texture": "#0"
        }
      }
    },
    {
      "from": [
        11.45,
        0.39506,
        8.93805
      ],
      "to": [
        12.45,
        3.39506,
        11.93805
      ],
      "rotation": {
        "angle": 22.5,
        "axis": "x",
        "origin": [
          12,
          1.89506,
          13.03805
        ]
      },
      "faces": {
        "north": {
          "uv": [
            11,
            12,
            10.5,
            13.5
          ],
          "texture": "#0"
        },
        "east": {
          "uv": [
            9.5,
            4,
            8,
            5.5
          ],
          "texture": "#0"
        },
        "south": {
          "uv": [
            11.5,
            12,
            11,
            13.5
          ],
          "texture": "#0"
        },
        "west": {
          "uv": [
            5.5,
            8,
            4,
            9.5
          ],
          "texture": "#0"
        },
        "up": {
          "uv": [
            11.5,
            13.5,
            12,
            12
          ],
          "texture": "#0"
        },
        "down": {
          "uv": [
            12,
            11.5,
            12.5,
            13
          ],
          "texture": "#0"
        }
      }
    },
    {
      "from": [
        9.88579,
        -1.41421,
        3.4
      ],
      "to": [
        10.88579,
        1.58579,
        4.4
      ],
      "rotation": {
        "angle": 0,
        "axis": "y",
        "origin": [
          10.38579,
          1.58579,
          3.4
        ]
      },
      "faces": {
        "north": {
          "uv": [
            12.5,
            5,
            12,
            6.5
          ],
          "texture": "#0"
        },
        "east": {
          "uv": [
            10,
            12,
            9.5,
            13.5
          ],
          "texture": "#0"
        },
        "south": {
          "uv": [
            6.5,
            12,
            6,
            13.5
          ],
          "texture": "#0"
        },
        "west": {
          "uv": [
            6,
            12,
            5.5,
            13.5
          ],
          "texture": "#0"
        },
        "up": {
          "uv": [
            2.5,
            14,
            3,
            13.5
          ],
          "texture": "#0"
        },
        "down": {
          "uv": [
            13.5,
            2.5,
            14,
            3
          ],
          "texture": "#0"
        }
      }
    },
    {
      "from": [
        9.65355,
        2.14645,
        3.4
      ],
      "to": [
        11.65355,
        3.14645,
        4.4
      ],
      "rotation": {
        "angle": 45,
        "axis": "z",
        "origin": [
          11.65355,
          2.64645,
          3.4
        ]
      },
      "faces": {
        "north": {
          "uv": [
            9,
            13,
            8,
            13.5
          ],
          "texture": "#0"
        },
        "east": {
          "uv": [
            14,
            2,
            13.5,
            2.5
          ],
          "texture": "#0"
        },
        "south": {
          "uv": [
            14,
            9,
            13,
            9.5
          ],
          "texture": "#0"
        },
        "west": {
          "uv": [
            2.5,
            13.5,
            2,
            14
          ],
          "texture": "#0"
        },
        "up": {
          "uv": [
            13,
            10,
            14,
            9.5
          ],
          "texture": "#0"
        },
        "down": {
          "uv": [
            13,
            10,
            14,
            10.5
          ],
          "texture": "#0"
        }
      }
    },
    {
      "from": [
        11.3,
        1,
        3.4
      ],
      "to": [
        12.3,
        5,
        4.4
      ],
      "rotation": {
        "angle": 0,
        "axis": "y",
        "origin": [
          11.8,
          3,
          3.4
        ]
      },
      "faces": {
        "north": {
          "uv": [
            7.5,
            11,
            7,
            13
          ],
          "texture": "#0"
        },
        "east": {
          "uv": [
            9.5,
            11,
            9,
            13
          ],
          "texture": "#0"
        },
        "south": {
          "uv": [
            9,
            11,
            8.5,
            13
          ],
          "texture": "#0"
        },
        "west": {
          "uv": [
            8,
            11,
            7.5,
            13
          ],
          "texture": "#0"
        },
        "up": {
          "uv": [
            12,
            7,
            12.5,
            6.5
          ],
          "texture": "#0"
        },
        "down": {
          "uv": [
            9,
            13,
            9.5,
            13.5
          ],
          "texture": "#0"
        }
      }
    },
    {
      "from": [
        8.69699,
        6.27352,
        6
      ],
      "to": [
        10.69699,
        7.27352,
        11
      ],
      "rotation": {
        "angle": -22.5,
        "axis": "z",
        "origin": [
          10.39699,
          6.67352,
          5
        ]
      },
      "faces": {
        "north": {
          "uv": [
            14,
            10.5,
            13,
            11
          ],
          "texture": "#0"
        },
        "east": {
          "uv": [
            13.5,
            2.5,
            11,
            3
          ],
          "texture": "#0"
        },
        "south": {
          "uv": [
            14,
            11,
            13,
            11.5
          ],
          "texture": "#0"
        },
        "west": {
          "uv": [
            13.5,
            2,
            11,
            2.5
          ],
          "texture": "#0"
        },
        "up": {
          "uv": [
            2,
            10.5,
            3,
            8
          ],
          "texture": "#0"
        },
        "down": {
          "uv": [
            3,
            8,
            4,
            10.5
          ],
          "texture": "#0"
        }
      }
    },
    {
      "from": [
        10.7,
        3.31283,
        6
      ],
      "to": [
        11.7,
        7.01283,
        11.2
      ],
      "rotation": {
        "angle": 22.5,
        "axis": "z",
        "origin": [
          11.1,
          5.31283,
          5
        ]
      },
      "faces": {
        "north": {
          "uv": [
            3.5,
            11.5,
            3,
            13.375
          ],
          "texture": "#0"
        },
        "east": {
          "uv": [
            5.625,
            2,
            3,
            3.875
          ],
          "texture": "#0"
        },
        "south": {
          "uv": [
            12,
            10,
            11.5,
            11.875
          ],
          "texture": "#0"
        },
        "west": {
          "uv": [
            5.625,
            0,
            3,
            1.875
          ],
          "texture": "#0"
        },
        "up": {
          "uv": [
            10.5,
            4.625,
            11,
            2
          ],
          "texture": "#0"
        },
        "down": {
          "uv": [
            3.5,
            10.5,
            4,
            13.125
          ],
          "texture": "#0"
        }
      }
    },
    {
      "from": [
        7.73431,
        4.53404,
        9.44853
      ],
      "to": [
        9.73431,
        6.63404,
        12.84853
      ],
      "rotation": {
        "angle": -45,
        "axis": "y",
        "origin": [
          8.93431,
          4.53404,
          12.74853
        ]
      },
      "faces": {
        "north": {
          "uv": [
            11.5,
            11,
            10.5,
            12
          ],
          "texture": "#0"
        },
        "east": {
          "uv": [
            11.25,
            0,
            9.5,
            1
          ],
          "texture": "#0"
        },
        "south": {
          "uv": [
            12.5,
            0,
            11.5,
            1
          ],
          "texture": "#0"
        },
        "west": {
          "uv": [
            9.75,
            9,
            8,
            10
          ],
          "texture": "#0"
        },
        "up": {
          "uv": [
            9.5,
            2.75,
            10.5,
            1
          ],
          "texture": "#0"
        },
        "down": {
          "uv": [
            9.5,
            3,
            10.5,
            4.75
          ],
          "texture": "#0"
        }
      }
    },
    {
      "from": [
        9.23431,
        -0.46596,
        9.32353
      ],
      "to": [
        10.23431,
        4.53404,
        12.74853
      ],
      "rotation": {
        "angle": -45,
        "axis": "y",
        "origin": [
          8.93431,
          2.53404,
          12.24853
        ]
      },
      "faces": {
        "north": {
          "uv": [
            4.5,
            10.5,
            4,
            13
          ],
          "texture": "#0"
        },
        "east": {
          "uv": [
            6.75,
            5.5,
            5,
            8
          ],
          "texture": "#0"
        },
        "south": {
          "uv": [
            5,
            10.5,
            4.5,
            13
          ],
          "texture": "#0"
        },
        "west": {
          "uv": [
            4.75,
            5.5,
            3,
            8
          ],
          "texture": "#0"
        },
        "up": {
          "uv": [
            0,
            13.75,
            0.5,
            12
          ],
          "texture": "#0"
        },
        "down": {
          "uv": [
            0.5,
            12,
            1,
            13.75
          ],
          "texture": "#0"
        }
      }
    },
    {
      "from": [
        10,
        5.75536,
        4.4
      ],
      "to": [
        12,
        7.75536,
        11.4
      ],
      "rotation": {
        "angle": 0,
        "axis": "y",
        "origin": [
          8.5,
          8.15536,
          5.4
        ]
      },
      "faces": {
        "north": {
          "uv": [
            12,
            6,
            11,
            7
          ],
          "texture": "#0"
        },
        "east": {
          "uv": [
            9.5,
            3,
            6,
            4
          ],
          "texture": "#0"
        },
        "south": {
          "uv": [
            10.5,
            11,
            9.5,
            12
          ],
          "texture": "#0"
        },
        "west": {
          "uv": [
            9.5,
            2,
            6,
            3
          ],
          "texture": "#0"
        },
        "up": {
          "uv": [
            7,
            7.5,
            8,
            4
          ],
          "texture": "#0"
        },
        "down": {
          "uv": [
            7,
            7.5,
            8,
            11
          ],
          "texture": "#0"
        }
      }
    },
    {
      "from": [
        10.65538,
        -0.73254,
        4
      ],
      "to": [
        11.65538,
        1.26746,
        6
      ],
      "rotation": {
        "angle": 0,
        "axis": "y",
        "origin": [
          11.15538,
          -0.73254,
          5
        ]
      },
      "faces": {
        "north": {
          "uv": [
            4.5,
            13,
            4,
            14
          ],
          "texture": "#0"
        },
        "east": {
          "uv": [
            6.5,
            11,
            5.5,
            12
          ],
          "texture": "#0"
        },
        "south": {
          "uv": [
            5,
            13,
            4.5,
            14
          ],
          "texture": "#0"
        },
        "west": {
          "uv": [
            12,
            5,
            11,
            6
          ],
          "texture": "#0"
        },
        "up": {
          "uv": [
            7,
            14,
            7.5,
            13
          ],
          "texture": "#0"
        },
        "down": {
          "uv": [
            7.5,
            13,
            8,
            14
          ],
          "texture": "#0"
        }
      }
    },
    {
      "from": [
        11,
        1,
        4
      ],
      "to": [
        12,
        4,
        6
      ],
      "rotation": {
        "angle": -22.5,
        "axis": "z",
        "origin": [
          11.5,
          2,
          5
        ]
      },
      "faces": {
        "north": {
          "uv": [
            1.5,
            12,
            1,
            13.5
          ],
          "texture": "#0"
        },
        "east": {
          "uv": [
            6.5,
            9.5,
            5.5,
            11
          ],
          "texture": "#0"
        },
        "south": {
          "uv": [
            2,
            12,
            1.5,
            13.5
          ],
          "texture": "#0"
        },
        "west": {
          "uv": [
            7,
            4,
            6,
            5.5
          ],
          "texture": "#0"
        },
        "up": {
          "uv": [
            12.5,
            12,
            13,
            11
          ],
          "texture": "#0"
        },
        "down": {
          "uv": [
            12.5,
            12,
            13,
            13
          ],
          "texture": "#0"
        }
      }
    },
    {
      "from": [
        11,
        3.31283,
        4
      ],
      "to": [
        12,
        7.31283,
        6
      ],
      "rotation": {
        "angle": 22.5,
        "axis": "z",
        "origin": [
          11.5,
          5.31283,
          5
        ]
      },
      "faces": {
        "north": {
          "uv": [
            5.5,
            10.5,
            5,
            12.5
          ],
          "texture": "#0"
        },
        "east": {
          "uv": [
            10,
            7,
            9,
            9
          ],
          "texture": "#0"
        },
        "south": {
          "uv": [
            11.5,
            3,
            11,
            5
          ],
          "texture": "#0"
        },
        "west": {
          "uv": [
            9,
            7,
            8,
            9
          ],
          "texture": "#0"
        },
        "up": {
          "uv": [
            12.5,
            10,
            13,
            9
          ],
          "texture": "#0"
        },
        "down": {
          "uv": [
            12.5,
            10,
            13,
            11
          ],
          "texture": "#0"
        }
      }
    },
    {
      "from": [
        8.15747,
        7.15536,
        4
      ],
      "to": [
        11.15747,
        8.15536,
        6
      ],
      "rotation": {
        "angle": -22.5,
        "axis": "z",
        "origin": [
          9.15747,
          7.65536,
          5
        ]
      },
      "faces": {
        "north": {
          "uv": [
            13.5,
            1,
            12,
            1.5
          ],
          "texture": "#0"
        },
        "east": {
          "uv": [
            13.5,
            8.5,
            12.5,
            9
          ],
          "texture": "#0"
        },
        "south": {
          "uv": [
            13.5,
            1.5,
            12,
            2
          ],
          "texture": "#0"
        },
        "west": {
          "uv": [
            13.5,
            8,
            12.5,
            8.5
          ],
          "texture": "#0"
        },
        "up": {
          "uv": [
            4,
            10.5,
            5.5,
            9.5
          ],
          "texture": "#0"
        },
        "down": {
          "uv": [
            9.5,
            5,
            11,
            6
          ],
          "texture": "#0"
        }
      }
    },
    {
      "from": [
        11,
        6.65536,
        5.525
      ],
      "to": [
        13,
        8.65536,
        7.525
      ],
      "rotation": {
        "angle": 22.5,
        "axis": "z",
        "origin": [
          13,
          6.75536,
          5.325
        ]
      },
      "faces": {
        "north": {
          "uv": [
            3,
            11.5,
            2,
            12.5
          ],
          "texture": "#0"
        },
        "east": {
          "uv": [
            12.5,
            7,
            11.5,
            8
          ],
          "texture": "#0"
        },
        "south": {
          "uv": [
            12.5,
            4,
            11.5,
            5
          ],
          "texture": "#0"
        },
        "west": {
          "uv": [
            12.5,
            3,
            11.5,
            4
          ],
          "texture": "#0"
        },
        "up": {
          "uv": [
            11.5,
            9,
            12.5,
            8
          ],
          "texture": "#0"
        },
        "down": {
          "uv": [
            11.5,
            9,
            12.5,
            10
          ],
          "texture": "#0"
        }
      }
    },
    {
      "from": [
        11.24716,
        7.21107,
        5.691
      ],
      "to": [
        12.86716,
        8.83107,
        7.311
      ],
      "rotation": {
        "angle": -45,
        "axis": "z",
        "origin": [
          12.34716,
          6.87107,
          6.701
        ]
      },
      "faces": {
        "north": {
          "uv": [
            13.25,
            0,
            12.5,
            0.75
          ],
          "texture": "#0"
        },
        "east": {
          "uv": [
            13.25,
            4,
            12.5,
            4.75
          ],
          "texture": "#0"
        },
        "south": {
          "uv": [
            13.25,
            3,
            12.5,
            3.75
          ],
          "texture": "#0"
        },
        "west": {
          "uv": [
            2.75,
            12.5,
            2,
            13.25
          ],
          "texture": "#0"
        },
        "up": {
          "uv": [
            12.5,
            5.75,
            13.25,
            5
          ],
          "texture": "#0"
        },
        "down": {
          "uv": [
            12.5,
            6,
            13.25,
            6.75
          ],
          "texture": "#0"
        }
      }
    },
    {
      "from": [
        13.03493,
        8.08058,
        5.93248
      ],
      "to": [
        14.29853,
        9.34418,
        7.19608
      ],
      "rotation": {
        "angle": -22.5,
        "axis": "z",
        "origin": [
          13.81673,
          8.81238,
          6.56428
        ]
      },
      "faces": {
        "north": {
          "uv": [
            13.625,
            11.5,
            13,
            12.125
          ],
          "texture": "#0"
        },
        "east": {
          "uv": [
            14.125,
            0,
            13.5,
            0.625
          ],
          "texture": "#0"
        },
        "south": {
          "uv": [
            13.625,
            12.5,
            13,
            13.125
          ],
          "texture": "#0"
        },
        "west": {
          "uv": [
            12.625,
            13,
            12,
            13.625
          ],
          "texture": "#0"
        },
        "up": {
          "uv": [
            1,
            14.125,
            1.625,
            13.5
          ],
          "texture": "#0"
        },
        "down": {
          "uv": [
            13.5,
            1,
            14.125,
            1.625
          ],
          "texture": "#0"
        }
      }
    },
    {
      "from": [
        13.42711,
        9.17797,
        6.13024
      ],
      "to": [
        14.31163,
        10.06249,
        7.01476
      ],
      "rotation": {
        "angle": 0,
        "axis": "y",
        "origin": [
          12.26937,
          6.92023,
          6.9725
        ]
      },
      "faces": {
        "north": {
          "uv": [
            3.5,
            13.5,
            3,
            14
          ],
          "texture": "#0"
        },
        "east": {
          "uv": [
            14,
            3.5,
            13.5,
            4
          ],
          "texture": "#0"
        },
        "south": {
          "uv": [
            4,
            13.5,
            3.5,
            14
          ],
          "texture": "#0"
        },
        "west": {
          "uv": [
            14,
            3,
            13.5,
            3.5
          ],
          "texture": "#0"
        },
        "up": {
          "uv": [
            13.5,
            4.5,
            14,
            4
          ],
          "texture": "#0"
        },
        "down": {
          "uv": [
            13.5,
            4.5,
            14,
            5
          ],
          "texture": "#0"
        }
      }
    },
    {
      "from": [
        7,
        6.7,
        3.6
      ],
      "to": [
        9,
        8.7,
        4.6
      ],
      "rotation": {
        "angle": -45,
        "axis": "z",
        "origin": [
          8,
          7.7,
          4.1
        ]
      },
      "faces": {
        "north": {
          "uv": [
            0,
            11,
            1,
            12
          ],
          "texture": "#0"
        },
        "east": {
          "uv": [
            5,
            12.5,
            5.5,
            13.5
          ],
          "texture": "#0"
        },
        "south": {
          "uv": [
            1,
            11,
            2,
            12
          ],
          "texture": "#0"
        },
        "west": {
          "uv": [
            6.5,
            12.5,
            7,
            13.5
          ],
          "texture": "#0"
        },
        "up": {
          "uv": [
            13.5,
            7.5,
            12.5,
            7
          ],
          "texture": "#0"
        },
        "down": {
          "uv": [
            13.5,
            7.5,
            12.5,
            8
          ],
          "texture": "#0"
        }
      }
    }
  ],
  "gui_light": "front",
  "display": {
    "thirdperson_righthand": {
      "rotation": [
        60,
        0,
        0
      ],
      "translation": [
        0,
        1.75,
        0
      ],
      "scale": [
        0.5,
        0.5,
        0.5
      ]
    },
    "thirdperson_lefthand": {
      "rotation": [
        60,
        0,
        0
      ],
      "translation": [
        0,
        1.75,
        0
      ],
      "scale": [
        0.5,
        0.5,
        0.5
      ]
    },
    "firstperson_righthand": {
      "rotation": [
        0,
        -180,
        0
      ],
      "translation": [
        -2.25,
        4.75,
        0
      ]
    },
    "firstperson_lefthand": {
      "rotation": [
        0,
        -180,
        0
      ],
      "translation": [
        -2.5,
        5.5,
        0
      ]
    },
    "ground": {
      "rotation": [
        40,
        0,
        0
      ],
      "translation": [
        0,
        1.25,
        0
      ],
      "scale": [
        0.5,
        0.5,
        0.5
      ]
    },
    "gui": {
      "rotation": [
        25,
        141,
        0
      ],
      "translation": [
        0.5,
        3.75,
        0
      ]
    },
    "head": {
      "translation": [
        0,
        8.25,
        0.5
      ],
      "scale": [
        2,
        2,
        2
      ]
    },
    "fixed": {
      "rotation": [
        -90,
        0,
        0
      ],
      "translation": [
        0,
        -1.25,
        -19
      ],
      "scale": [
        2.35742,
        2.35742,
        2.35742
      ]
    }
  }
}