{"credit":"Made with Blockbench","texture_size":[64,64],"textures":{"0":"demonset:demonset/demon_shield","particle":"demonset:demonset/demon_shield"},"elements":[{"from":[6,11,7],"to":[10,15,9],"rotation":{"angle":45,"axis":"z","origin":[8,13,8]},"faces":{"north":{"uv":[0,4.25,1,5.25],"texture":"#0"},"east":{"uv":[3.5,4.25,4,5.25],"texture":"#0"},"south":{"uv":[1,4.25,2,5.25],"texture":"#0"},"west":{"uv":[3.5,4.25,4,5.25],"texture":"#0"},"up":{"uv":[4,5.25,3.5,4.25],"rotation":90,"texture":"#0"},"down":{"uv":[4,4.25,3.5,5.25],"rotation":90,"texture":"#0"}}},{"from":[6.5,11.5,6.7],"to":[9.5,14.5,9.3],"rotation":{"angle":45,"axis":"z","origin":[8,13,8.1]},"faces":{"north":{"uv":[2.75,4.25,3.5,5],"texture":"#0"},"east":{"uv":[4.5,4,5.125,4.75],"texture":"#0"},"south":{"uv":[2.75,4.25,3.5,5],"texture":"#0"},"west":{"uv":[4.5,4.75,5.125,5.5],"texture":"#0"},"up":{"uv":[5.75,0.625,5,0],"texture":"#0"},"down":{"uv":[2.75,5,2,5.625],"texture":"#0"}}},{"from":[9.7,12.2,7.12533],"to":[11.7,14,8.92533],"rotation":{"angle":0,"axis":"y","origin":[9.7,12.1,7.02533]},"faces":{"north":{"uv":[5.25,4.75,5.75,5.1875],"texture":"#0"},"east":{"uv":[5.5,1,5.9375,1.4375],"texture":"#0"},"south":{"uv":[5.75,4.75,5.25,5.1875],"texture":"#0"},"west":{"uv":[5.5,1.5,5.9375,1.9375],"texture":"#0"},"up":{"uv":[5.75,5.1875,5.25,4.75],"texture":"#0"},"down":{"uv":[5.75,4.75,5.25,5.1875],"texture":"#0"}}},{"from":[11.7,12.4,7.27533],"to":[14.1,13.8,8.67533],"rotation":{"angle":0,"axis":"y","origin":[1.9,4.4,-3.12467]},"faces":{"north":{"uv":[5.25,3,5.875,3.375],"texture":"#0"},"east":{"uv":[2,5.75,2.375,6.125],"texture":"#0"},"south":{"uv":[5.875,3,5.25,3.375],"texture":"#0"},"west":{"uv":[3.5,5.75,3.875,6.125],"texture":"#0"},"up":{"uv":[5.875,3.375,5.25,3],"texture":"#0"},"down":{"uv":[5.875,3,5.25,3.375],"texture":"#0"}}},{"from":[13.8,12.8175,7.50033],"to":[15.48,13.7975,8.48033],"rotation":{"angle":22.5,"axis":"z","origin":[14.64,13.3075,7.99033]},"faces":{"north":{"uv":[6,4.5,6.4375,4.75],"texture":"#0"},"east":{"uv":[5,3.75,5.25,4],"texture":"#0"},"south":{"uv":[6.4375,4.5,6,4.75],"texture":"#0"},"west":{"uv":[6.25,4,6.5,4.25],"texture":"#0"},"up":{"uv":[6.4375,4.75,6,4.5],"texture":"#0"},"down":{"uv":[6.4375,4.5,6,4.75],"texture":"#0"}}},{"from":[15.07,13.50975,7.65783],"to":[16.246,14.19575,8.34383],"rotation":{"angle":45,"axis":"z","origin":[15.658,13.85275,8.00083]},"faces":{"north":{"uv":[6.5,3,6.8125,3.1875],"texture":"#0"},"east":{"uv":[6.5,4.75,6.6875,4.9375],"texture":"#0"},"south":{"uv":[3.25,6.5,3.5625,6.6875],"texture":"#0"},"west":{"uv":[6.5,5,6.6875,5.1875],"texture":"#0"},"up":{"uv":[6.8125,3.4375,6.5,3.25],"texture":"#0"},"down":{"uv":[6.8125,4,6.5,4.1875],"texture":"#0"}}},{"from":[9.97,12.30975,11.23283],"to":[13.146,12.99575,11.91883],"rotation":{"angle":-45,"axis":"y","origin":[15.658,13.85275,11.00083]},"faces":{"north":{"uv":[5.75,0,6.5625,0.1875],"texture":"#0"},"east":{"uv":[1,6.75,1.1875,6.9375],"texture":"#0"},"south":{"uv":[5.75,0.25,6.5625,0.4375],"texture":"#0"},"west":{"uv":[6.75,1,6.9375,1.1875],"texture":"#0"},"up":{"uv":[6.5625,0.6875,5.75,0.5],"texture":"#0"},"down":{"uv":[6.5625,4.25,5.75,4.4375],"texture":"#0"}}},{"from":[15.9305,14.12282,7.76808],"to":[16.4107,14.94602,8.24828],"rotation":{"angle":-22.5,"axis":"z","origin":[16.1706,14.53442,8.00818]},"faces":{"north":{"uv":[1.25,6.75,1.375,6.9375],"texture":"#0"},"east":{"uv":[6.75,1.25,6.875,1.4375],"texture":"#0"},"south":{"uv":[1.5,6.75,1.625,6.9375],"texture":"#0"},"west":{"uv":[6.75,1.5,6.875,1.6875],"texture":"#0"},"up":{"uv":[6.875,2.375,6.75,2.25],"texture":"#0"},"down":{"uv":[2.625,6.75,2.5,6.875],"texture":"#0"}}},{"from":[4.3,12.2,7.12533],"to":[6.3,14,8.92533],"rotation":{"angle":0,"axis":"y","origin":[6.3,12.1,7.02533]},"faces":{"north":{"uv":[5.75,4.75,5.25,5.1875],"texture":"#0"},"east":{"uv":[5.9375,1.5,5.5,1.9375],"texture":"#0"},"south":{"uv":[5.25,4.75,5.75,5.1875],"texture":"#0"},"west":{"uv":[5.9375,1,5.5,1.4375],"texture":"#0"},"up":{"uv":[5.25,5.1875,5.75,4.75],"texture":"#0"},"down":{"uv":[5.25,4.75,5.75,5.1875],"texture":"#0"}}},{"from":[1.9,12.4,7.27533],"to":[4.3,13.8,8.67533],"rotation":{"angle":0,"axis":"y","origin":[14.1,4.4,-3.12467]},"faces":{"north":{"uv":[5.875,3,5.25,3.375],"texture":"#0"},"east":{"uv":[3.875,5.75,3.5,6.125],"texture":"#0"},"south":{"uv":[5.25,3,5.875,3.375],"texture":"#0"},"west":{"uv":[2.375,5.75,2,6.125],"texture":"#0"},"up":{"uv":[5.25,3.375,5.875,3],"texture":"#0"},"down":{"uv":[5.25,3,5.875,3.375],"texture":"#0"}}},{"from":[2.854,12.30975,11.23283],"to":[6.03,12.99575,11.91883],"rotation":{"angle":45,"axis":"y","origin":[0.342,13.85275,11.00083]},"faces":{"north":{"uv":[6.5625,0,5.75,0.1875],"texture":"#0"},"east":{"uv":[6.9375,1,6.75,1.1875],"texture":"#0"},"south":{"uv":[6.5625,0.25,5.75,0.4375],"texture":"#0"},"west":{"uv":[1.1875,6.75,1,6.9375],"texture":"#0"},"up":{"uv":[5.75,0.6875,6.5625,0.5],"texture":"#0"},"down":{"uv":[5.75,4.25,6.5625,4.4375],"texture":"#0"}}},{"from":[0.52,12.8175,7.50033],"to":[2.2,13.7975,8.48033],"rotation":{"angle":-22.5,"axis":"z","origin":[1.36,13.3075,7.99033]},"faces":{"north":{"uv":[6.4375,4.5,6,4.75],"texture":"#0"},"east":{"uv":[6.5,4,6.25,4.25],"texture":"#0"},"south":{"uv":[6,4.5,6.4375,4.75],"texture":"#0"},"west":{"uv":[5.25,3.75,5,4],"texture":"#0"},"up":{"uv":[6,4.75,6.4375,4.5],"texture":"#0"},"down":{"uv":[6,4.5,6.4375,4.75],"texture":"#0"}}},{"from":[-0.246,13.50975,7.65783],"to":[0.93,14.19575,8.34383],"rotation":{"angle":-45,"axis":"z","origin":[0.342,13.85275,8.00083]},"faces":{"north":{"uv":[6.8125,3,6.5,3.1875],"texture":"#0"},"east":{"uv":[6.6875,5,6.5,5.1875],"texture":"#0"},"south":{"uv":[3.5625,6.5,3.25,6.6875],"texture":"#0"},"west":{"uv":[6.6875,4.75,6.5,4.9375],"texture":"#0"},"up":{"uv":[6.5,3.4375,6.8125,3.25],"texture":"#0"},"down":{"uv":[6.5,4,6.8125,4.1875],"texture":"#0"}}},{"from":[-0.4107,14.12282,7.76808],"to":[0.0695,14.94602,8.24828],"rotation":{"angle":22.5,"axis":"z","origin":[-0.1706,14.53442,8.00818]},"faces":{"north":{"uv":[1.375,6.75,1.25,6.9375],"texture":"#0"},"east":{"uv":[6.875,1.5,6.75,1.6875],"texture":"#0"},"south":{"uv":[1.625,6.75,1.5,6.9375],"texture":"#0"},"west":{"uv":[6.875,1.25,6.75,1.4375],"texture":"#0"},"up":{"uv":[6.75,2.375,6.875,2.25],"texture":"#0"},"down":{"uv":[2.5,6.75,2.625,6.875],"texture":"#0"}}},{"from":[8.4327,9.52679,7.25],"to":[8.9327,10.02679,7.95],"rotation":{"angle":-45,"axis":"z","origin":[7.99881,9.74887,7.6]},"faces":{"north":{"uv":[6.75,2.5,6.875,2.625],"texture":"#0"},"east":{"uv":[1.75,6.75,1.9375,6.875],"texture":"#0"},"south":{"uv":[6.75,2.75,6.875,2.875],"texture":"#0"},"west":{"uv":[6.75,1.75,6.9375,1.875],"texture":"#0"},"up":{"uv":[2.125,6.9375,2,6.75],"texture":"#0"},"down":{"uv":[2.375,6.75,2.25,6.9375],"texture":"#0"}}},{"from":[7.4327,9.52679,7.25],"to":[7.9327,10.02679,7.95],"rotation":{"angle":-45,"axis":"z","origin":[6.99881,9.74887,7.6]},"faces":{"north":{"uv":[6.75,2.5,6.875,2.625],"texture":"#0"},"east":{"uv":[1.75,6.75,1.9375,6.875],"texture":"#0"},"south":{"uv":[6.75,2.75,6.875,2.875],"texture":"#0"},"west":{"uv":[6.75,1.75,6.9375,1.875],"texture":"#0"},"up":{"uv":[2.125,6.9375,2,6.75],"texture":"#0"},"down":{"uv":[2.375,6.75,2.25,6.9375],"texture":"#0"}}},{"from":[7.14858,9.28503,7.25],"to":[8.84858,11.08503,7.95],"rotation":{"angle":0,"axis":"y","origin":[7.99881,9.74887,7.6]},"faces":{"north":{"uv":[4,5.5,4.4375,5.9375],"texture":"#0"},"east":{"uv":[6.25,2,6.4375,2.4375],"texture":"#0"},"south":{"uv":[4.5,5.5,4.9375,5.9375],"texture":"#0"},"west":{"uv":[6.25,3,6.4375,3.4375],"texture":"#0"},"up":{"uv":[3.9375,6.4375,3.5,6.25],"texture":"#0"},"down":{"uv":[6.6875,3.75,6.25,3.9375],"texture":"#0"}}},{"from":[12.21927,4.82808,7.25],"to":[12.91927,5.52808,7.95],"rotation":{"angle":-45,"axis":"z","origin":[7.99881,9.74887,7.6]},"faces":{"north":{"uv":[5.25,6.5,5.4375,6.6875],"texture":"#0"},"east":{"uv":[6.5,5.25,6.6875,5.4375],"texture":"#0"},"south":{"uv":[5.5,6.5,5.6875,6.6875],"texture":"#0"},"west":{"uv":[6.5,5.5,6.6875,5.6875],"texture":"#0"},"up":{"uv":[5.9375,6.6875,5.75,6.5],"texture":"#0"},"down":{"uv":[6.6875,5.75,6.5,5.9375],"texture":"#0"}}},{"from":[7.49858,3.28503,7.25],"to":[8.49858,9.28503,7.95],"rotation":{"angle":0,"axis":"y","origin":[7.99881,9.74887,7.6]},"faces":{"north":{"uv":[5,2,5.25,3.5],"texture":"#0"},"east":{"uv":[1.5,5.25,1.6875,6.75],"texture":"#0"},"south":{"uv":[3.25,5,3.5,6.5],"texture":"#0"},"west":{"uv":[1.75,5.25,1.9375,6.75],"texture":"#0"},"up":{"uv":[4,6.6875,3.75,6.5],"texture":"#0"},"down":{"uv":[6.75,4.5,6.5,4.6875],"texture":"#0"}}},{"from":[10.00937,8.78791,7.25],"to":[10.70937,10.18791,7.95],"rotation":{"angle":45,"axis":"z","origin":[8.00023,9.74887,7.6]},"faces":{"north":{"uv":[4,6.25,4.1875,6.625],"texture":"#0"},"east":{"uv":[4.25,6.25,4.4375,6.625],"texture":"#0"},"south":{"uv":[4.5,6.25,4.6875,6.625],"texture":"#0"},"west":{"uv":[4.75,6.25,4.9375,6.625],"texture":"#0"},"up":{"uv":[6.1875,6.6875,6,6.5],"texture":"#0"},"down":{"uv":[6.6875,6,6.5,6.1875],"texture":"#0"}}},{"from":[9.89538,8.18503,7.25],"to":[10.59538,10.98503,7.95],"rotation":{"angle":0,"axis":"y","origin":[8.00023,9.74887,7.6]},"faces":{"north":{"uv":[5,5.5,5.1875,6.1875],"texture":"#0"},"east":{"uv":[2.5,5.75,2.6875,6.4375],"texture":"#0"},"south":{"uv":[5.75,4.5,5.9375,5.1875],"texture":"#0"},"west":{"uv":[5.25,5.75,5.4375,6.4375],"texture":"#0"},"up":{"uv":[6.4375,6.6875,6.25,6.5],"texture":"#0"},"down":{"uv":[6.6875,6.25,6.5,6.4375],"texture":"#0"}}},{"from":[10.24108,9.07812,7.25],"to":[10.94108,10.47812,7.95],"rotation":{"angle":-45,"axis":"z","origin":[8.00023,9.74887,7.6]},"faces":{"north":{"uv":[5,6.25,5.1875,6.625],"texture":"#0"},"east":{"uv":[6.25,6,6.4375,6.375],"texture":"#0"},"south":{"uv":[0.5,6.5,0.6875,6.875],"texture":"#0"},"west":{"uv":[0.75,6.5,0.9375,6.875],"texture":"#0"},"up":{"uv":[6.6875,6.6875,6.5,6.5],"texture":"#0"},"down":{"uv":[6.9375,0,6.75,0.1875],"texture":"#0"}}},{"from":[9.11046,4.89005,7.25],"to":[9.81046,7.69005,7.95],"rotation":{"angle":0,"axis":"y","origin":[8.00023,9.74887,7.6]},"faces":{"north":{"uv":[5.75,5.25,5.9375,5.9375],"texture":"#0"},"east":{"uv":[5.5,5.75,5.6875,6.4375],"texture":"#0"},"south":{"uv":[6,1,6.1875,1.6875],"texture":"#0"},"west":{"uv":[6,1.75,6.1875,2.4375],"texture":"#0"},"up":{"uv":[6.9375,0.4375,6.75,0.25],"texture":"#0"},"down":{"uv":[6.9375,0.5,6.75,0.6875],"texture":"#0"}}},{"from":[5.29063,8.78791,7.25],"to":[5.99063,10.18791,7.95],"rotation":{"angle":-45,"axis":"z","origin":[7.99977,9.74887,7.6]},"faces":{"north":{"uv":[4.1875,6.25,4,6.625],"texture":"#0"},"east":{"uv":[4.9375,6.25,4.75,6.625],"texture":"#0"},"south":{"uv":[4.6875,6.25,4.5,6.625],"texture":"#0"},"west":{"uv":[4.4375,6.25,4.25,6.625],"texture":"#0"},"up":{"uv":[6,6.6875,6.1875,6.5],"texture":"#0"},"down":{"uv":[6.5,6,6.6875,6.1875],"texture":"#0"}}},{"from":[5.40462,8.18503,7.25],"to":[6.10462,10.98503,7.95],"rotation":{"angle":0,"axis":"y","origin":[7.99977,9.74887,7.6]},"faces":{"north":{"uv":[5.1875,5.5,5,6.1875],"texture":"#0"},"east":{"uv":[5.4375,5.75,5.25,6.4375],"texture":"#0"},"south":{"uv":[5.9375,4.5,5.75,5.1875],"texture":"#0"},"west":{"uv":[2.6875,5.75,2.5,6.4375],"texture":"#0"},"up":{"uv":[6.25,6.6875,6.4375,6.5],"texture":"#0"},"down":{"uv":[6.5,6.25,6.6875,6.4375],"texture":"#0"}}},{"from":[5.05892,9.07812,7.25],"to":[5.75892,10.47812,7.95],"rotation":{"angle":45,"axis":"z","origin":[7.99977,9.74887,7.6]},"faces":{"north":{"uv":[5.1875,6.25,5,6.625],"texture":"#0"},"east":{"uv":[0.9375,6.5,0.75,6.875],"texture":"#0"},"south":{"uv":[0.6875,6.5,0.5,6.875],"texture":"#0"},"west":{"uv":[6.4375,6,6.25,6.375],"texture":"#0"},"up":{"uv":[6.5,6.6875,6.6875,6.5],"texture":"#0"},"down":{"uv":[6.75,0,6.9375,0.1875],"texture":"#0"}}},{"from":[6.18954,4.89005,7.25],"to":[6.88954,7.69005,7.95],"rotation":{"angle":0,"axis":"y","origin":[7.99977,9.74887,7.6]},"faces":{"north":{"uv":[5.9375,5.25,5.75,5.9375],"texture":"#0"},"east":{"uv":[6.1875,1.75,6,2.4375],"texture":"#0"},"south":{"uv":[6.1875,1,6,1.6875],"texture":"#0"},"west":{"uv":[5.6875,5.75,5.5,6.4375],"texture":"#0"},"up":{"uv":[6.75,0.4375,6.9375,0.25],"texture":"#0"},"down":{"uv":[6.75,0.5,6.9375,0.6875],"texture":"#0"}}},{"from":[4,-1.5,7.8],"to":[12,12.5,8.3],"rotation":{"angle":0,"axis":"y","origin":[8,5.5,8.3]},"faces":{"north":{"uv":[0,0,2,3.5],"texture":"#0"},"east":{"uv":[2.75,5,2.875,8.5],"texture":"#0"},"south":{"uv":[2,0,4,3.5],"texture":"#0"},"west":{"uv":[3,5,3.125,8.5],"texture":"#0"},"up":{"uv":[7,0.875,5,0.75],"texture":"#0"},"down":{"uv":[7,3.5,5,3.625],"texture":"#0"}}},{"from":[4,-4.5,7.8],"to":[12,-1.5,7.8],"rotation":{"angle":0,"axis":"y","origin":[8,5.5,8.3]},"faces":{"north":{"uv":[0,3.5,2,4.25],"texture":"#0"},"east":{"uv":[0,0,0,0.75],"texture":"#0"},"south":{"uv":[0,3.5,2,4.25],"texture":"#0"},"west":{"uv":[0,0,0,0.75],"texture":"#0"},"up":{"uv":[2,0,0,0],"texture":"#0"},"down":{"uv":[2,0,0,0],"texture":"#0"}}},{"from":[11.38388,1.5,8.78744],"to":[13.38388,12.5,9.28744],"rotation":{"angle":-45,"axis":"y","origin":[12.88388,5.5,9.03744]},"faces":{"north":{"uv":[4,0,4.5,2.75],"texture":"#0"},"east":{"uv":[0,5.25,0.125,8],"texture":"#0"},"south":{"uv":[4,2.75,4.5,5.5],"texture":"#0"},"west":{"uv":[0.25,5.25,0.375,8],"texture":"#0"},"up":{"uv":[1.5,6.625,1,6.5],"texture":"#0"},"down":{"uv":[7,2,6.5,2.125],"texture":"#0"}}},{"from":[11.38388,-2.5,8.78744],"to":[13.38388,1.5,8.78744],"rotation":{"angle":-45,"axis":"y","origin":[12.88388,2.5,9.03744]},"faces":{"north":{"uv":[4.5,2,5,3],"texture":"#0"},"east":{"uv":[0,0,0,1],"texture":"#0"},"south":{"uv":[5,2,4.5,3],"texture":"#0"},"west":{"uv":[0,0,0,1],"texture":"#0"},"up":{"uv":[0.5,0,0,0],"texture":"#0"},"down":{"uv":[0.5,0,0,0],"texture":"#0"}}},{"from":[2.61612,1.5,8.78744],"to":[4.61612,12.5,9.28744],"rotation":{"angle":45,"axis":"y","origin":[3.11612,5.5,9.03744]},"faces":{"north":{"uv":[4.5,0,4,2.75],"texture":"#0"},"east":{"uv":[0.375,5.25,0.25,8],"texture":"#0"},"south":{"uv":[4.5,2.75,4,5.5],"texture":"#0"},"west":{"uv":[0.125,5.25,0,8],"texture":"#0"},"up":{"uv":[1,6.625,1.5,6.5],"texture":"#0"},"down":{"uv":[6.5,2,7,2.125],"texture":"#0"}}},{"from":[2.61612,-2.5,8.78744],"to":[4.61612,1.5,8.78744],"rotation":{"angle":45,"axis":"y","origin":[3.11612,2.5,9.03744]},"faces":{"north":{"uv":[5,2,4.5,3],"texture":"#0"},"east":{"uv":[0,0,0,1],"texture":"#0"},"south":{"uv":[4.5,2,5,3],"texture":"#0"},"west":{"uv":[0,0,0,1],"texture":"#0"},"up":{"uv":[0,0,0.5,0],"texture":"#0"},"down":{"uv":[0,0,0.5,0],"texture":"#0"}}},{"from":[7.5,8.625,8.3],"to":[8.5,9.625,10.3],"rotation":{"angle":0,"axis":"y","origin":[7.5,8.7,8.3]},"faces":{"north":{"uv":[6.5,2.25,6.75,2.5],"texture":"#0"},"east":{"uv":[6,2.5,6.5,2.75],"texture":"#0"},"south":{"uv":[2.5,6.5,2.75,6.75],"texture":"#0"},"west":{"uv":[6,2.75,6.5,3],"texture":"#0"},"up":{"uv":[6.25,3.5,6,3],"texture":"#0"},"down":{"uv":[6.25,3.75,6,4.25],"texture":"#0"}}},{"from":[7.5,3.525,10.4],"to":[8.5,8.525,11.4],"rotation":{"angle":0,"axis":"x","origin":[8,7.1,10.9]},"faces":{"north":{"uv":[1,5.25,1.25,6.5],"texture":"#0"},"east":{"uv":[1,5.25,1.25,6.5],"texture":"#0"},"south":{"uv":[1,5.25,1.25,6.5],"texture":"#0"},"west":{"uv":[1,5.25,1.25,6.5],"texture":"#0"},"up":{"uv":[6.75,2.75,6.5,2.5],"texture":"#0"},"down":{"uv":[6.75,2.75,6.5,3],"texture":"#0"}}},{"from":[7.4,8.525,10.3],"to":[8.6,9.725,11.5],"rotation":{"angle":0,"axis":"y","origin":[7.4,8.6,10.3]},"faces":{"north":{"uv":[5.75,6,6.0625,6.3125],"texture":"#0"},"east":{"uv":[5.75,6,6.0625,6.3125],"texture":"#0"},"south":{"uv":[5.75,6,6.0625,6.3125],"texture":"#0"},"west":{"uv":[5.75,6,6.0625,6.3125],"texture":"#0"},"up":{"uv":[6.0625,6.3125,5.75,6],"texture":"#0"},"down":{"uv":[6.0625,6,5.75,6.3125],"texture":"#0"}}},{"from":[7.5,2.625,8.3],"to":[8.5,3.625,10.3],"rotation":{"angle":0,"axis":"y","origin":[7.5,8.7,8.3]},"faces":{"north":{"uv":[6.5,2.25,6.75,2.5],"texture":"#0"},"east":{"uv":[6,2.5,6.5,2.75],"texture":"#0"},"south":{"uv":[2.5,6.5,2.75,6.75],"texture":"#0"},"west":{"uv":[6,2.75,6.5,3],"texture":"#0"},"up":{"uv":[6.25,3.5,6,3],"texture":"#0"},"down":{"uv":[6.25,3.75,6,4.25],"texture":"#0"}}},{"from":[7.4,2.525,10.3],"to":[8.6,3.725,11.5],"rotation":{"angle":0,"axis":"y","origin":[7.4,8.6,10.3]},"faces":{"north":{"uv":[5.75,6,6.0625,6.3125],"texture":"#0"},"east":{"uv":[5.75,6,6.0625,6.3125],"texture":"#0"},"south":{"uv":[5.75,6,6.0625,6.3125],"texture":"#0"},"west":{"uv":[5.75,6,6.0625,6.3125],"texture":"#0"},"up":{"uv":[6.0625,6.3125,5.75,6],"texture":"#0"},"down":{"uv":[6.0625,6,5.75,6.3125],"texture":"#0"}}}],"gui_light":"front","display":{"thirdperson_righthand":{"rotation":[0,-90,0],"translation":[3.75,0,1.5]},"thirdperson_lefthand":{"rotation":[0,-90,0],"translation":[3.75,0,1.5]},"firstperson_righthand":{"translation":[0,-1,0]},"firstperson_lefthand":{"translation":[0,-1,0]},"ground":{"rotation":[60,0,0],"scale":[0.5,0.5,0.5]},"gui":{"rotation":[-180,0,-180],"translation":[0,1.75,0],"scale":[0.83242,0.83242,0.83242]},"head":{"scale":[0,0,0]},"fixed":{"translation":[0,4,-1.75],"scale":[1.97656,1.97656,1.97656]}}}