{"credit":"MadewithBlockbench","texture_size":[32,32],"textures":{"0":"demonset:demonset/demon_axe","particle":"demonset:demonset/demon_axe"},"elements":[{"from":[7.00007,18.64095,9.28111],"to":[9.00007,22.64095,13.28111],"rotation":{"angle":-45,"axis":"x","origin":[8.00007,17.35974,8]},"faces":{"north":{"uv":[8,7,9,9],"texture":"#0"},"east":{"uv":[8,0,10,2],"texture":"#0"},"south":{"uv":[8,7,9,9],"texture":"#0"},"west":{"uv":[8,2,10,4],"texture":"#0"},"up":{"uv":[9,9,8,7],"rotation":180,"texture":"#0"},"down":{"uv":[9,7,8,9],"texture":"#0"}}},{"from":[6.70007,19.14095,9.78111],"to":[9.30007,22.14095,12.78111],"rotation":{"angle":-45,"axis":"x","origin":[8.00007,17.35974,8]},"faces":{"north":{"uv":[0,10,1.25,11.5],"texture":"#0"},"east":{"uv":[8,4,9.5,5.5],"texture":"#0"},"south":{"uv":[9.5,5,10.75,6.5],"texture":"#0"},"west":{"uv":[8,5.5,9.5,7],"texture":"#0"},"up":{"uv":[11.5,1.25,10,0],"rotation":90,"texture":"#0"},"down":{"uv":[3,10,1.5,11.25],"rotation":270,"texture":"#0"}}},{"from":[7.07474,21.2,9.69993],"to":[8.87474,23,11.69993],"rotation":{"angle":0,"axis":"y","origin":[8.00007,17.35974,8]},"faces":{"north":{"uv":[0,11.5,0.875,12.375],"texture":"#0"},"east":{"uv":[9,10.5,10,11.375],"texture":"#0"},"south":{"uv":[11,11,11.875,11.875],"texture":"#0"},"west":{"uv":[10,11.375,9,10.5],"texture":"#0"},"up":{"uv":[10,11.375,9,10.5],"rotation":90,"texture":"#0"},"down":{"uv":[10,10.5,9,11.375],"rotation":270,"texture":"#0"}}},{"from":[7.32474,21.4,11.69993],"to":[8.72474,22.8,14.09993],"rotation":{"angle":0,"axis":"y","origin":[8.00007,17.35974,8]},"faces":{"north":{"uv":[12,9,12.75,9.75],"texture":"#0"},"east":{"uv":[4,11,5.25,11.75],"texture":"#0"},"south":{"uv":[7,12,7.75,12.75],"texture":"#0"},"west":{"uv":[5.25,11,4,11.75],"texture":"#0"},"up":{"uv":[5.25,11.75,4,11],"rotation":90,"texture":"#0"},"down":{"uv":[5.25,11,4,11.75],"rotation":270,"texture":"#0"}}},{"from":[7.51974,18.89988,15.18792],"to":[8.49974,19.87988,16.86792],"rotation":{"angle":-22.5,"axis":"x","origin":[8.00007,17.35974,8]},"faces":{"north":{"uv":[7.5,13,8,13.5],"texture":"#0"},"east":{"uv":[12.5,6,13.375,6.5],"texture":"#0"},"south":{"uv":[13,3.5,13.5,4],"texture":"#0"},"west":{"uv":[13.375,6,12.5,6.5],"texture":"#0"},"up":{"uv":[13.375,6.5,12.5,6],"rotation":90,"texture":"#0"},"down":{"uv":[13.375,6,12.5,6.5],"rotation":270,"texture":"#0"}}},{"from":[7.65624,15.48591,16.71112],"to":[8.34224,16.17191,17.88712],"rotation":{"angle":-45,"axis":"x","origin":[8.00007,17.35974,8]},"faces":{"north":{"uv":[13.5,0.5,13.875,0.875],"texture":"#0"},"east":{"uv":[13,9.5,13.625,9.875],"texture":"#0"},"south":{"uv":[13.5,0,13.875,0.375],"texture":"#0"},"west":{"uv":[13.625,9.5,13,9.875],"texture":"#0"},"up":{"uv":[13.625,9.875,13,9.5],"rotation":90,"texture":"#0"},"down":{"uv":[13.625,9.5,13,9.875],"rotation":270,"texture":"#0"}}},{"from":[7.75179,25.77953,12.94554],"to":[8.23199,26.60273,13.42574],"rotation":{"angle":22.5,"axis":"x","origin":[8.00007,17.35974,8]},"faces":{"north":{"uv":[13,13.5,13.25,13.875],"texture":"#0"},"east":{"uv":[11,13.5,11.25,13.875],"texture":"#0"},"south":{"uv":[11.5,13.5,11.75,13.875],"texture":"#0"},"west":{"uv":[12.5,13.5,12.75,13.875],"texture":"#0"},"up":{"uv":[1.75,14.25,1.5,14],"rotation":90,"texture":"#0"},"down":{"uv":[14.25,1.5,14,1.75],"rotation":270,"texture":"#0"}}},{"from":[7.65007,17.38093,10.99152],"to":[8.35007,18.78093,11.69152],"rotation":{"angle":-45,"axis":"x","origin":[8.00007,17.35974,8]},"faces":{"north":{"uv":[5.5,13,5.875,13.75],"texture":"#0"},"east":{"uv":[4,13,4.375,13.75],"texture":"#0"},"south":{"uv":[4.5,13,4.875,13.75],"texture":"#0"},"west":{"uv":[5,13,5.375,13.75],"texture":"#0"},"up":{"uv":[1.875,13.875,1.5,13.5],"rotation":90,"texture":"#0"},"down":{"uv":[13.875,1.5,13.5,1.875],"rotation":270,"texture":"#0"}}},{"from":[7.65007,17.18503,9.89531],"to":[8.35007,19.98503,10.59531],"rotation":{"angle":0,"axis":"y","origin":[8.00007,17.35974,8]},"faces":{"north":{"uv":[1,12.5,1.375,13.875],"texture":"#0"},"east":{"uv":[12,11.5,12.375,12.875],"texture":"#0"},"south":{"uv":[0,12.5,0.375,13.875],"texture":"#0"},"west":{"uv":[0.5,12.5,0.875,13.875],"texture":"#0"},"up":{"uv":[13.875,2.375,13.5,2],"rotation":90,"texture":"#0"},"down":{"uv":[13.875,2.5,13.5,2.875],"rotation":270,"texture":"#0"}}},{"from":[7.65007,17.67137,9.2587],"to":[8.35007,19.07137,9.9587],"rotation":{"angle":45,"axis":"x","origin":[8.00007,17.35974,8]},"faces":{"north":{"uv":[7,13,7.375,13.75],"texture":"#0"},"east":{"uv":[6,13,6.375,13.75],"texture":"#0"},"south":{"uv":[6.5,13,6.875,13.75],"texture":"#0"},"west":{"uv":[13,6.5,13.375,7.25],"texture":"#0"},"up":{"uv":[3.375,13.875,3,13.5],"rotation":90,"texture":"#0"},"down":{"uv":[3.875,13.5,3.5,13.875],"rotation":270,"texture":"#0"}}},{"from":[7.65007,13.69005,9.11039],"to":[8.35007,16.69005,9.81039],"rotation":{"angle":0,"axis":"y","origin":[8.00007,17.35974,8]},"faces":{"north":{"uv":[11.5,12,11.875,13.5],"texture":"#0"},"east":{"uv":[8,12,8.375,13.5],"texture":"#0"},"south":{"uv":[12,10,12.375,11.5],"texture":"#0"},"west":{"uv":[11,12,11.375,13.5],"texture":"#0"},"up":{"uv":[13.875,3.875,13.5,3.5],"rotation":90,"texture":"#0"},"down":{"uv":[13.875,5,13.5,5.375],"rotation":270,"texture":"#0"}}},{"from":[7.65007,18.28503,7.14851],"to":[8.35007,20.08503,8.84851],"rotation":{"angle":0,"axis":"y","origin":[8.00007,17.35974,8]},"faces":{"north":{"uv":[13,0,13.375,0.875],"texture":"#0"},"east":{"uv":[11.5,0,12.375,0.875],"texture":"#0"},"south":{"uv":[12.5,12,12.875,12.875],"texture":"#0"},"west":{"uv":[11.5,0,12.375,0.875],"texture":"#0"},"up":{"uv":[13.875,1.375,13,1],"rotation":90,"texture":"#0"},"down":{"uv":[13.875,3,13,3.375],"rotation":270,"texture":"#0"}}},{"from":[7.65007,17.81903,7.45074],"to":[8.35007,18.61903,7.95074],"rotation":{"angle":45,"axis":"x","origin":[8.00007,17.35974,8]},"faces":{"north":{"uv":[13.5,6,13.875,6.375],"texture":"#0"},"east":{"uv":[13.5,13,13.75,13.375],"texture":"#0"},"south":{"uv":[13.5,5.5,13.875,5.875],"texture":"#0"},"west":{"uv":[13.5,13.5,13.75,13.875],"texture":"#0"},"up":{"uv":[0.25,14.375,0,14],"rotation":90,"texture":"#0"},"down":{"uv":[14.25,0,14,0.375],"rotation":270,"texture":"#0"}}},{"from":[7.65007,17.81611,8.05219],"to":[8.35007,18.61611,8.55219],"rotation":{"angle":-45,"axis":"x","origin":[8.00007,17.35974,8]},"faces":{"north":{"uv":[13.5,7,13.875,7.375],"texture":"#0"},"east":{"uv":[0.5,14,0.75,14.375],"texture":"#0"},"south":{"uv":[13.5,6.5,13.875,6.875],"texture":"#0"},"west":{"uv":[14,0.5,14.25,0.875],"texture":"#0"},"up":{"uv":[1.25,14.375,1,14],"rotation":90,"texture":"#0"},"down":{"uv":[14.25,1,14,1.375],"rotation":270,"texture":"#0"}}},{"from":[7.50011,0,7.49995],"to":[8.50011,20,8.49995],"rotation":{"angle":45,"axis":"y","origin":[8.00007,17.35974,8]},"faces":{"north":{"uv":[6,0.125,6.5,10.125],"texture":"#0"},"east":{"uv":[6,0,6.5,10],"texture":"#0"},"south":{"uv":[6,0,6.5,10],"texture":"#0"},"west":{"uv":[6,0,6.5,10],"texture":"#0"},"up":{"uv":[13.5,8,13,7.5],"rotation":90,"texture":"#0"},"down":{"uv":[13.5,8,13,8.5],"rotation":270,"texture":"#0"}}},{"from":[7.28007,-1,7.27993],"to":[8.72007,0.44,8.71993],"rotation":{"angle":0,"axis":"y","origin":[8.00007,17.35974,8]},"faces":{"north":{"uv":[11.5,7,12.25,7.75],"texture":"#0"},"east":{"uv":[11.5,7,12.25,7.75],"texture":"#0"},"south":{"uv":[11.5,7,12.25,7.75],"texture":"#0"},"west":{"uv":[11.5,7,12.25,7.75],"texture":"#0"},"up":{"uv":[12.25,7.75,11.5,7],"rotation":90,"texture":"#0"},"down":{"uv":[12.25,7,11.5,7.75],"rotation":270,"texture":"#0"}}},{"from":[7.28007,12,7.27993],"to":[8.72007,13.44,8.71993],"rotation":{"angle":0,"axis":"y","origin":[8.00007,17.35974,8]},"faces":{"north":{"uv":[11.5,7,12.25,7.75],"texture":"#0"},"east":{"uv":[11.5,7,12.25,7.75],"texture":"#0"},"south":{"uv":[11.5,7,12.25,7.75],"texture":"#0"},"west":{"uv":[11.5,7,12.25,7.75],"texture":"#0"},"up":{"uv":[12.25,7.75,11.5,7],"rotation":90,"texture":"#0"},"down":{"uv":[12.25,7,11.5,7.75],"rotation":270,"texture":"#0"}}},{"from":[7.50007,3.16536,-6.19448],"to":[8.50007,5.16536,-4.19448],"rotation":{"angle":-45,"axis":"x","origin":[8.00007,17.35974,8]},"faces":{"north":{"uv":[12.5,5.5,13.5,6],"rotation":90,"texture":"#0"},"east":{"uv":[10.5,7,11.5,8],"texture":"#0"},"south":{"uv":[12.5,0,13,1],"texture":"#0"},"west":{"uv":[10.5,7,11.5,8],"rotation":90,"texture":"#0"},"up":{"uv":[13,0,12.5,1],"rotation":180,"texture":"#0"},"down":{"uv":[13.5,5.5,12.5,6],"rotation":270,"texture":"#0"}}},{"from":[7.50007,19,7.99993],"to":[8.50007,20,13.99993],"rotation":{"angle":0,"axis":"z","origin":[8.00007,17.35974,8]},"faces":{"north":{"uv":[9,13,9.5,13.5],"texture":"#0"},"east":{"uv":[10,3,13,3.5],"texture":"#0"},"south":{"uv":[13,8.5,13.5,9],"texture":"#0"},"west":{"uv":[10,3.5,13,4],"texture":"#0"},"up":{"uv":[7,10.5,4,10],"rotation":90,"texture":"#0"},"down":{"uv":[10,10,7,10.5],"rotation":270,"texture":"#0"}}},{"from":[7.50007,16.57907,14.17092],"to":[8.50007,17.57907,21.17092],"rotation":{"angle":-22.5,"axis":"x","origin":[8.00007,17.35974,8]},"faces":{"north":{"uv":[9.5,13,10,13.5],"texture":"#0"},"east":{"uv":[9.5,6.5,13,7],"texture":"#0"},"south":{"uv":[13,9,13.5,9.5],"texture":"#0"},"west":{"uv":[10,1.5,13.5,2],"texture":"#0"},"up":{"uv":[13.5,2.5,10,2],"rotation":90,"texture":"#0"},"down":{"uv":[13.5,2.5,10,3],"rotation":270,"texture":"#0"}}},{"from":[7.75007,15.67878,19.46709],"to":[8.25007,21.67878,20.46709],"rotation":{"angle":0,"axis":"z","origin":[8.00007,17.35974,8]},"faces":{"north":{"uv":[2.5,11.5,2.75,14.5],"texture":"#0"},"east":{"uv":[10,7,10.5,10],"texture":"#0"},"south":{"uv":[2,11.5,2.25,14.5],"texture":"#0"},"west":{"uv":[10,10,10.5,13],"texture":"#0"},"up":{"uv":[8,13.75,7.5,13.5],"rotation":90,"texture":"#0"},"down":{"uv":[14,7.5,13.5,7.75],"rotation":270,"texture":"#0"}}},{"from":[7.75007,17.98669,17.00418],"to":[8.25007,24.98669,18.00418],"rotation":{"angle":45,"axis":"x","origin":[8.00007,17.35974,8]},"faces":{"north":{"uv":[10.5,11,10.75,14.5],"texture":"#0"},"east":{"uv":[3,10,3.5,13.5],"texture":"#0"},"south":{"uv":[8.5,11,8.75,14.5],"texture":"#0"},"west":{"uv":[3.5,10,4,13.5],"texture":"#0"},"up":{"uv":[8.5,13.75,8,13.5],"rotation":90,"texture":"#0"},"down":{"uv":[14,8,13.5,8.25],"rotation":270,"texture":"#0"}}},{"from":[7.75007,10.72904,14.51734],"to":[8.25007,12.72904,15.51734],"rotation":{"angle":0,"axis":"z","origin":[8.00007,17.35974,8]},"faces":{"north":{"uv":[12,13,12.25,14],"texture":"#0"},"east":{"uv":[12.5,7,13,8],"texture":"#0"},"south":{"uv":[10,13,10.25,14],"texture":"#0"},"west":{"uv":[12.5,8,13,9],"texture":"#0"},"up":{"uv":[14,8.75,13.5,8.5],"rotation":90,"texture":"#0"},"down":{"uv":[9.5,13.5,9,13.75],"rotation":270,"texture":"#0"}}},{"from":[7.75007,18.4009,13.58997],"to":[8.25007,19.4009,16.58997],"rotation":{"angle":45,"axis":"x","origin":[8.00007,17.35974,8]},"faces":{"north":{"uv":[9.5,13.5,9.75,14],"texture":"#0"},"east":{"uv":[11,6,12.5,6.5],"texture":"#0"},"south":{"uv":[13.5,9,13.75,9.5],"texture":"#0"},"west":{"uv":[11.5,1,13,1.5],"texture":"#0"},"up":{"uv":[14,11.25,12.5,11],"rotation":90,"texture":"#0"},"down":{"uv":[14,11.5,12.5,11.75],"rotation":270,"texture":"#0"}}},{"from":[7.75007,13.85036,8.39602],"to":[8.25007,14.85036,13.39602],"rotation":{"angle":0,"axis":"z","origin":[8.00007,17.35974,8]},"faces":{"north":{"uv":[13.5,10.5,13.75,11],"texture":"#0"},"east":{"uv":[4,10.5,6.5,11],"texture":"#0"},"south":{"uv":[13.5,10,13.75,10.5],"texture":"#0"},"west":{"uv":[6.5,10.5,9,11],"texture":"#0"},"up":{"uv":[14,4.25,11.5,4],"rotation":90,"texture":"#0"},"down":{"uv":[14,4.5,11.5,4.75],"rotation":270,"texture":"#0"}}},{"from":[8.00007,12,7.99993],"to":[8.00007,22,19.99993],"rotation":{"angle":0,"axis":"y","origin":[8.00007,17.35974,8]},"faces":{"north":{"uv":[0,0,0,5],"texture":"#0"},"east":{"uv":[0,0,6,5],"texture":"#0"},"south":{"uv":[0,0,0,5],"texture":"#0"},"west":{"uv":[6,0,0,5],"texture":"#0"},"up":{"uv":[6,0,0,0],"rotation":90,"texture":"#0"},"down":{"uv":[6,0,0,0],"rotation":270,"texture":"#0"}}},{"from":[7.65007,17.38083,4.30839],"to":[8.35007,18.78083,5.00839],"rotation":{"angle":45,"axis":"x","origin":[8.00007,17.35974,8]},"faces":{"north":{"uv":[4.875,13,4.5,13.75],"texture":"#0"},"east":{"uv":[4.375,13,4,13.75],"texture":"#0"},"south":{"uv":[5.875,13,5.5,13.75],"texture":"#0"},"west":{"uv":[5.375,13,5,13.75],"texture":"#0"},"up":{"uv":[1.5,13.875,1.875,13.5],"rotation":90,"texture":"#0"},"down":{"uv":[13.5,1.5,13.875,1.875],"rotation":270,"texture":"#0"}}},{"from":[7.65007,17.18503,5.40455],"to":[8.35007,19.98503,6.10455],"rotation":{"angle":0,"axis":"y","origin":[8.00007,17.35974,8]},"faces":{"north":{"uv":[0.375,12.5,0,13.875],"texture":"#0"},"east":{"uv":[12.375,11.5,12,12.875],"texture":"#0"},"south":{"uv":[1.375,12.5,1,13.875],"texture":"#0"},"west":{"uv":[0.875,12.5,0.5,13.875],"texture":"#0"},"up":{"uv":[13.5,2.375,13.875,2],"rotation":90,"texture":"#0"},"down":{"uv":[13.5,2.5,13.875,2.875],"rotation":270,"texture":"#0"}}},{"from":[7.65007,17.67146,6.0412],"to":[8.35007,19.07146,6.7412],"rotation":{"angle":-45,"axis":"x","origin":[8.00007,17.35974,8]},"faces":{"north":{"uv":[6.875,13,6.5,13.75],"texture":"#0"},"east":{"uv":[6.375,13,6,13.75],"texture":"#0"},"south":{"uv":[7.375,13,7,13.75],"texture":"#0"},"west":{"uv":[13.375,6.5,13,7.25],"texture":"#0"},"up":{"uv":[3,13.875,3.375,13.5],"rotation":90,"texture":"#0"},"down":{"uv":[3.5,13.5,3.875,13.875],"rotation":270,"texture":"#0"}}},{"from":[7.65007,13.69005,6.18947],"to":[8.35007,16.69005,6.88947],"rotation":{"angle":0,"axis":"y","origin":[8.00007,17.35974,8]},"faces":{"north":{"uv":[12.375,10,12,11.5],"texture":"#0"},"east":{"uv":[8.375,12,8,13.5],"texture":"#0"},"south":{"uv":[11.875,12,11.5,13.5],"texture":"#0"},"west":{"uv":[11.375,12,11,13.5],"texture":"#0"},"up":{"uv":[13.5,3.875,13.875,3.5],"rotation":90,"texture":"#0"},"down":{"uv":[13.5,5,13.875,5.375],"rotation":270,"texture":"#0"}}},{"from":[7.75007,13.85036,2.60384],"to":[8.25007,14.85036,7.60384],"rotation":{"angle":0,"axis":"z","origin":[8.00007,17.35974,8]},"faces":{"north":{"uv":[13.75,10,13.5,10.5],"texture":"#0"},"east":{"uv":[6.5,10.5,4,11],"texture":"#0"},"south":{"uv":[13.75,10.5,13.5,11],"texture":"#0"},"west":{"uv":[9,10.5,6.5,11],"texture":"#0"},"up":{"uv":[11.5,4.25,14,4],"rotation":90,"texture":"#0"},"down":{"uv":[11.5,4.5,14,4.75],"rotation":270,"texture":"#0"}}},{"from":[7.75007,18.401,-0.59006],"to":[8.25007,19.401,2.40994],"rotation":{"angle":-45,"axis":"x","origin":[8.00007,17.35974,8]},"faces":{"north":{"uv":[13.75,9,13.5,9.5],"texture":"#0"},"east":{"uv":[12.5,6,11,6.5],"texture":"#0"},"south":{"uv":[9.75,13.5,9.5,14],"texture":"#0"},"west":{"uv":[13,1,11.5,1.5],"texture":"#0"},"up":{"uv":[12.5,11.25,14,11],"rotation":90,"texture":"#0"},"down":{"uv":[12.5,11.5,14,11.75],"rotation":270,"texture":"#0"}}},{"from":[7.75007,17.98678,-2.00427],"to":[8.25007,24.98678,-1.00427],"rotation":{"angle":-45,"axis":"x","origin":[8.00007,17.35974,8]},"faces":{"north":{"uv":[8.75,11,8.5,14.5],"texture":"#0"},"east":{"uv":[3.5,10,3,13.5],"texture":"#0"},"south":{"uv":[10.75,11,10.5,14.5],"texture":"#0"},"west":{"uv":[4,10,3.5,13.5],"texture":"#0"},"up":{"uv":[8,13.75,8.5,13.5],"rotation":90,"texture":"#0"},"down":{"uv":[13.5,8,14,8.25],"rotation":270,"texture":"#0"}}},{"from":[7.75007,10.72904,0.48252],"to":[8.25007,12.72904,1.48252],"rotation":{"angle":0,"axis":"z","origin":[8.00007,17.35974,8]},"faces":{"north":{"uv":[10.25,13,10,14],"texture":"#0"},"east":{"uv":[13,7,12.5,8],"texture":"#0"},"south":{"uv":[12.25,13,12,14],"texture":"#0"},"west":{"uv":[13,8,12.5,9],"texture":"#0"},"up":{"uv":[13.5,8.75,14,8.5],"rotation":90,"texture":"#0"},"down":{"uv":[9,13.5,9.5,13.75],"rotation":270,"texture":"#0"}}},{"from":[7.75007,15.67878,-4.46722],"to":[8.25007,21.67878,-3.46722],"rotation":{"angle":0,"axis":"z","origin":[8.00007,17.35974,8]},"faces":{"north":{"uv":[2.25,11.5,2,14.5],"texture":"#0"},"east":{"uv":[10.5,7,10,10],"texture":"#0"},"south":{"uv":[2.75,11.5,2.5,14.5],"texture":"#0"},"west":{"uv":[10.5,10,10,13],"texture":"#0"},"up":{"uv":[7.5,13.75,8,13.5],"rotation":90,"texture":"#0"},"down":{"uv":[13.5,7.5,14,7.75],"rotation":270,"texture":"#0"}}},{"from":[7.50007,16.57902,-5.17104],"to":[8.50007,17.57902,1.82896],"rotation":{"angle":22.5,"axis":"x","origin":[8.00007,17.35974,8]},"faces":{"north":{"uv":[13.5,9,13,9.5],"texture":"#0"},"east":{"uv":[13,6.5,9.5,7],"texture":"#0"},"south":{"uv":[10,13,9.5,13.5],"texture":"#0"},"west":{"uv":[13.5,1.5,10,2],"texture":"#0"},"up":{"uv":[10,2.5,13.5,2],"rotation":90,"texture":"#0"},"down":{"uv":[10,2.5,13.5,3],"rotation":270,"texture":"#0"}}},{"from":[7.50007,19,1.99993],"to":[8.50007,20,7.99993],"rotation":{"angle":0,"axis":"z","origin":[8.00007,17.35974,8]},"faces":{"north":{"uv":[13.5,8.5,13,9],"texture":"#0"},"east":{"uv":[13,3,10,3.5],"texture":"#0"},"south":{"uv":[9.5,13,9,13.5],"texture":"#0"},"west":{"uv":[13,3.5,10,4],"texture":"#0"},"up":{"uv":[4,10.5,7,10],"rotation":90,"texture":"#0"},"down":{"uv":[7,10,10,10.5],"rotation":270,"texture":"#0"}}},{"from":[7.07474,21.2,4.29993],"to":[8.87474,23,6.29993],"rotation":{"angle":0,"axis":"y","origin":[8.00007,17.35974,8]},"faces":{"north":{"uv":[11.875,11,11,11.875],"texture":"#0"},"east":{"uv":[10,10.5,9,11.375],"texture":"#0"},"south":{"uv":[0.875,11.5,0,12.375],"texture":"#0"},"west":{"uv":[9,11.375,10,10.5],"texture":"#0"},"up":{"uv":[9,11.375,10,10.5],"rotation":90,"texture":"#0"},"down":{"uv":[9,10.5,10,11.375],"rotation":270,"texture":"#0"}}},{"from":[7.32474,21.4,1.89993],"to":[8.72474,22.8,4.29993],"rotation":{"angle":0,"axis":"y","origin":[8.00007,17.35974,8]},"faces":{"north":{"uv":[7.75,12,7,12.75],"texture":"#0"},"east":{"uv":[5.25,11,4,11.75],"texture":"#0"},"south":{"uv":[12.75,9,12,9.75],"texture":"#0"},"west":{"uv":[4,11,5.25,11.75],"texture":"#0"},"up":{"uv":[4,11.75,5.25,11],"rotation":90,"texture":"#0"},"down":{"uv":[4,11,5.25,11.75],"rotation":270,"texture":"#0"}}},{"from":[7.51974,18.89983,-0.86805],"to":[8.49974,19.87983,0.81195],"rotation":{"angle":22.5,"axis":"x","origin":[8.00007,17.35974,8]},"faces":{"north":{"uv":[13.5,3.5,13,4],"texture":"#0"},"east":{"uv":[13.375,6,12.5,6.5],"texture":"#0"},"south":{"uv":[8,13,7.5,13.5],"texture":"#0"},"west":{"uv":[12.5,6,13.375,6.5],"texture":"#0"},"up":{"uv":[12.5,6.5,13.375,6],"rotation":90,"texture":"#0"},"down":{"uv":[12.5,6,13.375,6.5],"rotation":270,"texture":"#0"}}},{"from":[7.65624,15.48581,-1.88722],"to":[8.34224,16.17181,-0.71122],"rotation":{"angle":45,"axis":"x","origin":[8.00007,17.35974,8]},"faces":{"north":{"uv":[13.875,0,13.5,0.375],"texture":"#0"},"east":{"uv":[13.625,9.5,13,9.875],"texture":"#0"},"south":{"uv":[13.875,0.5,13.5,0.875],"texture":"#0"},"west":{"uv":[13,9.5,13.625,9.875],"texture":"#0"},"up":{"uv":[13,9.875,13.625,9.5],"rotation":90,"texture":"#0"},"down":{"uv":[13,9.5,13.625,9.875],"rotation":270,"texture":"#0"}}},{"from":[7.75179,25.77958,2.57414],"to":[8.23199,26.60278,3.05434],"rotation":{"angle":-22.5,"axis":"x","origin":[8.00007,17.35974,8]},"faces":{"north":{"uv":[11.75,13.5,11.5,13.875],"texture":"#0"},"east":{"uv":[11.25,13.5,11,13.875],"texture":"#0"},"south":{"uv":[13.25,13.5,13,13.875],"texture":"#0"},"west":{"uv":[12.75,13.5,12.5,13.875],"texture":"#0"},"up":{"uv":[1.5,14.25,1.75,14],"rotation":90,"texture":"#0"},"down":{"uv":[14,1.5,14.25,1.75],"rotation":270,"texture":"#0"}}},{"from":[8.00007,12,-4.00007],"to":[8.00007,22,7.99993],"rotation":{"angle":0,"axis":"y","origin":[8.00007,17.35974,8]},"faces":{"north":{"uv":[0,0,0,5],"texture":"#0"},"east":{"uv":[6,0,0,5],"texture":"#0"},"south":{"uv":[0,0,0,5],"texture":"#0"},"west":{"uv":[0,0,6,5],"texture":"#0"},"up":{"uv":[0,0,6,0],"rotation":90,"texture":"#0"},"down":{"uv":[0,0,6,0],"rotation":270,"texture":"#0"}}}],"gui_light":"front","display":{"thirdperson_righthand":{"translation":[0,-1,1.5],"scale":[0.7,0.7,0.7]},"thirdperson_lefthand":{"translation":[0,-0.25,1.5],"scale":[0.7,0.7,0.7]},"firstperson_righthand":{"translation":[0,0.5,0],"scale":[0.7,0.7,0.7]},"firstperson_lefthand":{"translation":[0,-0.75,0],"scale":[0.7,0.7,0.7]},"ground":{"rotation":[60,0,0],"translation":[0,-0.25,-1],"scale":[0.5,0.5,0.5]},"gui":{"rotation":[90,-135,90],"translation":[-3.5,-2.75,0],"scale":[0.61367,0.61367,0.61367]},"head":{"scale":[0,0,0]},"fixed":{"rotation":[90,-45,90],"translation":[6.25,-6.75,-2],"scale":[1.78398,1.78398,1.78398]}}}