{"credit":"MadewithBlockbench","texture_size":[32,32],"textures":{"0":"demonset:demonset/demon_sword","particle":"demonset:demonset/demon_sword"},"elements":[{"from":[7.49977,-2.91397,-2.86478],"to":[8.49977,-0.91397,-0.86478],"rotation":{"angle":-45,"axis":"x","origin":[7.99977,7.95113,8]},"faces":{"north":{"uv":[8.5,10,9.5,10.5],"rotation":90,"texture":"#0"},"east":{"uv":[9,4,10,5],"texture":"#0"},"south":{"uv":[10,0,10.5,1],"texture":"#0"},"west":{"uv":[9,4,10,5],"rotation":90,"texture":"#0"},"up":{"uv":[10,0,10.5,1],"rotation":180,"texture":"#0"},"down":{"uv":[9.5,10,8.5,10.5],"rotation":270,"texture":"#0"}}},{"from":[7.31977,-5.28,7.32023],"to":[8.67977,-3.92,8.68023],"rotation":{"angle":0,"axis":"y","origin":[7.99977,7.95113,8]},"faces":{"north":{"uv":[10.5,2.5,11.125,3.125],"texture":"#0"},"east":{"uv":[10.5,2.5,11.125,3.125],"texture":"#0"},"south":{"uv":[10.5,2.5,11.125,3.125],"texture":"#0"},"west":{"uv":[10.5,2.5,11.125,3.125],"texture":"#0"},"up":{"uv":[11.125,3.125,10.5,2.5],"rotation":90,"texture":"#0"},"down":{"uv":[11.125,2.5,10.5,3.125],"rotation":270,"texture":"#0"}}},{"from":[7.31977,2.72,7.32023],"to":[8.67977,4.08,8.68023],"rotation":{"angle":0,"axis":"y","origin":[7.99977,7.95113,8]},"faces":{"north":{"uv":[10.5,2.5,11.125,3.125],"texture":"#0"},"east":{"uv":[10.5,2.5,11.125,3.125],"texture":"#0"},"south":{"uv":[10.5,2.5,11.125,3.125],"texture":"#0"},"west":{"uv":[10.5,2.5,11.125,3.125],"texture":"#0"},"up":{"uv":[11.125,3.125,10.5,2.5],"rotation":90,"texture":"#0"},"down":{"uv":[11.125,2.5,10.5,3.125],"rotation":270,"texture":"#0"}}},{"from":[7.31977,4.72,9.32023],"to":[8.67977,6.08,11.68023],"rotation":{"angle":0,"axis":"y","origin":[7.99977,7.95113,8]},"faces":{"north":{"uv":[8.5,10.5,9.125,11.125],"texture":"#0"},"east":{"uv":[9,8,10.125,8.625],"texture":"#0"},"south":{"uv":[10.5,8,11.125,8.625],"texture":"#0"},"west":{"uv":[10.125,8,9,8.625],"texture":"#0"},"up":{"uv":[10.125,8.625,9,8],"rotation":90,"texture":"#0"},"down":{"uv":[10.625,1,9.5,1.625],"rotation":270,"texture":"#0"}}},{"from":[7.48297,3.65307,10.07359],"to":[8.51657,4.68667,12.10719],"rotation":{"angle":-22.5,"axis":"x","origin":[7.99977,7.95113,8]},"faces":{"north":{"uv":[2,11.5,2.5,12],"texture":"#0"},"east":{"uv":[10,10,11,10.5],"texture":"#0"},"south":{"uv":[1.5,11.5,2,12],"texture":"#0"},"west":{"uv":[11,10,10,10.5],"texture":"#0"},"up":{"uv":[11,10.5,10,10],"rotation":90,"texture":"#0"},"down":{"uv":[11,10,10,10.5],"rotation":270,"texture":"#0"}}},{"from":[7.63801,2.48579,10.11233],"to":[8.36153,3.20931,11.83585],"rotation":{"angle":-45,"axis":"x","origin":[7.99977,7.95113,8]},"faces":{"north":{"uv":[11.5,4.5,11.875,4.875],"texture":"#0"},"east":{"uv":[11,1,11.875,1.375],"texture":"#0"},"south":{"uv":[4.5,11.5,4.875,11.875],"texture":"#0"},"west":{"uv":[11.875,1,11,1.375],"texture":"#0"},"up":{"uv":[11.875,1.375,11,1],"rotation":90,"texture":"#0"},"down":{"uv":[11.875,1,11,1.375],"rotation":270,"texture":"#0"}}},{"from":[7.74654,9.3855,13.95318],"to":[8.253,10.89196,14.45964],"rotation":{"angle":22.5,"axis":"x","origin":[7.99977,7.95113,8]},"faces":{"north":{"uv":[3.5,11.5,3.75,12.25],"texture":"#0"},"east":{"uv":[2.5,11.5,2.75,12.25],"texture":"#0"},"south":{"uv":[11.5,2.5,11.75,3.25],"texture":"#0"},"west":{"uv":[3,11.5,3.25,12.25],"texture":"#0"},"up":{"uv":[12.25,0.25,12,0],"rotation":90,"texture":"#0"},"down":{"uv":[12.25,1,12,1.25],"rotation":270,"texture":"#0"}}},{"from":[7.49977,-4,7.50023],"to":[8.49977,3,8.50023],"rotation":{"angle":0,"axis":"y","origin":[7.99977,7.95113,8]},"faces":{"north":{"uv":[5,6,5.5,9.5],"texture":"#0"},"east":{"uv":[5,6,5.5,9.5],"texture":"#0"},"south":{"uv":[5,6,5.5,9.5],"texture":"#0"},"west":{"uv":[5,6,5.5,9.5],"texture":"#0"},"up":{"uv":[9,3,8.5,2.5],"rotation":90,"texture":"#0"},"down":{"uv":[12,0,11.5,0.5],"rotation":270,"texture":"#0"}}},{"from":[7.19977,4.71808,8.23337],"to":[8.79977,7.71808,11.23337],"rotation":{"angle":45,"axis":"x","origin":[7.99977,7.95113,8]},"faces":{"north":{"uv":[7,4.5,7.75,6],"texture":"#0"},"east":{"uv":[5,1.5,6.5,3],"texture":"#0"},"south":{"uv":[7,3,7.75,4.5],"texture":"#0"},"west":{"uv":[5,1.5,6.5,3],"texture":"#0"},"up":{"uv":[7.75,6,7,4.5],"rotation":180,"texture":"#0"},"down":{"uv":[7.75,4.5,7,6],"texture":"#0"}}},{"from":[6.99977,5.11808,8.63337],"to":[8.99977,7.31808,10.83337],"rotation":{"angle":45,"axis":"x","origin":[7.99977,7.95113,8]},"faces":{"north":{"uv":[8,4.5,9,5.625],"texture":"#0"},"east":{"uv":[7,1.5,8.125,2.625],"texture":"#0"},"south":{"uv":[8,3,9,4.125],"texture":"#0"},"west":{"uv":[7,1.5,8.125,2.625],"texture":"#0"},"up":{"uv":[8.125,9,7,8],"rotation":90,"texture":"#0"},"down":{"uv":[9.625,0,8.5,1],"rotation":270,"texture":"#0"}}},{"from":[7.64977,7.51209,10.00915],"to":[8.34977,8.91209,10.70915],"rotation":{"angle":45,"axis":"x","origin":[7.99977,7.95113,8]},"faces":{"north":{"uv":[10.5,11,10.875,11.75],"texture":"#0"},"east":{"uv":[9.5,11,9.875,11.75],"texture":"#0"},"south":{"uv":[11,9.5,11.375,10.25],"texture":"#0"},"west":{"uv":[10,11,10.375,11.75],"texture":"#0"},"up":{"uv":[5.375,11.875,5,11.5],"rotation":90,"texture":"#0"},"down":{"uv":[11.875,5,11.5,5.375],"rotation":270,"texture":"#0"}}},{"from":[7.64977,6.71497,9.89515],"to":[8.34977,9.51497,10.59515],"rotation":{"angle":0,"axis":"y","origin":[7.99977,7.95113,8]},"faces":{"north":{"uv":[10,4,10.375,5.375],"texture":"#0"},"east":{"uv":[6.5,9.5,6.875,10.875],"texture":"#0"},"south":{"uv":[9.5,9,9.875,10.375],"texture":"#0"},"west":{"uv":[10,2,10.375,3.375],"texture":"#0"},"up":{"uv":[5.875,11.875,5.5,11.5],"rotation":90,"texture":"#0"},"down":{"uv":[11.875,5.5,11.5,5.875],"rotation":270,"texture":"#0"}}},{"from":[7.64977,10.00995,9.11023],"to":[8.34977,12.80995,9.81023],"rotation":{"angle":0,"axis":"y","origin":[7.99977,7.95113,8]},"faces":{"north":{"uv":[6,10,6.375,11.375],"texture":"#0"},"east":{"uv":[5,10,5.375,11.375],"texture":"#0"},"south":{"uv":[5.5,10,5.875,11.375],"texture":"#0"},"west":{"uv":[10,5.5,10.375,6.875],"texture":"#0"},"up":{"uv":[11.875,6.875,11.5,6.5],"rotation":90,"texture":"#0"},"down":{"uv":[11.875,7,11.5,7.375],"rotation":270,"texture":"#0"}}},{"from":[7.64977,7.22188,10.24085],"to":[8.34977,8.62188,10.94085],"rotation":{"angle":-45,"axis":"x","origin":[7.99977,7.95113,8]},"faces":{"north":{"uv":[1,11.5,1.375,12.25],"texture":"#0"},"east":{"uv":[11,11,11.375,11.75],"texture":"#0"},"south":{"uv":[0,11.5,0.375,12.25],"texture":"#0"},"west":{"uv":[0.5,11.5,0.875,12.25],"texture":"#0"},"up":{"uv":[6.375,11.875,6,11.5],"rotation":90,"texture":"#0"},"down":{"uv":[11.875,6,11.5,6.375],"rotation":270,"texture":"#0"}}},{"from":[7.64977,6.61497,7.15023],"to":[8.34977,8.41497,8.85023],"rotation":{"angle":0,"axis":"y","origin":[7.99977,7.95113,8]},"faces":{"north":{"uv":[7,11,7.375,11.875],"texture":"#0"},"east":{"uv":[9,6,9.875,6.875],"texture":"#0"},"south":{"uv":[6.5,11,6.875,11.875],"texture":"#0"},"west":{"uv":[9,6,9.875,6.875],"texture":"#0"},"up":{"uv":[11.875,3.875,11,3.5],"rotation":90,"texture":"#0"},"down":{"uv":[11.875,9,11,9.375],"rotation":270,"texture":"#0"}}},{"from":[7.64977,8.41497,7.50023],"to":[8.34977,14.41497,8.50023],"rotation":{"angle":0,"axis":"y","origin":[7.99977,7.95113,8]},"faces":{"north":{"uv":[9,1,9.375,4],"texture":"#0"},"east":{"uv":[6.5,3.5,7,6.5],"texture":"#0"},"south":{"uv":[8.5,6,8.875,9],"texture":"#0"},"west":{"uv":[6.5,3.5,7,6.5],"texture":"#0"},"up":{"uv":[4.5,11.875,4,11.5],"rotation":90,"texture":"#0"},"down":{"uv":[12,4,11.5,4.375],"rotation":270,"texture":"#0"}}},{"from":[7.64977,12.03495,9.81023],"to":[8.34977,12.80995,10.11023],"rotation":{"angle":0,"axis":"y","origin":[7.99977,7.95113,8]},"faces":{"north":{"uv":[11.5,7.5,11.875,7.875],"texture":"#0"},"east":{"uv":[2,12,2.125,12.375],"texture":"#0"},"south":{"uv":[7.5,11.5,7.875,11.875],"texture":"#0"},"west":{"uv":[12,2.5,12.125,2.875],"texture":"#0"},"up":{"uv":[12.125,3.375,12,3],"rotation":90,"texture":"#0"},"down":{"uv":[12.125,3.5,12,3.875],"rotation":270,"texture":"#0"}}},{"from":[7.64977,10.00995,6.19023],"to":[8.34977,12.80995,6.89023],"rotation":{"angle":0,"axis":"y","origin":[7.99977,7.95113,8]},"faces":{"north":{"uv":[5.875,10,5.5,11.375],"texture":"#0"},"east":{"uv":[5.375,10,5,11.375],"texture":"#0"},"south":{"uv":[6.375,10,6,11.375],"texture":"#0"},"west":{"uv":[10.375,5.5,10,6.875],"texture":"#0"},"up":{"uv":[11.5,6.875,11.875,6.5],"rotation":90,"texture":"#0"},"down":{"uv":[11.5,7,11.875,7.375],"rotation":270,"texture":"#0"}}},{"from":[7.64977,12.03495,5.89023],"to":[8.34977,12.80995,6.19023],"rotation":{"angle":0,"axis":"y","origin":[7.99977,7.95113,8]},"faces":{"north":{"uv":[7.875,11.5,7.5,11.875],"texture":"#0"},"east":{"uv":[2.125,12,2,12.375],"texture":"#0"},"south":{"uv":[11.875,7.5,11.5,7.875],"texture":"#0"},"west":{"uv":[12.125,2.5,12,2.875],"texture":"#0"},"up":{"uv":[12,3.375,12.125,3],"rotation":90,"texture":"#0"},"down":{"uv":[12,3.5,12.125,3.875],"rotation":270,"texture":"#0"}}},{"from":[7.64977,7.22221,5.05947],"to":[8.34977,8.62221,5.75947],"rotation":{"angle":45,"axis":"x","origin":[7.99977,7.95113,8]},"faces":{"north":{"uv":[0.375,11.5,0,12.25],"texture":"#0"},"east":{"uv":[11.375,11,11,11.75],"texture":"#0"},"south":{"uv":[1.375,11.5,1,12.25],"texture":"#0"},"west":{"uv":[0.875,11.5,0.5,12.25],"texture":"#0"},"up":{"uv":[6,11.875,6.375,11.5],"rotation":90,"texture":"#0"},"down":{"uv":[11.5,6,11.875,6.375],"rotation":270,"texture":"#0"}}},{"from":[7.64977,6.71497,5.40531],"to":[8.34977,9.51497,6.10531],"rotation":{"angle":0,"axis":"y","origin":[7.99977,7.95113,8]},"faces":{"north":{"uv":[9.875,9,9.5,10.375],"texture":"#0"},"east":{"uv":[6.875,9.5,6.5,10.875],"texture":"#0"},"south":{"uv":[10.375,4,10,5.375],"texture":"#0"},"west":{"uv":[10.375,2,10,3.375],"texture":"#0"},"up":{"uv":[5.5,11.875,5.875,11.5],"rotation":90,"texture":"#0"},"down":{"uv":[11.5,5.5,11.875,5.875],"rotation":270,"texture":"#0"}}},{"from":[7.64977,7.51176,5.29118],"to":[8.34977,8.91176,5.99118],"rotation":{"angle":-45,"axis":"x","origin":[7.99977,7.95113,8]},"faces":{"north":{"uv":[11.375,9.5,11,10.25],"texture":"#0"},"east":{"uv":[9.875,11,9.5,11.75],"texture":"#0"},"south":{"uv":[10.875,11,10.5,11.75],"texture":"#0"},"west":{"uv":[10.375,11,10,11.75],"texture":"#0"},"up":{"uv":[5,11.875,5.375,11.5],"rotation":90,"texture":"#0"},"down":{"uv":[11.5,5,11.875,5.375],"rotation":270,"texture":"#0"}}},{"from":[7.31977,4.72,4.32023],"to":[8.67977,6.08,6.68023],"rotation":{"angle":0,"axis":"y","origin":[7.99977,7.95113,8]},"faces":{"north":{"uv":[11.125,8,10.5,8.625],"texture":"#0"},"east":{"uv":[10.125,8,9,8.625],"texture":"#0"},"south":{"uv":[9.125,10.5,8.5,11.125],"texture":"#0"},"west":{"uv":[9,8,10.125,8.625],"texture":"#0"},"up":{"uv":[9,8.625,10.125,8],"rotation":90,"texture":"#0"},"down":{"uv":[9.5,1,10.625,1.625],"rotation":270,"texture":"#0"}}},{"from":[7.48297,3.65325,3.89324],"to":[8.51657,4.68685,5.92684],"rotation":{"angle":22.5,"axis":"x","origin":[7.99977,7.95113,8]},"faces":{"north":{"uv":[2,11.5,1.5,12],"texture":"#0"},"east":{"uv":[11,10,10,10.5],"texture":"#0"},"south":{"uv":[2.5,11.5,2,12],"texture":"#0"},"west":{"uv":[10,10,11,10.5],"texture":"#0"},"up":{"uv":[10,10.5,11,10],"rotation":90,"texture":"#0"},"down":{"uv":[10,10,11,10.5],"rotation":270,"texture":"#0"}}},{"from":[7.63801,2.48611,4.16447],"to":[8.36153,3.20963,5.88799],"rotation":{"angle":45,"axis":"x","origin":[7.99977,7.95113,8]},"faces":{"north":{"uv":[4.875,11.5,4.5,11.875],"texture":"#0"},"east":{"uv":[11.875,1,11,1.375],"texture":"#0"},"south":{"uv":[11.875,4.5,11.5,4.875],"texture":"#0"},"west":{"uv":[11,1,11.875,1.375],"texture":"#0"},"up":{"uv":[11,1.375,11.875,1],"rotation":90,"texture":"#0"},"down":{"uv":[11,1,11.875,1.375],"rotation":270,"texture":"#0"}}},{"from":[7.74654,9.38533,1.54078],"to":[8.253,10.89179,2.04724],"rotation":{"angle":-22.5,"axis":"x","origin":[7.99977,7.95113,8]},"faces":{"north":{"uv":[11.75,2.5,11.5,3.25],"texture":"#0"},"east":{"uv":[2.75,11.5,2.5,12.25],"texture":"#0"},"south":{"uv":[3.75,11.5,3.5,12.25],"texture":"#0"},"west":{"uv":[3.25,11.5,3,12.25],"texture":"#0"},"up":{"uv":[12,0.25,12.25,0],"rotation":90,"texture":"#0"},"down":{"uv":[12,1,12.25,1.25],"rotation":270,"texture":"#0"}}},{"from":[7.74977,6,6.00023],"to":[8.24977,29,10.00023],"rotation":{"angle":0,"axis":"y","origin":[7.99977,7.95113,8]},"faces":{"north":{"uv":[4.5,0,4.75,11.5],"texture":"#0"},"east":{"uv":[0,0,2,11.5],"texture":"#0"},"south":{"uv":[4,0,4.25,11.5],"texture":"#0"},"west":{"uv":[0,0,2,11.5],"texture":"#0"},"up":{"uv":[12.5,0.75,10.5,0.5],"rotation":90,"texture":"#0"},"down":{"uv":[12.5,2,10.5,2.25],"rotation":270,"texture":"#0"}}},{"from":[7.64977,21.37766,21.42685],"to":[8.34977,24.27766,24.32685],"rotation":{"angle":-45,"axis":"x","origin":[7.99977,7.95113,8]},"faces":{"north":{"uv":[8.5,1,8.875,2.5],"texture":"#0"},"east":{"uv":[5,3,6.5,4.5],"texture":"#0"},"south":{"uv":[8.5,1,8.875,2.5],"texture":"#0"},"west":{"uv":[5,3,6.5,4.5],"rotation":90,"texture":"#0"},"up":{"uv":[8.875,2.5,8.5,1],"rotation":180,"texture":"#0"},"down":{"uv":[8.875,1,8.5,2.5],"texture":"#0"}}},{"from":[7.64977,8.38032,7.77322],"to":[8.34977,8.88032,8.27322],"rotation":{"angle":45,"axis":"x","origin":[7.99977,7.95113,8]},"faces":{"north":{"uv":[11.5,10.5,11.875,10.75],"texture":"#0"},"east":{"uv":[1.5,12,1.75,12.25],"texture":"#0"},"south":{"uv":[11.5,10,11.875,10.25],"texture":"#0"},"west":{"uv":[12,1.5,12.25,1.75],"texture":"#0"},"up":{"uv":[11.75,11.375,11.5,11],"rotation":90,"texture":"#0"},"down":{"uv":[11.75,11.5,11.5,11.875],"rotation":270,"texture":"#0"}}},{"from":[7.64977,7.67321,7.06611],"to":[8.34977,8.17321,7.56611],"rotation":{"angle":45,"axis":"x","origin":[7.99977,7.95113,8]},"faces":{"north":{"uv":[11.5,10.5,11.875,10.75],"texture":"#0"},"east":{"uv":[1.5,12,1.75,12.25],"texture":"#0"},"south":{"uv":[11.5,10,11.875,10.25],"texture":"#0"},"west":{"uv":[12,1.5,12.25,1.75],"texture":"#0"},"up":{"uv":[11.75,11.375,11.5,11],"rotation":90,"texture":"#0"},"down":{"uv":[11.75,11.5,11.5,11.875],"rotation":270,"texture":"#0"}}},{"from":[7.64977,12.17192,3.07954],"to":[8.34977,12.87192,3.77954],"rotation":{"angle":45,"axis":"x","origin":[7.99977,7.95113,8]},"faces":{"north":{"uv":[11.5,8.5,11.875,8.875],"texture":"#0"},"east":{"uv":[8,11.5,8.375,11.875],"texture":"#0"},"south":{"uv":[11.5,8,11.875,8.375],"texture":"#0"},"west":{"uv":[8.5,11.5,8.875,11.875],"texture":"#0"},"up":{"uv":[9.375,11.875,9,11.5],"rotation":90,"texture":"#0"},"down":{"uv":[11.875,9.5,11.5,9.875],"rotation":270,"texture":"#0"}}}],"gui_light":"front","display":{"thirdperson_righthand":{"translation":[0,4,1.5],"scale":[0.7,0.7,0.7]},"thirdperson_lefthand":{"translation":[0,4,1.5],"scale":[0.7,0.7,0.7]},"firstperson_righthand":{"rotation":[-15,0,0],"translation":[3.5,0,0]},"firstperson_lefthand":{"rotation":[-15,0,0],"translation":[4,0,0]},"ground":{"rotation":[60,0,0],"scale":[0.5,0.5,0.5]},"gui":{"rotation":[90,-135,90],"translation":[-2,-1.25,0],"scale":[0.6,0.6,0.6]},"head":{"scale":[0,0,0]},"fixed":{"rotation":[90,-45,90],"translation":[5.25,-5.25,-2],"scale":[1.78398,1.78398,1.78398]}}}