{"sources":[{"source":"entity","prefix":"entity/","type":"directory"},{"type":"single","resource":"rainbowset:rainbowset/rainbow_glasses"},{"type":"single","resource":"sorcery_pack:sorcery_pack/scythe_sorcery_fx"},{"type":"single","resource":"iadeco:furniture/black_chandeliers/fire"},{"type":"single","resource":"elitecreatures:new_year_tools/glasses"},{"type":"single","resource":"elitecreatures:diablo_weapon_set/diablo_texture"},{"type":"single","resource":"whiscey:items/asura_sword"},{"type":"single","resource":"iadeco:paintings/stage"},{"type":"single","resource":"elitecreatures:diablo_weapon_set/animation"},{"type":"single","resource":"iafestivities:halloween/dark_jack_o_lantern_backpack/pumpkin_stem_connected"},{"type":"single","resource":"elitecreatures:new_year_tools/new_year_set_2"},{"type":"single","resource":"_iainternal:icons/icon_left_blue"},{"type":"single","resource":"elitecreatures:new_year_tools/champagnes_animation01"},{"type":"single","resource":"elitecreatures:new_year_tools/champanges"},{"type":"single","resource":"sorcery_pack:sorcery_pack/blade_sorcery"},{"type":"single","resource":"iafestivities:halloween/pumpkin"},{"type":"single","resource":"elitecreatures:zoo_cozy_cosmetic/bear_hand"},{"type":"single","resource":"social_media_robot:entity/twitter_robot/twitter_robot"},{"type":"single","resource":"rainbowset:rainbowset/rainbow_hoe"},{"type":"single","resource":"elitecreatures:zoo_cozy_cosmetic/frog_hand"},{"type":"single","resource":"_iainternal:icons/icon_next_orange"},{"type":"single","resource":"elitecreatures:new_year_tools/sparkler_animation1"},{"type":"single","resource":"elitecreatures:zoo_cozy_cosmetic/bear_hat"},{"type":"single","resource":"seamelody:seamelody/seamelody_staff"},{"type":"single","resource":"elitecreatures:new_year_tools/cb_4_t"},{"type":"single","resource":"demonset:demonset/demon_axe"},{"type":"single","resource":"rainbowset:rainbowset/rainbow_pickaxe"},{"type":"single","resource":"iadeco:paintings/pool"},{"type":"single","resource":"iadeco:paintings/match"},{"type":"single","resource":"garnet_pack:garnet_pack/axe_garnet"},{"type":"single","resource":"iadeco:paintings/courbet"},{"type":"single","resource":"garnet_pack:garnet_pack/staff_garnet_fx"},{"type":"single","resource":"elitecreatures:zoo_cozy_cosmetic/rabbit_ears"},{"type":"single","resource":"garnet_pack:garnet_pack/bow_garnet"},{"type":"single","resource":"elitecreatures:zoo_cozy_cosmetic/rabbit_carrot"},{"type":"single","resource":"elitecreatures:zoo_cozy_cosmetic/frog_backpack"},{"type":"single","resource":"lootcrat_plus:normal/emerald_box"},{"type":"single","resource":"modelengine:entity/nocsy_otter_v2"},{"type":"single","resource":"iadeco:paintings/back"},{"type":"single","resource":"cutiecatpack:cutiecatpack/catfishing_rod"},{"type":"single","resource":"iadeco:furniture/small_fountain/water_still"},{"type":"single","resource":"iadeco:furniture/school_chair_lazy/book_paper"},{"type":"single","resource":"sorcery_pack:sorcery_pack/blade_sorcery_fx"},{"type":"single","resource":"lootcrat_plus:rare/iron_box"},{"type":"single","resource":"garnet_pack:garnet_pack/sword_garnet"},{"type":"single","resource":"iadeco:furniture/black_and_red_chandeliers/fire"},{"type":"single","resource":"garnet_pack:garnet_pack/spear_garnet"},{"type":"single","resource":"modelengine:entity/chibi_zombie"},{"type":"single","resource":"_iainternal:icons/icon_cancel"},{"type":"single","resource":"lootcrat_plus:rare/amethyst_box"},{"type":"single","resource":"elitecreatures:new_year_tools/cb_2_a"},{"type":"single","resource":"cutiecatpack:cutiecatpack/catshovel"},{"type":"single","resource":"iafestivities:halloween/witch_hat"},{"type":"single","resource":"elitecreatures:new_year_tools/backpacks"},{"type":"single","resource":"cutiecatpack:cutiecatpack/catbackpack"},{"type":"single","resource":"_iainternal:icons/icon_arrow_chest"},{"type":"single","resource":"elitecreatures:new_year_tools/glasses_animation1"},{"type":"single","resource":"iafestivities:halloween/bones_backpack/bone"},{"type":"single","resource":"social_media_robot:entity/instagame_robot/instagame_robot"},{"type":"single","resource":"whiscey:items/dragon_hammer_flame"},{"type":"single","resource":"elitecreatures:new_year_tools/partyhat_animation5"},{"type":"single","resource":"seamelody:seamelody/seamelody_trident"},{"type":"single","resource":"elitecreatures:new_year_tools/partyhat_animation4"},{"type":"single","resource":"elitecreatures:new_year_tools/sparkler"},{"type":"single","resource":"elitecreatures:new_year_tools/partyhat_animation1"},{"type":"single","resource":"elitecreatures:new_year_tools/partyhat_animation3"},{"type":"single","resource":"elitecreatures:new_year_tools/partyhat_animation2"},{"type":"single","resource":"elitecreatures:new_year_tools/cp_glass"},{"type":"single","resource":"elitecreatures:diablo_weapon_set/leggings_icon"},{"type":"single","resource":"lootcrat_plus:normal/gold_box"},{"type":"single","resource":"rainbowset:rainbowset/rainbow_sword"},{"type":"single","resource":"rainbowset:rainbowset/rainbow_axe"},{"type":"single","resource":"iadeco:furniture/school_chair_lazy/toy"},{"type":"single","resource":"cutiecatpack:cutiecatpack/catfishing_rod_cast"},{"type":"single","resource":"elitecreatures:new_year_tools/backpack"},{"type":"single","resource":"demonset:demonset/demon_sword"},{"type":"single","resource":"lootcrat_plus:normal/amethyst_box"},{"type":"single","resource":"lootcrat_plus:rare/emerald_box"},{"type":"single","resource":"sorcery_pack:sorcery_pack/scythe_sorcery"},{"type":"single","resource":"social_media_robot:entity/twitch_robot/twitch_robot"},{"type":"single","resource":"sorcery_pack:sorcery_pack/staff_sorcery_fx1"},{"type":"single","resource":"elitecreatures:new_year_tools/2023partyhat_animation5"},{"type":"single","resource":"sorcery_pack:sorcery_pack/staff_sorcery_fx2"},{"type":"single","resource":"cutiecatpack:cutiecatpack/cathoe"},{"type":"single","resource":"elitecreatures:diablo_weapon_set/chestplate_icon"},{"type":"single","resource":"iadeco:paintings/skull_and_roses"},{"type":"single","resource":"lootcrat_plus:rare/diamond_box"},{"type":"single","resource":"demonset:demonset/demon_helmet"},{"type":"single","resource":"iafestivities:halloween/axe_hat"},{"type":"single","resource":"iadeco:paintings/graham"},{"type":"single","resource":"iafestivities:halloween/bones_backpack/skull"},{"type":"single","resource":"elitecreatures:diablo_weapon_set/boots_icon"},{"type":"single","resource":"iadeco:furniture/school_chair_lazy/book"},{"type":"single","resource":"lootcrat_plus:rare/gold_box"},{"type":"single","resource":"iadeco:furniture/white_chandeliers/fire"},{"type":"single","resource":"sorcery_pack:sorcery_pack/axe_sorcery"},{"type":"single","resource":"elitecreatures:new_year_tools/cb_1_a"},{"type":"single","resource":"demonset:demonset/demon_shield"},{"type":"single","resource":"iafestivities:halloween/pumpkin_side"},{"type":"single","resource":"iafestivities:halloween/cave_spider_backpack"},{"type":"single","resource":"rainbowset:rainbowset/rainbow_shovel"},{"type":"single","resource":"meowmi:meowmi/meowmi_ears"},{"type":"single","resource":"rainbowset:rainbowset/rainbow_chest"},{"type":"single","resource":"rainbowset:rainbowset/rainbow_bow"},{"type":"single","resource":"elitecreatures:new_year_tools/cba"},{"type":"single","resource":"rainbowset:rainbowset/rainbow_bow3"},{"type":"single","resource":"iafestivities:halloween/spider_backpack"},{"type":"single","resource":"rainbowset:rainbowset/rainbow_bow2"},{"type":"single","resource":"iadeco:paintings/void"},{"type":"single","resource":"whiscey:items/golden_dragon_hammer"},{"type":"single","resource":"rainbowset:rainbowset/rainbow_bow1"},{"type":"single","resource":"elitecreatures:new_year_tools/cb_2_t"},{"type":"single","resource":"social_media_robot:entity/youtube_robot/youtube_robot"},{"type":"single","resource":"iadeco:furniture/small_fountain/water_flow"},{"type":"single","resource":"whiscey:items/asura_wings"},{"type":"single","resource":"lunar_studios:fflash/wizard_staves/fire_stave"},{"type":"single","resource":"elitecreatures:new_year_tools/ballon"},{"type":"single","resource":"elitecreatures:zoo_cozy_cosmetic/frog_hat"},{"type":"single","resource":"sorcery_pack:sorcery_pack/staff_sorcery"},{"type":"single","resource":"cutiecatpack:cutiecatpack/cataxe"},{"type":"single","resource":"elitecreatures:new_year_tools/new_year_set"},{"type":"single","resource":"rainbowset:rainbowset/rainbow_sniper"},{"type":"single","resource":"elitecreatures:zoo_cozy_cosmetic/bear_backpack"},{"type":"single","resource":"whiscey:items/thug_life"},{"type":"single","resource":"meowmi:meowmi/meowmi_wings"},{"type":"single","resource":"iafestivities:halloween/dark_jack_o_lantern_backpack/pumpkin_side"},{"type":"single","resource":"rainbowset:rainbowset/rainbow_key"},{"type":"single","resource":"entity/chest/normal"},{"type":"single","resource":"entity/skeleton/wither_skeleton"},{"type":"single","resource":"whiscey:items/thug_life_smoke"},{"type":"single","resource":"cutiecatpack:cutiecatpack/catpickaxe"},{"type":"single","resource":"lunar_studios:fflash/wizard_staves/electric_stave"},{"type":"single","resource":"elitecreatures:zoo_cozy_cosmetic/rabbit_backpack"},{"type":"single","resource":"social_media_robot:entity/tiktok_robot/tiktok_robot"},{"type":"single","resource":"cutiecatpack:cutiecatpack/catstaff"},{"type":"single","resource":"iafestivities:halloween/pumpkin_stem_connected"},{"type":"single","resource":"cutiecatpack:cutiecatpack/catears"},{"type":"single","resource":"garnet_pack:garnet_pack/bow_garnet_fx"},{"type":"single","resource":"_iainternal:icons/icon_back_orange"},{"type":"single","resource":"iafestivities:halloween/dark_jack_o_lantern_backpack/pumpkin"},{"type":"single","resource":"garnet_pack:garnet_pack/staff_garnet"},{"type":"single","resource":"sorcery_pack:sorcery_pack/axe_sorcery_fx"},{"type":"single","resource":"elitecreatures:new_year_tools/cb_4_a"},{"type":"single","resource":"cutiecatpack:cutiecatpack/catbow_1"},{"type":"single","resource":"elitecreatures:new_year_tools/firework_box"},{"type":"single","resource":"seamelody:seamelody/seamelody_harp"},{"type":"single","resource":"cutiecatpack:cutiecatpack/catbow_2"},{"type":"single","resource":"_iainternal:icons/icon_search"},{"type":"single","resource":"_iainternal:icons/icon_right_blue"},{"type":"single","resource":"meowmi:meowmi/meowmi_sword"},{"type":"single","resource":"elitecreatures:new_year_tools/cb_4"},{"type":"single","resource":"lootcrat_plus:normal/iron_box"},{"type":"single","resource":"elitecreatures:new_year_tools/cb_3"},{"type":"single","resource":"elitecreatures:diablo_weapon_set/helmet_icon"},{"type":"single","resource":"elitecreatures:new_year_tools/cb_2"},{"type":"single","resource":"lootcrat_plus:normal/diamond_box"},{"type":"single","resource":"elitecreatures:new_year_tools/cb_1_t"},{"type":"single","resource":"cutiecatpack:cutiecatpack/catsword"},{"type":"single","resource":"iafestivities:halloween/decorative_pumpkin/fire"},{"type":"single","resource":"whiscey:items/drill"},{"type":"single","resource":"elitecreatures:new_year_tools/cb_1"},{"type":"single","resource":"sorcery_pack:sorcery_pack/bow_sorcery"},{"type":"single","resource":"iafestivities:halloween/bat_wings"},{"type":"single","resource":"iadeco:paintings/wanderer"},{"type":"single","resource":"cutiecatpack:cutiecatpack/catbow"},{"type":"single","resource":"social_media_robot:entity/discord_robot/discord_robot"},{"type":"single","resource":"iadeco:paintings/burst"},{"type":"single","resource":"lunar_studios:fflash/wizard_staves/amethyst_stave"}]}