{
  "sources": [
    {
      "source": "entity",
      "prefix": "entity/",
      "type": "directory"
    },
    {
      "type": "single",
      "resource": "rainbowset:rainbowset/rainbow_glasses"
    },
    {
      "type": "single",
      "resource": "sorcery_pack:sorcery_pack/scythe_sorcery_fx"
    },
    {
      "type": "single",
      "resource": "furnituresplus:furnituresplus/acacia_log_top"
    },
    {
      "type": "single",
      "resource": "iadeco:furniture/black_chandeliers/fire"
    },
    {
      "type": "single",
      "resource": "elitecreatures:new_year_tools/glasses"
    },
    {
      "type": "single",
      "resource": "whiscey:items/asura_sword"
    },
    {
      "type": "single",
      "resource": "ice_set:ice_shovel"
    },
    {
      "type": "single",
      "resource": "iadeco:paintings/stage"
    },
    {
      "type": "single",
      "resource": "ancient_solar:ancient_solar/ancient_solar_scythe"
    },
    {
      "type": "single",
      "resource": "elitecreatures:new_year_tools/new_year_set_2"
    },
    {
      "type": "single",
      "resource": "ancient_sky:ancient_sky/ancient_sky_sword"
    },
    {
      "type": "single",
      "resource": "elitecreatures:new_year_tools/champanges"
    },
    {
      "type": "single",
      "resource": "furnituresplus:furnituresplus/chiseled_quartz_block_top"
    },
    {
      "type": "single",
      "resource": "sorcery_pack:sorcery_pack/blade_sorcery"
    },
    {
      "type": "single",
      "resource": "iafestivities:halloween/pumpkin"
    },
    {
      "type": "single",
      "resource": "social_media_robot:entity/twitter_robot/twitter_robot"
    },
    {
      "type": "single",
      "resource": "rainbowset:rainbowset/rainbow_hoe"
    },
    {
      "type": "single",
      "resource": "elitecreatures:zoo_cozy_cosmetic/frog_hand"
    },
    {
      "type": "single",
      "resource": "_iainternal:icons/icon_next_orange"
    },
    {
      "type": "single",
      "resource": "elitecreatures:new_year_tools/sparkler_animation1"
    },
    {
      "type": "single",
      "resource": "elitecreatures:zoo_cozy_cosmetic/bear_hat"
    },
    {
      "type": "single",
      "resource": "ancient_solar:ancient_solar/ancient_solar_bow1"
    },
    {
      "type": "single",
      "resource": "profession_cosmetics:viking_shield"
    },
    {
      "type": "single",
      "resource": "furnituresplus:furnituresplus/amethystepainta"
    },
    {
      "type": "single",
      "resource": "elitecreatures:new_year_tools/cb_4_t"
    },
    {
      "type": "single",
      "resource": "iadeco:paintings/courbet"
    },
    {
      "type": "single",
      "resource": "garnet_pack:garnet_pack/staff_garnet_fx"
    },
    {
      "type": "single",
      "resource": "furnituresplus:furnituresplus/ironpaint"
    },
    {
      "type": "single",
      "resource": "ancient_sky:ancient_sky/ancient_sky_shield"
    },
    {
      "type": "single",
      "resource": "furnituresplus:furnituresplus/iron_block"
    },
    {
      "type": "single",
      "resource": "elitecreatures:zoo_cozy_cosmetic/frog_backpack"
    },
    {
      "type": "single",
      "resource": "modelengine:entity/nocsy_otter_v2"
    },
    {
      "type": "single",
      "resource": "iadeco:paintings/back"
    },
    {
      "type": "single",
      "resource": "furnituresplus:furnituresplus/gray_wool"
    },
    {
      "type": "single",
      "resource": "sorcery_pack:sorcery_pack/blade_sorcery_fx"
    },
    {
      "type": "single",
      "resource": "lootcrat_plus:rare/iron_box"
    },
    {
      "type": "single",
      "resource": "garnet_pack:garnet_pack/sword_garnet"
    },
    {
      "type": "single",
      "resource": "ancient_solar:ancient_solar/ancient_solar_knife"
    },
    {
      "type": "single",
      "resource": "iadeco:furniture/black_and_red_chandeliers/fire"
    },
    {
      "type": "single",
      "resource": "garnet_pack:garnet_pack/spear_garnet"
    },
    {
      "type": "single",
      "resource": "furnituresplus:furnituresplus/black_wool"
    },
    {
      "type": "single",
      "resource": "_iainternal:icons/icon_cancel"
    },
    {
      "type": "single",
      "resource": "profession_cosmetics:miner_hat"
    },
    {
      "type": "single",
      "resource": "elitecreatures:new_year_tools/cb_2_a"
    },
    {
      "type": "single",
      "resource": "iafestivities:halloween/witch_hat"
    },
    {
      "type": "single",
      "resource": "_iainternal:icons/icon_arrow_chest"
    },
    {
      "type": "single",
      "resource": "profession_cosmetics:wizard_cape"
    },
    {
      "type": "single",
      "resource": "iafestivities:halloween/bones_backpack/bone"
    },
    {
      "type": "single",
      "resource": "social_media_robot:entity/instagame_robot/instagame_robot"
    },
    {
      "type": "single",
      "resource": "elitecreatures:new_year_tools/partyhat_animation5"
    },
    {
      "type": "single",
      "resource": "seamelody:seamelody/seamelody_trident"
    },
    {
      "type": "single",
      "resource": "elitecreatures:new_year_tools/partyhat_animation4"
    },
    {
      "type": "single",
      "resource": "elitecreatures:new_year_tools/sparkler"
    },
    {
      "type": "single",
      "resource": "elitecreatures:new_year_tools/partyhat_animation1"
    },
    {
      "type": "single",
      "resource": "elitecreatures:new_year_tools/partyhat_animation3"
    },
    {
      "type": "single",
      "resource": "elitecreatures:new_year_tools/partyhat_animation2"
    },
    {
      "type": "single",
      "resource": "elitecreatures:diablo_weapon_set/leggings_icon"
    },
    {
      "type": "single",
      "resource": "ancient_sage:ancient_sage/ancient_sage_bow1"
    },
    {
      "type": "single",
      "resource": "lootcrat_plus:normal/gold_box"
    },
    {
      "type": "single",
      "resource": "rainbowset:rainbowset/rainbow_sword"
    },
    {
      "type": "single",
      "resource": "profession_cosmetics:wizard_staff"
    },
    {
      "type": "single",
      "resource": "iadeco:furniture/school_chair_lazy/toy"
    },
    {
      "type": "single",
      "resource": "cutiecatpack:cutiecatpack/catfishing_rod_cast"
    },
    {
      "type": "single",
      "resource": "elitecreatures:new_year_tools/backpack"
    },
    {
      "type": "single",
      "resource": "demonset:demonset/demon_sword"
    },
    {
      "type": "single",
      "resource": "lootcrat_plus:rare/emerald_box"
    },
    {
      "type": "single",
      "resource": "profession_cosmetics:miner_backpack"
    },
    {
      "type": "single",
      "resource": "furnituresplus:furnituresplus/yellowpaint"
    },
    {
      "type": "single",
      "resource": "sorcery_pack:sorcery_pack/scythe_sorcery"
    },
    {
      "type": "single",
      "resource": "social_media_robot:entity/twitch_robot/twitch_robot"
    },
    {
      "type": "single",
      "resource": "sorcery_pack:sorcery_pack/staff_sorcery_fx1"
    },
    {
      "type": "single",
      "resource": "ancient_sky:ancient_sky/ancient_sky_wings"
    },
    {
      "type": "single",
      "resource": "ancient_solar:ancient_solar/ancient_solar_shield"
    },
    {
      "type": "single",
      "resource": "sorcery_pack:sorcery_pack/staff_sorcery_fx2"
    },
    {
      "type": "single",
      "resource": "ice_set:ice_hoe"
    },
    {
      "type": "single",
      "resource": "furnituresplus:furnituresplus/amethyst_block"
    },
    {
      "type": "single",
      "resource": "lootcrat_plus:rare/diamond_box"
    },
    {
      "type": "single",
      "resource": "demonset:demonset/demon_helmet"
    },
    {
      "type": "single",
      "resource": "ancient_solar:ancient_solar/ancient_solar_spear"
    },
    {
      "type": "single",
      "resource": "iadeco:paintings/graham"
    },
    {
      "type": "single",
      "resource": "iafestivities:halloween/bones_backpack/skull"
    },
    {
      "type": "single",
      "resource": "furnituresplus:furnituresplus/cyanfabric"
    },
    {
      "type": "single",
      "resource": "elitecreatures:diablo_weapon_set/boots_icon"
    },
    {
      "type": "single",
      "resource": "lootcrat_plus:rare/gold_box"
    },
    {
      "type": "single",
      "resource": "ancient_sage:ancient_sage/ancient_sage_scythe"
    },
    {
      "type": "single",
      "resource": "sorcery_pack:sorcery_pack/axe_sorcery"
    },
    {
      "type": "single",
      "resource": "elitecreatures:new_year_tools/cb_1_a"
    },
    {
      "type": "single",
      "resource": "demonset:demonset/demon_shield"
    },
    {
      "type": "single",
      "resource": "iafestivities:halloween/pumpkin_side"
    },
    {
      "type": "single",
      "resource": "rainbowset:rainbowset/rainbow_shovel"
    },
    {
      "type": "single",
      "resource": "meowmi:meowmi/meowmi_ears"
    },
    {
      "type": "single",
      "resource": "rainbowset:rainbowset/rainbow_chest"
    },
    {
      "type": "single",
      "resource": "rainbowset:rainbowset/rainbow_bow"
    },
    {
      "type": "single",
      "resource": "rainbowset:rainbowset/rainbow_bow3"
    },
    {
      "type": "single",
      "resource": "furnituresplus:furnituresplus/redpaint"
    },
    {
      "type": "single",
      "resource": "rainbowset:rainbowset/rainbow_bow2"
    },
    {
      "type": "single",
      "resource": "iadeco:paintings/void"
    },
    {
      "type": "single",
      "resource": "whiscey:items/golden_dragon_hammer"
    },
    {
      "type": "single",
      "resource": "rainbowset:rainbowset/rainbow_bow1"
    },
    {
      "type": "single",
      "resource": "elitecreatures:new_year_tools/cb_2_t"
    },
    {
      "type": "single",
      "resource": "social_media_robot:entity/youtube_robot/youtube_robot"
    },
    {
      "type": "single",
      "resource": "ice_set:ice_sword"
    },
    {
      "type": "single",
      "resource": "whiscey:items/asura_wings"
    },
    {
      "type": "single",
      "resource": "lunar_studios:fflash/wizard_staves/fire_stave"
    },
    {
      "type": "single",
      "resource": "elitecreatures:new_year_tools/ballon"
    },
    {
      "type": "single",
      "resource": "elitecreatures:zoo_cozy_cosmetic/frog_hat"
    },
    {
      "type": "single",
      "resource": "ancient_sky:ancient_sky/ancient_sky_scythe"
    },
    {
      "type": "single",
      "resource": "cutiecatpack:cutiecatpack/cataxe"
    },
    {
      "type": "single",
      "resource": "ice_set:ice_pickaxe"
    },
    {
      "type": "single",
      "resource": "furnituresplus:furnituresplus/crossjungletr"
    },
    {
      "type": "single",
      "resource": "elitecreatures:zoo_cozy_cosmetic/bear_backpack"
    },
    {
      "type": "single",
      "resource": "meowmi:meowmi/meowmi_wings"
    },
    {
      "type": "single",
      "resource": "iafestivities:halloween/dark_jack_o_lantern_backpack/pumpkin_side"
    },
    {
      "type": "single",
      "resource": "ancient_solar:ancient_solar/ancient_solar_wings"
    },
    {
      "type": "single",
      "resource": "entity/chest/normal"
    },
    {
      "type": "single",
      "resource": "ancient_sky:ancient_sky/ancient_sky_spear"
    },
    {
      "type": "single",
      "resource": "cutiecatpack:cutiecatpack/catpickaxe"
    },
    {
      "type": "single",
      "resource": "elitecreatures:zoo_cozy_cosmetic/rabbit_backpack"
    },
    {
      "type": "single",
      "resource": "cutiecatpack:cutiecatpack/catstaff"
    },
    {
      "type": "single",
      "resource": "ice_set:ice_helmet"
    },
    {
      "type": "single",
      "resource": "profession_cosmetics:viking_axe"
    },
    {
      "type": "single",
      "resource": "iafestivities:halloween/pumpkin_stem_connected"
    },
    {
      "type": "single",
      "resource": "ancient_solar:ancient_solar/ancient_solar_sword"
    },
    {
      "type": "single",
      "resource": "garnet_pack:garnet_pack/staff_garnet"
    },
    {
      "type": "single",
      "resource": "sorcery_pack:sorcery_pack/axe_sorcery_fx"
    },
    {
      "type": "single",
      "resource": "elitecreatures:new_year_tools/firework_box"
    },
    {
      "type": "single",
      "resource": "_iainternal:icons/icon_search"
    },
    {
      "type": "single",
      "resource": "meowmi:meowmi/meowmi_sword"
    },
    {
      "type": "single",
      "resource": "lootcrat_plus:normal/iron_box"
    },
    {
      "type": "single",
      "resource": "whiscey:items/deadmau5"
    },
    {
      "type": "single",
      "resource": "elitecreatures:diablo_weapon_set/helmet_icon"
    },
    {
      "type": "single",
      "resource": "elitecreatures:new_year_tools/cb_1_t"
    },
    {
      "type": "single",
      "resource": "furnituresplus:furnituresplus/red_wool"
    },
    {
      "type": "single",
      "resource": "furnituresplus:furnituresplus/amethystefabric"
    },
    {
      "type": "single",
      "resource": "furnituresplus:furnituresplus/quartz_pillar_top"
    },
    {
      "type": "single",
      "resource": "sorcery_pack:sorcery_pack/bow_sorcery"
    },
    {
      "type": "single",
      "resource": "ice_set:ice_chestplate"
    },
    {
      "type": "single",
      "resource": "iafestivities:halloween/bat_wings"
    },
    {
      "type": "single",
      "resource": "iadeco:paintings/wanderer"
    },
    {
      "type": "single",
      "resource": "social_media_robot:entity/discord_robot/discord_robot"
    },
    {
      "type": "single",
      "resource": "lunar_studios:fflash/wizard_staves/amethyst_stave"
    },
    {
      "type": "single",
      "resource": "furnituresplus:furnituresplus/acaciaplanksframed"
    },
    {
      "type": "single",
      "resource": "furnituresplus:furnituresplus/grayacaciapaint"
    },
    {
      "type": "single",
      "resource": "elitecreatures:diablo_weapon_set/diablo_texture"
    },
    {
      "type": "single",
      "resource": "ancient_sky:ancient_sky/ancient_sky_knife"
    },
    {
      "type": "single",
      "resource": "elitecreatures:diablo_weapon_set/animation"
    },
    {
      "type": "single",
      "resource": "iafestivities:halloween/dark_jack_o_lantern_backpack/pumpkin_stem_connected"
    },
    {
      "type": "single",
      "resource": "_iainternal:icons/icon_left_blue"
    },
    {
      "type": "single",
      "resource": "furnituresplus:furnituresplus/greenpaintb"
    },
    {
      "type": "single",
      "resource": "elitecreatures:new_year_tools/champagnes_animation01"
    },
    {
      "type": "single",
      "resource": "worm_hammer:worm_hammer_head"
    },
    {
      "type": "single",
      "resource": "furnituresplus:furnituresplus/amethyst_cluster"
    },
    {
      "type": "single",
      "resource": "ancient_sky:ancient_sky/ancient_sky_bow"
    },
    {
      "type": "single",
      "resource": "elitecreatures:zoo_cozy_cosmetic/bear_hand"
    },
    {
      "type": "single",
      "resource": "ancient_sage:ancient_sage/ancient_sage_shield"
    },
    {
      "type": "single",
      "resource": "ancient_sage:ancient_sage/ancient_sage_wings"
    },
    {
      "type": "single",
      "resource": "seamelody:seamelody/seamelody_staff"
    },
    {
      "type": "single",
      "resource": "demonset:demonset/demon_axe"
    },
    {
      "type": "single",
      "resource": "rainbowset:rainbowset/rainbow_pickaxe"
    },
    {
      "type": "single",
      "resource": "furnituresplus:furnituresplus/bluepaint"
    },
    {
      "type": "single",
      "resource": "iadeco:paintings/pool"
    },
    {
      "type": "single",
      "resource": "iadeco:paintings/match"
    },
    {
      "type": "single",
      "resource": "garnet_pack:garnet_pack/axe_garnet"
    },
    {
      "type": "single",
      "resource": "ancient_sky:ancient_sky/ancient_sky_bow1"
    },
    {
      "type": "single",
      "resource": "elitecreatures:zoo_cozy_cosmetic/rabbit_ears"
    },
    {
      "type": "single",
      "resource": "profession_cosmetics:wizard_hat"
    },
    {
      "type": "single",
      "resource": "garnet_pack:garnet_pack/bow_garnet"
    },
    {
      "type": "single",
      "resource": "elitecreatures:zoo_cozy_cosmetic/rabbit_carrot"
    },
    {
      "type": "single",
      "resource": "lootcrat_plus:normal/emerald_box"
    },
    {
      "type": "single",
      "resource": "furnituresplus:furnituresplus/oakchisledr"
    },
    {
      "type": "single",
      "resource": "furnituresplus:furnituresplus/light_gray_wool"
    },
    {
      "type": "single",
      "resource": "whiscey:items/deadmau5_big"
    },
    {
      "type": "single",
      "resource": "cutiecatpack:cutiecatpack/catfishing_rod"
    },
    {
      "type": "single",
      "resource": "iadeco:furniture/small_fountain/water_still"
    },
    {
      "type": "single",
      "resource": "furnituresplus:furnituresplus/white_wool"
    },
    {
      "type": "single",
      "resource": "iadeco:furniture/school_chair_lazy/book_paper"
    },
    {
      "type": "single",
      "resource": "modelengine:entity/chibi_zombie"
    },
    {
      "type": "single",
      "resource": "furnituresplus:furnituresplus/acacia_planks"
    },
    {
      "type": "single",
      "resource": "furnituresplus:furnituresplus/blackfabric"
    },
    {
      "type": "single",
      "resource": "furnituresplus:furnituresplus/quartz_pillar"
    },
    {
      "type": "single",
      "resource": "profession_cosmetics:viking_hat"
    },
    {
      "type": "single",
      "resource": "lootcrat_plus:rare/amethyst_box"
    },
    {
      "type": "single",
      "resource": "cutiecatpack:cutiecatpack/catshovel"
    },
    {
      "type": "single",
      "resource": "elitecreatures:new_year_tools/backpacks"
    },
    {
      "type": "single",
      "resource": "cutiecatpack:cutiecatpack/catbackpack"
    },
    {
      "type": "single",
      "resource": "elitecreatures:new_year_tools/glasses_animation1"
    },
    {
      "type": "single",
      "resource": "furnituresplus:furnituresplus/redfabricmotif"
    },
    {
      "type": "single",
      "resource": "whiscey:items/dragon_hammer_flame"
    },
    {
      "type": "single",
      "resource": "elitecreatures:new_year_tools/cp_glass"
    },
    {
      "type": "single",
      "resource": "profession_cosmetics:miner_lamp"
    },
    {
      "type": "single",
      "resource": "rainbowset:rainbowset/rainbow_axe"
    },
    {
      "type": "single",
      "resource": "lootcrat_plus:normal/amethyst_box"
    },
    {
      "type": "single",
      "resource": "furnituresplus:furnituresplus/cyansummer"
    },
    {
      "type": "single",
      "resource": "ancient_sage:ancient_sage/ancient_sage_sword"
    },
    {
      "type": "single",
      "resource": "furnituresplus:furnituresplus/oak_planks"
    },
    {
      "type": "single",
      "resource": "elitecreatures:new_year_tools/2023partyhat_animation5"
    },
    {
      "type": "single",
      "resource": "cutiecatpack:cutiecatpack/cathoe"
    },
    {
      "type": "single",
      "resource": "elitecreatures:diablo_weapon_set/chestplate_icon"
    },
    {
      "type": "single",
      "resource": "iadeco:paintings/skull_and_roses"
    },
    {
      "type": "single",
      "resource": "furnituresplus:furnituresplus/acaciagrayfabric"
    },
    {
      "type": "single",
      "resource": "iafestivities:halloween/axe_hat"
    },
    {
      "type": "single",
      "resource": "iadeco:furniture/school_chair_lazy/book"
    },
    {
      "type": "single",
      "resource": "iadeco:furniture/white_chandeliers/fire"
    },
    {
      "type": "single",
      "resource": "ice_set:ice_boots"
    },
    {
      "type": "single",
      "resource": "iafestivities:halloween/cave_spider_backpack"
    },
    {
      "type": "single",
      "resource": "ancient_sage:ancient_sage/ancient_sage_spear"
    },
    {
      "type": "single",
      "resource": "ice_set:ice_leggings"
    },
    {
      "type": "single",
      "resource": "elitecreatures:new_year_tools/cba"
    },
    {
      "type": "single",
      "resource": "iafestivities:halloween/spider_backpack"
    },
    {
      "type": "single",
      "resource": "ancient_solar:ancient_solar/ancient_solar_bow"
    },
    {
      "type": "single",
      "resource": "furnituresplus:furnituresplus/spruce_planks"
    },
    {
      "type": "single",
      "resource": "iadeco:furniture/small_fountain/water_flow"
    },
    {
      "type": "single",
      "resource": "furnituresplus:furnituresplus/yellowfabric"
    },
    {
      "type": "single",
      "resource": "ancient_sage:ancient_sage/ancient_sage_bow"
    },
    {
      "type": "single",
      "resource": "sorcery_pack:sorcery_pack/staff_sorcery"
    },
    {
      "type": "single",
      "resource": "ice_set:ice_axe"
    },
    {
      "type": "single",
      "resource": "elitecreatures:new_year_tools/new_year_set"
    },
    {
      "type": "single",
      "resource": "rainbowset:rainbowset/rainbow_sniper"
    },
    {
      "type": "single",
      "resource": "whiscey:items/thug_life"
    },
    {
      "type": "single",
      "resource": "rainbowset:rainbowset/rainbow_key"
    },
    {
      "type": "single",
      "resource": "furnituresplus:furnituresplus/amethystpaintb"
    },
    {
      "type": "single",
      "resource": "entity/skeleton/wither_skeleton"
    },
    {
      "type": "single",
      "resource": "whiscey:items/thug_life_smoke"
    },
    {
      "type": "single",
      "resource": "lunar_studios:fflash/wizard_staves/electric_stave"
    },
    {
      "type": "single",
      "resource": "social_media_robot:entity/tiktok_robot/tiktok_robot"
    },
    {
      "type": "single",
      "resource": "furnituresplus:furnituresplus/note_block"
    },
    {
      "type": "single",
      "resource": "cutiecatpack:cutiecatpack/catears"
    },
    {
      "type": "single",
      "resource": "garnet_pack:garnet_pack/bow_garnet_fx"
    },
    {
      "type": "single",
      "resource": "_iainternal:icons/icon_back_orange"
    },
    {
      "type": "single",
      "resource": "iafestivities:halloween/dark_jack_o_lantern_backpack/pumpkin"
    },
    {
      "type": "single",
      "resource": "furnituresplus:furnituresplus/junglechiselb"
    },
    {
      "type": "single",
      "resource": "furnituresplus:furnituresplus/junglechisela"
    },
    {
      "type": "single",
      "resource": "elitecreatures:new_year_tools/cb_4_a"
    },
    {
      "type": "single",
      "resource": "cutiecatpack:cutiecatpack/catbow_1"
    },
    {
      "type": "single",
      "resource": "seamelody:seamelody/seamelody_harp"
    },
    {
      "type": "single",
      "resource": "cutiecatpack:cutiecatpack/catbow_2"
    },
    {
      "type": "single",
      "resource": "furnituresplus:furnituresplus/redpaintc"
    },
    {
      "type": "single",
      "resource": "furnituresplus:furnituresplus/redpaintb"
    },
    {
      "type": "single",
      "resource": "_iainternal:icons/icon_right_blue"
    },
    {
      "type": "single",
      "resource": "furnituresplus:furnituresplus/greenpaint"
    },
    {
      "type": "single",
      "resource": "elitecreatures:new_year_tools/cb_4"
    },
    {
      "type": "single",
      "resource": "elitecreatures:new_year_tools/cb_3"
    },
    {
      "type": "single",
      "resource": "elitecreatures:new_year_tools/cb_2"
    },
    {
      "type": "single",
      "resource": "lootcrat_plus:normal/diamond_box"
    },
    {
      "type": "single",
      "resource": "cutiecatpack:cutiecatpack/catsword"
    },
    {
      "type": "single",
      "resource": "iafestivities:halloween/decorative_pumpkin/fire"
    },
    {
      "type": "single",
      "resource": "whiscey:items/drill"
    },
    {
      "type": "single",
      "resource": "elitecreatures:new_year_tools/cb_1"
    },
    {
      "type": "single",
      "resource": "furnituresplus:furnituresplus/cyan_wool"
    },
    {
      "type": "single",
      "resource": "worm_hammer:handle"
    },
    {
      "type": "single",
      "resource": "cutiecatpack:cutiecatpack/catbow"
    },
    {
      "type": "single",
      "resource": "iadeco:paintings/burst"
    },
    {
      "type": "single",
      "resource": "furnituresplus:furnituresplus/summerpaint"
    },
    {
      "type": "single",
      "resource": "ancient_sage:ancient_sage/ancient_sage_knife"
    }
  ]
}