{"textures":{"0":"modelengine:entity/chibi_zombie"},"elements":[{"from":[6.857143,9.142858,7.428571],"to":[9.714286,12.0,7.428571],"rotation":{"angle":0.0,"axis":"y","origin":[8.0,8.0,8.0]},"faces":{"east":{"uv":[14.5,5.0,16.0,7.5],"rotation":0,"texture":"#0","tintindex":0},"south":{"uv":[13.5,2.5,16.0,5.0],"rotation":0,"texture":"#0","tintindex":0},"north":{"uv":[13.5,0.0,16.0,2.5],"rotation":0,"texture":"#0","tintindex":0},"west":{"uv":[14.5,5.0,16.0,7.5],"rotation":0,"texture":"#0","tintindex":0},"up":{"uv":[16.0,6.5,13.5,5.0],"rotation":0,"texture":"#0","tintindex":0},"down":{"uv":[16.0,5.0,13.5,6.5],"rotation":0,"texture":"#0","tintindex":0}}},{"from":[8.0,9.142858,9.142858],"to":[10.857143,12.0,9.142858],"rotation":{"angle":0.0,"axis":"y","origin":[8.0,8.0,8.0]},"faces":{"east":{"uv":[14.5,5.0,16.0,7.5],"rotation":0,"texture":"#0","tintindex":0},"south":{"uv":[16.0,0.0,13.5,2.5],"rotation":0,"texture":"#0","tintindex":0},"north":{"uv":[13.5,0.0,16.0,2.5],"rotation":0,"texture":"#0","tintindex":0},"west":{"uv":[14.5,5.0,16.0,7.5],"rotation":0,"texture":"#0","tintindex":0},"up":{"uv":[16.0,6.5,13.5,5.0],"rotation":0,"texture":"#0","tintindex":0},"down":{"uv":[16.0,5.0,13.5,6.5],"rotation":0,"texture":"#0","tintindex":0}}},{"from":[6.857143,9.714286,7.428571],"to":[9.714286,12.571428,9.142858],"rotation":{"angle":0.0,"axis":"y","origin":[8.0,8.0,8.0]},"faces":{"east":{"uv":[7.0,5.0,8.5,7.5],"rotation":0,"texture":"#0","tintindex":0},"south":{"uv":[7.0,2.5,9.5,5.0],"rotation":0,"texture":"#0","tintindex":0},"north":{"uv":[7.0,0.0,9.5,2.5],"rotation":0,"texture":"#0","tintindex":0},"west":{"uv":[7.0,7.5,8.5,10.0],"rotation":0,"texture":"#0","tintindex":0},"up":{"uv":[11.0,6.5,8.5,5.0],"rotation":0,"texture":"#0","tintindex":0},"down":{"uv":[11.0,6.5,8.5,8.0],"rotation":0,"texture":"#0","tintindex":0}}}],"display":{"head":{"translation":[0.0,-6.4,0.0],"scale":[4.0,4.0,4.0]}}}