{"textures":{"0":"modelengine:entity/chibi_zombie"},"elements":[{"from":[6.285714,8.0,5.8571424],"to":[10.285714,11.428572,9.857143],"rotation":{"angle":0.0,"axis":"y","origin":[8.285714,9.714286,7.857143]},"faces":{"east":{"uv":[3.5,3.0,7.0,6.0],"rotation":0,"texture":"#0","tintindex":0},"south":{"uv":[3.5,6.0,7.0,9.0],"rotation":0,"texture":"#0","tintindex":0},"north":{"uv":[3.5,0.0,7.0,3.0],"rotation":0,"texture":"#0","tintindex":0},"west":{"uv":[0.0,7.0,3.5,10.0],"rotation":0,"texture":"#0","tintindex":0},"up":{"uv":[3.5,3.5,0.0,0.0],"rotation":0,"texture":"#0","tintindex":0},"down":{"uv":[3.5,3.5,0.0,7.0],"rotation":0,"texture":"#0","tintindex":0}}}],"display":{"head":{"translation":[0.0,-6.4,0.0],"scale":[4.0,4.0,4.0]}}}