{"textures":{"0":"modelengine:entity/chibi_zombie"},"elements":[{"from":[7.285714,5.714286,7.5714283],"to":[8.0,8.0,8.428572],"rotation":{"angle":0.0,"axis":"y","origin":[9.142858,3.7142854,7.714286]},"faces":{"east":{"uv":[8.5,8.0,9.5,10.0],"rotation":0,"texture":"#0","tintindex":0},"south":{"uv":[10.5,1.0,11.0,3.0],"rotation":0,"texture":"#0","tintindex":0},"north":{"uv":[3.0,10.0,3.5,12.0],"rotation":0,"texture":"#0","tintindex":0},"west":{"uv":[3.5,9.0,4.5,11.0],"rotation":0,"texture":"#0","tintindex":0},"up":{"uv":[7.0,10.0,6.5,9.0],"rotation":0,"texture":"#0","tintindex":0},"down":{"uv":[11.0,10.0,10.5,11.0],"rotation":0,"texture":"#0","tintindex":0}}}],"display":{"head":{"translation":[0.0,-6.4,0.0],"scale":[4.0,4.0,4.0]}}}