{"textures":{"0":"modelengine:entity/chibi_zombie"},"elements":[{"from":[7.9900465,5.7092314,7.564391],"to":[8.704332,7.994946,8.421534],"rotation":{"angle":0.0,"axis":"y","origin":[9.704332,3.7092314,7.707248]},"faces":{"east":{"uv":[4.5,9.0,5.5,11.0],"rotation":0,"texture":"#0","tintindex":0},"south":{"uv":[10.5,8.0,11.0,10.0],"rotation":0,"texture":"#0","tintindex":0},"north":{"uv":[10.5,3.0,11.0,5.0],"rotation":0,"texture":"#0","tintindex":0},"west":{"uv":[5.5,9.0,6.5,11.0],"rotation":0,"texture":"#0","tintindex":0},"up":{"uv":[11.5,2.0,11.0,1.0],"rotation":0,"texture":"#0","tintindex":0},"down":{"uv":[11.5,2.0,11.0,3.0],"rotation":0,"texture":"#0","tintindex":0}}}],"display":{"head":{"translation":[0.0,-6.4,0.0],"scale":[4.0,4.0,4.0]}}}