{"textures":{"0":"modelengine:entity/chibi_zombie"},"elements":[{"from":[7.142857,6.285714,7.5714283],"to":[8.0,8.0,8.428572],"rotation":{"angle":0.0,"axis":"y","origin":[7.5714283,7.142857,8.0]},"faces":{"east":{"uv":[0.0,10.0,1.0,11.5],"rotation":0,"texture":"#0","tintindex":0},"south":{"uv":[1.0,10.0,2.0,11.5],"rotation":0,"texture":"#0","tintindex":0},"north":{"uv":[9.5,9.5,10.5,11.0],"rotation":0,"texture":"#0","tintindex":0},"west":{"uv":[2.0,10.0,3.0,11.5],"rotation":0,"texture":"#0","tintindex":0},"up":{"uv":[9.5,11.0,8.5,10.0],"rotation":0,"texture":"#0","tintindex":0},"down":{"uv":[11.5,0.0,10.5,1.0],"rotation":0,"texture":"#0","tintindex":0}}}],"display":{"head":{"translation":[0.0,-6.4,0.0],"scale":[4.0,4.0,4.0]}}}