{
  "credit": "Made with Blockbench",
  "texture_size": [
    128,
    128
  ],
  "textures": {
    "4": "rainbowset:rainbowset/rainbow_sword"
  },
  "elements": [
    {
      "from": [
        7.08575,
        -9.58115,
        7.07991
      ],
      "to": [
        8.90575,
        -6.66915,
        8.89991
      ],
      "rotation": {
        "angle": 0,
        "axis": "y",
        "origin": [
          8,
          3.31477,
          7.9905
        ]
      },
      "faces": {
        "north": {
          "uv": [
            9,
            0,
            9.5,
            1
          ],
          "texture": "#4"
        },
        "east": {
          "uv": [
            9.5,
            1.5,
            10,
            2.5
          ],
          "texture": "#4"
        },
        "south": {
          "uv": [
            9.5,
            0,
            10,
            1
          ],
          "texture": "#4"
        },
        "west": {
          "uv": [
            8.5,
            2,
            9,
            3
          ],
          "texture": "#4"
        },
        "up": {
          "uv": [
            12,
            4,
            11.5,
            3.5
          ],
          "texture": "#4"
        },
        "down": {
          "uv": [
            12,
            0,
            11.5,
            0.5
          ],
          "texture": "#4"
        }
      }
    },
    {
      "from": [
        7.08575,
        -2.73085,
        7.07991
      ],
      "to": [
        8.90575,
        0.18115,
        8.89991
      ],
      "rotation": {
        "angle": 0,
        "axis": "y",
        "origin": [
          8,
          -12.71477,
          7.9905
        ]
      },
      "faces": {
        "north": {
          "uv": [
            9,
            1,
            9.5,
            0
          ],
          "texture": "#4"
        },
        "east": {
          "uv": [
            9.5,
            2.5,
            10,
            1.5
          ],
          "texture": "#4"
        },
        "south": {
          "uv": [
            9.5,
            1,
            10,
            0
          ],
          "texture": "#4"
        },
        "west": {
          "uv": [
            8.5,
            3,
            9,
            2
          ],
          "texture": "#4"
        },
        "up": {
          "uv": [
            12,
            0.5,
            11.5,
            0
          ],
          "texture": "#4"
        },
        "down": {
          "uv": [
            12,
            3.5,
            11.5,
            4
          ],
          "texture": "#4"
        }
      }
    },
    {
      "from": [
        7.26775,
        -6.66915,
        7.26191
      ],
      "to": [
        8.72375,
        -1.93715,
        8.71791
      ],
      "rotation": {
        "angle": 0,
        "axis": "y",
        "origin": [
          8,
          3.31477,
          7.9905
        ]
      },
      "faces": {
        "north": {
          "uv": [
            8,
            0,
            8.5,
            1.5
          ],
          "texture": "#4"
        },
        "east": {
          "uv": [
            8.5,
            0.5,
            9,
            2
          ],
          "texture": "#4"
        },
        "south": {
          "uv": [
            9,
            1,
            9.5,
            2.5
          ],
          "texture": "#4"
        },
        "west": {
          "uv": [
            8,
            1.5,
            8.5,
            3
          ],
          "texture": "#4"
        },
        "up": {
          "uv": [
            12,
            1,
            11.5,
            0.5
          ],
          "texture": "#4"
        },
        "down": {
          "uv": [
            12,
            1,
            11.5,
            1.5
          ],
          "texture": "#4"
        }
      }
    },
    {
      "from": [
        6.73358,
        -9.74457,
        6.71682
      ],
      "to": [
        9.2834,
        -8.9647,
        9.263
      ],
      "rotation": {
        "angle": 0,
        "axis": "y",
        "origin": [
          8,
          3.31477,
          7.9905
        ]
      },
      "faces": {
        "north": {
          "uv": [
            10,
            3.75,
            10.5,
            4
          ],
          "texture": "#4"
        },
        "east": {
          "uv": [
            10,
            3.75,
            10.5,
            4
          ],
          "texture": "#4"
        },
        "south": {
          "uv": [
            10,
            3.75,
            10.5,
            4
          ],
          "texture": "#4"
        },
        "west": {
          "uv": [
            10,
            3.75,
            10.5,
            4
          ],
          "texture": "#4"
        },
        "up": {
          "uv": [
            10,
            3.75,
            10.5,
            3.875
          ],
          "rotation": 90,
          "texture": "#4"
        },
        "down": {
          "uv": [
            10,
            3.875,
            10.5,
            4
          ],
          "rotation": 90,
          "texture": "#4"
        }
      }
    },
    {
      "from": [
        6.73358,
        -8.28857,
        6.71682
      ],
      "to": [
        9.2834,
        -7.5087,
        9.263
      ],
      "rotation": {
        "angle": 0,
        "axis": "y",
        "origin": [
          8,
          4.77077,
          7.9905
        ]
      },
      "faces": {
        "north": {
          "uv": [
            10,
            3.75,
            10.5,
            4
          ],
          "texture": "#4"
        },
        "east": {
          "uv": [
            10,
            3.75,
            10.5,
            4
          ],
          "texture": "#4"
        },
        "south": {
          "uv": [
            10,
            3.75,
            10.5,
            4
          ],
          "texture": "#4"
        },
        "west": {
          "uv": [
            10,
            3.75,
            10.5,
            4
          ],
          "texture": "#4"
        },
        "up": {
          "uv": [
            10,
            3.75,
            10.5,
            3.875
          ],
          "rotation": 90,
          "texture": "#4"
        },
        "down": {
          "uv": [
            10,
            3.875,
            10.5,
            4
          ],
          "rotation": 90,
          "texture": "#4"
        }
      }
    },
    {
      "from": [
        7.63358,
        -0.92386,
        11.01268
      ],
      "to": [
        8.3834,
        0.52232,
        11.69255
      ],
      "rotation": {
        "angle": 22.5,
        "axis": "x",
        "origin": [
          8.00849,
          -1.79695,
          11.40261
        ]
      },
      "faces": {
        "north": {
          "uv": [
            10.5,
            4,
            10,
            3.875
          ],
          "rotation": 90,
          "texture": "#4"
        },
        "east": {
          "uv": [
            10.5,
            4,
            10,
            3.75
          ],
          "rotation": 90,
          "texture": "#4"
        },
        "south": {
          "uv": [
            10.5,
            3.875,
            10,
            3.75
          ],
          "rotation": 270,
          "texture": "#4"
        },
        "west": {
          "uv": [
            10.5,
            4,
            10,
            3.75
          ],
          "rotation": 270,
          "texture": "#4"
        },
        "up": {
          "uv": [
            10.5,
            4,
            10,
            3.75
          ],
          "texture": "#4"
        },
        "down": {
          "uv": [
            10.5,
            4,
            10,
            3.75
          ],
          "rotation": 180,
          "texture": "#4"
        }
      }
    },
    {
      "from": [
        7.63358,
        -0.92386,
        4.30745
      ],
      "to": [
        8.3834,
        0.52232,
        4.98732
      ],
      "rotation": {
        "angle": -22.5,
        "axis": "x",
        "origin": [
          8.00849,
          -1.79695,
          4.59739
        ]
      },
      "faces": {
        "north": {
          "uv": [
            10.5,
            3.75,
            10,
            3.875
          ],
          "rotation": 270,
          "texture": "#4"
        },
        "east": {
          "uv": [
            10.5,
            3.75,
            10,
            4
          ],
          "rotation": 90,
          "texture": "#4"
        },
        "south": {
          "uv": [
            10.5,
            3.875,
            10,
            4
          ],
          "rotation": 90,
          "texture": "#4"
        },
        "west": {
          "uv": [
            10.5,
            3.75,
            10,
            4
          ],
          "rotation": 270,
          "texture": "#4"
        },
        "up": {
          "uv": [
            10.5,
            3.75,
            10,
            4
          ],
          "texture": "#4"
        },
        "down": {
          "uv": [
            10.5,
            3.75,
            10,
            4
          ],
          "rotation": 180,
          "texture": "#4"
        }
      }
    },
    {
      "from": [
        7.73358,
        0.23482,
        12.00315
      ],
      "to": [
        8.2834,
        1.181,
        12.48302
      ],
      "rotation": {
        "angle": 0,
        "axis": "y",
        "origin": [
          8.00849,
          -0.63827,
          12.19309
        ]
      },
      "faces": {
        "north": {
          "uv": [
            10.5,
            4,
            10,
            3.875
          ],
          "rotation": 90,
          "texture": "#4"
        },
        "east": {
          "uv": [
            10.5,
            4,
            10,
            3.75
          ],
          "rotation": 90,
          "texture": "#4"
        },
        "south": {
          "uv": [
            10.5,
            3.875,
            10,
            3.75
          ],
          "rotation": 270,
          "texture": "#4"
        },
        "west": {
          "uv": [
            10.5,
            4,
            10,
            3.75
          ],
          "rotation": 270,
          "texture": "#4"
        },
        "up": {
          "uv": [
            10.5,
            4,
            10,
            3.75
          ],
          "texture": "#4"
        },
        "down": {
          "uv": [
            10.5,
            4,
            10,
            3.75
          ],
          "rotation": 180,
          "texture": "#4"
        }
      }
    },
    {
      "from": [
        7.73358,
        0.23482,
        3.51698
      ],
      "to": [
        8.2834,
        1.181,
        3.99685
      ],
      "rotation": {
        "angle": 0,
        "axis": "y",
        "origin": [
          8.00849,
          -0.63827,
          3.80691
        ]
      },
      "faces": {
        "north": {
          "uv": [
            10.5,
            3.75,
            10,
            3.875
          ],
          "rotation": 270,
          "texture": "#4"
        },
        "east": {
          "uv": [
            10.5,
            3.75,
            10,
            4
          ],
          "rotation": 90,
          "texture": "#4"
        },
        "south": {
          "uv": [
            10.5,
            3.875,
            10,
            4
          ],
          "rotation": 90,
          "texture": "#4"
        },
        "west": {
          "uv": [
            10.5,
            3.75,
            10,
            4
          ],
          "rotation": 270,
          "texture": "#4"
        },
        "up": {
          "uv": [
            10.5,
            3.75,
            10,
            4
          ],
          "texture": "#4"
        },
        "down": {
          "uv": [
            10.5,
            3.75,
            10,
            4
          ],
          "rotation": 180,
          "texture": "#4"
        }
      }
    },
    {
      "from": [
        7.83358,
        1.13651,
        12.45934
      ],
      "to": [
        8.1834,
        1.98269,
        12.73921
      ],
      "rotation": {
        "angle": -22.5,
        "axis": "x",
        "origin": [
          8.00849,
          0.26342,
          12.54927
        ]
      },
      "faces": {
        "north": {
          "uv": [
            10.5,
            4,
            10,
            3.875
          ],
          "rotation": 90,
          "texture": "#4"
        },
        "east": {
          "uv": [
            10.5,
            4,
            10,
            3.75
          ],
          "rotation": 90,
          "texture": "#4"
        },
        "south": {
          "uv": [
            10.5,
            3.875,
            10,
            3.75
          ],
          "rotation": 270,
          "texture": "#4"
        },
        "west": {
          "uv": [
            10.5,
            4,
            10,
            3.75
          ],
          "rotation": 270,
          "texture": "#4"
        },
        "up": {
          "uv": [
            10.5,
            4,
            10,
            3.75
          ],
          "texture": "#4"
        },
        "down": {
          "uv": [
            10.5,
            4,
            10,
            3.75
          ],
          "rotation": 180,
          "texture": "#4"
        }
      }
    },
    {
      "from": [
        7.83358,
        1.13651,
        3.26079
      ],
      "to": [
        8.1834,
        1.98269,
        3.54066
      ],
      "rotation": {
        "angle": 22.5,
        "axis": "x",
        "origin": [
          8.00849,
          0.26342,
          3.45073
        ]
      },
      "faces": {
        "north": {
          "uv": [
            10.5,
            3.75,
            10,
            3.875
          ],
          "rotation": 270,
          "texture": "#4"
        },
        "east": {
          "uv": [
            10.5,
            3.75,
            10,
            4
          ],
          "rotation": 90,
          "texture": "#4"
        },
        "south": {
          "uv": [
            10.5,
            3.875,
            10,
            4
          ],
          "rotation": 90,
          "texture": "#4"
        },
        "west": {
          "uv": [
            10.5,
            3.75,
            10,
            4
          ],
          "rotation": 270,
          "texture": "#4"
        },
        "up": {
          "uv": [
            10.5,
            3.75,
            10,
            4
          ],
          "texture": "#4"
        },
        "down": {
          "uv": [
            10.5,
            3.75,
            10,
            4
          ],
          "rotation": 180,
          "texture": "#4"
        }
      }
    },
    {
      "from": [
        7.33358,
        -1.48738,
        10.25478
      ],
      "to": [
        8.6834,
        -0.70751,
        12.00096
      ],
      "rotation": {
        "angle": 22.5,
        "axis": "x",
        "origin": [
          8.00849,
          -1.09744,
          11.12787
        ]
      },
      "faces": {
        "north": {
          "uv": [
            10,
            3.75,
            10.5,
            4
          ],
          "texture": "#4"
        },
        "east": {
          "uv": [
            10,
            3.75,
            10.5,
            4
          ],
          "texture": "#4"
        },
        "south": {
          "uv": [
            10,
            3.75,
            10.5,
            4
          ],
          "texture": "#4"
        },
        "west": {
          "uv": [
            10,
            3.75,
            10.5,
            4
          ],
          "texture": "#4"
        },
        "up": {
          "uv": [
            10,
            3.75,
            10.5,
            3.875
          ],
          "rotation": 90,
          "texture": "#4"
        },
        "down": {
          "uv": [
            10,
            3.875,
            10.5,
            4
          ],
          "rotation": 90,
          "texture": "#4"
        }
      }
    },
    {
      "from": [
        7.33358,
        -1.48738,
        3.99904
      ],
      "to": [
        8.6834,
        -0.70751,
        5.74522
      ],
      "rotation": {
        "angle": -22.5,
        "axis": "x",
        "origin": [
          8.00849,
          -1.09744,
          4.87213
        ]
      },
      "faces": {
        "north": {
          "uv": [
            10.5,
            3.75,
            10,
            4
          ],
          "texture": "#4"
        },
        "east": {
          "uv": [
            10.5,
            3.75,
            10,
            4
          ],
          "texture": "#4"
        },
        "south": {
          "uv": [
            10.5,
            3.75,
            10,
            4
          ],
          "texture": "#4"
        },
        "west": {
          "uv": [
            10.5,
            3.75,
            10,
            4
          ],
          "texture": "#4"
        },
        "up": {
          "uv": [
            10.5,
            3.75,
            10,
            3.875
          ],
          "rotation": 90,
          "texture": "#4"
        },
        "down": {
          "uv": [
            10.5,
            3.875,
            10,
            4
          ],
          "rotation": 90,
          "texture": "#4"
        }
      }
    },
    {
      "from": [
        7.13358,
        -1.48738,
        8.5086
      ],
      "to": [
        8.8834,
        -0.70751,
        10.25478
      ],
      "rotation": {
        "angle": 22.5,
        "axis": "x",
        "origin": [
          8.00849,
          -1.09744,
          11.12787
        ]
      },
      "faces": {
        "north": {
          "uv": [
            10,
            3.75,
            10.5,
            4
          ],
          "rotation": 180,
          "texture": "#4"
        },
        "east": {
          "uv": [
            10,
            3.75,
            10.5,
            4
          ],
          "rotation": 180,
          "texture": "#4"
        },
        "south": {
          "uv": [
            10,
            3.75,
            10.5,
            4
          ],
          "rotation": 180,
          "texture": "#4"
        },
        "west": {
          "uv": [
            10,
            3.75,
            10.5,
            4
          ],
          "rotation": 180,
          "texture": "#4"
        },
        "up": {
          "uv": [
            10,
            3.875,
            10.5,
            4
          ],
          "rotation": 90,
          "texture": "#4"
        },
        "down": {
          "uv": [
            10,
            3.75,
            10.5,
            3.875
          ],
          "rotation": 90,
          "texture": "#4"
        }
      }
    },
    {
      "from": [
        7.13358,
        -1.48738,
        5.74522
      ],
      "to": [
        8.8834,
        -0.70751,
        7.4914
      ],
      "rotation": {
        "angle": -22.5,
        "axis": "x",
        "origin": [
          8.00849,
          -1.09744,
          4.87213
        ]
      },
      "faces": {
        "north": {
          "uv": [
            10.5,
            3.75,
            10,
            4
          ],
          "rotation": 180,
          "texture": "#4"
        },
        "east": {
          "uv": [
            10.5,
            3.75,
            10,
            4
          ],
          "rotation": 180,
          "texture": "#4"
        },
        "south": {
          "uv": [
            10.5,
            3.75,
            10,
            4
          ],
          "rotation": 180,
          "texture": "#4"
        },
        "west": {
          "uv": [
            10.5,
            3.75,
            10,
            4
          ],
          "rotation": 180,
          "texture": "#4"
        },
        "up": {
          "uv": [
            10.5,
            3.875,
            10,
            4
          ],
          "rotation": 90,
          "texture": "#4"
        },
        "down": {
          "uv": [
            10.5,
            3.75,
            10,
            3.875
          ],
          "rotation": 90,
          "texture": "#4"
        }
      }
    },
    {
      "from": [
        6.73358,
        -1.91857,
        6.71682
      ],
      "to": [
        9.2834,
        -0.4107,
        9.263
      ],
      "rotation": {
        "angle": 0,
        "axis": "y",
        "origin": [
          8,
          11.14077,
          7.9905
        ]
      },
      "faces": {
        "north": {
          "uv": [
            10,
            3.625,
            10.5,
            4
          ],
          "texture": "#4"
        },
        "east": {
          "uv": [
            10,
            3.625,
            10.5,
            4
          ],
          "texture": "#4"
        },
        "south": {
          "uv": [
            10,
            3.625,
            10.5,
            4
          ],
          "texture": "#4"
        },
        "west": {
          "uv": [
            10,
            3.625,
            10.5,
            4
          ],
          "texture": "#4"
        },
        "up": {
          "uv": [
            10,
            3.75,
            10.5,
            3.875
          ],
          "rotation": 90,
          "texture": "#4"
        },
        "down": {
          "uv": [
            10,
            3.875,
            10.5,
            4
          ],
          "rotation": 90,
          "texture": "#4"
        }
      }
    },
    {
      "from": [
        6.91558,
        -7.03564,
        -2.35165
      ],
      "to": [
        9.1014,
        -5.39127,
        -0.71547
      ],
      "rotation": {
        "angle": -45,
        "axis": "x",
        "origin": [
          8,
          3.31477,
          7.9905
        ]
      },
      "faces": {
        "north": {
          "uv": [
            10.5,
            3,
            10.625,
            3.5
          ],
          "texture": "#4"
        },
        "east": {
          "uv": [
            11,
            3,
            10.5,
            3.5
          ],
          "texture": "#4"
        },
        "south": {
          "uv": [
            10.875,
            3,
            11,
            3.5
          ],
          "texture": "#4"
        },
        "west": {
          "uv": [
            10.5,
            3,
            11,
            3.5
          ],
          "texture": "#4"
        },
        "up": {
          "uv": [
            10.5,
            3,
            11,
            3.125
          ],
          "rotation": 90,
          "texture": "#4"
        },
        "down": {
          "uv": [
            10.5,
            3,
            10.625,
            3.5
          ],
          "texture": "#4"
        }
      }
    },
    {
      "from": [
        6.91558,
        -4.83948,
        -2.71565
      ],
      "to": [
        9.1014,
        -2.83111,
        -0.71547
      ],
      "rotation": {
        "angle": 45,
        "axis": "x",
        "origin": [
          8,
          -13.54552,
          7.9905
        ]
      },
      "faces": {
        "north": {
          "uv": [
            10.5,
            3.5,
            10.625,
            3
          ],
          "texture": "#4"
        },
        "east": {
          "uv": [
            11,
            3.5,
            10.5,
            3
          ],
          "texture": "#4"
        },
        "south": {
          "uv": [
            10.875,
            3.5,
            11,
            3
          ],
          "texture": "#4"
        },
        "west": {
          "uv": [
            10.5,
            3.5,
            11,
            3
          ],
          "texture": "#4"
        },
        "up": {
          "uv": [
            10.5,
            3.5,
            10.625,
            3
          ],
          "texture": "#4"
        },
        "down": {
          "uv": [
            11,
            3,
            10.5,
            3.125
          ],
          "rotation": 90,
          "texture": "#4"
        }
      }
    },
    {
      "from": [
        8.01558,
        -2.91623,
        7.59763
      ],
      "to": [
        8.01558,
        32,
        8.306
      ],
      "rotation": {
        "angle": 0,
        "axis": "y",
        "origin": [
          8.00849,
          5.18386,
          17.60181
        ]
      },
      "faces": {
        "north": {
          "uv": [
            11,
            3,
            10.5,
            3.125
          ],
          "rotation": 270,
          "texture": "#4"
        },
        "east": {
          "uv": [
            2.5,
            16,
            2.375,
            8
          ],
          "texture": "#4"
        },
        "south": {
          "uv": [
            10.5,
            3.5,
            10.625,
            3
          ],
          "texture": "#4"
        },
        "west": {
          "uv": [
            2.375,
            16,
            2.5,
            8
          ],
          "texture": "#4"
        },
        "up": {
          "uv": [
            10.5,
            3.5,
            10.625,
            3
          ],
          "rotation": 180,
          "texture": "#4"
        },
        "down": {
          "uv": [
            10.875,
            3.5,
            11,
            3
          ],
          "texture": "#4"
        }
      }
    },
    {
      "from": [
        8.01558,
        -2.91623,
        -2.41074
      ],
      "to": [
        8.01558,
        32,
        7.59763
      ],
      "rotation": {
        "angle": 0,
        "axis": "y",
        "origin": [
          8.00849,
          5.18386,
          7.59344
        ]
      },
      "faces": {
        "north": {
          "uv": [
            11,
            3,
            10.5,
            3.125
          ],
          "rotation": 270,
          "texture": "#4"
        },
        "east": {
          "uv": [
            2.375,
            16,
            0,
            8
          ],
          "texture": "#4"
        },
        "south": {
          "uv": [
            10.5,
            3.5,
            10.625,
            3
          ],
          "texture": "#4"
        },
        "west": {
          "uv": [
            0,
            16,
            2.375,
            8
          ],
          "texture": "#4"
        },
        "up": {
          "uv": [
            10.5,
            3.5,
            10.625,
            3
          ],
          "rotation": 180,
          "texture": "#4"
        },
        "down": {
          "uv": [
            10.875,
            3.5,
            11,
            3
          ],
          "texture": "#4"
        }
      }
    },
    {
      "from": [
        8.01558,
        -2.91623,
        8.306
      ],
      "to": [
        8.01558,
        32,
        18.31437
      ],
      "rotation": {
        "angle": 0,
        "axis": "y",
        "origin": [
          8.00849,
          5.18386,
          8.31018
        ]
      },
      "faces": {
        "north": {
          "uv": [
            10.625,
            3.5,
            10.5,
            3
          ],
          "texture": "#4"
        },
        "east": {
          "uv": [
            0,
            16,
            2.375,
            8
          ],
          "texture": "#4"
        },
        "south": {
          "uv": [
            11,
            3.125,
            10.5,
            3
          ],
          "rotation": 270,
          "texture": "#4"
        },
        "west": {
          "uv": [
            2.375,
            16,
            0,
            8
          ],
          "texture": "#4"
        },
        "up": {
          "uv": [
            10.5,
            3,
            10.625,
            3.5
          ],
          "rotation": 180,
          "texture": "#4"
        },
        "down": {
          "uv": [
            10.875,
            3,
            11,
            3.5
          ],
          "texture": "#4"
        }
      }
    },
    {
      "from": [
        7.55858,
        -0.28523,
        8.75676
      ],
      "to": [
        8.3584,
        1.16095,
        9.43663
      ],
      "rotation": {
        "angle": 0,
        "axis": "y",
        "origin": [
          8.00849,
          0.98786,
          9.1467
        ]
      },
      "faces": {
        "north": {
          "uv": [
            10,
            3.875,
            10.5,
            3.75
          ],
          "rotation": 90,
          "texture": "#4"
        },
        "east": {
          "uv": [
            10,
            4,
            10.5,
            3.75
          ],
          "rotation": 270,
          "texture": "#4"
        },
        "south": {
          "uv": [
            10,
            4,
            10.5,
            3.875
          ],
          "rotation": 270,
          "texture": "#4"
        },
        "west": {
          "uv": [
            10,
            4,
            10.5,
            3.75
          ],
          "rotation": 90,
          "texture": "#4"
        },
        "up": {
          "uv": [
            10,
            4,
            10.5,
            3.75
          ],
          "rotation": 180,
          "texture": "#4"
        },
        "down": {
          "uv": [
            10,
            4,
            10.5,
            3.75
          ],
          "texture": "#4"
        }
      }
    },
    {
      "from": [
        7.55858,
        -0.28523,
        6.56337
      ],
      "to": [
        8.3584,
        1.16095,
        7.24324
      ],
      "rotation": {
        "angle": 0,
        "axis": "y",
        "origin": [
          8.00849,
          0.98786,
          6.8533
        ]
      },
      "faces": {
        "north": {
          "uv": [
            10,
            3.875,
            10.5,
            4
          ],
          "rotation": 270,
          "texture": "#4"
        },
        "east": {
          "uv": [
            10,
            3.75,
            10.5,
            4
          ],
          "rotation": 270,
          "texture": "#4"
        },
        "south": {
          "uv": [
            10,
            3.75,
            10.5,
            3.875
          ],
          "rotation": 90,
          "texture": "#4"
        },
        "west": {
          "uv": [
            10,
            3.75,
            10.5,
            4
          ],
          "rotation": 90,
          "texture": "#4"
        },
        "up": {
          "uv": [
            10,
            3.75,
            10.5,
            4
          ],
          "rotation": 180,
          "texture": "#4"
        },
        "down": {
          "uv": [
            10,
            3.75,
            10.5,
            4
          ],
          "texture": "#4"
        }
      }
    },
    {
      "from": [
        7.55858,
        1.16095,
        6.56337
      ],
      "to": [
        8.3584,
        2.60713,
        7.24324
      ],
      "rotation": {
        "angle": 0,
        "axis": "y",
        "origin": [
          8.00849,
          2.43404,
          6.8533
        ]
      },
      "faces": {
        "north": {
          "uv": [
            10,
            3.875,
            10.5,
            4
          ],
          "rotation": 270,
          "texture": "#4"
        },
        "east": {
          "uv": [
            10,
            3.75,
            10.5,
            4
          ],
          "rotation": 270,
          "texture": "#4"
        },
        "south": {
          "uv": [
            10,
            3.75,
            10.5,
            3.875
          ],
          "rotation": 90,
          "texture": "#4"
        },
        "west": {
          "uv": [
            10,
            3.75,
            10.5,
            4
          ],
          "rotation": 90,
          "texture": "#4"
        },
        "up": {
          "uv": [
            10,
            3.75,
            10.5,
            4
          ],
          "rotation": 180,
          "texture": "#4"
        },
        "down": {
          "uv": [
            10,
            3.75,
            10.5,
            4
          ],
          "texture": "#4"
        }
      }
    },
    {
      "from": [
        7.55858,
        1.16095,
        8.75676
      ],
      "to": [
        8.3584,
        2.60713,
        9.43663
      ],
      "rotation": {
        "angle": 0,
        "axis": "y",
        "origin": [
          8.00849,
          2.43404,
          9.1467
        ]
      },
      "faces": {
        "north": {
          "uv": [
            10,
            3.875,
            10.5,
            3.75
          ],
          "rotation": 90,
          "texture": "#4"
        },
        "east": {
          "uv": [
            10,
            4,
            10.5,
            3.75
          ],
          "rotation": 270,
          "texture": "#4"
        },
        "south": {
          "uv": [
            10,
            4,
            10.5,
            3.875
          ],
          "rotation": 270,
          "texture": "#4"
        },
        "west": {
          "uv": [
            10,
            4,
            10.5,
            3.75
          ],
          "rotation": 90,
          "texture": "#4"
        },
        "up": {
          "uv": [
            10,
            4,
            10.5,
            3.75
          ],
          "rotation": 180,
          "texture": "#4"
        },
        "down": {
          "uv": [
            10,
            4,
            10.5,
            3.75
          ],
          "texture": "#4"
        }
      }
    },
    {
      "from": [
        7.55858,
        2.60713,
        8.75676
      ],
      "to": [
        8.3584,
        4.05331,
        9.43663
      ],
      "rotation": {
        "angle": 0,
        "axis": "y",
        "origin": [
          8.00849,
          3.88022,
          9.1467
        ]
      },
      "faces": {
        "north": {
          "uv": [
            10,
            3.875,
            10.5,
            3.75
          ],
          "rotation": 90,
          "texture": "#4"
        },
        "east": {
          "uv": [
            10,
            4,
            10.5,
            3.75
          ],
          "rotation": 270,
          "texture": "#4"
        },
        "south": {
          "uv": [
            10,
            4,
            10.5,
            3.875
          ],
          "rotation": 270,
          "texture": "#4"
        },
        "west": {
          "uv": [
            10,
            4,
            10.5,
            3.75
          ],
          "rotation": 90,
          "texture": "#4"
        },
        "up": {
          "uv": [
            10,
            4,
            10.5,
            3.75
          ],
          "rotation": 180,
          "texture": "#4"
        },
        "down": {
          "uv": [
            10,
            4,
            10.5,
            3.75
          ],
          "texture": "#4"
        }
      }
    },
    {
      "from": [
        7.55858,
        2.60713,
        6.56337
      ],
      "to": [
        8.3584,
        4.05331,
        7.24324
      ],
      "rotation": {
        "angle": 0,
        "axis": "y",
        "origin": [
          8.00849,
          3.88022,
          6.8533
        ]
      },
      "faces": {
        "north": {
          "uv": [
            10,
            3.875,
            10.5,
            4
          ],
          "rotation": 270,
          "texture": "#4"
        },
        "east": {
          "uv": [
            10,
            3.75,
            10.5,
            4
          ],
          "rotation": 270,
          "texture": "#4"
        },
        "south": {
          "uv": [
            10,
            3.75,
            10.5,
            3.875
          ],
          "rotation": 90,
          "texture": "#4"
        },
        "west": {
          "uv": [
            10,
            3.75,
            10.5,
            4
          ],
          "rotation": 90,
          "texture": "#4"
        },
        "up": {
          "uv": [
            10,
            3.75,
            10.5,
            4
          ],
          "rotation": 180,
          "texture": "#4"
        },
        "down": {
          "uv": [
            10,
            3.75,
            10.5,
            4
          ],
          "texture": "#4"
        }
      }
    },
    {
      "from": [
        7.55858,
        4.05331,
        6.56337
      ],
      "to": [
        8.3584,
        5.49949,
        7.24324
      ],
      "rotation": {
        "angle": 0,
        "axis": "y",
        "origin": [
          8.00849,
          5.3264,
          6.8533
        ]
      },
      "faces": {
        "north": {
          "uv": [
            10,
            3.875,
            10.5,
            4
          ],
          "rotation": 270,
          "texture": "#4"
        },
        "east": {
          "uv": [
            10,
            3.75,
            10.5,
            4
          ],
          "rotation": 270,
          "texture": "#4"
        },
        "south": {
          "uv": [
            10,
            3.75,
            10.5,
            3.875
          ],
          "rotation": 90,
          "texture": "#4"
        },
        "west": {
          "uv": [
            10,
            3.75,
            10.5,
            4
          ],
          "rotation": 90,
          "texture": "#4"
        },
        "up": {
          "uv": [
            10,
            3.75,
            10.5,
            4
          ],
          "rotation": 180,
          "texture": "#4"
        },
        "down": {
          "uv": [
            10,
            3.75,
            10.5,
            4
          ],
          "texture": "#4"
        }
      }
    },
    {
      "from": [
        7.55858,
        4.05331,
        8.75676
      ],
      "to": [
        8.3584,
        5.49949,
        9.43663
      ],
      "rotation": {
        "angle": 0,
        "axis": "y",
        "origin": [
          8.00849,
          5.3264,
          9.1467
        ]
      },
      "faces": {
        "north": {
          "uv": [
            10,
            3.875,
            10.5,
            3.75
          ],
          "rotation": 90,
          "texture": "#4"
        },
        "east": {
          "uv": [
            10,
            4,
            10.5,
            3.75
          ],
          "rotation": 270,
          "texture": "#4"
        },
        "south": {
          "uv": [
            10,
            4,
            10.5,
            3.875
          ],
          "rotation": 270,
          "texture": "#4"
        },
        "west": {
          "uv": [
            10,
            4,
            10.5,
            3.75
          ],
          "rotation": 90,
          "texture": "#4"
        },
        "up": {
          "uv": [
            10,
            4,
            10.5,
            3.75
          ],
          "rotation": 180,
          "texture": "#4"
        },
        "down": {
          "uv": [
            10,
            4,
            10.5,
            3.75
          ],
          "texture": "#4"
        }
      }
    },
    {
      "from": [
        7.53358,
        5.83404,
        8.65961
      ],
      "to": [
        8.3834,
        6.51391,
        10.10579
      ],
      "rotation": {
        "angle": -45,
        "axis": "x",
        "origin": [
          8.00849,
          6.12397,
          9.9327
        ]
      },
      "faces": {
        "north": {
          "uv": [
            10.5,
            3.75,
            10,
            4
          ],
          "texture": "#4"
        },
        "east": {
          "uv": [
            10.5,
            3.75,
            10,
            4
          ],
          "texture": "#4"
        },
        "south": {
          "uv": [
            10.5,
            3.75,
            10,
            4
          ],
          "texture": "#4"
        },
        "west": {
          "uv": [
            10.5,
            3.75,
            10,
            4
          ],
          "texture": "#4"
        },
        "up": {
          "uv": [
            10.5,
            3.75,
            10,
            3.875
          ],
          "rotation": 90,
          "texture": "#4"
        },
        "down": {
          "uv": [
            10.5,
            3.875,
            10,
            4
          ],
          "rotation": 90,
          "texture": "#4"
        }
      }
    },
    {
      "from": [
        7.53358,
        6.07882,
        8.50816
      ],
      "to": [
        8.3834,
        6.75869,
        9.55434
      ],
      "rotation": {
        "angle": 45,
        "axis": "x",
        "origin": [
          8.00849,
          6.36876,
          9.38125
        ]
      },
      "faces": {
        "north": {
          "uv": [
            10.5,
            3.75,
            10,
            4
          ],
          "texture": "#4"
        },
        "east": {
          "uv": [
            10.5,
            3.75,
            10,
            4
          ],
          "texture": "#4"
        },
        "south": {
          "uv": [
            10.5,
            3.75,
            10,
            4
          ],
          "texture": "#4"
        },
        "west": {
          "uv": [
            10.5,
            3.75,
            10,
            4
          ],
          "texture": "#4"
        },
        "up": {
          "uv": [
            10.5,
            3.75,
            10,
            3.875
          ],
          "rotation": 90,
          "texture": "#4"
        },
        "down": {
          "uv": [
            10.5,
            3.875,
            10,
            4
          ],
          "rotation": 90,
          "texture": "#4"
        }
      }
    },
    {
      "from": [
        7.53358,
        5.83404,
        5.89421
      ],
      "to": [
        8.3834,
        6.51391,
        7.34039
      ],
      "rotation": {
        "angle": 45,
        "axis": "x",
        "origin": [
          8.00849,
          6.12397,
          6.0673
        ]
      },
      "faces": {
        "north": {
          "uv": [
            10,
            3.75,
            10.5,
            4
          ],
          "texture": "#4"
        },
        "east": {
          "uv": [
            10,
            3.75,
            10.5,
            4
          ],
          "texture": "#4"
        },
        "south": {
          "uv": [
            10,
            3.75,
            10.5,
            4
          ],
          "texture": "#4"
        },
        "west": {
          "uv": [
            10,
            3.75,
            10.5,
            4
          ],
          "texture": "#4"
        },
        "up": {
          "uv": [
            10,
            3.75,
            10.5,
            3.875
          ],
          "rotation": 90,
          "texture": "#4"
        },
        "down": {
          "uv": [
            10,
            3.875,
            10.5,
            4
          ],
          "rotation": 90,
          "texture": "#4"
        }
      }
    },
    {
      "from": [
        7.53358,
        6.07882,
        6.44566
      ],
      "to": [
        8.3834,
        6.75869,
        7.49184
      ],
      "rotation": {
        "angle": -45,
        "axis": "x",
        "origin": [
          8.00849,
          6.36876,
          6.61875
        ]
      },
      "faces": {
        "north": {
          "uv": [
            10,
            3.75,
            10.5,
            4
          ],
          "texture": "#4"
        },
        "east": {
          "uv": [
            10,
            3.75,
            10.5,
            4
          ],
          "texture": "#4"
        },
        "south": {
          "uv": [
            10,
            3.75,
            10.5,
            4
          ],
          "texture": "#4"
        },
        "west": {
          "uv": [
            10,
            3.75,
            10.5,
            4
          ],
          "texture": "#4"
        },
        "up": {
          "uv": [
            10,
            3.75,
            10.5,
            3.875
          ],
          "rotation": 90,
          "texture": "#4"
        },
        "down": {
          "uv": [
            10,
            3.875,
            10.5,
            4
          ],
          "rotation": 90,
          "texture": "#4"
        }
      }
    },
    {
      "from": [
        7.71558,
        1.06052,
        -2.71565
      ],
      "to": [
        8.2014,
        3.06889,
        -0.71547
      ],
      "rotation": {
        "angle": 45,
        "axis": "x",
        "origin": [
          8,
          -7.64552,
          7.9905
        ]
      },
      "faces": {
        "north": {
          "uv": [
            15.375,
            4.125,
            15.875,
            4
          ],
          "rotation": 270,
          "texture": "#4"
        },
        "east": {
          "uv": [
            15.875,
            4.5,
            15.375,
            4
          ],
          "texture": "#4"
        },
        "south": {
          "uv": [
            15.375,
            4.125,
            15.875,
            4
          ],
          "rotation": 90,
          "texture": "#4"
        },
        "west": {
          "uv": [
            15.375,
            4.5,
            15.875,
            4
          ],
          "texture": "#4"
        },
        "up": {
          "uv": [
            15.375,
            4.125,
            15.875,
            4
          ],
          "rotation": 270,
          "texture": "#4"
        },
        "down": {
          "uv": [
            15.375,
            4.125,
            15.875,
            4
          ],
          "rotation": 270,
          "texture": "#4"
        }
      }
    },
    {
      "from": [
        7.58358,
        6.78111,
        6.76127
      ],
      "to": [
        8.3334,
        8.82729,
        7.44114
      ],
      "rotation": {
        "angle": 0,
        "axis": "y",
        "origin": [
          8.00849,
          6.9542,
          7.1512
        ]
      },
      "faces": {
        "north": {
          "uv": [
            10,
            3.75,
            10.5,
            3.875
          ],
          "rotation": 270,
          "texture": "#4"
        },
        "east": {
          "uv": [
            10,
            3.75,
            10.5,
            4
          ],
          "rotation": 90,
          "texture": "#4"
        },
        "south": {
          "uv": [
            10,
            3.875,
            10.5,
            4
          ],
          "rotation": 90,
          "texture": "#4"
        },
        "west": {
          "uv": [
            10,
            3.75,
            10.5,
            4
          ],
          "rotation": 270,
          "texture": "#4"
        },
        "up": {
          "uv": [
            10,
            3.75,
            10.5,
            4
          ],
          "texture": "#4"
        },
        "down": {
          "uv": [
            10,
            3.75,
            10.5,
            4
          ],
          "rotation": 180,
          "texture": "#4"
        }
      }
    },
    {
      "from": [
        7.58358,
        8.78111,
        6.76127
      ],
      "to": [
        8.3334,
        10.82729,
        7.44114
      ],
      "rotation": {
        "angle": 0,
        "axis": "y",
        "origin": [
          8.00849,
          8.9542,
          7.1512
        ]
      },
      "faces": {
        "north": {
          "uv": [
            10,
            3.75,
            10.5,
            3.875
          ],
          "rotation": 270,
          "texture": "#4"
        },
        "east": {
          "uv": [
            10,
            3.75,
            10.5,
            4
          ],
          "rotation": 90,
          "texture": "#4"
        },
        "south": {
          "uv": [
            10,
            3.875,
            10.5,
            4
          ],
          "rotation": 90,
          "texture": "#4"
        },
        "west": {
          "uv": [
            10,
            3.75,
            10.5,
            4
          ],
          "rotation": 270,
          "texture": "#4"
        },
        "up": {
          "uv": [
            10,
            3.75,
            10.5,
            4
          ],
          "texture": "#4"
        },
        "down": {
          "uv": [
            10,
            3.75,
            10.5,
            4
          ],
          "rotation": 180,
          "texture": "#4"
        }
      }
    },
    {
      "from": [
        7.58358,
        10.78111,
        6.76127
      ],
      "to": [
        8.3334,
        12.82729,
        7.44114
      ],
      "rotation": {
        "angle": 0,
        "axis": "y",
        "origin": [
          8.00849,
          10.9542,
          7.1512
        ]
      },
      "faces": {
        "north": {
          "uv": [
            10,
            3.75,
            10.5,
            3.875
          ],
          "rotation": 270,
          "texture": "#4"
        },
        "east": {
          "uv": [
            10,
            3.75,
            10.5,
            4
          ],
          "rotation": 90,
          "texture": "#4"
        },
        "south": {
          "uv": [
            10,
            3.875,
            10.5,
            4
          ],
          "rotation": 90,
          "texture": "#4"
        },
        "west": {
          "uv": [
            10,
            3.75,
            10.5,
            4
          ],
          "rotation": 270,
          "texture": "#4"
        },
        "up": {
          "uv": [
            10,
            3.75,
            10.5,
            4
          ],
          "texture": "#4"
        },
        "down": {
          "uv": [
            10,
            3.75,
            10.5,
            4
          ],
          "rotation": 180,
          "texture": "#4"
        }
      }
    },
    {
      "from": [
        7.58358,
        12.78111,
        6.76127
      ],
      "to": [
        8.3334,
        14.82729,
        7.44114
      ],
      "rotation": {
        "angle": 0,
        "axis": "y",
        "origin": [
          8.00849,
          12.9542,
          7.1512
        ]
      },
      "faces": {
        "north": {
          "uv": [
            10,
            3.75,
            10.5,
            3.875
          ],
          "rotation": 270,
          "texture": "#4"
        },
        "east": {
          "uv": [
            10,
            3.75,
            10.5,
            4
          ],
          "rotation": 90,
          "texture": "#4"
        },
        "south": {
          "uv": [
            10,
            3.875,
            10.5,
            4
          ],
          "rotation": 90,
          "texture": "#4"
        },
        "west": {
          "uv": [
            10,
            3.75,
            10.5,
            4
          ],
          "rotation": 270,
          "texture": "#4"
        },
        "up": {
          "uv": [
            10,
            3.75,
            10.5,
            4
          ],
          "texture": "#4"
        },
        "down": {
          "uv": [
            10,
            3.75,
            10.5,
            4
          ],
          "rotation": 180,
          "texture": "#4"
        }
      }
    },
    {
      "from": [
        7.58358,
        14.78111,
        6.76127
      ],
      "to": [
        8.3334,
        16.82729,
        7.44114
      ],
      "rotation": {
        "angle": 0,
        "axis": "y",
        "origin": [
          8.00849,
          14.9542,
          7.1512
        ]
      },
      "faces": {
        "north": {
          "uv": [
            10,
            3.75,
            10.5,
            3.875
          ],
          "rotation": 270,
          "texture": "#4"
        },
        "east": {
          "uv": [
            10,
            3.75,
            10.5,
            4
          ],
          "rotation": 90,
          "texture": "#4"
        },
        "south": {
          "uv": [
            10,
            3.875,
            10.5,
            4
          ],
          "rotation": 90,
          "texture": "#4"
        },
        "west": {
          "uv": [
            10,
            3.75,
            10.5,
            4
          ],
          "rotation": 270,
          "texture": "#4"
        },
        "up": {
          "uv": [
            10,
            3.75,
            10.5,
            4
          ],
          "texture": "#4"
        },
        "down": {
          "uv": [
            10,
            3.75,
            10.5,
            4
          ],
          "rotation": 180,
          "texture": "#4"
        }
      }
    },
    {
      "from": [
        7.58358,
        6.78111,
        8.55886
      ],
      "to": [
        8.3334,
        8.82729,
        9.23873
      ],
      "rotation": {
        "angle": 0,
        "axis": "y",
        "origin": [
          8.00849,
          6.9542,
          8.8488
        ]
      },
      "faces": {
        "north": {
          "uv": [
            10,
            4,
            10.5,
            3.875
          ],
          "rotation": 90,
          "texture": "#4"
        },
        "east": {
          "uv": [
            10,
            4,
            10.5,
            3.75
          ],
          "rotation": 90,
          "texture": "#4"
        },
        "south": {
          "uv": [
            10,
            3.875,
            10.5,
            3.75
          ],
          "rotation": 270,
          "texture": "#4"
        },
        "west": {
          "uv": [
            10,
            4,
            10.5,
            3.75
          ],
          "rotation": 270,
          "texture": "#4"
        },
        "up": {
          "uv": [
            10,
            4,
            10.5,
            3.75
          ],
          "texture": "#4"
        },
        "down": {
          "uv": [
            10,
            4,
            10.5,
            3.75
          ],
          "rotation": 180,
          "texture": "#4"
        }
      }
    },
    {
      "from": [
        7.58358,
        8.78111,
        8.55886
      ],
      "to": [
        8.3334,
        10.82729,
        9.23873
      ],
      "rotation": {
        "angle": 0,
        "axis": "y",
        "origin": [
          8.00849,
          8.9542,
          8.8488
        ]
      },
      "faces": {
        "north": {
          "uv": [
            10,
            4,
            10.5,
            3.875
          ],
          "rotation": 90,
          "texture": "#4"
        },
        "east": {
          "uv": [
            10,
            4,
            10.5,
            3.75
          ],
          "rotation": 90,
          "texture": "#4"
        },
        "south": {
          "uv": [
            10,
            3.875,
            10.5,
            3.75
          ],
          "rotation": 270,
          "texture": "#4"
        },
        "west": {
          "uv": [
            10,
            4,
            10.5,
            3.75
          ],
          "rotation": 270,
          "texture": "#4"
        },
        "up": {
          "uv": [
            10,
            4,
            10.5,
            3.75
          ],
          "texture": "#4"
        },
        "down": {
          "uv": [
            10,
            4,
            10.5,
            3.75
          ],
          "rotation": 180,
          "texture": "#4"
        }
      }
    },
    {
      "from": [
        7.58358,
        10.78111,
        8.55886
      ],
      "to": [
        8.3334,
        12.82729,
        9.23873
      ],
      "rotation": {
        "angle": 0,
        "axis": "y",
        "origin": [
          8.00849,
          10.9542,
          8.8488
        ]
      },
      "faces": {
        "north": {
          "uv": [
            10,
            4,
            10.5,
            3.875
          ],
          "rotation": 90,
          "texture": "#4"
        },
        "east": {
          "uv": [
            10,
            4,
            10.5,
            3.75
          ],
          "rotation": 90,
          "texture": "#4"
        },
        "south": {
          "uv": [
            10,
            3.875,
            10.5,
            3.75
          ],
          "rotation": 270,
          "texture": "#4"
        },
        "west": {
          "uv": [
            10,
            4,
            10.5,
            3.75
          ],
          "rotation": 270,
          "texture": "#4"
        },
        "up": {
          "uv": [
            10,
            4,
            10.5,
            3.75
          ],
          "texture": "#4"
        },
        "down": {
          "uv": [
            10,
            4,
            10.5,
            3.75
          ],
          "rotation": 180,
          "texture": "#4"
        }
      }
    },
    {
      "from": [
        7.58358,
        12.78111,
        8.55886
      ],
      "to": [
        8.3334,
        14.82729,
        9.23873
      ],
      "rotation": {
        "angle": 0,
        "axis": "y",
        "origin": [
          8.00849,
          12.9542,
          8.8488
        ]
      },
      "faces": {
        "north": {
          "uv": [
            10,
            4,
            10.5,
            3.875
          ],
          "rotation": 90,
          "texture": "#4"
        },
        "east": {
          "uv": [
            10,
            4,
            10.5,
            3.75
          ],
          "rotation": 90,
          "texture": "#4"
        },
        "south": {
          "uv": [
            10,
            3.875,
            10.5,
            3.75
          ],
          "rotation": 270,
          "texture": "#4"
        },
        "west": {
          "uv": [
            10,
            4,
            10.5,
            3.75
          ],
          "rotation": 270,
          "texture": "#4"
        },
        "up": {
          "uv": [
            10,
            4,
            10.5,
            3.75
          ],
          "texture": "#4"
        },
        "down": {
          "uv": [
            10,
            4,
            10.5,
            3.75
          ],
          "rotation": 180,
          "texture": "#4"
        }
      }
    },
    {
      "from": [
        7.58358,
        14.78111,
        8.55886
      ],
      "to": [
        8.3334,
        16.82729,
        9.23873
      ],
      "rotation": {
        "angle": 0,
        "axis": "y",
        "origin": [
          8.00849,
          14.9542,
          8.8488
        ]
      },
      "faces": {
        "north": {
          "uv": [
            10,
            4,
            10.5,
            3.875
          ],
          "rotation": 90,
          "texture": "#4"
        },
        "east": {
          "uv": [
            10,
            4,
            10.5,
            3.75
          ],
          "rotation": 90,
          "texture": "#4"
        },
        "south": {
          "uv": [
            10,
            3.875,
            10.5,
            3.75
          ],
          "rotation": 270,
          "texture": "#4"
        },
        "west": {
          "uv": [
            10,
            4,
            10.5,
            3.75
          ],
          "rotation": 270,
          "texture": "#4"
        },
        "up": {
          "uv": [
            10,
            4,
            10.5,
            3.75
          ],
          "texture": "#4"
        },
        "down": {
          "uv": [
            10,
            4,
            10.5,
            3.75
          ],
          "rotation": 180,
          "texture": "#4"
        }
      }
    },
    {
      "from": [
        7.61558,
        11.96436,
        -2.35165
      ],
      "to": [
        8.3014,
        13.60873,
        -0.71547
      ],
      "rotation": {
        "angle": -45,
        "axis": "x",
        "origin": [
          8,
          22.31477,
          7.9905
        ]
      },
      "faces": {
        "north": {
          "uv": [
            10.5,
            3,
            10.625,
            3.5
          ],
          "texture": "#4"
        },
        "east": {
          "uv": [
            11,
            3,
            10.5,
            3.5
          ],
          "texture": "#4"
        },
        "south": {
          "uv": [
            10.875,
            3,
            11,
            3.5
          ],
          "texture": "#4"
        },
        "west": {
          "uv": [
            10.5,
            3,
            11,
            3.5
          ],
          "texture": "#4"
        },
        "up": {
          "uv": [
            10.5,
            3,
            11,
            3.125
          ],
          "rotation": 90,
          "texture": "#4"
        },
        "down": {
          "uv": [
            10.5,
            3,
            10.625,
            3.5
          ],
          "texture": "#4"
        }
      }
    },
    {
      "from": [
        7.51558,
        19.96436,
        -2.35165
      ],
      "to": [
        8.4014,
        21.60873,
        -0.71547
      ],
      "rotation": {
        "angle": -45,
        "axis": "x",
        "origin": [
          8,
          30.31477,
          7.9905
        ]
      },
      "faces": {
        "north": {
          "uv": [
            15.5,
            5.125,
            16,
            5.25
          ],
          "rotation": 90,
          "texture": "#4"
        },
        "east": {
          "uv": [
            16,
            5.125,
            15.5,
            5.625
          ],
          "texture": "#4"
        },
        "south": {
          "uv": [
            15.5,
            5.125,
            16,
            5.25
          ],
          "rotation": 270,
          "texture": "#4"
        },
        "west": {
          "uv": [
            15.5,
            5.125,
            16,
            5.625
          ],
          "texture": "#4"
        },
        "up": {
          "uv": [
            15.5,
            5.125,
            16,
            5.25
          ],
          "rotation": 90,
          "texture": "#4"
        },
        "down": {
          "uv": [
            15.5,
            5.125,
            16,
            5.25
          ],
          "rotation": 90,
          "texture": "#4"
        }
      }
    }
  ],
  "gui_light": "front",
  "display": {
    "thirdperson_righthand": {
      "translation": [
        0,
        8,
        1.25
      ],
      "scale": [
        0.80078,
        0.80078,
        0.80078
      ]
    },
    "thirdperson_lefthand": {
      "translation": [
        0,
        8,
        1.25
      ],
      "scale": [
        0.80078,
        0.80078,
        0.80078
      ]
    },
    "firstperson_righthand": {
      "rotation": [
        -8.11,
        10.46,
        1.44
      ],
      "translation": [
        1.25,
        6.5,
        0
      ],
      "scale": [
        0.55406,
        0.55406,
        0.55406
      ]
    },
    "firstperson_lefthand": {
      "rotation": [
        -8.11,
        10.46,
        1.44
      ],
      "translation": [
        1.25,
        6.5,
        0
      ],
      "scale": [
        0.55406,
        0.55406,
        0.55406
      ]
    },
    "ground": {
      "translation": [
        0,
        1.75,
        0
      ],
      "scale": [
        0.37,
        0.37,
        0.36
      ]
    },
    "gui": {
      "rotation": [
        93,
        47,
        -94
      ],
      "translation": [
        -0.25,
        -0.25,
        0
      ],
      "scale": [
        0.52391,
        0.52391,
        0.52391
      ]
    },
    "fixed": {
      "rotation": [
        0,
        90,
        0
      ],
      "translation": [
        0,
        0.5,
        -3.25
      ],
      "scale": [
        1.62305,
        1.62305,
        1.62305
      ]
    }
  },
  "groups": [
    0,
    1,
    2,
    3,
    4,
    5,
    6,
    7,
    8,
    9,
    10,
    11,
    12,
    13,
    14,
    15,
    16,
    17,
    18,
    19,
    20,
    {
      "name": "group",
      "origin": [
        8,
        22.31477,
        7.9905
      ],
      "color": 0,
      "nbt": "{}",
      "armAnimationEnabled": false,
      "children": [
        21,
        22,
        23,
        24,
        25,
        26,
        27,
        28,
        29,
        30,
        31,
        32,
        33,
        34,
        35,
        36,
        37,
        38,
        39,
        40,
        41,
        42,
        43,
        44,
        45
      ]
    }
  ]
}