{
  "credit": "Made with Blockbench",
  "texture_size": [
    128,
    128
  ],
  "textures": {
    "5": "rainbowset:rainbowset/rainbow_chest"
  },
  "elements": [
    {
      "from": [
        15.7726,
        8.42255,
        9.49612
      ],
      "to": [
        17.44991,
        9.47087,
        10.54444
      ],
      "rotation": {
        "angle": -45,
        "axis": "y",
        "origin": [
          10.00573,
          8.95173,
          9.99833
        ]
      },
      "faces": {
        "north": {
          "uv": [
            1,
            9,
            1.5,
            8
          ],
          "rotation": 270,
          "texture": "#5"
        },
        "east": {
          "uv": [
            4,
            8.5,
            3.5,
            8
          ],
          "rotation": 90,
          "texture": "#5"
        },
        "south": {
          "uv": [
            1.5,
            9,
            2,
            8
          ],
          "rotation": 90,
          "texture": "#5"
        },
        "west": {
          "uv": [
            4,
            11.5,
            3.5,
            12
          ],
          "rotation": 90,
          "texture": "#5"
        },
        "up": {
          "uv": [
            0.5,
            11,
            1,
            10
          ],
          "rotation": 90,
          "texture": "#5"
        },
        "down": {
          "uv": [
            1.5,
            10.5,
            2,
            9.5
          ],
          "rotation": 90,
          "texture": "#5"
        }
      }
    },
    {
      "from": [
        17.09483,
        8.20502,
        9.28698
      ],
      "to": [
        17.54404,
        9.67372,
        10.75357
      ],
      "rotation": {
        "angle": -45,
        "axis": "y",
        "origin": [
          10.00573,
          8.95173,
          9.99833
        ]
      },
      "faces": {
        "north": {
          "uv": [
            2,
            12,
            2.5,
            11.75
          ],
          "rotation": 270,
          "texture": "#5"
        },
        "east": {
          "uv": [
            2.5,
            11.875,
            2,
            12
          ],
          "rotation": 180,
          "texture": "#5"
        },
        "south": {
          "uv": [
            2,
            12,
            2.5,
            11.75
          ],
          "rotation": 90,
          "texture": "#5"
        },
        "west": {
          "uv": [
            2.5,
            11.75,
            2,
            11.875
          ],
          "rotation": 180,
          "texture": "#5"
        },
        "up": {
          "uv": [
            2,
            12,
            2.5,
            11.75
          ],
          "rotation": 90,
          "texture": "#5"
        },
        "down": {
          "uv": [
            2,
            12,
            2.5,
            11.75
          ],
          "rotation": 90,
          "texture": "#5"
        }
      }
    },
    {
      "from": [
        15.01601,
        8.30985,
        15.04017
      ],
      "to": [
        15.95845,
        9.56888,
        15.98733
      ],
      "rotation": {
        "angle": 0,
        "axis": "y",
        "origin": [
          10.00573,
          8.95173,
          9.99833
        ]
      },
      "faces": {
        "north": {
          "uv": [
            3,
            11,
            2.5,
            11.125
          ],
          "rotation": 180,
          "texture": "#5"
        },
        "east": {
          "uv": [
            2.5,
            11.5,
            2.625,
            11
          ],
          "rotation": 270,
          "texture": "#5"
        },
        "south": {
          "uv": [
            2.5,
            11.5,
            2.625,
            11
          ],
          "rotation": 90,
          "texture": "#5"
        },
        "west": {
          "uv": [
            2.875,
            11.5,
            3,
            11
          ],
          "rotation": 90,
          "texture": "#5"
        },
        "up": {
          "uv": [
            2.5,
            11.5,
            3,
            11
          ],
          "rotation": 180,
          "texture": "#5"
        },
        "down": {
          "uv": [
            3,
            11.5,
            2.5,
            11
          ],
          "texture": "#5"
        }
      }
    },
    {
      "from": [
        13.04696,
        8.52738,
        9.60095
      ],
      "to": [
        15.7726,
        9.36603,
        10.4396
      ],
      "rotation": {
        "angle": -45,
        "axis": "y",
        "origin": [
          10.00573,
          8.95173,
          9.99833
        ]
      },
      "faces": {
        "north": {
          "uv": [
            0,
            9.5,
            0.5,
            8
          ],
          "rotation": 270,
          "texture": "#5"
        },
        "east": {
          "uv": [
            4,
            9.5,
            3.5,
            9
          ],
          "rotation": 90,
          "texture": "#5"
        },
        "south": {
          "uv": [
            1,
            10.5,
            1.5,
            9
          ],
          "rotation": 90,
          "texture": "#5"
        },
        "west": {
          "uv": [
            4,
            8.5,
            3.5,
            9
          ],
          "rotation": 90,
          "texture": "#5"
        },
        "up": {
          "uv": [
            0,
            11,
            0.5,
            9.5
          ],
          "rotation": 90,
          "texture": "#5"
        },
        "down": {
          "uv": [
            0.5,
            10,
            1,
            8.5
          ],
          "rotation": 90,
          "texture": "#5"
        }
      }
    },
    {
      "from": [
        16.25618,
        8.20502,
        9.28698
      ],
      "to": [
        16.70538,
        9.67372,
        10.75357
      ],
      "rotation": {
        "angle": -45,
        "axis": "y",
        "origin": [
          10.00573,
          8.95173,
          9.99833
        ]
      },
      "faces": {
        "north": {
          "uv": [
            2,
            12,
            2.5,
            11.75
          ],
          "rotation": 270,
          "texture": "#5"
        },
        "east": {
          "uv": [
            2.5,
            11.875,
            2,
            12
          ],
          "rotation": 180,
          "texture": "#5"
        },
        "south": {
          "uv": [
            2,
            12,
            2.5,
            11.75
          ],
          "rotation": 90,
          "texture": "#5"
        },
        "west": {
          "uv": [
            2.5,
            11.75,
            2,
            11.875
          ],
          "rotation": 180,
          "texture": "#5"
        },
        "up": {
          "uv": [
            2,
            12,
            2.5,
            11.75
          ],
          "rotation": 90,
          "texture": "#5"
        },
        "down": {
          "uv": [
            2,
            12,
            2.5,
            11.75
          ],
          "rotation": 90,
          "texture": "#5"
        }
      }
    },
    {
      "from": [
        12.16773,
        8.20502,
        9.28698
      ],
      "to": [
        13.03626,
        9.67372,
        10.75357
      ],
      "rotation": {
        "angle": -45,
        "axis": "y",
        "origin": [
          10.00573,
          8.95173,
          9.99833
        ]
      },
      "faces": {
        "north": {
          "uv": [
            2,
            12,
            2.5,
            11.625
          ],
          "rotation": 270,
          "texture": "#5"
        },
        "east": {
          "uv": [
            2.5,
            11.875,
            2,
            12
          ],
          "rotation": 180,
          "texture": "#5"
        },
        "south": {
          "uv": [
            2,
            12,
            2.5,
            11.625
          ],
          "rotation": 90,
          "texture": "#5"
        },
        "west": {
          "uv": [
            2.5,
            11.75,
            2,
            11.875
          ],
          "rotation": 180,
          "texture": "#5"
        },
        "up": {
          "uv": [
            2,
            12,
            2.5,
            11.625
          ],
          "rotation": 90,
          "texture": "#5"
        },
        "down": {
          "uv": [
            2,
            12,
            2.5,
            11.625
          ],
          "rotation": 90,
          "texture": "#5"
        }
      }
    },
    {
      "from": [
        10.69697,
        8.30985,
        10.72585
      ],
      "to": [
        11.85379,
        9.56888,
        11.87795
      ],
      "rotation": {
        "angle": 0,
        "axis": "y",
        "origin": [
          10.00573,
          8.95173,
          9.99833
        ]
      },
      "faces": {
        "north": {
          "uv": [
            2.5,
            11,
            2.625,
            11.5
          ],
          "rotation": 270,
          "texture": "#5"
        },
        "east": {
          "uv": [
            2.5,
            11,
            3,
            11.125
          ],
          "rotation": 180,
          "texture": "#5"
        },
        "south": {
          "uv": [
            2.875,
            11,
            3,
            11.5
          ],
          "rotation": 90,
          "texture": "#5"
        },
        "west": {
          "uv": [
            2.5,
            11,
            2.625,
            11.5
          ],
          "rotation": 90,
          "texture": "#5"
        },
        "up": {
          "uv": [
            2.5,
            11,
            3,
            11.5
          ],
          "rotation": 90,
          "texture": "#5"
        },
        "down": {
          "uv": [
            3,
            11,
            2.5,
            11.5
          ],
          "rotation": 90,
          "texture": "#5"
        }
      }
    },
    {
      "from": [
        11.44392,
        8.43542,
        11.15853
      ],
      "to": [
        11.89313,
        9.44332,
        12.16433
      ],
      "rotation": {
        "angle": -22.5,
        "axis": "y",
        "origin": [
          10.00573,
          8.95173,
          9.99833
        ]
      },
      "faces": {
        "north": {
          "uv": [
            2,
            12,
            2.5,
            11.75
          ],
          "rotation": 90,
          "texture": "#5"
        },
        "east": {
          "uv": [
            2.5,
            11.75,
            2,
            11.875
          ],
          "rotation": 180,
          "texture": "#5"
        },
        "south": {
          "uv": [
            2,
            12,
            2.5,
            11.75
          ],
          "rotation": 270,
          "texture": "#5"
        },
        "west": {
          "uv": [
            2.5,
            11.875,
            2,
            12
          ],
          "rotation": 180,
          "texture": "#5"
        },
        "up": {
          "uv": [
            2,
            12,
            2.5,
            11.75
          ],
          "rotation": 270,
          "texture": "#5"
        },
        "down": {
          "uv": [
            2,
            12,
            2.5,
            11.75
          ],
          "rotation": 270,
          "texture": "#5"
        }
      }
    },
    {
      "from": [
        11.44392,
        8.55062,
        12.16433
      ],
      "to": [
        11.89313,
        9.32812,
        13.17013
      ],
      "rotation": {
        "angle": -22.5,
        "axis": "y",
        "origin": [
          10.00573,
          8.95173,
          9.99833
        ]
      },
      "faces": {
        "north": {
          "uv": [
            2,
            12,
            2.5,
            11.75
          ],
          "rotation": 270,
          "texture": "#5"
        },
        "east": {
          "uv": [
            2.5,
            11.875,
            2,
            12
          ],
          "rotation": 180,
          "texture": "#5"
        },
        "south": {
          "uv": [
            2,
            12,
            2.5,
            11.75
          ],
          "rotation": 90,
          "texture": "#5"
        },
        "west": {
          "uv": [
            2.5,
            11.75,
            2,
            11.875
          ],
          "rotation": 180,
          "texture": "#5"
        },
        "up": {
          "uv": [
            2,
            12,
            2.5,
            11.75
          ],
          "rotation": 90,
          "texture": "#5"
        },
        "down": {
          "uv": [
            2,
            12,
            2.5,
            11.75
          ],
          "rotation": 90,
          "texture": "#5"
        }
      }
    },
    {
      "from": [
        8.12853,
        8.83862,
        11.66013
      ],
      "to": [
        8.28974,
        9.04012,
        12.14753
      ],
      "rotation": {
        "angle": 22.5,
        "axis": "y",
        "origin": [
          10.00573,
          8.95173,
          9.99833
        ]
      },
      "faces": {
        "north": {
          "uv": [
            2.5,
            11.75,
            2,
            12
          ],
          "rotation": 90,
          "texture": "#5"
        },
        "east": {
          "uv": [
            2,
            12,
            2.5,
            11.875
          ],
          "texture": "#5"
        },
        "south": {
          "uv": [
            2.5,
            11.75,
            2,
            12
          ],
          "rotation": 270,
          "texture": "#5"
        },
        "west": {
          "uv": [
            2,
            11.875,
            2.5,
            11.75
          ],
          "texture": "#5"
        },
        "up": {
          "uv": [
            2,
            12,
            2.5,
            11.75
          ],
          "rotation": 90,
          "texture": "#5"
        },
        "down": {
          "uv": [
            2,
            12,
            2.5,
            11.75
          ],
          "rotation": 90,
          "texture": "#5"
        }
      }
    },
    {
      "from": [
        11.25091,
        8.78102,
        12.33191
      ],
      "to": [
        11.79591,
        9.09772,
        12.60831
      ],
      "rotation": {
        "angle": -45,
        "axis": "y",
        "origin": [
          10.00573,
          8.95173,
          9.99833
        ]
      },
      "faces": {
        "north": {
          "uv": [
            2,
            12,
            2.5,
            11.875
          ],
          "texture": "#5"
        },
        "east": {
          "uv": [
            2.5,
            11.75,
            2,
            12
          ],
          "rotation": 270,
          "texture": "#5"
        },
        "south": {
          "uv": [
            2,
            11.875,
            2.5,
            11.75
          ],
          "texture": "#5"
        },
        "west": {
          "uv": [
            2.5,
            11.75,
            2,
            12
          ],
          "rotation": 90,
          "texture": "#5"
        },
        "up": {
          "uv": [
            2,
            12,
            2.5,
            11.75
          ],
          "texture": "#5"
        },
        "down": {
          "uv": [
            2,
            12,
            2.5,
            11.75
          ],
          "rotation": 180,
          "texture": "#5"
        }
      }
    },
    {
      "from": [
        10.64431,
        8.72342,
        12.74302
      ],
      "to": [
        11.47731,
        9.15532,
        13.13462
      ],
      "rotation": {
        "angle": -22.5,
        "axis": "y",
        "origin": [
          10.00573,
          8.95173,
          9.99833
        ]
      },
      "faces": {
        "north": {
          "uv": [
            2,
            12,
            2.5,
            11.875
          ],
          "texture": "#5"
        },
        "east": {
          "uv": [
            2.5,
            11.75,
            2,
            12
          ],
          "rotation": 270,
          "texture": "#5"
        },
        "south": {
          "uv": [
            2,
            11.875,
            2.5,
            11.75
          ],
          "texture": "#5"
        },
        "west": {
          "uv": [
            2.5,
            11.75,
            2,
            12
          ],
          "rotation": 90,
          "texture": "#5"
        },
        "up": {
          "uv": [
            2,
            12,
            2.5,
            11.75
          ],
          "texture": "#5"
        },
        "down": {
          "uv": [
            2,
            12,
            2.5,
            11.75
          ],
          "rotation": 180,
          "texture": "#5"
        }
      }
    },
    {
      "from": [
        11.82683,
        8.42255,
        9.49612
      ],
      "to": [
        13.50414,
        9.47087,
        10.54444
      ],
      "rotation": {
        "angle": -45,
        "axis": "y",
        "origin": [
          10.00573,
          8.95173,
          9.99833
        ]
      },
      "faces": {
        "north": {
          "uv": [
            1,
            8,
            1.5,
            9
          ],
          "rotation": 270,
          "texture": "#5"
        },
        "east": {
          "uv": [
            4,
            12,
            3.5,
            11.5
          ],
          "rotation": 90,
          "texture": "#5"
        },
        "south": {
          "uv": [
            1.5,
            8,
            2,
            9
          ],
          "rotation": 90,
          "texture": "#5"
        },
        "west": {
          "uv": [
            4,
            8,
            3.5,
            8.5
          ],
          "rotation": 90,
          "texture": "#5"
        },
        "up": {
          "uv": [
            0.5,
            10,
            1,
            11
          ],
          "rotation": 90,
          "texture": "#5"
        },
        "down": {
          "uv": [
            1.5,
            9.5,
            2,
            10.5
          ],
          "rotation": 90,
          "texture": "#5"
        }
      }
    },
    {
      "from": [
        -6.50083,
        8.93528,
        9.79432
      ],
      "to": [
        13.61092,
        8.93528,
        10.20235
      ],
      "rotation": {
        "angle": -45,
        "axis": "y",
        "origin": [
          10.00573,
          8.95173,
          9.99833
        ]
      },
      "faces": {
        "north": {
          "uv": [
            2.5,
            11,
            3,
            11.125
          ],
          "rotation": 180,
          "texture": "#5"
        },
        "east": {
          "uv": [
            2.875,
            11,
            3,
            11.5
          ],
          "rotation": 90,
          "texture": "#5"
        },
        "south": {
          "uv": [
            2.5,
            11,
            2.625,
            11.5
          ],
          "rotation": 90,
          "texture": "#5"
        },
        "west": {
          "uv": [
            2.5,
            11,
            2.625,
            11.5
          ],
          "rotation": 270,
          "texture": "#5"
        },
        "up": {
          "uv": [
            10.375,
            8,
            10.5,
            16
          ],
          "rotation": 90,
          "texture": "#5"
        },
        "down": {
          "uv": [
            10.5,
            8,
            10.375,
            16
          ],
          "rotation": 90,
          "texture": "#5"
        }
      }
    },
    {
      "from": [
        -6.50083,
        8.93528,
        4.0295
      ],
      "to": [
        13.61092,
        8.93528,
        9.79432
      ],
      "rotation": {
        "angle": -45,
        "axis": "y",
        "origin": [
          10.00573,
          8.95173,
          9.99833
        ]
      },
      "faces": {
        "north": {
          "uv": [
            2.5,
            11,
            3,
            11.125
          ],
          "rotation": 180,
          "texture": "#5"
        },
        "east": {
          "uv": [
            2.875,
            11,
            3,
            11.5
          ],
          "rotation": 90,
          "texture": "#5"
        },
        "south": {
          "uv": [
            2.5,
            11,
            2.625,
            11.5
          ],
          "rotation": 90,
          "texture": "#5"
        },
        "west": {
          "uv": [
            2.5,
            11,
            2.625,
            11.5
          ],
          "rotation": 270,
          "texture": "#5"
        },
        "up": {
          "uv": [
            8,
            8,
            10.375,
            16
          ],
          "rotation": 90,
          "texture": "#5"
        },
        "down": {
          "uv": [
            10.375,
            8,
            8,
            16
          ],
          "rotation": 90,
          "texture": "#5"
        }
      }
    },
    {
      "from": [
        8.76346,
        8.73782,
        9.19859
      ],
      "to": [
        9.59646,
        9.19852,
        9.59019
      ],
      "rotation": {
        "angle": -45,
        "axis": "y",
        "origin": [
          10.00573,
          8.95173,
          9.99833
        ]
      },
      "faces": {
        "north": {
          "uv": [
            2.5,
            11.875,
            2,
            12
          ],
          "rotation": 180,
          "texture": "#5"
        },
        "east": {
          "uv": [
            2,
            12,
            2.5,
            11.75
          ],
          "rotation": 90,
          "texture": "#5"
        },
        "south": {
          "uv": [
            2.5,
            11.75,
            2,
            11.875
          ],
          "rotation": 180,
          "texture": "#5"
        },
        "west": {
          "uv": [
            2,
            12,
            2.5,
            11.75
          ],
          "rotation": 270,
          "texture": "#5"
        },
        "up": {
          "uv": [
            2.5,
            11.75,
            2,
            12
          ],
          "rotation": 180,
          "texture": "#5"
        },
        "down": {
          "uv": [
            2.5,
            11.75,
            2,
            12
          ],
          "texture": "#5"
        }
      }
    },
    {
      "from": [
        8.29394,
        8.82825,
        8.32281
      ],
      "to": [
        9.45076,
        9.10808,
        9.47492
      ],
      "rotation": {
        "angle": 0,
        "axis": "y",
        "origin": [
          10.00573,
          8.95173,
          9.99833
        ]
      },
      "faces": {
        "north": {
          "uv": [
            7.875,
            12.125,
            7.375,
            12
          ],
          "rotation": 180,
          "texture": "#5"
        },
        "east": {
          "uv": [
            7.875,
            12.125,
            7.375,
            12
          ],
          "texture": "#5"
        },
        "south": {
          "uv": [
            7.875,
            12.125,
            7.375,
            12
          ],
          "rotation": 180,
          "texture": "#5"
        },
        "west": {
          "uv": [
            7.875,
            12.125,
            7.375,
            12
          ],
          "texture": "#5"
        },
        "up": {
          "uv": [
            7.375,
            12,
            7.875,
            12.5
          ],
          "rotation": 90,
          "texture": "#5"
        },
        "down": {
          "uv": [
            7.875,
            12,
            7.375,
            12.5
          ],
          "rotation": 90,
          "texture": "#5"
        }
      }
    },
    {
      "from": [
        9.41591,
        8.72342,
        7.99832
      ],
      "to": [
        9.80752,
        9.21292,
        8.83132
      ],
      "rotation": {
        "angle": 0,
        "axis": "y",
        "origin": [
          10.00573,
          8.95173,
          9.99833
        ]
      },
      "faces": {
        "north": {
          "uv": [
            2,
            12,
            2.5,
            11.75
          ],
          "rotation": 270,
          "texture": "#5"
        },
        "east": {
          "uv": [
            2.5,
            11.875,
            2,
            12
          ],
          "rotation": 180,
          "texture": "#5"
        },
        "south": {
          "uv": [
            2,
            12,
            2.5,
            11.75
          ],
          "rotation": 90,
          "texture": "#5"
        },
        "west": {
          "uv": [
            2.5,
            11.75,
            2,
            11.875
          ],
          "rotation": 180,
          "texture": "#5"
        },
        "up": {
          "uv": [
            2,
            12,
            2.5,
            11.75
          ],
          "rotation": 90,
          "texture": "#5"
        },
        "down": {
          "uv": [
            2,
            12,
            2.5,
            11.75
          ],
          "rotation": 90,
          "texture": "#5"
        }
      }
    },
    {
      "from": [
        8.81331,
        8.72342,
        7.99832
      ],
      "to": [
        9.41591,
        9.21292,
        8.38993
      ],
      "rotation": {
        "angle": 0,
        "axis": "y",
        "origin": [
          10.00573,
          8.95173,
          9.99833
        ]
      },
      "faces": {
        "north": {
          "uv": [
            2.5,
            11.75,
            2,
            11.875
          ],
          "rotation": 180,
          "texture": "#5"
        },
        "east": {
          "uv": [
            2,
            12,
            2.5,
            11.75
          ],
          "rotation": 270,
          "texture": "#5"
        },
        "south": {
          "uv": [
            2.5,
            11.875,
            2,
            12
          ],
          "rotation": 180,
          "texture": "#5"
        },
        "west": {
          "uv": [
            2,
            12,
            2.5,
            11.75
          ],
          "rotation": 90,
          "texture": "#5"
        },
        "up": {
          "uv": [
            2,
            12,
            2.5,
            11.75
          ],
          "rotation": 180,
          "texture": "#5"
        },
        "down": {
          "uv": [
            2,
            12,
            2.5,
            11.75
          ],
          "texture": "#5"
        }
      }
    },
    {
      "from": [
        6.84665,
        8.75222,
        9.31258
      ],
      "to": [
        8.02525,
        9.18412,
        9.70418
      ],
      "rotation": {
        "angle": -45,
        "axis": "y",
        "origin": [
          10.00573,
          8.95173,
          9.99833
        ]
      },
      "faces": {
        "north": {
          "uv": [
            2.5,
            11.75,
            2,
            11.875
          ],
          "rotation": 180,
          "texture": "#5"
        },
        "east": {
          "uv": [
            2,
            12,
            2.5,
            11.75
          ],
          "rotation": 270,
          "texture": "#5"
        },
        "south": {
          "uv": [
            2.5,
            11.875,
            2,
            12
          ],
          "rotation": 180,
          "texture": "#5"
        },
        "west": {
          "uv": [
            2,
            12,
            2.5,
            11.75
          ],
          "rotation": 90,
          "texture": "#5"
        },
        "up": {
          "uv": [
            2.5,
            11.75,
            2,
            12
          ],
          "texture": "#5"
        },
        "down": {
          "uv": [
            2.5,
            11.75,
            2,
            12
          ],
          "rotation": 180,
          "texture": "#5"
        }
      }
    },
    {
      "from": [
        9.59646,
        8.73782,
        9.19859
      ],
      "to": [
        10.42946,
        9.19852,
        9.59019
      ],
      "rotation": {
        "angle": -45,
        "axis": "y",
        "origin": [
          10.00573,
          8.95173,
          9.99833
        ]
      },
      "faces": {
        "north": {
          "uv": [
            2.5,
            11.875,
            2,
            12
          ],
          "rotation": 180,
          "texture": "#5"
        },
        "east": {
          "uv": [
            2,
            12,
            2.5,
            11.75
          ],
          "rotation": 90,
          "texture": "#5"
        },
        "south": {
          "uv": [
            2.5,
            11.75,
            2,
            11.875
          ],
          "rotation": 180,
          "texture": "#5"
        },
        "west": {
          "uv": [
            2,
            12,
            2.5,
            11.75
          ],
          "rotation": 270,
          "texture": "#5"
        },
        "up": {
          "uv": [
            2.5,
            11.75,
            2,
            12
          ],
          "rotation": 180,
          "texture": "#5"
        },
        "down": {
          "uv": [
            2.5,
            11.75,
            2,
            12
          ],
          "texture": "#5"
        }
      }
    },
    {
      "from": [
        10.42946,
        8.73782,
        9.19859
      ],
      "to": [
        11.26246,
        9.19852,
        9.59019
      ],
      "rotation": {
        "angle": -45,
        "axis": "y",
        "origin": [
          10.00573,
          8.95173,
          9.99833
        ]
      },
      "faces": {
        "north": {
          "uv": [
            2.5,
            11.875,
            2,
            12
          ],
          "rotation": 180,
          "texture": "#5"
        },
        "east": {
          "uv": [
            2,
            12,
            2.5,
            11.75
          ],
          "rotation": 90,
          "texture": "#5"
        },
        "south": {
          "uv": [
            2.5,
            11.75,
            2,
            11.875
          ],
          "rotation": 180,
          "texture": "#5"
        },
        "west": {
          "uv": [
            2,
            12,
            2.5,
            11.75
          ],
          "rotation": 270,
          "texture": "#5"
        },
        "up": {
          "uv": [
            2.5,
            11.75,
            2,
            12
          ],
          "rotation": 180,
          "texture": "#5"
        },
        "down": {
          "uv": [
            2.5,
            11.75,
            2,
            12
          ],
          "texture": "#5"
        }
      }
    },
    {
      "from": [
        11.26246,
        8.73782,
        9.19859
      ],
      "to": [
        12.09546,
        9.19852,
        9.59019
      ],
      "rotation": {
        "angle": -45,
        "axis": "y",
        "origin": [
          10.00573,
          8.95173,
          9.99833
        ]
      },
      "faces": {
        "north": {
          "uv": [
            2.5,
            11.875,
            2,
            12
          ],
          "rotation": 180,
          "texture": "#5"
        },
        "east": {
          "uv": [
            2,
            12,
            2.5,
            11.75
          ],
          "rotation": 90,
          "texture": "#5"
        },
        "south": {
          "uv": [
            2.5,
            11.75,
            2,
            11.875
          ],
          "rotation": 180,
          "texture": "#5"
        },
        "west": {
          "uv": [
            2,
            12,
            2.5,
            11.75
          ],
          "rotation": 270,
          "texture": "#5"
        },
        "up": {
          "uv": [
            2.5,
            11.75,
            2,
            12
          ],
          "rotation": 180,
          "texture": "#5"
        },
        "down": {
          "uv": [
            2.5,
            11.75,
            2,
            12
          ],
          "texture": "#5"
        }
      }
    },
    {
      "from": [
        6.84665,
        8.75222,
        10.34799
      ],
      "to": [
        8.02525,
        9.18412,
        10.7396
      ],
      "rotation": {
        "angle": -45,
        "axis": "y",
        "origin": [
          10.00573,
          8.95173,
          9.99833
        ]
      },
      "faces": {
        "north": {
          "uv": [
            2.5,
            12,
            2,
            11.875
          ],
          "texture": "#5"
        },
        "east": {
          "uv": [
            2,
            11.75,
            2.5,
            12
          ],
          "rotation": 270,
          "texture": "#5"
        },
        "south": {
          "uv": [
            2.5,
            11.875,
            2,
            11.75
          ],
          "texture": "#5"
        },
        "west": {
          "uv": [
            2,
            11.75,
            2.5,
            12
          ],
          "rotation": 90,
          "texture": "#5"
        },
        "up": {
          "uv": [
            2.5,
            12,
            2,
            11.75
          ],
          "texture": "#5"
        },
        "down": {
          "uv": [
            2.5,
            12,
            2,
            11.75
          ],
          "rotation": 180,
          "texture": "#5"
        }
      }
    },
    {
      "from": [
        7.96646,
        8.72342,
        8.84517
      ],
      "to": [
        8.35807,
        9.21292,
        9.44777
      ],
      "rotation": {
        "angle": 0,
        "axis": "y",
        "origin": [
          10.00573,
          8.95173,
          9.99833
        ]
      },
      "faces": {
        "north": {
          "uv": [
            2.5,
            12,
            2,
            11.75
          ],
          "rotation": 270,
          "texture": "#5"
        },
        "east": {
          "uv": [
            2,
            11.875,
            2.5,
            12
          ],
          "rotation": 180,
          "texture": "#5"
        },
        "south": {
          "uv": [
            2.5,
            12,
            2,
            11.75
          ],
          "rotation": 90,
          "texture": "#5"
        },
        "west": {
          "uv": [
            2,
            11.75,
            2.5,
            11.875
          ],
          "rotation": 180,
          "texture": "#5"
        },
        "up": {
          "uv": [
            2.5,
            12,
            2,
            11.75
          ],
          "rotation": 90,
          "texture": "#5"
        },
        "down": {
          "uv": [
            2.5,
            12,
            2,
            11.75
          ],
          "rotation": 90,
          "texture": "#5"
        }
      }
    },
    {
      "from": [
        7.96646,
        8.72342,
        9.44777
      ],
      "to": [
        8.79946,
        9.21292,
        9.83938
      ],
      "rotation": {
        "angle": 0,
        "axis": "y",
        "origin": [
          10.00573,
          8.95173,
          9.99833
        ]
      },
      "faces": {
        "north": {
          "uv": [
            2,
            11.75,
            2.5,
            11.875
          ],
          "rotation": 180,
          "texture": "#5"
        },
        "east": {
          "uv": [
            2.5,
            12,
            2,
            11.75
          ],
          "rotation": 270,
          "texture": "#5"
        },
        "south": {
          "uv": [
            2,
            11.875,
            2.5,
            12
          ],
          "rotation": 180,
          "texture": "#5"
        },
        "west": {
          "uv": [
            2.5,
            12,
            2,
            11.75
          ],
          "rotation": 90,
          "texture": "#5"
        },
        "up": {
          "uv": [
            2.5,
            12,
            2,
            11.75
          ],
          "rotation": 180,
          "texture": "#5"
        },
        "down": {
          "uv": [
            2.5,
            12,
            2,
            11.75
          ],
          "texture": "#5"
        }
      }
    },
    {
      "from": [
        5.24032,
        6.03976,
        1.77072
      ],
      "to": [
        6.63976,
        6.69766,
        2.59307
      ],
      "rotation": {
        "angle": 45,
        "axis": "z",
        "origin": [
          7.98246,
          6.33975,
          2.20362
        ]
      },
      "faces": {
        "north": {
          "uv": [
            2.5,
            12,
            2,
            11.75
          ],
          "texture": "#5"
        },
        "east": {
          "uv": [
            2.5,
            12,
            2,
            11.75
          ],
          "texture": "#5"
        },
        "south": {
          "uv": [
            2.5,
            12,
            2,
            11.75
          ],
          "texture": "#5"
        },
        "west": {
          "uv": [
            2.5,
            12,
            2,
            11.75
          ],
          "texture": "#5"
        },
        "up": {
          "uv": [
            2,
            11.875,
            2.5,
            12
          ],
          "rotation": 180,
          "texture": "#5"
        },
        "down": {
          "uv": [
            2,
            11.75,
            2.5,
            11.875
          ],
          "texture": "#5"
        }
      }
    },
    {
      "from": [
        8.28245,
        3.59761,
        1.77072
      ],
      "to": [
        9.29482,
        4.25551,
        2.59307
      ],
      "rotation": {
        "angle": -45,
        "axis": "z",
        "origin": [
          7.98246,
          6.33975,
          2.20362
        ]
      },
      "faces": {
        "north": {
          "uv": [
            2.5,
            12,
            2,
            11.75
          ],
          "texture": "#5"
        },
        "east": {
          "uv": [
            2.5,
            12,
            2,
            11.75
          ],
          "texture": "#5"
        },
        "south": {
          "uv": [
            2.5,
            12,
            2,
            11.75
          ],
          "texture": "#5"
        },
        "west": {
          "uv": [
            2.5,
            12,
            2,
            11.75
          ],
          "texture": "#5"
        },
        "up": {
          "uv": [
            2,
            11.875,
            2.5,
            12
          ],
          "rotation": 180,
          "texture": "#5"
        },
        "down": {
          "uv": [
            2,
            11.75,
            2.5,
            11.875
          ],
          "texture": "#5"
        }
      }
    },
    {
      "from": [
        8.23685,
        4.14776,
        1.94683
      ],
      "to": [
        10.17238,
        6.09122,
        2.41695
      ],
      "rotation": {
        "angle": -45,
        "axis": "z",
        "origin": [
          7.98246,
          6.33975,
          2.20362
        ]
      },
      "faces": {
        "north": {
          "uv": [
            7.375,
            12,
            7.875,
            12.5
          ],
          "texture": "#5"
        },
        "east": {
          "uv": [
            7.875,
            12.125,
            7.375,
            12
          ],
          "rotation": 270,
          "texture": "#5"
        },
        "south": {
          "uv": [
            7.875,
            12,
            7.375,
            12.5
          ],
          "texture": "#5"
        },
        "west": {
          "uv": [
            7.875,
            12.125,
            7.375,
            12
          ],
          "rotation": 90,
          "texture": "#5"
        },
        "up": {
          "uv": [
            7.875,
            12.125,
            7.375,
            12
          ],
          "texture": "#5"
        },
        "down": {
          "uv": [
            7.875,
            12.125,
            7.375,
            12
          ],
          "rotation": 180,
          "texture": "#5"
        }
      }
    },
    {
      "from": [
        6.66303,
        3.60469,
        1.77072
      ],
      "to": [
        7.67539,
        4.26258,
        2.59307
      ],
      "rotation": {
        "angle": 45,
        "axis": "z",
        "origin": [
          7.98246,
          6.33975,
          2.20362
        ]
      },
      "faces": {
        "north": {
          "uv": [
            2,
            12,
            2.5,
            11.75
          ],
          "texture": "#5"
        },
        "east": {
          "uv": [
            2,
            12,
            2.5,
            11.75
          ],
          "texture": "#5"
        },
        "south": {
          "uv": [
            2,
            12,
            2.5,
            11.75
          ],
          "texture": "#5"
        },
        "west": {
          "uv": [
            2,
            12,
            2.5,
            11.75
          ],
          "texture": "#5"
        },
        "up": {
          "uv": [
            2.5,
            11.875,
            2,
            12
          ],
          "rotation": 180,
          "texture": "#5"
        },
        "down": {
          "uv": [
            2.5,
            11.75,
            2,
            11.875
          ],
          "texture": "#5"
        }
      }
    },
    {
      "from": [
        9.31809,
        6.03268,
        1.77072
      ],
      "to": [
        10.71753,
        6.69058,
        2.59307
      ],
      "rotation": {
        "angle": -45,
        "axis": "z",
        "origin": [
          7.98246,
          6.33975,
          2.20362
        ]
      },
      "faces": {
        "north": {
          "uv": [
            2,
            12,
            2.5,
            11.75
          ],
          "texture": "#5"
        },
        "east": {
          "uv": [
            2,
            12,
            2.5,
            11.75
          ],
          "texture": "#5"
        },
        "south": {
          "uv": [
            2,
            12,
            2.5,
            11.75
          ],
          "texture": "#5"
        },
        "west": {
          "uv": [
            2,
            12,
            2.5,
            11.75
          ],
          "texture": "#5"
        },
        "up": {
          "uv": [
            2.5,
            11.875,
            2,
            12
          ],
          "rotation": 180,
          "texture": "#5"
        },
        "down": {
          "uv": [
            2.5,
            11.75,
            2,
            11.875
          ],
          "texture": "#5"
        }
      }
    },
    {
      "from": [
        9.59646,
        8.73782,
        10.46198
      ],
      "to": [
        10.42946,
        9.19852,
        10.85359
      ],
      "rotation": {
        "angle": -45,
        "axis": "y",
        "origin": [
          10.00573,
          8.95173,
          9.99833
        ]
      },
      "faces": {
        "north": {
          "uv": [
            2.5,
            11.875,
            2,
            11.75
          ],
          "texture": "#5"
        },
        "east": {
          "uv": [
            2,
            11.75,
            2.5,
            12
          ],
          "rotation": 90,
          "texture": "#5"
        },
        "south": {
          "uv": [
            2.5,
            12,
            2,
            11.875
          ],
          "texture": "#5"
        },
        "west": {
          "uv": [
            2,
            11.75,
            2.5,
            12
          ],
          "rotation": 270,
          "texture": "#5"
        },
        "up": {
          "uv": [
            2.5,
            12,
            2,
            11.75
          ],
          "rotation": 180,
          "texture": "#5"
        },
        "down": {
          "uv": [
            2.5,
            12,
            2,
            11.75
          ],
          "texture": "#5"
        }
      }
    },
    {
      "from": [
        8.76346,
        8.73782,
        10.46198
      ],
      "to": [
        9.59646,
        9.19852,
        10.85359
      ],
      "rotation": {
        "angle": -45,
        "axis": "y",
        "origin": [
          10.00573,
          8.95173,
          9.99833
        ]
      },
      "faces": {
        "north": {
          "uv": [
            2.5,
            11.875,
            2,
            11.75
          ],
          "texture": "#5"
        },
        "east": {
          "uv": [
            2,
            11.75,
            2.5,
            12
          ],
          "rotation": 90,
          "texture": "#5"
        },
        "south": {
          "uv": [
            2.5,
            12,
            2,
            11.875
          ],
          "texture": "#5"
        },
        "west": {
          "uv": [
            2,
            11.75,
            2.5,
            12
          ],
          "rotation": 270,
          "texture": "#5"
        },
        "up": {
          "uv": [
            2.5,
            12,
            2,
            11.75
          ],
          "rotation": 180,
          "texture": "#5"
        },
        "down": {
          "uv": [
            2.5,
            12,
            2,
            11.75
          ],
          "texture": "#5"
        }
      }
    },
    {
      "from": [
        10.42946,
        8.73782,
        10.46198
      ],
      "to": [
        11.26246,
        9.19852,
        10.85359
      ],
      "rotation": {
        "angle": -45,
        "axis": "y",
        "origin": [
          10.00573,
          8.95173,
          9.99833
        ]
      },
      "faces": {
        "north": {
          "uv": [
            2.5,
            11.875,
            2,
            11.75
          ],
          "texture": "#5"
        },
        "east": {
          "uv": [
            2,
            11.75,
            2.5,
            12
          ],
          "rotation": 90,
          "texture": "#5"
        },
        "south": {
          "uv": [
            2.5,
            12,
            2,
            11.875
          ],
          "texture": "#5"
        },
        "west": {
          "uv": [
            2,
            11.75,
            2.5,
            12
          ],
          "rotation": 270,
          "texture": "#5"
        },
        "up": {
          "uv": [
            2.5,
            12,
            2,
            11.75
          ],
          "rotation": 180,
          "texture": "#5"
        },
        "down": {
          "uv": [
            2.5,
            12,
            2,
            11.75
          ],
          "texture": "#5"
        }
      }
    },
    {
      "from": [
        11.26246,
        8.73782,
        10.46198
      ],
      "to": [
        12.09546,
        9.19852,
        10.85359
      ],
      "rotation": {
        "angle": -45,
        "axis": "y",
        "origin": [
          10.00573,
          8.95173,
          9.99833
        ]
      },
      "faces": {
        "north": {
          "uv": [
            2.5,
            11.875,
            2,
            11.75
          ],
          "texture": "#5"
        },
        "east": {
          "uv": [
            2,
            11.75,
            2.5,
            12
          ],
          "rotation": 90,
          "texture": "#5"
        },
        "south": {
          "uv": [
            2.5,
            12,
            2,
            11.875
          ],
          "texture": "#5"
        },
        "west": {
          "uv": [
            2,
            11.75,
            2.5,
            12
          ],
          "rotation": 270,
          "texture": "#5"
        },
        "up": {
          "uv": [
            2.5,
            12,
            2,
            11.75
          ],
          "rotation": 180,
          "texture": "#5"
        },
        "down": {
          "uv": [
            2.5,
            12,
            2,
            11.75
          ],
          "texture": "#5"
        }
      }
    },
    {
      "from": [
        -6.50083,
        8.93528,
        10.20235
      ],
      "to": [
        13.61092,
        8.93528,
        15.96717
      ],
      "rotation": {
        "angle": -45,
        "axis": "y",
        "origin": [
          10.00573,
          8.95173,
          9.99833
        ]
      },
      "faces": {
        "north": {
          "uv": [
            2.625,
            11,
            2.5,
            11.5
          ],
          "rotation": 270,
          "texture": "#5"
        },
        "east": {
          "uv": [
            2.875,
            11.5,
            3,
            11
          ],
          "rotation": 90,
          "texture": "#5"
        },
        "south": {
          "uv": [
            2.5,
            11.125,
            3,
            11
          ],
          "texture": "#5"
        },
        "west": {
          "uv": [
            2.5,
            11.5,
            2.625,
            11
          ],
          "rotation": 270,
          "texture": "#5"
        },
        "up": {
          "uv": [
            10.375,
            8,
            8,
            16
          ],
          "rotation": 90,
          "texture": "#5"
        },
        "down": {
          "uv": [
            8,
            8,
            10.375,
            16
          ],
          "rotation": 90,
          "texture": "#5"
        }
      }
    },
    {
      "from": [
        7.27744,
        8.77065,
        7.3016
      ],
      "to": [
        8.21988,
        9.16568,
        8.24875
      ],
      "rotation": {
        "angle": 0,
        "axis": "y",
        "origin": [
          10.00573,
          8.95173,
          9.99833
        ]
      },
      "faces": {
        "north": {
          "uv": [
            3,
            11,
            2.5,
            11.125
          ],
          "rotation": 180,
          "texture": "#5"
        },
        "east": {
          "uv": [
            2.5,
            11.5,
            2.625,
            11
          ],
          "rotation": 270,
          "texture": "#5"
        },
        "south": {
          "uv": [
            2.5,
            11.5,
            2.625,
            11
          ],
          "rotation": 90,
          "texture": "#5"
        },
        "west": {
          "uv": [
            2.875,
            11.5,
            3,
            11
          ],
          "rotation": 90,
          "texture": "#5"
        },
        "up": {
          "uv": [
            2.5,
            11.5,
            3,
            11
          ],
          "rotation": 180,
          "texture": "#5"
        },
        "down": {
          "uv": [
            3,
            11.5,
            2.5,
            11
          ],
          "texture": "#5"
        }
      }
    },
    {
      "from": [
        5.69465,
        8.75222,
        10.34799
      ],
      "to": [
        6.87325,
        9.18412,
        10.7396
      ],
      "rotation": {
        "angle": -45,
        "axis": "y",
        "origin": [
          10.00573,
          8.95173,
          9.99833
        ]
      },
      "faces": {
        "north": {
          "uv": [
            2.5,
            12,
            2,
            11.875
          ],
          "texture": "#5"
        },
        "east": {
          "uv": [
            2,
            11.75,
            2.5,
            12
          ],
          "rotation": 270,
          "texture": "#5"
        },
        "south": {
          "uv": [
            2.5,
            11.875,
            2,
            11.75
          ],
          "texture": "#5"
        },
        "west": {
          "uv": [
            2,
            11.75,
            2.5,
            12
          ],
          "rotation": 90,
          "texture": "#5"
        },
        "up": {
          "uv": [
            2.5,
            12,
            2,
            11.75
          ],
          "texture": "#5"
        },
        "down": {
          "uv": [
            2.5,
            12,
            2,
            11.75
          ],
          "rotation": 180,
          "texture": "#5"
        }
      }
    },
    {
      "from": [
        5.69465,
        8.75222,
        9.31258
      ],
      "to": [
        6.87325,
        9.18412,
        9.70418
      ],
      "rotation": {
        "angle": -45,
        "axis": "y",
        "origin": [
          10.00573,
          8.95173,
          9.99833
        ]
      },
      "faces": {
        "north": {
          "uv": [
            2.5,
            11.75,
            2,
            11.875
          ],
          "rotation": 180,
          "texture": "#5"
        },
        "east": {
          "uv": [
            2,
            12,
            2.5,
            11.75
          ],
          "rotation": 270,
          "texture": "#5"
        },
        "south": {
          "uv": [
            2.5,
            11.875,
            2,
            12
          ],
          "rotation": 180,
          "texture": "#5"
        },
        "west": {
          "uv": [
            2,
            12,
            2.5,
            11.75
          ],
          "rotation": 90,
          "texture": "#5"
        },
        "up": {
          "uv": [
            2.5,
            11.75,
            2,
            12
          ],
          "texture": "#5"
        },
        "down": {
          "uv": [
            2.5,
            11.75,
            2,
            12
          ],
          "rotation": 180,
          "texture": "#5"
        }
      }
    },
    {
      "from": [
        4.54265,
        8.75222,
        10.34799
      ],
      "to": [
        5.72125,
        9.18412,
        10.7396
      ],
      "rotation": {
        "angle": -45,
        "axis": "y",
        "origin": [
          10.00573,
          8.95173,
          9.99833
        ]
      },
      "faces": {
        "north": {
          "uv": [
            2.5,
            12,
            2,
            11.875
          ],
          "texture": "#5"
        },
        "east": {
          "uv": [
            2,
            11.75,
            2.5,
            12
          ],
          "rotation": 270,
          "texture": "#5"
        },
        "south": {
          "uv": [
            2.5,
            11.875,
            2,
            11.75
          ],
          "texture": "#5"
        },
        "west": {
          "uv": [
            2,
            11.75,
            2.5,
            12
          ],
          "rotation": 90,
          "texture": "#5"
        },
        "up": {
          "uv": [
            2.5,
            12,
            2,
            11.75
          ],
          "texture": "#5"
        },
        "down": {
          "uv": [
            2.5,
            12,
            2,
            11.75
          ],
          "rotation": 180,
          "texture": "#5"
        }
      }
    },
    {
      "from": [
        4.54265,
        8.75222,
        9.31258
      ],
      "to": [
        5.72125,
        9.18412,
        9.70418
      ],
      "rotation": {
        "angle": -45,
        "axis": "y",
        "origin": [
          10.00573,
          8.95173,
          9.99833
        ]
      },
      "faces": {
        "north": {
          "uv": [
            2.5,
            11.75,
            2,
            11.875
          ],
          "rotation": 180,
          "texture": "#5"
        },
        "east": {
          "uv": [
            2,
            12,
            2.5,
            11.75
          ],
          "rotation": 270,
          "texture": "#5"
        },
        "south": {
          "uv": [
            2.5,
            11.875,
            2,
            12
          ],
          "rotation": 180,
          "texture": "#5"
        },
        "west": {
          "uv": [
            2,
            12,
            2.5,
            11.75
          ],
          "rotation": 90,
          "texture": "#5"
        },
        "up": {
          "uv": [
            2.5,
            11.75,
            2,
            12
          ],
          "texture": "#5"
        },
        "down": {
          "uv": [
            2.5,
            11.75,
            2,
            12
          ],
          "rotation": 180,
          "texture": "#5"
        }
      }
    },
    {
      "from": [
        3.39065,
        8.75222,
        10.34799
      ],
      "to": [
        4.56925,
        9.18412,
        10.7396
      ],
      "rotation": {
        "angle": -45,
        "axis": "y",
        "origin": [
          10.00573,
          8.95173,
          9.99833
        ]
      },
      "faces": {
        "north": {
          "uv": [
            2.5,
            12,
            2,
            11.875
          ],
          "texture": "#5"
        },
        "east": {
          "uv": [
            2,
            11.75,
            2.5,
            12
          ],
          "rotation": 270,
          "texture": "#5"
        },
        "south": {
          "uv": [
            2.5,
            11.875,
            2,
            11.75
          ],
          "texture": "#5"
        },
        "west": {
          "uv": [
            2,
            11.75,
            2.5,
            12
          ],
          "rotation": 90,
          "texture": "#5"
        },
        "up": {
          "uv": [
            2.5,
            12,
            2,
            11.75
          ],
          "texture": "#5"
        },
        "down": {
          "uv": [
            2.5,
            12,
            2,
            11.75
          ],
          "rotation": 180,
          "texture": "#5"
        }
      }
    },
    {
      "from": [
        3.39065,
        8.75222,
        9.31258
      ],
      "to": [
        4.56925,
        9.18412,
        9.70418
      ],
      "rotation": {
        "angle": -45,
        "axis": "y",
        "origin": [
          10.00573,
          8.95173,
          9.99833
        ]
      },
      "faces": {
        "north": {
          "uv": [
            2.5,
            11.75,
            2,
            11.875
          ],
          "rotation": 180,
          "texture": "#5"
        },
        "east": {
          "uv": [
            2,
            12,
            2.5,
            11.75
          ],
          "rotation": 270,
          "texture": "#5"
        },
        "south": {
          "uv": [
            2.5,
            11.875,
            2,
            12
          ],
          "rotation": 180,
          "texture": "#5"
        },
        "west": {
          "uv": [
            2,
            12,
            2.5,
            11.75
          ],
          "rotation": 90,
          "texture": "#5"
        },
        "up": {
          "uv": [
            2.5,
            11.75,
            2,
            12
          ],
          "texture": "#5"
        },
        "down": {
          "uv": [
            2.5,
            11.75,
            2,
            12
          ],
          "rotation": 180,
          "texture": "#5"
        }
      }
    },
    {
      "from": [
        2.23865,
        8.75222,
        10.34799
      ],
      "to": [
        3.41725,
        9.18412,
        10.7396
      ],
      "rotation": {
        "angle": -45,
        "axis": "y",
        "origin": [
          10.00573,
          8.95173,
          9.99833
        ]
      },
      "faces": {
        "north": {
          "uv": [
            2.5,
            12,
            2,
            11.875
          ],
          "texture": "#5"
        },
        "east": {
          "uv": [
            2,
            11.75,
            2.5,
            12
          ],
          "rotation": 270,
          "texture": "#5"
        },
        "south": {
          "uv": [
            2.5,
            11.875,
            2,
            11.75
          ],
          "texture": "#5"
        },
        "west": {
          "uv": [
            2,
            11.75,
            2.5,
            12
          ],
          "rotation": 90,
          "texture": "#5"
        },
        "up": {
          "uv": [
            2.5,
            12,
            2,
            11.75
          ],
          "texture": "#5"
        },
        "down": {
          "uv": [
            2.5,
            12,
            2,
            11.75
          ],
          "rotation": 180,
          "texture": "#5"
        }
      }
    },
    {
      "from": [
        2.23865,
        8.75222,
        9.31258
      ],
      "to": [
        3.41725,
        9.18412,
        9.70418
      ],
      "rotation": {
        "angle": -45,
        "axis": "y",
        "origin": [
          10.00573,
          8.95173,
          9.99833
        ]
      },
      "faces": {
        "north": {
          "uv": [
            2.5,
            11.75,
            2,
            11.875
          ],
          "rotation": 180,
          "texture": "#5"
        },
        "east": {
          "uv": [
            2,
            12,
            2.5,
            11.75
          ],
          "rotation": 270,
          "texture": "#5"
        },
        "south": {
          "uv": [
            2.5,
            11.875,
            2,
            12
          ],
          "rotation": 180,
          "texture": "#5"
        },
        "west": {
          "uv": [
            2,
            12,
            2.5,
            11.75
          ],
          "rotation": 90,
          "texture": "#5"
        },
        "up": {
          "uv": [
            2.5,
            11.75,
            2,
            12
          ],
          "texture": "#5"
        },
        "down": {
          "uv": [
            2.5,
            11.75,
            2,
            12
          ],
          "rotation": 180,
          "texture": "#5"
        }
      }
    },
    {
      "from": [
        4.01909,
        8.71305,
        4.04325
      ],
      "to": [
        4.96153,
        9.22328,
        4.99041
      ],
      "rotation": {
        "angle": 0,
        "axis": "y",
        "origin": [
          10.00573,
          8.95173,
          9.99833
        ]
      },
      "faces": {
        "north": {
          "uv": [
            8,
            13.125,
            7.5,
            13.25
          ],
          "rotation": 180,
          "texture": "#5"
        },
        "east": {
          "uv": [
            8,
            13.125,
            7.5,
            13.25
          ],
          "texture": "#5"
        },
        "south": {
          "uv": [
            8,
            13.125,
            7.5,
            13.25
          ],
          "rotation": 180,
          "texture": "#5"
        },
        "west": {
          "uv": [
            8,
            13.125,
            7.5,
            13.25
          ],
          "texture": "#5"
        },
        "up": {
          "uv": [
            7.5,
            13.625,
            8,
            13.125
          ],
          "rotation": 180,
          "texture": "#5"
        },
        "down": {
          "uv": [
            8,
            13.625,
            7.5,
            13.125
          ],
          "texture": "#5"
        }
      }
    },
    {
      "from": [
        11.11463,
        8.43542,
        11.45778
      ],
      "to": [
        12.12043,
        9.44332,
        11.90698
      ],
      "rotation": {
        "angle": 22.5,
        "axis": "y",
        "origin": [
          10.00573,
          8.95173,
          9.99833
        ]
      },
      "faces": {
        "north": {
          "uv": [
            2,
            11.875,
            2.5,
            12
          ],
          "rotation": 180,
          "texture": "#5"
        },
        "east": {
          "uv": [
            2.5,
            12,
            2,
            11.75
          ],
          "rotation": 90,
          "texture": "#5"
        },
        "south": {
          "uv": [
            2,
            11.75,
            2.5,
            11.875
          ],
          "rotation": 180,
          "texture": "#5"
        },
        "west": {
          "uv": [
            2.5,
            12,
            2,
            11.75
          ],
          "rotation": 270,
          "texture": "#5"
        },
        "up": {
          "uv": [
            2.5,
            12,
            2,
            11.75
          ],
          "texture": "#5"
        },
        "down": {
          "uv": [
            2.5,
            12,
            2,
            11.75
          ],
          "rotation": 180,
          "texture": "#5"
        }
      }
    },
    {
      "from": [
        12.12043,
        8.55062,
        11.45778
      ],
      "to": [
        13.12623,
        9.32812,
        11.90698
      ],
      "rotation": {
        "angle": 22.5,
        "axis": "y",
        "origin": [
          10.00573,
          8.95173,
          9.99833
        ]
      },
      "faces": {
        "north": {
          "uv": [
            2,
            11.75,
            2.5,
            11.875
          ],
          "rotation": 180,
          "texture": "#5"
        },
        "east": {
          "uv": [
            2.5,
            12,
            2,
            11.75
          ],
          "rotation": 270,
          "texture": "#5"
        },
        "south": {
          "uv": [
            2,
            11.875,
            2.5,
            12
          ],
          "rotation": 180,
          "texture": "#5"
        },
        "west": {
          "uv": [
            2.5,
            12,
            2,
            11.75
          ],
          "rotation": 90,
          "texture": "#5"
        },
        "up": {
          "uv": [
            2.5,
            12,
            2,
            11.75
          ],
          "rotation": 180,
          "texture": "#5"
        },
        "down": {
          "uv": [
            2.5,
            12,
            2,
            11.75
          ],
          "texture": "#5"
        }
      }
    },
    {
      "from": [
        12.69913,
        8.72342,
        10.65816
      ],
      "to": [
        13.09073,
        9.15532,
        11.49116
      ],
      "rotation": {
        "angle": 22.5,
        "axis": "y",
        "origin": [
          10.00573,
          8.95173,
          9.99833
        ]
      },
      "faces": {
        "north": {
          "uv": [
            2.5,
            12,
            2,
            11.75
          ],
          "rotation": 90,
          "texture": "#5"
        },
        "east": {
          "uv": [
            2,
            11.75,
            2.5,
            11.875
          ],
          "rotation": 180,
          "texture": "#5"
        },
        "south": {
          "uv": [
            2.5,
            12,
            2,
            11.75
          ],
          "rotation": 270,
          "texture": "#5"
        },
        "west": {
          "uv": [
            2,
            11.875,
            2.5,
            12
          ],
          "rotation": 180,
          "texture": "#5"
        },
        "up": {
          "uv": [
            2,
            11.75,
            2.5,
            12
          ],
          "rotation": 90,
          "texture": "#5"
        },
        "down": {
          "uv": [
            2,
            11.75,
            2.5,
            12
          ],
          "rotation": 90,
          "texture": "#5"
        }
      }
    },
    {
      "from": [
        11.25091,
        8.78102,
        7.44387
      ],
      "to": [
        11.79591,
        9.09772,
        7.72027
      ],
      "rotation": {
        "angle": -45,
        "axis": "y",
        "origin": [
          10.00573,
          8.95173,
          9.99833
        ]
      },
      "faces": {
        "north": {
          "uv": [
            2,
            11.75,
            2.5,
            11.875
          ],
          "rotation": 180,
          "texture": "#5"
        },
        "east": {
          "uv": [
            2.5,
            12,
            2,
            11.75
          ],
          "rotation": 270,
          "texture": "#5"
        },
        "south": {
          "uv": [
            2,
            11.875,
            2.5,
            12
          ],
          "rotation": 180,
          "texture": "#5"
        },
        "west": {
          "uv": [
            2.5,
            12,
            2,
            11.75
          ],
          "rotation": 90,
          "texture": "#5"
        },
        "up": {
          "uv": [
            2,
            11.75,
            2.5,
            12
          ],
          "texture": "#5"
        },
        "down": {
          "uv": [
            2,
            11.75,
            2.5,
            12
          ],
          "rotation": 180,
          "texture": "#5"
        }
      }
    },
    {
      "from": [
        11.64628,
        8.83862,
        8.17243
      ],
      "to": [
        12.13368,
        9.04012,
        8.33363
      ],
      "rotation": {
        "angle": -22.5,
        "axis": "y",
        "origin": [
          10.00573,
          8.95173,
          9.99833
        ]
      },
      "faces": {
        "north": {
          "uv": [
            2,
            11.75,
            2.5,
            11.875
          ],
          "rotation": 180,
          "texture": "#5"
        },
        "east": {
          "uv": [
            2.5,
            12,
            2,
            11.75
          ],
          "rotation": 270,
          "texture": "#5"
        },
        "south": {
          "uv": [
            2,
            11.875,
            2.5,
            12
          ],
          "rotation": 180,
          "texture": "#5"
        },
        "west": {
          "uv": [
            2.5,
            12,
            2,
            11.75
          ],
          "rotation": 90,
          "texture": "#5"
        },
        "up": {
          "uv": [
            2,
            11.75,
            2.5,
            12
          ],
          "texture": "#5"
        },
        "down": {
          "uv": [
            2,
            11.75,
            2.5,
            12
          ],
          "rotation": 180,
          "texture": "#5"
        }
      }
    },
    {
      "from": [
        8,
        -1.5,
        2.5
      ],
      "to": [
        16.5,
        8.5,
        13.5
      ],
      "rotation": {
        "angle": 0,
        "axis": "y",
        "origin": [
          8,
          8,
          8
        ]
      },
      "faces": {
        "north": {
          "uv": [
            8,
            5,
            10.25,
            7.5
          ],
          "texture": "#5"
        },
        "east": {
          "uv": [
            8,
            0,
            10.75,
            2.5
          ],
          "texture": "#5"
        },
        "south": {
          "uv": [
            13,
            0,
            15.25,
            2.5
          ],
          "texture": "#5"
        },
        "west": {
          "uv": [
            8,
            2.5,
            10.75,
            5
          ],
          "texture": "#5"
        },
        "up": {
          "uv": [
            13,
            2.75,
            10.75,
            0
          ],
          "texture": "#5"
        },
        "down": {
          "uv": [
            13,
            2.75,
            10.75,
            5.5
          ],
          "texture": "#5"
        }
      }
    },
    {
      "from": [
        -0.5,
        -1.5,
        2.5
      ],
      "to": [
        8,
        8.5,
        13.5
      ],
      "rotation": {
        "angle": 0,
        "axis": "y",
        "origin": [
          8,
          8,
          8
        ]
      },
      "faces": {
        "north": {
          "uv": [
            10.25,
            5,
            8,
            7.5
          ],
          "texture": "#5"
        },
        "east": {
          "uv": [
            10.75,
            2.5,
            8,
            5
          ],
          "texture": "#5"
        },
        "south": {
          "uv": [
            15.25,
            0,
            13,
            2.5
          ],
          "texture": "#5"
        },
        "west": {
          "uv": [
            10.75,
            0,
            8,
            2.5
          ],
          "texture": "#5"
        },
        "up": {
          "uv": [
            10.75,
            2.75,
            13,
            0
          ],
          "texture": "#5"
        },
        "down": {
          "uv": [
            10.75,
            2.75,
            13,
            5.5
          ],
          "texture": "#5"
        }
      }
    }
  ],
  "gui_light": "front",
  "display": {
    "thirdperson_righthand": {
      "rotation": [
        68.75,
        0,
        0
      ],
      "translation": [
        0,
        1.75,
        1.25
      ],
      "scale": [
        0.3,
        0.29,
        0.29
      ]
    },
    "thirdperson_lefthand": {
      "rotation": [
        68.75,
        0,
        0
      ],
      "translation": [
        0,
        1.75,
        1.25
      ],
      "scale": [
        0.3,
        0.29,
        0.29
      ]
    },
    "firstperson_righthand": {
      "rotation": [
        5,
        -180,
        0
      ],
      "translation": [
        -9,
        5.5,
        -0.5
      ],
      "scale": [
        0.52797,
        0.52797,
        0.52797
      ]
    },
    "firstperson_lefthand": {
      "rotation": [
        22,
        -163,
        0
      ],
      "translation": [
        -4.75,
        2.25,
        -0.5
      ],
      "scale": [
        0.47328,
        0.47328,
        0.47328
      ]
    },
    "ground": {
      "translation": [
        0,
        1.75,
        0
      ],
      "scale": [
        0.32,
        0.32,
        0.32
      ]
    },
    "gui": {
      "rotation": [
        25,
        144,
        0
      ],
      "translation": [
        0,
        2.5,
        -0.25
      ],
      "scale": [
        0.7,
        0.74688,
        0.69
      ]
    },
    "head": {
      "translation": [
        0,
        -23.5,
        0
      ],
      "scale": [
        2.25,
        2.25,
        2.25
      ]
    },
    "fixed": {
      "rotation": [
        -90,
        0,
        0
      ],
      "translation": [
        0,
        5.5,
        -28.75
      ],
      "scale": [
        3.17773,
        3.17773,
        3.17773
      ]
    }
  },
  "groups": [
    {
      "name": "group",
      "origin": [
        8.00849,
        0.26342,
        3.45073
      ],
      "color": 0,
      "nbt": "{}",
      "armAnimationEnabled": false,
      "children": [
        {
          "name": "group",
          "origin": [
            7.98095,
            16.90087,
            7.99483
          ],
          "color": 0,
          "nbt": "{}",
          "armAnimationEnabled": false,
          "children": [
            0,
            1,
            2,
            3,
            4,
            5,
            6,
            7,
            8,
            9,
            10,
            11,
            12,
            13,
            14,
            15,
            16,
            17,
            18,
            19,
            20,
            21,
            22,
            23,
            24,
            25,
            26,
            27,
            28,
            29,
            30,
            31,
            32,
            33,
            34,
            35,
            36,
            37,
            38,
            39,
            40,
            41,
            42,
            43,
            44,
            45,
            46,
            47,
            48,
            49,
            50
          ]
        },
        51,
        52
      ]
    }
  ]
}