{
  "credit": "Made with Blockbench",
  "texture_size": [
    64,
    64
  ],
  "textures": {
    "0": "rainbowset:rainbowset/rainbow_sniper",
    "particle": "rainbowset:rainbowset/rainbow_sniper"
  },
  "elements": [
    {
      "from": [
        5.924,
        6.028,
        12.56
      ],
      "to": [
        10.076,
        9.972,
        15.04
      ],
      "rotation": {
        "angle": 0,
        "axis": "y",
        "origin": [
          8,
          8,
          7.66
        ]
      },
      "faces": {
        "north": {
          "uv": [
            3.5,
            4,
            3.625,
            5
          ],
          "texture": "#0"
        },
        "east": {
          "uv": [
            3.5,
            4,
            4.125,
            5
          ],
          "rotation": 180,
          "texture": "#0"
        },
        "south": {
          "uv": [
            4,
            4,
            4.125,
            5
          ],
          "texture": "#0"
        },
        "west": {
          "uv": [
            3.5,
            4,
            4.125,
            5
          ],
          "texture": "#0"
        },
        "up": {
          "uv": [
            3.5,
            4,
            4.125,
            5
          ],
          "rotation": 90,
          "texture": "#0"
        },
        "down": {
          "uv": [
            3.5,
            4,
            4.125,
            5
          ],
          "rotation": 270,
          "texture": "#0"
        }
      }
    },
    {
      "from": [
        7.39744,
        10.49968,
        5.7756
      ],
      "to": [
        8.60256,
        11.70032,
        12.4244
      ],
      "rotation": {
        "angle": 0,
        "axis": "y",
        "origin": [
          8,
          9.49,
          9.0076
        ]
      },
      "faces": {
        "north": {
          "uv": [
            7.25,
            7,
            7.5,
            7.25
          ],
          "texture": "#0"
        },
        "east": {
          "uv": [
            6.375,
            3.5,
            4.75,
            3.75
          ],
          "texture": "#0"
        },
        "south": {
          "uv": [
            7.25,
            7.25,
            7.5,
            7.5
          ],
          "texture": "#0"
        },
        "west": {
          "uv": [
            4.75,
            3.5,
            6.375,
            3.75
          ],
          "texture": "#0"
        },
        "up": {
          "uv": [
            4.75,
            3.5,
            6.375,
            3.625
          ],
          "rotation": 90,
          "texture": "#0"
        },
        "down": {
          "uv": [
            5.25,
            3.625,
            5.5,
            3.75
          ],
          "texture": "#0"
        }
      }
    },
    {
      "from": [
        7.16316,
        10.26628,
        2.02507
      ],
      "to": [
        8.83684,
        11.93372,
        5.87493
      ],
      "rotation": {
        "angle": 0,
        "axis": "y",
        "origin": [
          8,
          8.86403,
          10.84007
        ]
      },
      "faces": {
        "north": {
          "uv": [
            4.75,
            7,
            5.125,
            7.375
          ],
          "texture": "#0"
        },
        "east": {
          "uv": [
            6.25,
            5.25,
            6.875,
            5.625
          ],
          "rotation": 180,
          "texture": "#0"
        },
        "south": {
          "uv": [
            7,
            4.75,
            7.375,
            5.125
          ],
          "texture": "#0"
        },
        "west": {
          "uv": [
            6.25,
            5.25,
            6.875,
            5.625
          ],
          "texture": "#0"
        },
        "up": {
          "uv": [
            6.25,
            5.25,
            6.875,
            5.625
          ],
          "rotation": 90,
          "texture": "#0"
        },
        "down": {
          "uv": [
            6.25,
            5.25,
            6.875,
            5.625
          ],
          "rotation": 270,
          "texture": "#0"
        }
      }
    },
    {
      "from": [
        7.16316,
        10.26628,
        11.62507
      ],
      "to": [
        8.83684,
        11.93372,
        15.47493
      ],
      "rotation": {
        "angle": 0,
        "axis": "y",
        "origin": [
          8,
          8.86403,
          5.15993
        ]
      },
      "faces": {
        "north": {
          "uv": [
            7.375,
            4.75,
            7,
            5.125
          ],
          "texture": "#0"
        },
        "east": {
          "uv": [
            6.875,
            5.25,
            6.25,
            5.625
          ],
          "rotation": 180,
          "texture": "#0"
        },
        "south": {
          "uv": [
            5.125,
            7,
            4.75,
            7.375
          ],
          "texture": "#0"
        },
        "west": {
          "uv": [
            6.875,
            5.25,
            6.25,
            5.625
          ],
          "texture": "#0"
        },
        "up": {
          "uv": [
            6.875,
            5.25,
            6.25,
            5.625
          ],
          "rotation": 90,
          "texture": "#0"
        },
        "down": {
          "uv": [
            6.875,
            5.25,
            6.25,
            5.625
          ],
          "rotation": 270,
          "texture": "#0"
        }
      }
    },
    {
      "from": [
        7.3,
        5.9,
        1.4
      ],
      "to": [
        8.7,
        6.8,
        13.1
      ],
      "rotation": {
        "angle": 0,
        "axis": "y",
        "origin": [
          8,
          8,
          8
        ]
      },
      "faces": {
        "north": {
          "uv": [
            7,
            6,
            7.375,
            6.25
          ],
          "texture": "#0"
        },
        "east": {
          "uv": [
            6.375,
            3.75,
            3.5,
            4
          ],
          "texture": "#0"
        },
        "south": {
          "uv": [
            7,
            6.25,
            7.375,
            6.5
          ],
          "texture": "#0"
        },
        "west": {
          "uv": [
            3.5,
            3.75,
            6.375,
            4
          ],
          "texture": "#0"
        },
        "up": {
          "uv": [
            3.5,
            3.75,
            6.375,
            3.875
          ],
          "rotation": 90,
          "texture": "#0"
        },
        "down": {
          "uv": [
            3.5,
            3.875,
            6.375,
            4
          ],
          "rotation": 270,
          "texture": "#0"
        }
      }
    },
    {
      "from": [
        7.2,
        7.25,
        -1.4
      ],
      "to": [
        8.8,
        9.225,
        1.125
      ],
      "rotation": {
        "angle": 45,
        "axis": "x",
        "origin": [
          8,
          6.25,
          -0.35
        ]
      },
      "faces": {
        "north": {
          "uv": [
            2.75,
            6.75,
            3.125,
            7.25
          ],
          "texture": "#0"
        },
        "east": {
          "uv": [
            5.5,
            0,
            6.125,
            0.5
          ],
          "texture": "#0"
        },
        "south": {
          "uv": [
            6.75,
            2.75,
            7.125,
            3.25
          ],
          "texture": "#0"
        },
        "west": {
          "uv": [
            5.5,
            0.5,
            6.125,
            1
          ],
          "texture": "#0"
        },
        "up": {
          "uv": [
            2.625,
            6.875,
            2.25,
            6.25
          ],
          "texture": "#0"
        },
        "down": {
          "uv": [
            6.625,
            4,
            6.25,
            4.625
          ],
          "texture": "#0"
        }
      }
    },
    {
      "from": [
        7.6,
        5.15,
        5
      ],
      "to": [
        8.4,
        5.95,
        13.1
      ],
      "rotation": {
        "angle": 0,
        "axis": "y",
        "origin": [
          8,
          8.3,
          8
        ]
      },
      "faces": {
        "north": {
          "uv": [
            1.25,
            7.25,
            1.5,
            7.5
          ],
          "texture": "#0"
        },
        "east": {
          "uv": [
            6.375,
            3.75,
            3.5,
            4
          ],
          "texture": "#0"
        },
        "south": {
          "uv": [
            7.25,
            1.25,
            7.5,
            1.5
          ],
          "texture": "#0"
        },
        "west": {
          "uv": [
            4.75,
            3,
            6.75,
            3.25
          ],
          "texture": "#0"
        },
        "up": {
          "uv": [
            4.5,
            6.75,
            4.25,
            4.75
          ],
          "texture": "#0"
        },
        "down": {
          "uv": [
            4.75,
            4.75,
            4.5,
            6.75
          ],
          "texture": "#0"
        }
      }
    },
    {
      "from": [
        7.6,
        5.15,
        -5.6
      ],
      "to": [
        8.4,
        5.95,
        -1.3
      ],
      "rotation": {
        "angle": 0,
        "axis": "y",
        "origin": [
          8,
          8.3,
          8
        ]
      },
      "faces": {
        "north": {
          "uv": [
            6,
            1.5,
            6.125,
            1.75
          ],
          "texture": "#0"
        },
        "east": {
          "uv": [
            7.125,
            1.5,
            6,
            1.75
          ],
          "texture": "#0"
        },
        "south": {
          "uv": [
            3.5,
            7.25,
            3.75,
            7.5
          ],
          "texture": "#0"
        },
        "west": {
          "uv": [
            6,
            1.5,
            7.125,
            1.75
          ],
          "texture": "#0"
        },
        "up": {
          "uv": [
            6,
            1.5,
            7.125,
            1.625
          ],
          "texture": "#0"
        },
        "down": {
          "uv": [
            7.125,
            1.625,
            6,
            1.75
          ],
          "rotation": 90,
          "texture": "#0"
        }
      }
    },
    {
      "from": [
        7.792,
        5.342,
        -3.636
      ],
      "to": [
        8.208,
        5.758,
        5.536
      ],
      "rotation": {
        "angle": 0,
        "axis": "y",
        "origin": [
          8,
          6.86,
          6.004
        ]
      },
      "faces": {
        "north": {
          "uv": [
            1.75,
            7.5,
            1.875,
            7.625
          ],
          "texture": "#0"
        },
        "east": {
          "uv": [
            8.25,
            1.125,
            6,
            1
          ],
          "texture": "#0"
        },
        "south": {
          "uv": [
            7.5,
            1.75,
            7.625,
            1.875
          ],
          "texture": "#0"
        },
        "west": {
          "uv": [
            6,
            1,
            8.25,
            1.125
          ],
          "texture": "#0"
        },
        "up": {
          "uv": [
            6,
            1,
            8.25,
            1.125
          ],
          "rotation": 90,
          "texture": "#0"
        },
        "down": {
          "uv": [
            8.25,
            1,
            6,
            1.125
          ],
          "rotation": 90,
          "texture": "#0"
        }
      }
    },
    {
      "from": [
        7.792,
        7.942,
        -7.836
      ],
      "to": [
        8.208,
        8.358,
        1.336
      ],
      "rotation": {
        "angle": 0,
        "axis": "y",
        "origin": [
          8,
          6.86,
          6.004
        ]
      },
      "faces": {
        "north": {
          "uv": [
            1.75,
            7.5,
            1.875,
            7.625
          ],
          "texture": "#0"
        },
        "east": {
          "uv": [
            8.25,
            1.125,
            6,
            1
          ],
          "texture": "#0"
        },
        "south": {
          "uv": [
            7.5,
            1.75,
            7.625,
            1.875
          ],
          "texture": "#0"
        },
        "west": {
          "uv": [
            6,
            1,
            8.25,
            1.125
          ],
          "texture": "#0"
        },
        "up": {
          "uv": [
            6,
            1,
            8.25,
            1.125
          ],
          "rotation": 90,
          "texture": "#0"
        },
        "down": {
          "uv": [
            8.25,
            1,
            6,
            1.125
          ],
          "rotation": 90,
          "texture": "#0"
        }
      }
    },
    {
      "from": [
        7.2,
        2.4,
        11.1
      ],
      "to": [
        8.8,
        5.5,
        12.5
      ],
      "rotation": {
        "angle": -22.5,
        "axis": "x",
        "origin": [
          8,
          8,
          8
        ]
      },
      "faces": {
        "north": {
          "uv": [
            0,
            5.75,
            0.375,
            6.5
          ],
          "texture": "#0"
        },
        "east": {
          "uv": [
            1.875,
            5.75,
            1.5,
            6.5
          ],
          "texture": "#0"
        },
        "south": {
          "uv": [
            1.75,
            5.75,
            1.875,
            6.5
          ],
          "texture": "#0"
        },
        "west": {
          "uv": [
            1.5,
            5.75,
            1.875,
            6.5
          ],
          "texture": "#0"
        },
        "up": {
          "uv": [
            4.625,
            7.125,
            4.25,
            6.75
          ],
          "texture": "#0"
        },
        "down": {
          "uv": [
            6.875,
            6.75,
            6.5,
            7.125
          ],
          "texture": "#0"
        }
      }
    },
    {
      "from": [
        7.1,
        1.44835,
        12.80049
      ],
      "to": [
        8.9,
        4.54835,
        14.40049
      ],
      "rotation": {
        "angle": 0,
        "axis": "y",
        "origin": [
          8,
          2.99835,
          13.60049
        ]
      },
      "faces": {
        "north": {
          "uv": [
            3,
            1,
            3.5,
            1.75
          ],
          "texture": "#0"
        },
        "east": {
          "uv": [
            5.125,
            5.75,
            4.75,
            6.5
          ],
          "texture": "#0"
        },
        "south": {
          "uv": [
            5.25,
            4,
            5.75,
            4.75
          ],
          "texture": "#0"
        },
        "west": {
          "uv": [
            4.75,
            5.75,
            5.125,
            6.5
          ],
          "texture": "#0"
        },
        "up": {
          "uv": [
            7,
            0.875,
            6.5,
            0.5
          ],
          "texture": "#0"
        },
        "down": {
          "uv": [
            7,
            3.25,
            6.5,
            3.625
          ],
          "texture": "#0"
        }
      }
    },
    {
      "from": [
        7.125,
        1.56005,
        13.53082
      ],
      "to": [
        8.875,
        2.26005,
        14.13082
      ],
      "rotation": {
        "angle": 45,
        "axis": "x",
        "origin": [
          8,
          3.11005,
          13.33082
        ]
      },
      "faces": {
        "north": {
          "uv": [
            7.5,
            0.5,
            7.875,
            0.625
          ],
          "texture": "#0"
        },
        "east": {
          "uv": [
            7.5,
            1.25,
            7.625,
            1.375
          ],
          "texture": "#0"
        },
        "south": {
          "uv": [
            0.75,
            7.5,
            1.125,
            7.625
          ],
          "texture": "#0"
        },
        "west": {
          "uv": [
            7.5,
            1.5,
            7.625,
            1.625
          ],
          "texture": "#0"
        },
        "up": {
          "uv": [
            7.875,
            0.875,
            7.5,
            0.75
          ],
          "texture": "#0"
        },
        "down": {
          "uv": [
            1.625,
            7.5,
            1.25,
            7.625
          ],
          "texture": "#0"
        }
      }
    },
    {
      "from": [
        7.5,
        6.8,
        1
      ],
      "to": [
        8.5,
        7.6,
        13.2
      ],
      "rotation": {
        "angle": 0,
        "axis": "y",
        "origin": [
          8,
          8,
          8
        ]
      },
      "faces": {
        "north": {
          "uv": [
            6.5,
            3.75,
            6.75,
            4
          ],
          "texture": "#0"
        },
        "east": {
          "uv": [
            6.5,
            2.25,
            3.5,
            2.5
          ],
          "texture": "#0"
        },
        "south": {
          "uv": [
            0.25,
            7.25,
            0.5,
            7.5
          ],
          "texture": "#0"
        },
        "west": {
          "uv": [
            3.5,
            2.25,
            6.5,
            2.5
          ],
          "texture": "#0"
        },
        "up": {
          "uv": [
            3.25,
            6.75,
            3,
            3.75
          ],
          "texture": "#0"
        },
        "down": {
          "uv": [
            3.5,
            3.75,
            3.25,
            6.75
          ],
          "texture": "#0"
        }
      }
    },
    {
      "from": [
        7,
        6.5,
        9.5
      ],
      "to": [
        9,
        7.4,
        13.2
      ],
      "rotation": {
        "angle": 0,
        "axis": "y",
        "origin": [
          8,
          9.5,
          8
        ]
      },
      "faces": {
        "north": {
          "uv": [
            5.25,
            5.25,
            5.375,
            5.625
          ],
          "texture": "#0"
        },
        "east": {
          "uv": [
            6.125,
            5.25,
            5.25,
            5.625
          ],
          "texture": "#0"
        },
        "south": {
          "uv": [
            6.5,
            6.25,
            7,
            6.625
          ],
          "texture": "#0"
        },
        "west": {
          "uv": [
            5.25,
            5.25,
            6.125,
            5.625
          ],
          "texture": "#0"
        },
        "up": {
          "uv": [
            5.25,
            5.25,
            6.125,
            5.375
          ],
          "rotation": 90,
          "texture": "#0"
        },
        "down": {
          "uv": [
            5.25,
            5.5,
            6.125,
            5.625
          ],
          "rotation": 270,
          "texture": "#0"
        }
      }
    },
    {
      "from": [
        6.9,
        7.5,
        1
      ],
      "to": [
        9.1,
        9.1,
        13.2
      ],
      "rotation": {
        "angle": 0,
        "axis": "y",
        "origin": [
          8,
          8,
          8
        ]
      },
      "faces": {
        "north": {
          "uv": [
            2,
            0.5,
            2.125,
            0.875
          ],
          "texture": "#0"
        },
        "east": {
          "uv": [
            5,
            0.5,
            2,
            0.875
          ],
          "texture": "#0"
        },
        "south": {
          "uv": [
            6.75,
            3.75,
            7.25,
            4.125
          ],
          "texture": "#0"
        },
        "west": {
          "uv": [
            2,
            0.5,
            5,
            0.875
          ],
          "texture": "#0"
        },
        "up": {
          "uv": [
            2,
            0.5,
            5,
            0.625
          ],
          "rotation": 90,
          "texture": "#0"
        },
        "down": {
          "uv": [
            2,
            0.75,
            5,
            0.875
          ],
          "rotation": 270,
          "texture": "#0"
        }
      }
    },
    {
      "from": [
        7.1392,
        10.2424,
        6.758
      ],
      "to": [
        8.8608,
        11.9576,
        7.542
      ],
      "rotation": {
        "angle": 0,
        "axis": "y",
        "origin": [
          8,
          8.8,
          4.518
        ]
      },
      "faces": {
        "north": {
          "uv": [
            4,
            6.4875,
            4.1375,
            6.4
          ],
          "texture": "#0"
        },
        "east": {
          "uv": [
            4,
            6.4875,
            4.1375,
            6.4
          ],
          "texture": "#0"
        },
        "south": {
          "uv": [
            4,
            6.4875,
            4.1375,
            6.4
          ],
          "texture": "#0"
        },
        "west": {
          "uv": [
            4,
            6.4875,
            4.1375,
            6.4
          ],
          "texture": "#0"
        },
        "up": {
          "uv": [
            4,
            6.4875,
            4.1375,
            6.4
          ],
          "texture": "#0"
        },
        "down": {
          "uv": [
            4,
            6.4875,
            4.1375,
            6.4
          ],
          "texture": "#0"
        }
      }
    },
    {
      "from": [
        7.64,
        7.364,
        7.298
      ],
      "to": [
        8.36,
        9.436,
        7.902
      ],
      "rotation": {
        "angle": -22.5,
        "axis": "x",
        "origin": [
          8,
          8.616,
          4.994
        ]
      },
      "faces": {
        "north": {
          "uv": [
            4,
            6.4875,
            4.1375,
            6.4
          ],
          "texture": "#0"
        },
        "east": {
          "uv": [
            4,
            6.4875,
            4.1375,
            6.4
          ],
          "texture": "#0"
        },
        "south": {
          "uv": [
            4,
            6.4875,
            4.1375,
            6.4
          ],
          "texture": "#0"
        },
        "west": {
          "uv": [
            10.75,
            6.5,
            10.7625,
            6.5125
          ],
          "texture": "#0"
        },
        "up": {
          "uv": [
            4,
            6.4875,
            4.1375,
            6.4
          ],
          "texture": "#0"
        },
        "down": {
          "uv": [
            4,
            6.4875,
            4.1375,
            6.4
          ],
          "texture": "#0"
        }
      }
    },
    {
      "from": [
        7.54,
        9.02,
        4.174
      ],
      "to": [
        8.46,
        9.324,
        13.146
      ],
      "rotation": {
        "angle": 0,
        "axis": "y",
        "origin": [
          8,
          8.616,
          4.994
        ]
      },
      "faces": {
        "north": {
          "uv": [
            4,
            6.4875,
            4.1375,
            6.4
          ],
          "rotation": 180,
          "texture": "#0"
        },
        "east": {
          "uv": [
            4,
            6.4875,
            4.1375,
            6.4
          ],
          "rotation": 90,
          "texture": "#0"
        },
        "south": {
          "uv": [
            4,
            6.4875,
            4.1375,
            6.4
          ],
          "texture": "#0"
        },
        "west": {
          "uv": [
            10.75,
            6.5,
            10.7625,
            6.5125
          ],
          "rotation": 270,
          "texture": "#0"
        },
        "up": {
          "uv": [
            4,
            6.4875,
            4.1375,
            6.4
          ],
          "texture": "#0"
        },
        "down": {
          "uv": [
            4,
            6.4875,
            4.1375,
            6.4
          ],
          "rotation": 180,
          "texture": "#0"
        }
      }
    },
    {
      "from": [
        7.64,
        7.364,
        10.798
      ],
      "to": [
        8.36,
        9.436,
        11.402
      ],
      "rotation": {
        "angle": -22.5,
        "axis": "x",
        "origin": [
          8,
          8.616,
          8.494
        ]
      },
      "faces": {
        "north": {
          "uv": [
            4,
            6.4875,
            4.1375,
            6.4
          ],
          "texture": "#0"
        },
        "east": {
          "uv": [
            4,
            6.4875,
            4.1375,
            6.4
          ],
          "texture": "#0"
        },
        "south": {
          "uv": [
            4,
            6.4875,
            4.1375,
            6.4
          ],
          "texture": "#0"
        },
        "west": {
          "uv": [
            10.75,
            6.5,
            10.7625,
            6.5125
          ],
          "texture": "#0"
        },
        "up": {
          "uv": [
            4,
            6.4875,
            4.1375,
            6.4
          ],
          "texture": "#0"
        },
        "down": {
          "uv": [
            4,
            6.4875,
            4.1375,
            6.4
          ],
          "texture": "#0"
        }
      }
    },
    {
      "from": [
        7.1392,
        10.2424,
        10.258
      ],
      "to": [
        8.8608,
        11.9576,
        11.042
      ],
      "rotation": {
        "angle": 0,
        "axis": "y",
        "origin": [
          8,
          8.8,
          8.018
        ]
      },
      "faces": {
        "north": {
          "uv": [
            4,
            6.4875,
            4.1375,
            6.4
          ],
          "texture": "#0"
        },
        "east": {
          "uv": [
            4,
            6.4875,
            4.1375,
            6.4
          ],
          "texture": "#0"
        },
        "south": {
          "uv": [
            4,
            6.4875,
            4.1375,
            6.4
          ],
          "texture": "#0"
        },
        "west": {
          "uv": [
            4,
            6.4875,
            4.1375,
            6.4
          ],
          "texture": "#0"
        },
        "up": {
          "uv": [
            4,
            6.4875,
            4.1375,
            6.4
          ],
          "texture": "#0"
        },
        "down": {
          "uv": [
            4,
            6.4875,
            4.1375,
            6.4
          ],
          "texture": "#0"
        }
      }
    },
    {
      "from": [
        6.21,
        6.535,
        -0.98
      ],
      "to": [
        7.49,
        7.815,
        5.18
      ],
      "rotation": {
        "angle": 0,
        "axis": "y",
        "origin": [
          7.49,
          8.835,
          6.02
        ]
      },
      "faces": {
        "north": {
          "uv": [
            4.5,
            1.5,
            4.625,
            1.875
          ],
          "texture": "#0"
        },
        "east": {
          "uv": [
            6,
            1.5,
            4.5,
            1.875
          ],
          "texture": "#0"
        },
        "south": {
          "uv": [
            5.875,
            1.5,
            6,
            1.875
          ],
          "texture": "#0"
        },
        "west": {
          "uv": [
            4.5,
            1.5,
            6,
            1.875
          ],
          "texture": "#0"
        },
        "up": {
          "uv": [
            4.5,
            1.5,
            6,
            1.625
          ],
          "rotation": 90,
          "texture": "#0"
        },
        "down": {
          "uv": [
            4.5,
            1.75,
            6,
            1.875
          ],
          "rotation": 270,
          "texture": "#0"
        }
      }
    },
    {
      "from": [
        6.235,
        7.20522,
        -2.85728
      ],
      "to": [
        7.465,
        8.11022,
        -1.94728
      ],
      "rotation": {
        "angle": -45,
        "axis": "x",
        "origin": [
          7.49,
          9.13022,
          -1.10728
        ]
      },
      "faces": {
        "north": {
          "uv": [
            7.25,
            2.75,
            7.375,
            2.875
          ],
          "texture": "#0"
        },
        "east": {
          "uv": [
            7.25,
            2.75,
            7.375,
            2.875
          ],
          "texture": "#0"
        },
        "south": {
          "uv": [
            7.25,
            2.75,
            7.375,
            2.875
          ],
          "texture": "#0"
        },
        "west": {
          "uv": [
            7.25,
            2.75,
            7.375,
            2.875
          ],
          "texture": "#0"
        },
        "up": {
          "uv": [
            7.25,
            2.75,
            7.375,
            2.875
          ],
          "texture": "#0"
        },
        "down": {
          "uv": [
            7.25,
            2.75,
            7.375,
            2.875
          ],
          "texture": "#0"
        }
      }
    },
    {
      "from": [
        8.535,
        7.20522,
        -2.85728
      ],
      "to": [
        9.765,
        8.11022,
        -1.94728
      ],
      "rotation": {
        "angle": -45,
        "axis": "x",
        "origin": [
          8.51,
          9.13022,
          -1.10728
        ]
      },
      "faces": {
        "north": {
          "uv": [
            7.375,
            2.75,
            7.25,
            2.875
          ],
          "texture": "#0"
        },
        "east": {
          "uv": [
            7.375,
            2.75,
            7.25,
            2.875
          ],
          "texture": "#0"
        },
        "south": {
          "uv": [
            7.375,
            2.75,
            7.25,
            2.875
          ],
          "texture": "#0"
        },
        "west": {
          "uv": [
            7.375,
            2.75,
            7.25,
            2.875
          ],
          "texture": "#0"
        },
        "up": {
          "uv": [
            7.375,
            2.75,
            7.25,
            2.875
          ],
          "texture": "#0"
        },
        "down": {
          "uv": [
            7.375,
            2.75,
            7.25,
            2.875
          ],
          "texture": "#0"
        }
      }
    },
    {
      "from": [
        8.51,
        6.535,
        -0.98
      ],
      "to": [
        9.79,
        7.815,
        5.18
      ],
      "rotation": {
        "angle": 0,
        "axis": "y",
        "origin": [
          8.51,
          8.835,
          6.02
        ]
      },
      "faces": {
        "north": {
          "uv": [
            4.625,
            1.5,
            4.5,
            1.875
          ],
          "texture": "#0"
        },
        "east": {
          "uv": [
            6,
            1.5,
            4.5,
            1.875
          ],
          "texture": "#0"
        },
        "south": {
          "uv": [
            6,
            1.5,
            5.875,
            1.875
          ],
          "texture": "#0"
        },
        "west": {
          "uv": [
            4.5,
            1.5,
            6,
            1.875
          ],
          "texture": "#0"
        },
        "up": {
          "uv": [
            4.5,
            1.625,
            6,
            1.5
          ],
          "rotation": 90,
          "texture": "#0"
        },
        "down": {
          "uv": [
            4.5,
            1.875,
            6,
            1.75
          ],
          "rotation": 270,
          "texture": "#0"
        }
      }
    },
    {
      "from": [
        7.544,
        8.719,
        -1.39222
      ],
      "to": [
        8.456,
        9.479,
        2.79978
      ],
      "rotation": {
        "angle": 0,
        "axis": "y",
        "origin": [
          8,
          7.883,
          4.45978
        ]
      },
      "faces": {
        "north": {
          "uv": [
            1.5,
            7.25,
            1.75,
            7.5
          ],
          "texture": "#0"
        },
        "east": {
          "uv": [
            6,
            1.75,
            7,
            2
          ],
          "texture": "#0"
        },
        "south": {
          "uv": [
            7.25,
            1.5,
            7.5,
            1.75
          ],
          "texture": "#0"
        },
        "west": {
          "uv": [
            6,
            6,
            7,
            6.25
          ],
          "texture": "#0"
        },
        "up": {
          "uv": [
            6.5,
            1,
            6.25,
            0
          ],
          "texture": "#0"
        },
        "down": {
          "uv": [
            2.25,
            6.25,
            2,
            7.25
          ],
          "texture": "#0"
        }
      }
    },
    {
      "from": [
        7.563,
        6.54317,
        -2.1576
      ],
      "to": [
        8.437,
        7.30317,
        1.0344
      ],
      "rotation": {
        "angle": 22.5,
        "axis": "x",
        "origin": [
          8,
          5.70717,
          3.6944
        ]
      },
      "faces": {
        "north": {
          "uv": [
            0.25,
            7.5,
            0.5,
            7.75
          ],
          "texture": "#0"
        },
        "east": {
          "uv": [
            6.75,
            4.25,
            7.5,
            4.5
          ],
          "texture": "#0"
        },
        "south": {
          "uv": [
            0.5,
            7.5,
            0.75,
            7.75
          ],
          "texture": "#0"
        },
        "west": {
          "uv": [
            6.75,
            4.5,
            7.5,
            4.75
          ],
          "texture": "#0"
        },
        "up": {
          "uv": [
            2,
            7.25,
            1.75,
            6.5
          ],
          "texture": "#0"
        },
        "down": {
          "uv": [
            4,
            6.75,
            3.75,
            7.5
          ],
          "texture": "#0"
        }
      }
    },
    {
      "from": [
        6.1,
        6.2,
        13
      ],
      "to": [
        9.9,
        9.8,
        20
      ],
      "rotation": {
        "angle": 0,
        "axis": "y",
        "origin": [
          8,
          8,
          8
        ]
      },
      "faces": {
        "north": {
          "uv": [
            3.5,
            1,
            4.5,
            1.875
          ],
          "texture": "#0"
        },
        "east": {
          "uv": [
            3.5,
            1.75,
            1.75,
            2.625
          ],
          "texture": "#0"
        },
        "south": {
          "uv": [
            3.375,
            1.75,
            3.5,
            2.625
          ],
          "texture": "#0"
        },
        "west": {
          "uv": [
            1.75,
            1.75,
            3.5,
            2.625
          ],
          "texture": "#0"
        },
        "up": {
          "uv": [
            1.75,
            1.75,
            3.5,
            1.875
          ],
          "rotation": 90,
          "texture": "#0"
        },
        "down": {
          "uv": [
            1.75,
            2.5,
            3.5,
            2.625
          ],
          "rotation": 270,
          "texture": "#0"
        }
      }
    }
  ],
  "gui_light": "front",
  "display": {
    "thirdperson_righthand": {
      "translation": [
        0,
        1.75,
        -1
      ],
      "scale": [
        0.85,
        0.85,
        0.85
      ]
    },
    "thirdperson_lefthand": {
      "translation": [
        0,
        1.75,
        -1
      ],
      "scale": [
        0.85,
        0.85,
        0.85
      ]
    },
    "firstperson_righthand": {
      "translation": [
        0,
        3,
        -2.75
      ],
      "scale": [
        0.75,
        0.81641,
        0.74
      ]
    },
    "firstperson_lefthand": {
      "translation": [
        0,
        3,
        -2.75
      ],
      "scale": [
        0.75,
        0.81641,
        0.74
      ]
    },
    "ground": {
      "translation": [
        0,
        1.75,
        0
      ],
      "scale": [
        0.37,
        0.37,
        0.36
      ]
    },
    "gui": {
      "rotation": [
        97,
        -46,
        90
      ],
      "translation": [
        -0.75,
        -0.5,
        0
      ],
      "scale": [
        0.76,
        0.76,
        0.76
      ]
    },
    "fixed": {
      "rotation": [
        0,
        90,
        0
      ],
      "translation": [
        1.5,
        0.5,
        -3.25
      ],
      "scale": [
        1.87109,
        1.87109,
        1.87109
      ]
    }
  }
}