{"credit":"Made with Blockbench","texture_size":[48,48],"textures":{"0":"whiscey:items/thug_life","1":"whiscey:items/thug_life_smoke"},"elements":[{"from":[4.6,7.82667,3.58],"to":[6.98,8.16667,3.92],"rotation":{"angle":0,"axis":"y","origin":[7.32,10.54667,6.3]},"faces":{"north":{"uv":[0.5,4,1.5,5],"texture":"#0"},"east":{"uv":[3.5,4,4.5,5],"texture":"#0"},"south":{"uv":[0.5,4,1.5,5],"texture":"#0"},"west":{"uv":[3.5,4,4.5,5],"texture":"#0"},"up":{"uv":[0.5,4,1.5,5],"texture":"#0"},"down":{"uv":[3.5,4,4.5,5],"texture":"#0"}}},{"from":[9.02,7.82667,3.58],"to":[11.4,8.16667,3.92],"rotation":{"angle":0,"axis":"y","origin":[8.68,10.54667,6.3]},"faces":{"north":{"uv":[0.5,4,1.5,5],"texture":"#0"},"east":{"uv":[3.5,4,4.5,5],"texture":"#0"},"south":{"uv":[0.5,4,1.5,5],"texture":"#0"},"west":{"uv":[3.5,4,4.5,5],"texture":"#0"},"up":{"uv":[0.5,4,1.5,5],"texture":"#0"},"down":{"uv":[3.5,4,4.5,5],"texture":"#0"}}},{"from":[4.26,8.16667,3.58],"to":[7.32,8.50667,3.92],"rotation":{"angle":0,"axis":"y","origin":[7.66,10.88667,6.3]},"faces":{"north":{"uv":[7.5,1.5,12,2],"texture":"#0"},"east":{"uv":[3.5,4,4.5,5],"texture":"#0"},"south":{"uv":[12,1.5,7.5,2],"texture":"#0"},"west":{"uv":[3.5,4,4.5,5],"texture":"#0"},"up":{"uv":[1,5.66667,0,5.66667],"texture":"#0"},"down":{"uv":[3.5,4,4.5,5],"texture":"#0"}}},{"from":[8.68,8.16667,3.58],"to":[11.74,8.50667,3.92],"rotation":{"angle":0,"axis":"y","origin":[8.34,10.88667,6.3]},"faces":{"north":{"uv":[1,1.5,5.5,2],"texture":"#0"},"east":{"uv":[3.5,4,4.5,5],"texture":"#0"},"south":{"uv":[5.5,1.5,1,2],"texture":"#0"},"west":{"uv":[3.5,4,4.5,5],"texture":"#0"},"up":{"uv":[1,4.66667,0,4.66667],"texture":"#0"},"down":{"uv":[3.5,4,4.5,5],"texture":"#0"}}},{"from":[3.58,8.84667,3.58],"to":[7.66,9.52667,3.92],"rotation":{"angle":0,"axis":"y","origin":[4.26,11.56667,6.3]},"faces":{"north":{"uv":[7,0,13,1],"texture":"#0"},"east":{"uv":[3.5,4,4.5,5],"texture":"#0"},"south":{"uv":[13,0,7,1],"texture":"#0"},"west":{"uv":[3.5,4,4.5,5],"texture":"#0"},"up":{"uv":[3.5,4,4.5,5],"texture":"#0"},"down":{"uv":[3.5,4,4.5,5],"texture":"#0"}}},{"from":[3.58,8.84667,3.92],"to":[3.91,9.52667,8.51],"rotation":{"angle":0,"axis":"y","origin":[4.26,11.56667,6.64]},"faces":{"north":{"uv":[3.5,4,4.5,5],"texture":"#0"},"east":{"uv":[3.5,4,4.5,5],"texture":"#0"},"south":{"uv":[3.5,4,4.5,5],"texture":"#0"},"west":{"uv":[3.5,4,4.5,5],"texture":"#0"},"up":{"uv":[3.5,4,4.5,5],"texture":"#0"},"down":{"uv":[3.5,4,4.5,5],"texture":"#0"}}},{"from":[12.09,8.84667,3.92],"to":[12.42,9.52667,8.51],"rotation":{"angle":0,"axis":"y","origin":[11.74,11.56667,6.64]},"faces":{"north":{"uv":[4.5,4,3.5,5],"texture":"#0"},"east":{"uv":[4.5,4,3.5,5],"texture":"#0"},"south":{"uv":[4.5,4,3.5,5],"texture":"#0"},"west":{"uv":[4.5,4,3.5,5],"texture":"#0"},"up":{"uv":[4.5,4,3.5,5],"texture":"#0"},"down":{"uv":[4.5,4,3.5,5],"texture":"#0"}}},{"from":[3.58,7.99429,8.20519],"to":[3.91,8.67429,9.29519],"rotation":{"angle":22.5,"axis":"x","origin":[3.745,8.33429,10.50019]},"faces":{"north":{"uv":[3.5,4,4.5,5],"texture":"#0"},"east":{"uv":[3.5,4,4.5,5],"texture":"#0"},"south":{"uv":[3.5,4,4.5,5],"texture":"#0"},"west":{"uv":[3.5,4,4.5,5],"texture":"#0"},"up":{"uv":[3.5,4,4.5,5],"texture":"#0"},"down":{"uv":[3.5,4,4.5,5],"texture":"#0"}}},{"from":[12.09,7.99429,8.20519],"to":[12.42,8.67429,9.29519],"rotation":{"angle":22.5,"axis":"x","origin":[12.255,8.33429,10.50019]},"faces":{"north":{"uv":[4.5,4,3.5,5],"texture":"#0"},"east":{"uv":[4.5,4,3.5,5],"texture":"#0"},"south":{"uv":[4.5,4,3.5,5],"texture":"#0"},"west":{"uv":[4.5,4,3.5,5],"texture":"#0"},"up":{"uv":[4.5,4,3.5,5],"texture":"#0"},"down":{"uv":[4.5,4,3.5,5],"texture":"#0"}}},{"from":[3.58,6.90632,8.60442],"to":[3.91,7.58632,9.69442],"rotation":{"angle":45,"axis":"x","origin":[3.745,7.24632,10.89942]},"faces":{"north":{"uv":[3.5,4,4.5,5],"texture":"#0"},"east":{"uv":[3.5,4,4.5,5],"texture":"#0"},"south":{"uv":[3.5,4,4.5,5],"texture":"#0"},"west":{"uv":[3.5,4,4.5,5],"texture":"#0"},"up":{"uv":[3.5,4,4.5,5],"texture":"#0"},"down":{"uv":[3.5,4,4.5,5],"texture":"#0"}}},{"from":[12.09,6.90632,8.60442],"to":[12.42,7.58632,9.69442],"rotation":{"angle":45,"axis":"x","origin":[12.255,7.24632,10.89942]},"faces":{"north":{"uv":[4.5,4,3.5,5],"texture":"#0"},"east":{"uv":[4.5,4,3.5,5],"texture":"#0"},"south":{"uv":[4.5,4,3.5,5],"texture":"#0"},"west":{"uv":[4.5,4,3.5,5],"texture":"#0"},"up":{"uv":[4.5,4,3.5,5],"texture":"#0"},"down":{"uv":[4.5,4,3.5,5],"texture":"#0"}}},{"from":[3.58,7.29338,10.51191],"to":[3.91,8.38338,11.19191],"rotation":{"angle":-22.5,"axis":"x","origin":[3.745,6.08838,10.85191]},"faces":{"north":{"uv":[3.5,4,4.5,5],"rotation":180,"texture":"#0"},"east":{"uv":[3.5,4,4.5,5],"rotation":270,"texture":"#0"},"south":{"uv":[3.5,4,4.5,5],"texture":"#0"},"west":{"uv":[3.5,4,4.5,5],"rotation":90,"texture":"#0"},"up":{"uv":[3.5,4,4.5,5],"rotation":180,"texture":"#0"},"down":{"uv":[3.5,4,4.5,5],"texture":"#0"}}},{"from":[12.09,7.29338,10.51191],"to":[12.42,8.38338,11.19191],"rotation":{"angle":-22.5,"axis":"x","origin":[12.255,6.08838,10.85191]},"faces":{"north":{"uv":[4.5,4,3.5,5],"rotation":180,"texture":"#0"},"east":{"uv":[3.5,5,4.5,4],"rotation":90,"texture":"#0"},"south":{"uv":[4.5,4,3.5,5],"texture":"#0"},"west":{"uv":[3.5,5,4.5,4],"rotation":270,"texture":"#0"},"up":{"uv":[4.5,4,3.5,5],"rotation":180,"texture":"#0"},"down":{"uv":[4.5,4,3.5,5],"texture":"#0"}}},{"from":[8.34,8.84667,3.58],"to":[12.42,9.52667,3.92],"rotation":{"angle":0,"axis":"y","origin":[11.74,11.56667,6.3]},"faces":{"north":{"uv":[0,0,6,1],"texture":"#0"},"east":{"uv":[3.5,4,4.5,5],"texture":"#0"},"south":{"uv":[6,0,0,1],"texture":"#0"},"west":{"uv":[3.5,4,4.5,5],"texture":"#0"},"up":{"uv":[3.5,4,4.5,5],"texture":"#0"},"down":{"uv":[3.5,4,4.5,5],"texture":"#0"}}},{"from":[7.66,9.18667,3.58],"to":[8.34,9.52667,3.92],"rotation":{"angle":0,"axis":"y","origin":[4.94,11.56667,6.3]},"faces":{"north":{"uv":[0.5,4,1.5,5],"texture":"#0"},"east":{"uv":[0.5,4,1.5,5],"texture":"#0"},"south":{"uv":[0.5,4,1.5,5],"texture":"#0"},"west":{"uv":[0.5,4,1.5,5],"texture":"#0"},"up":{"uv":[3.5,4,4.5,5],"texture":"#0"},"down":{"uv":[3.5,4,4.5,5],"texture":"#0"}}},{"from":[3.92,8.50667,3.58],"to":[7.66,8.84667,3.92],"rotation":{"angle":0,"axis":"y","origin":[8,11.22667,6.3]},"faces":{"north":{"uv":[7,1,12.5,1.5],"texture":"#0"},"east":{"uv":[3.5,4,4.5,5],"texture":"#0"},"south":{"uv":[12.5,1,7,1.5],"texture":"#0"},"west":{"uv":[3.5,4,4.5,5],"texture":"#0"},"up":{"uv":[1,3.66667,0,3.66667],"texture":"#0"},"down":{"uv":[3.5,4,4.5,5],"texture":"#0"}}},{"from":[8.34,8.50667,3.58],"to":[12.08,8.84667,3.92],"rotation":{"angle":0,"axis":"y","origin":[8,11.22667,6.3]},"faces":{"north":{"uv":[0.5,1,6,1.5],"texture":"#0"},"east":{"uv":[3.5,4,4.5,5],"texture":"#0"},"south":{"uv":[6,1,0.5,1.5],"texture":"#0"},"west":{"uv":[3.5,4,4.5,5],"texture":"#0"},"up":{"uv":[1,2.66667,0,2.66667],"texture":"#0"},"down":{"uv":[3.5,4,4.5,5],"texture":"#0"}}},{"from":[4,5.5,1.25],"to":[4.75,6.25,5.25],"rotation":{"angle":45,"axis":"y","origin":[4.25,6,2.5]},"faces":{"north":{"uv":[7,4,8,5],"texture":"#0"},"east":{"uv":[9.5,4,10.5,5],"texture":"#0"},"south":{"uv":[9.5,4,10.5,5],"texture":"#0"},"west":{"uv":[9.5,4,10.5,5],"texture":"#0"},"up":{"uv":[9.5,4,10.5,5],"texture":"#0"},"down":{"uv":[9.5,4,10.5,5],"texture":"#0"}}},{"from":[4,5.5,0.5],"to":[4.75,6.25,1.25],"rotation":{"angle":45,"axis":"y","origin":[4.25,6,2.5]},"faces":{"north":{"uv":[7,4,8,5],"texture":"#0"},"east":{"uv":[13,4.5,14,5.5],"texture":"#0"},"south":{"uv":[13,4.5,14,5.5],"texture":"#0"},"west":{"uv":[13,4.5,14,5.5],"texture":"#0"},"up":{"uv":[13,4.5,14,5.5],"texture":"#0"},"down":{"uv":[13,4.5,14,5.5],"texture":"#0"}}},{"from":[2.83579,8.75,0.03401],"to":[2.83579,10.5,1.78401],"rotation":{"angle":45,"axis":"y","origin":[2.83579,10.75,0.90901]},"faces":{"north":{"uv":[7,4,8,5],"texture":"#1"},"east":{"uv":[12,8,16,12],"texture":"#1"},"south":{"uv":[13,4.5,14,5.5],"texture":"#1"},"west":{"uv":[12,8,16,12],"texture":"#1"},"up":{"uv":[13,4.5,14,5.5],"texture":"#1"},"down":{"uv":[12,8,16,12],"texture":"#1"}}},{"from":[2.83579,8.5,0.03401],"to":[2.83579,10.25,1.78401],"rotation":{"angle":45,"axis":"y","origin":[2.83579,10.5,0.90901]},"faces":{"north":{"uv":[8,8,12,12],"texture":"#1"},"east":{"uv":[8,8,12,12],"texture":"#1"},"south":{"uv":[8,8,12,12],"texture":"#1"},"west":{"uv":[8,8,12,12],"texture":"#1"},"up":{"uv":[8,8,12,12],"texture":"#1"},"down":{"uv":[8,8,12,12],"texture":"#1"}}},{"from":[2.83579,8.25,0.03401],"to":[2.83579,10,1.78401],"rotation":{"angle":45,"axis":"y","origin":[2.83579,10.25,0.90901]},"faces":{"north":{"uv":[7,4,8,5],"texture":"#1"},"east":{"uv":[4,8,8,12],"texture":"#1"},"south":{"uv":[13,4.5,14,5.5],"texture":"#1"},"west":{"uv":[4,8,8,12],"texture":"#1"},"up":{"uv":[13,4.5,14,5.5],"texture":"#1"},"down":{"uv":[13,4.5,14,5.5],"texture":"#1"}}},{"from":[2.83579,8,0.03401],"to":[2.83579,9.75,1.78401],"rotation":{"angle":45,"axis":"y","origin":[2.83579,10,0.90901]},"faces":{"north":{"uv":[7,4,8,5],"texture":"#1"},"east":{"uv":[0,8,4,12],"texture":"#1"},"south":{"uv":[13,4.5,14,5.5],"texture":"#1"},"west":{"uv":[0,8,4,12],"texture":"#1"},"up":{"uv":[13,4.5,14,5.5],"texture":"#1"},"down":{"uv":[13,4.5,14,5.5],"texture":"#1"}}},{"from":[2.83579,7.75,0.03401],"to":[2.83579,9.5,1.78401],"rotation":{"angle":45,"axis":"y","origin":[2.83579,9.75,0.90901]},"faces":{"north":{"uv":[7,4,8,5],"texture":"#1"},"east":{"uv":[12,4,16,8],"texture":"#1"},"south":{"uv":[13,4.5,14,5.5],"texture":"#1"},"west":{"uv":[12,4,16,8],"texture":"#1"},"up":{"uv":[13,4.5,14,5.5],"texture":"#1"},"down":{"uv":[13,4.5,14,5.5],"texture":"#1"}}},{"from":[2.83579,7.5,0.03401],"to":[2.83579,9.25,1.78401],"rotation":{"angle":45,"axis":"y","origin":[2.83579,9.5,0.90901]},"faces":{"north":{"uv":[7,4,8,5],"texture":"#1"},"east":{"uv":[8,4,12,8],"texture":"#1"},"south":{"uv":[13,4.5,14,5.5],"texture":"#1"},"west":{"uv":[8,4,12,8],"texture":"#1"},"up":{"uv":[13,4.5,14,5.5],"texture":"#1"},"down":{"uv":[13,4.5,14,5.5],"texture":"#1"}}},{"from":[2.83579,7.25,0.03401],"to":[2.83579,9,1.78401],"rotation":{"angle":45,"axis":"y","origin":[2.83579,9.25,0.90901]},"faces":{"north":{"uv":[7,4,8,5],"texture":"#1"},"east":{"uv":[4,4,8,8],"texture":"#1"},"south":{"uv":[13,4.5,14,5.5],"texture":"#1"},"west":{"uv":[4,4,8,8],"texture":"#1"},"up":{"uv":[13,4.5,14,5.5],"texture":"#1"},"down":{"uv":[13,4.5,14,5.5],"texture":"#1"}}},{"from":[2.83579,7,0.03401],"to":[2.83579,8.75,1.78401],"rotation":{"angle":45,"axis":"y","origin":[2.83579,9,0.90901]},"faces":{"north":{"uv":[7,4,8,5],"texture":"#1"},"east":{"uv":[0,4,4,8],"texture":"#1"},"south":{"uv":[13,4.5,14,5.5],"texture":"#1"},"west":{"uv":[0,4,4,8],"texture":"#1"},"up":{"uv":[13,4.5,14,5.5],"texture":"#1"},"down":{"uv":[13,4.5,14,5.5],"texture":"#1"}}},{"from":[2.83579,6.75,0.03401],"to":[2.83579,8.5,1.78401],"rotation":{"angle":45,"axis":"y","origin":[2.83579,8.75,0.90901]},"faces":{"north":{"uv":[7,4,8,5],"texture":"#1"},"east":{"uv":[12,0,16,4],"texture":"#1"},"south":{"uv":[13,4.5,14,5.5],"texture":"#1"},"west":{"uv":[12,0,16,4],"texture":"#1"},"up":{"uv":[13,4.5,14,5.5],"texture":"#1"},"down":{"uv":[13,4.5,14,5.5],"texture":"#1"}}},{"from":[2.83579,6.5,0.03401],"to":[2.83579,8.25,1.78401],"rotation":{"angle":45,"axis":"y","origin":[2.83579,8.5,0.90901]},"faces":{"north":{"uv":[7,4,8,5],"texture":"#1"},"east":{"uv":[8,0,12,4],"texture":"#1"},"south":{"uv":[13,4.5,14,5.5],"texture":"#1"},"west":{"uv":[8,0,12,4],"texture":"#1"},"up":{"uv":[13,4.5,14,5.5],"texture":"#1"},"down":{"uv":[13,4.5,14,5.5],"texture":"#1"}}},{"from":[2.83579,6.25,0.03401],"to":[2.83579,8,1.78401],"rotation":{"angle":45,"axis":"y","origin":[2.83579,8.25,0.90901]},"faces":{"north":{"uv":[7,4,8,5],"texture":"#1"},"east":{"uv":[4,0,8,4],"texture":"#1"},"south":{"uv":[13,4.5,14,5.5],"texture":"#1"},"west":{"uv":[4,0,8,4],"texture":"#1"},"up":{"uv":[13,4.5,14,5.5],"texture":"#1"},"down":{"uv":[13,4.5,14,5.5],"texture":"#1"}}},{"from":[2.83579,6,0.03401],"to":[2.83579,7.75,1.78401],"rotation":{"angle":45,"axis":"y","origin":[2.83579,8,0.90901]},"faces":{"north":{"uv":[7,4,8,5],"texture":"#1"},"east":{"uv":[0,0,4,4],"texture":"#1"},"south":{"uv":[13,4.5,14,5.5],"texture":"#1"},"west":{"uv":[0,0,4,4],"texture":"#1"},"up":{"uv":[13,4.5,14,5.5],"texture":"#1"},"down":{"uv":[13,4.5,14,5.5],"texture":"#1"}}},{"from":[1.96079,8.75,0.90901],"to":[3.71079,10.5,0.90901],"rotation":{"angle":45,"axis":"y","origin":[2.83579,8.25,0.90901]},"faces":{"north":{"uv":[12,8,16,12],"texture":"#1"},"east":{"uv":[13,4.5,14,5.5],"texture":"#1"},"south":{"uv":[12,8,16,12],"texture":"#1"},"west":{"uv":[7,4,8,5],"texture":"#1"},"up":{"uv":[13,4.5,14,5.5],"rotation":270,"texture":"#1"},"down":{"uv":[12,8,16,12],"rotation":90,"texture":"#1"}}},{"from":[1.96079,8.5,0.90901],"to":[3.71079,10.25,0.90901],"rotation":{"angle":45,"axis":"y","origin":[2.83579,8.25,0.90901]},"faces":{"north":{"uv":[8,8,12,12],"texture":"#1"},"east":{"uv":[8,8,12,12],"texture":"#1"},"south":{"uv":[8,8,12,12],"texture":"#1"},"west":{"uv":[8,8,12,12],"texture":"#1"},"up":{"uv":[8,8,12,12],"rotation":270,"texture":"#1"},"down":{"uv":[8,8,12,12],"rotation":90,"texture":"#1"}}},{"from":[1.96079,8.25,0.90901],"to":[3.71079,10,0.90901],"rotation":{"angle":45,"axis":"y","origin":[2.83579,8.25,0.90901]},"faces":{"north":{"uv":[4,8,8,12],"texture":"#1"},"east":{"uv":[13,4.5,14,5.5],"texture":"#1"},"south":{"uv":[4,8,8,12],"texture":"#1"},"west":{"uv":[7,4,8,5],"texture":"#1"},"up":{"uv":[13,4.5,14,5.5],"rotation":270,"texture":"#1"},"down":{"uv":[13,4.5,14,5.5],"rotation":90,"texture":"#1"}}},{"from":[1.96079,8,0.90901],"to":[3.71079,9.75,0.90901],"rotation":{"angle":45,"axis":"y","origin":[2.83579,8.25,0.90901]},"faces":{"north":{"uv":[0,8,4,12],"texture":"#1"},"east":{"uv":[13,4.5,14,5.5],"texture":"#1"},"south":{"uv":[0,8,4,12],"texture":"#1"},"west":{"uv":[7,4,8,5],"texture":"#1"},"up":{"uv":[13,4.5,14,5.5],"rotation":270,"texture":"#1"},"down":{"uv":[13,4.5,14,5.5],"rotation":90,"texture":"#1"}}},{"from":[1.96079,7.75,0.90901],"to":[3.71079,9.5,0.90901],"rotation":{"angle":45,"axis":"y","origin":[2.83579,8.25,0.90901]},"faces":{"north":{"uv":[12,4,16,8],"texture":"#1"},"east":{"uv":[13,4.5,14,5.5],"texture":"#1"},"south":{"uv":[12,4,16,8],"texture":"#1"},"west":{"uv":[7,4,8,5],"texture":"#1"},"up":{"uv":[13,4.5,14,5.5],"rotation":270,"texture":"#1"},"down":{"uv":[13,4.5,14,5.5],"rotation":90,"texture":"#1"}}},{"from":[1.96079,7.5,0.90901],"to":[3.71079,9.25,0.90901],"rotation":{"angle":45,"axis":"y","origin":[2.83579,8.25,0.90901]},"faces":{"north":{"uv":[8,4,12,8],"texture":"#1"},"east":{"uv":[13,4.5,14,5.5],"texture":"#1"},"south":{"uv":[8,4,12,8],"texture":"#1"},"west":{"uv":[7,4,8,5],"texture":"#1"},"up":{"uv":[13,4.5,14,5.5],"rotation":270,"texture":"#1"},"down":{"uv":[13,4.5,14,5.5],"rotation":90,"texture":"#1"}}},{"from":[1.96079,7.25,0.90901],"to":[3.71079,9,0.90901],"rotation":{"angle":45,"axis":"y","origin":[2.83579,8.25,0.90901]},"faces":{"north":{"uv":[4,4,8,8],"texture":"#1"},"east":{"uv":[13,4.5,14,5.5],"texture":"#1"},"south":{"uv":[4,4,8,8],"texture":"#1"},"west":{"uv":[7,4,8,5],"texture":"#1"},"up":{"uv":[13,4.5,14,5.5],"rotation":270,"texture":"#1"},"down":{"uv":[13,4.5,14,5.5],"rotation":90,"texture":"#1"}}},{"from":[1.96079,7,0.90901],"to":[3.71079,8.75,0.90901],"rotation":{"angle":45,"axis":"y","origin":[2.83579,8.25,0.90901]},"faces":{"north":{"uv":[0,4,4,8],"texture":"#1"},"east":{"uv":[13,4.5,14,5.5],"texture":"#1"},"south":{"uv":[0,4,4,8],"texture":"#1"},"west":{"uv":[7,4,8,5],"texture":"#1"},"up":{"uv":[13,4.5,14,5.5],"rotation":270,"texture":"#1"},"down":{"uv":[13,4.5,14,5.5],"rotation":90,"texture":"#1"}}},{"from":[1.96079,6.75,0.90901],"to":[3.71079,8.5,0.90901],"rotation":{"angle":45,"axis":"y","origin":[2.83579,8.25,0.90901]},"faces":{"north":{"uv":[12,0,16,4],"texture":"#1"},"east":{"uv":[13,4.5,14,5.5],"texture":"#1"},"south":{"uv":[12,0,16,4],"texture":"#1"},"west":{"uv":[7,4,8,5],"texture":"#1"},"up":{"uv":[13,4.5,14,5.5],"rotation":270,"texture":"#1"},"down":{"uv":[13,4.5,14,5.5],"rotation":90,"texture":"#1"}}},{"from":[1.96079,6.5,0.90901],"to":[3.71079,8.25,0.90901],"rotation":{"angle":45,"axis":"y","origin":[2.83579,8.25,0.90901]},"faces":{"north":{"uv":[8,0,12,4],"texture":"#1"},"east":{"uv":[13,4.5,14,5.5],"texture":"#1"},"south":{"uv":[8,0,12,4],"texture":"#1"},"west":{"uv":[7,4,8,5],"texture":"#1"},"up":{"uv":[13,4.5,14,5.5],"rotation":270,"texture":"#1"},"down":{"uv":[13,4.5,14,5.5],"rotation":90,"texture":"#1"}}},{"from":[1.96079,6.25,0.90901],"to":[3.71079,8,0.90901],"rotation":{"angle":45,"axis":"y","origin":[2.83579,8.25,0.90901]},"faces":{"north":{"uv":[4,0,8,4],"texture":"#1"},"east":{"uv":[13,4.5,14,5.5],"texture":"#1"},"south":{"uv":[4,0,8,4],"texture":"#1"},"west":{"uv":[7,4,8,5],"texture":"#1"},"up":{"uv":[13,4.5,14,5.5],"rotation":270,"texture":"#1"},"down":{"uv":[13,4.5,14,5.5],"rotation":90,"texture":"#1"}}},{"from":[1.96079,6,0.90901],"to":[3.71079,7.75,0.90901],"rotation":{"angle":45,"axis":"y","origin":[2.83579,8.25,0.90901]},"faces":{"north":{"uv":[0,0,4,4],"texture":"#1"},"east":{"uv":[13,4.5,14,5.5],"texture":"#1"},"south":{"uv":[0,0,4,4],"texture":"#1"},"west":{"uv":[7,4,8,5],"texture":"#1"},"up":{"uv":[13,4.5,14,5.5],"rotation":270,"texture":"#1"},"down":{"uv":[13,4.5,14,5.5],"rotation":90,"texture":"#1"}}}],"display":{"thirdperson_righthand":{"rotation":[75,45,0],"translation":[0,0.75,0],"scale":[0.375,0.375,0.375]},"thirdperson_lefthand":{"rotation":[75,45,0],"translation":[0,0.75,0],"scale":[0.375,0.375,0.375]},"gui":{"rotation":[30,225,0],"translation":[-2,0,0],"scale":[1.1,1.1,1.1]},"head":{"translation":[0,-2,0],"scale":[1.6,1.6,1.6]}}}