{"textures":{"0":"social_media_robot:entity/tiktok_robot/tiktok_robot"},"elements":[{"faces":{"north":{"uv":[0,9.75,0.25,11],"texture":"#0","tintindex":0},"east":{"uv":[0.25,9.75,0.5,11],"texture":"#0","tintindex":0},"south":{"uv":[9,9.5,9.25,10.75],"texture":"#0","tintindex":0},"west":{"uv":[9.25,9.5,9.5,10.75],"texture":"#0","tintindex":0},"up":{"uv":[6,4.25,6.25,4.5],"texture":"#0","tintindex":0},"down":{"uv":[6.25,4.5,6.5,4.25],"texture":"#0","tintindex":0}},"to":[9.22943,5.87234,9],"from":[8.82943,3.87234,8.6],"rotation":{"angle":0,"axis":"y","origin":[9.02943,4.87234,8.8]}}],"display":{"head":{"translation":[0,5.6,0],"scale":[4,4,4],"rotation":[0,0,0]}}}