{"textures":{"0":"social_media_robot:entity/tiktok_robot/tiktok_robot"},"elements":[{"faces":{"north":{"uv":[8.75,9.5,9,10.75],"texture":"#0","tintindex":0},"east":{"uv":[9.5,8.75,9.75,10],"texture":"#0","tintindex":0},"south":{"uv":[4.75,7,5,8.25],"texture":"#0","tintindex":0},"west":{"uv":[2,7.5,2.25,8.75],"texture":"#0","tintindex":0},"up":{"uv":[5.5,4.25,5.75,4.5],"texture":"#0","tintindex":0},"down":{"uv":[5.75,4.5,6,4.25],"texture":"#0","tintindex":0}},"to":[7.17057,5.87234,9],"from":[6.77057,3.87234,8.6],"rotation":{"angle":0,"axis":"y","origin":[6.97057,4.87234,8.8]}}],"display":{"head":{"translation":[0,5.6,0],"scale":[4,4,4],"rotation":[0,0,0]}}}