{"textures":{"0":"social_media_robot:entity/tiktok_robot/tiktok_robot"},"elements":[{"faces":{"north":{"uv":[7.5,6,9.75,7.75],"texture":"#0","tintindex":0},"east":{"uv":[4.25,8.75,5.25,10.5],"texture":"#0","tintindex":0},"south":{"uv":[7.5,4.25,9.75,6],"texture":"#0","tintindex":0},"west":{"uv":[8,1,9,2.75],"texture":"#0","tintindex":0},"up":{"uv":[7.5,7.75,9.75,8.75],"texture":"#0","tintindex":0},"down":{"uv":[8,1,10.25,0],"texture":"#0","tintindex":0}},"to":[9.8,8.8,8.8],"from":[6.2,6,7.2],"rotation":{"angle":0,"axis":"y","origin":[8,7.4,8]}}],"display":{"head":{"translation":[0,5.6,0],"scale":[4,4,4],"rotation":[0,0,0]}}}