{"textures":{"0":"social_media_robot:entity/tiktok_robot/tiktok_robot"},"elements":[{"faces":{"north":{"uv":[0,2.5,2.75,5],"texture":"#0","tintindex":0},"east":{"uv":[2.75,4.5,5,7],"texture":"#0","tintindex":0},"south":{"uv":[0,0,2.75,2.5],"texture":"#0","tintindex":0},"west":{"uv":[2.75,4.5,5,7],"texture":"#0","tintindex":0},"up":{"uv":[2.75,0,5.5,2.25],"texture":"#0","tintindex":0},"down":{"uv":[2.75,4.5,5.5,2.25],"texture":"#0","tintindex":0}},"to":[10.26,8.68,9.74],"from":[5.7,4.52,6.14],"rotation":{"angle":0,"axis":"y","origin":[7.98,6.6,7.94]}},{"faces":{"north":{"uv":[5.5,0,8,2.25],"texture":"#0","tintindex":0},"east":{"uv":[0,7.5,2,9.75],"texture":"#0","tintindex":0},"south":{"uv":[5,4.5,7.5,6.75],"texture":"#0","tintindex":0},"west":{"uv":[2.25,7,4.25,9.25],"texture":"#0","tintindex":0},"up":{"uv":[5.5,2.25,8,4.25],"texture":"#0","tintindex":0},"down":{"uv":[5,8.75,7.5,6.75],"texture":"#0","tintindex":0}},"to":[10.02,8.4,9.66],"from":[6.02,4.8,6.46],"rotation":{"angle":0,"axis":"y","origin":[8.02,6.6,8.06]}}],"display":{"head":{"translation":[0,5.6,0],"scale":[4,4,4],"rotation":[0,0,0]}}}