{"textures":{"0":"social_media_robot:entity/tiktok_robot/tiktok_robot"},"elements":[{"faces":{"north":{"uv":[7,10.5,6.25,12],"texture":"#0","tintindex":0},"east":{"uv":[6.5,10.5,5.75,12],"texture":"#0","tintindex":0},"south":{"uv":[6,10.5,5.25,12],"texture":"#0","tintindex":0},"west":{"uv":[7.25,10.5,6.5,12],"texture":"#0","tintindex":0},"up":{"uv":[1.25,11.5,0.5,12.25],"texture":"#0","tintindex":0},"down":{"uv":[2,12.25,1.25,11.5],"texture":"#0","tintindex":0}},"to":[8.14092,5.32091,8.4],"from":[6.94092,2.92091,7.2],"rotation":{"angle":0,"axis":"y","origin":[7.54092,4.12091,7.8]}}],"display":{"head":{"translation":[0,5.6,0],"scale":[4,4,4],"rotation":[0,0,0]}}}