{"credit":"MadewithBlockbench","texture_size":[64,64],"textures":{"2":"garnet_pack:garnet_pack/staff_garnet_fx","4":"garnet_pack:garnet_pack/staff_garnet","particle":"garnet_pack:garnet_pack/staff_garnet_fx"},"elements":[{"from":[7.25,-7,7.25],"to":[8.75,9,8.75],"rotation":{"angle":0,"axis":"y","origin":[8,10.35356,8]},"faces":{"north":{"uv":[1.5,0,1.875,4],"texture":"#4"},"east":{"uv":[0,0,0.375,4],"texture":"#4"},"south":{"uv":[0.5,0,0.875,4],"texture":"#4"},"west":{"uv":[1,0,1.375,4],"texture":"#4"},"up":{"uv":[6.625,8.375,6.25,8],"rotation":90,"texture":"#4"},"down":{"uv":[7.125,8,6.75,8.375],"rotation":270,"texture":"#4"}}},{"from":[7.5,16.5,7.25],"to":[8.5,27.5,8.75],"rotation":{"angle":0,"axis":"y","origin":[8,10.35356,8]},"faces":{"north":{"uv":[3.75,3.75,4,6.5],"texture":"#4"},"east":{"uv":[2,0,2.375,2.75],"texture":"#4"},"south":{"uv":[3.5,3.75,3.75,6.5],"texture":"#4"},"west":{"uv":[2.5,0,2.875,2.75],"texture":"#4"},"up":{"uv":[8.625,6.5,8.25,6.25],"rotation":90,"texture":"#4"},"down":{"uv":[8.625,6.5,8.25,6.75],"rotation":270,"texture":"#4"}}},{"from":[7.25,21.69759,-4.84404],"to":[8.75,23.19759,-3.34404],"rotation":{"angle":45,"axis":"x","origin":[8,10.35356,8]},"faces":{"north":{"uv":[7.75,8,8.125,8.375],"texture":"#4"},"east":{"uv":[8,6.75,8.375,7.125],"texture":"#4"},"south":{"uv":[7.25,8,7.625,8.375],"texture":"#4"},"west":{"uv":[8,7.25,8.375,7.625],"texture":"#4"},"up":{"uv":[8.625,0.375,8.25,0],"rotation":90,"texture":"#4"},"down":{"uv":[8.625,0.5,8.25,0.875],"rotation":270,"texture":"#4"}}},{"from":[6.75,14.51049,9.72186],"to":[9.25,16.51049,15.22186],"rotation":{"angle":-22.5,"axis":"x","origin":[8,10.35356,8]},"faces":{"north":{"uv":[4.5,6.75,5.125,7.25],"texture":"#4"},"east":{"uv":[0,4,1.375,4.5],"texture":"#4"},"south":{"uv":[6,6.5,6.625,7],"texture":"#4"},"west":{"uv":[4,2.25,5.375,2.75],"texture":"#4"},"up":{"uv":[3.375,3.375,2,2.75],"rotation":90,"texture":"#4"},"down":{"uv":[4.375,0,3,0.625],"rotation":270,"texture":"#4"}}},{"from":[7,18.39958,8.16723],"to":[9,23.89958,10.16723],"rotation":{"angle":22.5,"axis":"x","origin":[8,10.35356,8]},"faces":{"north":{"uv":[0,4.5,0.5,5.875],"texture":"#4"},"east":{"uv":[1.5,4,2,5.375],"texture":"#4"},"south":{"uv":[4,2.75,4.5,4.125],"texture":"#4"},"west":{"uv":[4,4.25,4.5,5.625],"texture":"#4"},"up":{"uv":[3.5,2.75,3,2.25],"rotation":90,"texture":"#4"},"down":{"uv":[6,3.5,5.5,4],"rotation":270,"texture":"#4"}}},{"from":[7,18.39958,5.83277],"to":[9,23.89958,7.83277],"rotation":{"angle":-22.5,"axis":"x","origin":[8,10.35356,8]},"faces":{"north":{"uv":[4.5,2.75,5,4.125],"texture":"#4"},"east":{"uv":[4.5,0,5,1.375],"texture":"#4"},"south":{"uv":[0.5,4.5,1,5.875],"texture":"#4"},"west":{"uv":[1,4.5,1.5,5.875],"texture":"#4"},"up":{"uv":[2,7.5,1.5,7],"rotation":90,"texture":"#4"},"down":{"uv":[7.25,7,6.75,7.5],"rotation":270,"texture":"#4"}}},{"from":[7,22.03909,0.8139],"to":[9,22.80445,2.66166],"rotation":{"angle":0,"axis":"z","origin":[8,10.35356,8]},"faces":{"north":{"uv":[3.75,8.25,4.25,8.5],"texture":"#4"},"east":{"uv":[8.25,3,8.75,3.25],"texture":"#4"},"south":{"uv":[8.25,3.25,8.75,3.5],"texture":"#4"},"west":{"uv":[8.25,3.5,8.75,3.75],"texture":"#4"},"up":{"uv":[7.75,0.5,7.25,0],"rotation":90,"texture":"#4"},"down":{"uv":[7.75,0.5,7.25,1],"rotation":270,"texture":"#4"}}},{"from":[7,22.03909,13.33834],"to":[9,22.80445,15.1861],"rotation":{"angle":0,"axis":"z","origin":[8,10.35356,8]},"faces":{"north":{"uv":[8.25,4.25,8.75,4.5],"texture":"#4"},"east":{"uv":[8.25,3.75,8.75,4],"texture":"#4"},"south":{"uv":[8.25,4,8.75,4.25],"texture":"#4"},"west":{"uv":[4.25,8.25,4.75,8.5],"texture":"#4"},"up":{"uv":[4.5,7.75,4,7.25],"rotation":90,"texture":"#4"},"down":{"uv":[5,7.25,4.5,7.75],"rotation":270,"texture":"#4"}}},{"from":[6.75,14.51049,0.77814],"to":[9.25,16.51049,6.27814],"rotation":{"angle":22.5,"axis":"x","origin":[8,10.35356,8]},"faces":{"north":{"uv":[5.25,6.75,5.875,7.25],"texture":"#4"},"east":{"uv":[4.5,1.5,5.875,2],"texture":"#4"},"south":{"uv":[6.75,5,7.375,5.5],"texture":"#4"},"west":{"uv":[4.5,4.25,5.875,4.75],"texture":"#4"},"up":{"uv":[4.375,1.375,3,0.75],"rotation":90,"texture":"#4"},"down":{"uv":[4.375,1.5,3,2.125],"rotation":270,"texture":"#4"}}},{"from":[6.75,11.43038,-1.02828],"to":[9.25,13.27814,-0.26292],"rotation":{"angle":45,"axis":"x","origin":[8,10.35356,8]},"faces":{"north":{"uv":[6.75,6,7.375,6.5],"texture":"#4"},"east":{"uv":[8.25,4.5,8.5,5],"texture":"#4"},"south":{"uv":[6.75,5.5,7.375,6],"texture":"#4"},"west":{"uv":[4.75,8.25,5,8.75],"texture":"#4"},"up":{"uv":[3.75,8.625,3.5,8],"rotation":90,"texture":"#4"},"down":{"uv":[6,8,5.75,8.625],"rotation":270,"texture":"#4"}}},{"from":[6.75,11.43038,16.26292],"to":[9.25,13.27814,17.02828],"rotation":{"angle":-45,"axis":"x","origin":[8,10.35356,8]},"faces":{"north":{"uv":[0,7,0.625,7.5],"texture":"#4"},"east":{"uv":[5,8.25,5.25,8.75],"texture":"#4"},"south":{"uv":[6.75,6.5,7.375,7],"texture":"#4"},"west":{"uv":[8.25,5,8.5,5.5],"texture":"#4"},"up":{"uv":[6.25,8.625,6,8],"rotation":90,"texture":"#4"},"down":{"uv":[8.25,6,8,6.625],"rotation":270,"texture":"#4"}}},{"from":[6.9,15.60569,7.94512],"to":[9.1,19.10569,9.44512],"rotation":{"angle":45,"axis":"x","origin":[8,10.35356,8]},"faces":{"north":{"uv":[6,2,6.5,2.875],"texture":"#4"},"east":{"uv":[3,6.5,3.375,7.375],"texture":"#4"},"south":{"uv":[6,1,6.5,1.875],"texture":"#4"},"west":{"uv":[6.5,3,6.875,3.875],"texture":"#4"},"up":{"uv":[8.125,2,7.75,1.5],"rotation":90,"texture":"#4"},"down":{"uv":[8.125,2,7.75,2.5],"rotation":270,"texture":"#4"}}},{"from":[6.901,13.04552,9.73567],"to":[9.099,14.54552,12.73567],"rotation":{"angle":0,"axis":"z","origin":[8,10.35356,8]},"faces":{"north":{"uv":[7.75,3,8.25,3.375],"texture":"#4"},"east":{"uv":[7,3.5,7.75,3.875],"texture":"#4"},"south":{"uv":[7.75,2.5,8.25,2.875],"texture":"#4"},"west":{"uv":[7,4,7.75,4.375],"texture":"#4"},"up":{"uv":[5.25,6.75,4.5,6.25],"rotation":90,"texture":"#4"},"down":{"uv":[6,6.25,5.25,6.75],"rotation":270,"texture":"#4"}}},{"from":[6.902,12.06221,8.70774],"to":[9.098,13.56221,11.20774],"rotation":{"angle":-22.5,"axis":"x","origin":[8,10.35356,8]},"faces":{"north":{"uv":[3.75,7.75,4.25,8.125],"texture":"#4"},"east":{"uv":[5,7.25,5.625,7.625],"texture":"#4"},"south":{"uv":[7.75,3.5,8.25,3.875],"texture":"#4"},"west":{"uv":[7.25,7,7.875,7.375],"texture":"#4"},"up":{"uv":[1.375,7.5,0.75,7],"rotation":90,"texture":"#4"},"down":{"uv":[7.625,1,7,1.5],"rotation":270,"texture":"#4"}}},{"from":[6.902,12.06221,4.79226],"to":[9.098,13.56221,7.29226],"rotation":{"angle":22.5,"axis":"x","origin":[8,10.35356,8]},"faces":{"north":{"uv":[4.25,7.75,4.75,8.125],"texture":"#4"},"east":{"uv":[0,7.5,0.625,7.875],"texture":"#4"},"south":{"uv":[7.75,4,8.25,4.375],"texture":"#4"},"west":{"uv":[0.75,7.5,1.375,7.875],"texture":"#4"},"up":{"uv":[7.625,2,7,1.5],"rotation":90,"texture":"#4"},"down":{"uv":[7.625,2,7,2.5],"rotation":270,"texture":"#4"}}},{"from":[6.901,13.04552,3.26433],"to":[9.099,14.54552,6.26433],"rotation":{"angle":0,"axis":"z","origin":[8,10.35356,8]},"faces":{"north":{"uv":[4.75,7.75,5.25,8.125],"texture":"#4"},"east":{"uv":[7,4.5,7.75,4.875],"texture":"#4"},"south":{"uv":[7.75,4.5,8.25,4.875],"texture":"#4"},"west":{"uv":[6,7,6.75,7.375],"texture":"#4"},"up":{"uv":[7.25,0.5,6.5,0],"rotation":90,"texture":"#4"},"down":{"uv":[7.25,0.5,6.5,1],"rotation":270,"texture":"#4"}}},{"from":[6.9,15.60569,6.55488],"to":[9.1,19.10569,8.05488],"rotation":{"angle":-45,"axis":"x","origin":[8,10.35356,8]},"faces":{"north":{"uv":[6,4,6.5,4.875],"texture":"#4"},"east":{"uv":[3.5,6.5,3.875,7.375],"texture":"#4"},"south":{"uv":[6,3,6.5,3.875],"texture":"#4"},"west":{"uv":[6.5,4,6.875,4.875],"texture":"#4"},"up":{"uv":[5.625,8.25,5.25,7.75],"rotation":90,"texture":"#4"},"down":{"uv":[0.375,8,0,8.5],"rotation":270,"texture":"#4"}}},{"from":[6.9,7.67379,6.89],"to":[8.9,13.67379,8.39],"rotation":{"angle":-22.5,"axis":"x","origin":[8,10.35356,8]},"faces":{"north":{"uv":[3.5,2.25,4,3.75],"texture":"#4"},"east":{"uv":[4.5,4.75,4.875,6.25],"texture":"#4"},"south":{"uv":[2,3.5,2.5,5],"texture":"#4"},"west":{"uv":[5,0,5.375,1.5],"texture":"#4"},"up":{"uv":[0.875,8.5,0.5,8],"rotation":90,"texture":"#4"},"down":{"uv":[1.375,8,1,8.5],"rotation":270,"texture":"#4"}}},{"from":[7.1,7.67379,7.61],"to":[9.1,13.67379,9.11],"rotation":{"angle":22.5,"axis":"x","origin":[8,10.35356,8]},"faces":{"north":{"uv":[3,3.5,3.5,5],"texture":"#4"},"east":{"uv":[2,5,2.375,6.5],"texture":"#4"},"south":{"uv":[2.5,3.5,3,5],"texture":"#4"},"west":{"uv":[2.5,5,2.875,6.5],"texture":"#4"},"up":{"uv":[1.875,8.5,1.5,8],"rotation":90,"texture":"#4"},"down":{"uv":[2.375,8,2,8.5],"rotation":270,"texture":"#4"}}},{"from":[7.15,13.04063,3.94062],"to":[8.65,18.54063,5.44062],"rotation":{"angle":22.5,"axis":"x","origin":[8,10.35356,8]},"faces":{"north":{"uv":[5.5,0,5.875,1.375],"texture":"#4"},"east":{"uv":[5,2.75,5.375,4.125],"texture":"#4"},"south":{"uv":[3,5,3.375,6.375],"texture":"#4"},"west":{"uv":[5,4.75,5.375,6.125],"texture":"#4"},"up":{"uv":[8.625,1.375,8.25,1],"rotation":90,"texture":"#4"},"down":{"uv":[8.625,1.5,8.25,1.875],"rotation":270,"texture":"#4"}}},{"from":[7.35,13.04063,10.55938],"to":[8.85,18.54063,12.05938],"rotation":{"angle":-22.5,"axis":"x","origin":[8,10.35356,8]},"faces":{"north":{"uv":[4,5.75,4.375,7.125],"texture":"#4"},"east":{"uv":[1.5,5.5,1.875,6.875],"texture":"#4"},"south":{"uv":[5.5,2,5.875,3.375],"texture":"#4"},"west":{"uv":[5.5,4.75,5.875,6.125],"texture":"#4"},"up":{"uv":[8.625,2.375,8.25,2],"rotation":90,"texture":"#4"},"down":{"uv":[8.625,2.5,8.25,2.875],"rotation":270,"texture":"#4"}}},{"from":[6.75,-4.3503,12.52988],"to":[9.25,-2.8503,15.02988],"rotation":{"angle":22.5,"axis":"x","origin":[8,10.35356,8]},"faces":{"north":{"uv":[7.5,5,8.125,5.375],"texture":"#4"},"east":{"uv":[1.5,7.5,2.125,7.875],"texture":"#4"},"south":{"uv":[2.25,7.5,2.875,7.875],"texture":"#4"},"west":{"uv":[3,7.5,3.625,7.875],"texture":"#4"},"up":{"uv":[6.625,5.625,6,5],"rotation":90,"texture":"#4"},"down":{"uv":[6.625,5.75,6,6.375],"rotation":270,"texture":"#4"}}},{"from":[7,-6.19806,13.29525],"to":[9,-4.69806,15.79525],"rotation":{"angle":22.5,"axis":"x","origin":[8,10.35356,8]},"faces":{"north":{"uv":[3,8,3.5,8.375],"texture":"#4"},"east":{"uv":[7.5,5.5,8.125,5.875],"texture":"#4"},"south":{"uv":[2.5,8,3,8.375],"texture":"#4"},"west":{"uv":[5.75,7.5,6.375,7.875],"texture":"#4"},"up":{"uv":[7.625,3,7,2.5],"rotation":90,"texture":"#4"},"down":{"uv":[7.625,3,7,3.5],"rotation":270,"texture":"#4"}}},{"from":[7.25,18.39958,17.11095],"to":[8.75,21.89958,19.11095],"rotation":{"angle":-22.5,"axis":"x","origin":[8,10.35356,8]},"faces":{"north":{"uv":[2.5,6.5,2.875,7.375],"texture":"#4"},"east":{"uv":[0.5,6,1,6.875],"texture":"#4"},"south":{"uv":[6.5,2,6.875,2.875],"texture":"#4"},"west":{"uv":[1,6,1.5,6.875],"texture":"#4"},"up":{"uv":[8,7.875,7.5,7.5],"rotation":90,"texture":"#4"},"down":{"uv":[8.25,0,7.75,0.375],"rotation":270,"texture":"#4"}}},{"from":[7.25,16.76872,20.83589],"to":[8.75,17.53408,22.68365],"rotation":{"angle":-45,"axis":"x","origin":[8,10.35356,8]},"faces":{"north":{"uv":[8.25,6,8.625,6.25],"texture":"#4"},"east":{"uv":[5.5,4,6,4.25],"texture":"#4"},"south":{"uv":[8.25,5.75,8.625,6],"texture":"#4"},"west":{"uv":[8,7.75,8.5,8],"texture":"#4"},"up":{"uv":[8.25,0.875,7.75,0.5],"rotation":90,"texture":"#4"},"down":{"uv":[8.25,1,7.75,1.375],"rotation":270,"texture":"#4"}}},{"from":[7.25,16.76872,-6.68365],"to":[8.75,17.53408,-4.83589],"rotation":{"angle":45,"axis":"x","origin":[8,10.35356,8]},"faces":{"north":{"uv":[8.25,5.5,8.625,5.75],"texture":"#4"},"east":{"uv":[4.5,2,5,2.25],"texture":"#4"},"south":{"uv":[5.25,8.25,5.625,8.5],"texture":"#4"},"west":{"uv":[5,2,5.5,2.25],"texture":"#4"},"up":{"uv":[8,6.875,7.5,6.5],"rotation":90,"texture":"#4"},"down":{"uv":[7.5,7.5,7,7.875],"rotation":270,"texture":"#4"}}},{"from":[7.25,18.39958,-3.11095],"to":[8.75,21.89958,-1.11095],"rotation":{"angle":22.5,"axis":"x","origin":[8,10.35356,8]},"faces":{"north":{"uv":[2,6.5,2.375,7.375],"texture":"#4"},"east":{"uv":[0,6,0.5,6.875],"texture":"#4"},"south":{"uv":[6.5,1,6.875,1.875],"texture":"#4"},"west":{"uv":[6,0,6.5,0.875],"texture":"#4"},"up":{"uv":[8,6.375,7.5,6],"rotation":90,"texture":"#4"},"down":{"uv":[7,7.5,6.5,7.875],"rotation":270,"texture":"#4"}}},{"from":[6.35,17.01561,14.66206],"to":[9.85,20.51561,18.16206],"rotation":{"angle":-45,"axis":"x","origin":[8,10.35356,8]},"faces":{"north":{"uv":[9.75,0,8,1.75],"texture":"#2"},"east":{"uv":[8,0,9.75,1.75],"texture":"#2"},"south":{"uv":[9.75,0,8,1.75],"texture":"#2"},"west":{"uv":[8,0,9.75,1.75],"texture":"#2"},"up":{"uv":[8,1.75,9.75,0],"rotation":90,"texture":"#2"},"down":{"uv":[9.75,0,8,1.75],"rotation":270,"texture":"#2"}}},{"from":[6.15,19.59444,10.80257],"to":[9.65,23.09444,14.30257],"rotation":{"angle":-22.5,"axis":"x","origin":[8,10.35356,8]},"faces":{"north":{"uv":[9.75,2,8,3.75],"texture":"#2"},"east":{"uv":[8,2,9.75,3.75],"texture":"#2"},"south":{"uv":[9.75,2,8,3.75],"texture":"#2"},"west":{"uv":[8,2,9.75,3.75],"texture":"#2"},"up":{"uv":[8,3.75,9.75,2],"rotation":90,"texture":"#2"},"down":{"uv":[9.75,2,8,3.75],"rotation":270,"texture":"#2"}}},{"from":[6.15,20.5,6.25],"to":[9.65,24,9.75],"rotation":{"angle":0,"axis":"z","origin":[8,10.35356,8]},"faces":{"north":{"uv":[9.75,4,8,5.75],"texture":"#2"},"east":{"uv":[8,4,9.75,5.75],"texture":"#2"},"south":{"uv":[9.75,4,8,5.75],"texture":"#2"},"west":{"uv":[8,4,9.75,5.75],"texture":"#2"},"up":{"uv":[8,5.75,9.75,4],"rotation":90,"texture":"#2"},"down":{"uv":[9.75,4,8,5.75],"rotation":270,"texture":"#2"}}},{"from":[6.25,19.59444,1.69743],"to":[9.75,23.09444,5.19743],"rotation":{"angle":22.5,"axis":"x","origin":[8,10.35356,8]},"faces":{"north":{"uv":[9.75,6,8,7.75],"texture":"#2"},"east":{"uv":[8,6,9.75,7.75],"texture":"#2"},"south":{"uv":[9.75,6,8,7.75],"texture":"#2"},"west":{"uv":[8,6,9.75,7.75],"texture":"#2"},"up":{"uv":[8,7.75,9.75,6],"rotation":90,"texture":"#2"},"down":{"uv":[9.75,6,8,7.75],"rotation":270,"texture":"#2"}}},{"from":[8,15.01561,-4.16206],"to":[8,22.51561,3.33794],"rotation":{"angle":45,"axis":"x","origin":[8,10.35356,8]},"faces":{"north":{"uv":[0,0,0,7.5],"texture":"#2"},"east":{"uv":[3.75,0,0,3.75],"texture":"#2"},"south":{"uv":[0,0,0,7.5],"texture":"#2"},"west":{"uv":[0,0,3.75,3.75],"texture":"#2"},"up":{"uv":[0,0,7.5,0],"rotation":90,"texture":"#2"},"down":{"uv":[0,0,7.5,0],"rotation":270,"texture":"#2"}}},{"from":[8,17.59444,-0.30257],"to":[8,25.09444,7.19743],"rotation":{"angle":22.5,"axis":"x","origin":[8,10.35356,8]},"faces":{"north":{"uv":[0,0,0,7.5],"texture":"#2"},"east":{"uv":[3.75,4,0,7.75],"texture":"#2"},"south":{"uv":[0,0,0,7.5],"texture":"#2"},"west":{"uv":[0,4,3.75,7.75],"texture":"#2"},"up":{"uv":[0,0,7.5,0],"rotation":90,"texture":"#2"},"down":{"uv":[0,0,7.5,0],"rotation":270,"texture":"#2"}}},{"from":[8,18.5,4.25],"to":[8,26,11.75],"rotation":{"angle":0,"axis":"z","origin":[8,10.35356,8]},"faces":{"north":{"uv":[0,0,0,7.5],"texture":"#2"},"east":{"uv":[7.75,0,4,3.75],"texture":"#2"},"south":{"uv":[0,0,0,7.5],"texture":"#2"},"west":{"uv":[4,0,7.75,3.75],"texture":"#2"},"up":{"uv":[0,0,7.5,0],"rotation":90,"texture":"#2"},"down":{"uv":[0,0,7.5,0],"rotation":270,"texture":"#2"}}},{"from":[8,17.59444,8.80257],"to":[8,25.09444,16.30257],"rotation":{"angle":-22.5,"axis":"x","origin":[8,10.35356,8]},"faces":{"north":{"uv":[0,0,0,7.5],"texture":"#2"},"east":{"uv":[7.75,4,4,7.75],"texture":"#2"},"south":{"uv":[0,0,0,7.5],"texture":"#2"},"west":{"uv":[4,4,7.75,7.75],"texture":"#2"},"up":{"uv":[0,0,7.5,0],"rotation":90,"texture":"#2"},"down":{"uv":[0,0,7.5,0],"rotation":270,"texture":"#2"}}}],"gui_light":"front","display":{"thirdperson_righthand":{"rotation":[9,0,0],"translation":[0,3.5,2],"scale":[0.77734,0.77734,0.77734]},"thirdperson_lefthand":{"rotation":[9,0,0],"translation":[0,3.5,2],"scale":[0.77734,0.77734,0.77734]},"firstperson_righthand":{"rotation":[-10.54,19.1,7.67],"translation":[4.75,-1,-4.25],"scale":[0.86523,0.86523,0.86523]},"firstperson_lefthand":{"rotation":[-10.54,19.1,7.67],"translation":[4.75,-1,-4.25],"scale":[0.86523,0.86523,0.86523]},"ground":{"rotation":[0,0,-80],"translation":[-0.25,-1,-1],"scale":[0.62891,0.62891,0.62891]},"gui":{"rotation":[90,50.25,-90],"translation":[-1.25,-1,0],"scale":[0.51758,0.51758,0.51758]},"head":{"rotation":[-90,57.5,90],"translation":[-2.75,17.5,0],"scale":[0.74805,0.74805,0.74805]},"fixed":{"rotation":[0,90,0],"translation":[0.25,1.25,-2],"scale":[1.63477,1.63477,1.63477]}}}