{"credit":"MadewithBlockbench","texture_size":[64,64],"textures":{"2":"garnet_pack:garnet_pack/sword_garnet"},"elements":[{"from":[7.5,3.86615,7.63318],"to":[8.5,15.36615,8.63318],"rotation":{"angle":0,"axis":"z","origin":[8,8,8]},"faces":{"north":{"uv":[3.5,4.5,3.875,7.375],"texture":"#2"},"east":{"uv":[6.25,6,6.5,8.875],"texture":"#2"},"south":{"uv":[4.5,4.5,4.875,7.375],"texture":"#2"},"west":{"uv":[6,6,6.25,8.875],"texture":"#2"},"up":{"uv":[10.5,1.375,10.25,1],"rotation":270,"texture":"#2"},"down":{"uv":[10.5,1.5,10.25,1.875],"rotation":90,"texture":"#2"}}},{"from":[7.5,4.92681,9.10805],"to":[8.5,16.42681,10.10805],"rotation":{"angle":0,"axis":"z","origin":[8,8,8]},"faces":{"north":{"uv":[5,0,5.375,2.875],"texture":"#2"},"east":{"uv":[6.5,3,6.75,5.875],"texture":"#2"},"south":{"uv":[5,3,5.375,5.875],"texture":"#2"},"west":{"uv":[6.5,0,6.75,2.875],"texture":"#2"},"up":{"uv":[10.5,2.375,10.25,2],"rotation":270,"texture":"#2"},"down":{"uv":[10.5,2.5,10.25,2.875],"rotation":90,"texture":"#2"}}},{"from":[7.475,12.94926,2.53196],"to":[8.525,15.44926,3.53196],"rotation":{"angle":45,"axis":"x","origin":[8,8,8]},"faces":{"north":{"uv":[8.25,4,8.625,4.625],"texture":"#2"},"east":{"uv":[4.25,9.75,4.5,10.375],"texture":"#2"},"south":{"uv":[8.25,4.75,8.625,5.375],"texture":"#2"},"west":{"uv":[9.75,4,10,4.625],"texture":"#2"},"up":{"uv":[10.5,3.375,10.25,3],"rotation":270,"texture":"#2"},"down":{"uv":[3.75,10.25,3.5,10.625],"rotation":90,"texture":"#2"}}},{"from":[7.5,1.23671,7.84764],"to":[8.5,4.73671,8.84764],"rotation":{"angle":-22.5,"axis":"x","origin":[8,8,8]},"faces":{"north":{"uv":[3.5,7.5,3.875,8.375],"texture":"#2"},"east":{"uv":[3.75,9.25,4,10.125],"texture":"#2"},"south":{"uv":[4.5,7.5,4.875,8.375],"texture":"#2"},"west":{"uv":[3.5,9.25,3.75,10.125],"texture":"#2"},"up":{"uv":[10.5,3.875,10.25,3.5],"rotation":270,"texture":"#2"},"down":{"uv":[4,10.25,3.75,10.625],"rotation":90,"texture":"#2"}}},{"from":[7.475,4.19493,13.57285],"to":[8.525,6.19493,14.57285],"rotation":{"angle":45,"axis":"x","origin":[8,8,8]},"faces":{"north":{"uv":[9.25,7.75,9.625,8.25],"texture":"#2"},"east":{"uv":[8,10,8.25,10.5],"texture":"#2"},"south":{"uv":[7,9.5,7.375,10],"texture":"#2"},"west":{"uv":[10,7.75,10.25,8.25],"texture":"#2"},"up":{"uv":[10.5,4.375,10.25,4],"rotation":270,"texture":"#2"},"down":{"uv":[10.5,4.5,10.25,4.875],"rotation":90,"texture":"#2"}}},{"from":[7.5,-1.1312,9.25],"to":[8.5,1.3688,10.25],"rotation":{"angle":0,"axis":"z","origin":[8,8,8]},"faces":{"north":{"uv":[8.25,5.5,8.625,6.125],"texture":"#2"},"east":{"uv":[4.75,9.75,5,10.375],"texture":"#2"},"south":{"uv":[8.25,6.25,8.625,6.875],"texture":"#2"},"west":{"uv":[4.5,9.75,4.75,10.375],"texture":"#2"},"up":{"uv":[10.5,5.375,10.25,5],"rotation":270,"texture":"#2"},"down":{"uv":[5.5,10.25,5.25,10.625],"rotation":90,"texture":"#2"}}},{"from":[7.5,1.40569,4.31064],"to":[8.5,3.90569,5.31064],"rotation":{"angle":-22.5,"axis":"x","origin":[8,8,8]},"faces":{"north":{"uv":[7.25,8.25,7.625,8.875],"texture":"#2"},"east":{"uv":[9.75,5.5,10,6.125],"texture":"#2"},"south":{"uv":[7.75,8.25,8.125,8.875],"texture":"#2"},"west":{"uv":[5,9.75,5.25,10.375],"texture":"#2"},"up":{"uv":[5.75,10.625,5.5,10.25],"rotation":270,"texture":"#2"},"down":{"uv":[10.5,5.5,10.25,5.875],"rotation":90,"texture":"#2"}}},{"from":[7.475,3.02465,10.3708],"to":[8.525,5.52465,11.3708],"rotation":{"angle":45,"axis":"x","origin":[8,8,8]},"faces":{"north":{"uv":[8.25,7.75,8.625,8.375],"texture":"#2"},"east":{"uv":[9.75,7.75,10,8.375],"texture":"#2"},"south":{"uv":[0,8.5,0.375,9.125],"texture":"#2"},"west":{"uv":[9.75,7,10,7.625],"texture":"#2"},"up":{"uv":[6,10.625,5.75,10.25],"rotation":270,"texture":"#2"},"down":{"uv":[10.5,6.5,10.25,6.875],"rotation":90,"texture":"#2"}}},{"from":[7.5,-0.12153,7.03889],"to":[8.5,0.87847,8.03889],"rotation":{"angle":0,"axis":"z","origin":[8,8,8]},"faces":{"north":{"uv":[7.75,0.75,8.125,1],"texture":"#2"},"east":{"uv":[9,3,9.25,3.25],"texture":"#2"},"south":{"uv":[8.5,3,8.875,3.25],"texture":"#2"},"west":{"uv":[8.75,7.25,9,7.5],"texture":"#2"},"up":{"uv":[10.5,7.375,10.25,7],"rotation":270,"texture":"#2"},"down":{"uv":[10.5,7.5,10.25,7.875],"rotation":90,"texture":"#2"}}},{"from":[7.75,21.1849,-8.11003],"to":[8.25,25.5849,-7.11003],"rotation":{"angle":45,"axis":"x","origin":[8,8,8]},"faces":{"north":{"uv":[5.25,8,5.5,9.125],"texture":"#2"},"east":{"uv":[8.25,0.75,8.5,1.875],"texture":"#2"},"south":{"uv":[8.25,2,8.5,3.125],"texture":"#2"},"west":{"uv":[5,8,5.25,9.125],"texture":"#2"},"up":{"uv":[10,5,9.75,4.75],"rotation":270,"texture":"#2"},"down":{"uv":[10,6.25,9.75,6.5],"rotation":90,"texture":"#2"}}},{"from":[7.75,-1.19691,5.72002],"to":[8.25,0.80309,6.72002],"rotation":{"angle":0,"axis":"z","origin":[8,8,8]},"faces":{"north":{"uv":[10,8.25,10.25,8.75],"texture":"#2"},"east":{"uv":[10,8.75,10.25,9.25],"texture":"#2"},"south":{"uv":[10,9.25,10.25,9.75],"texture":"#2"},"west":{"uv":[8.25,10,8.5,10.5],"texture":"#2"},"up":{"uv":[10.5,10.25,10.25,10],"rotation":270,"texture":"#2"},"down":{"uv":[10.75,0,10.5,0.25],"rotation":90,"texture":"#2"}}},{"from":[7.75,1.84075,3.06331],"to":[8.25,5.34075,4.06331],"rotation":{"angle":-22.5,"axis":"x","origin":[8,8,8]},"faces":{"north":{"uv":[5.5,9.25,5.75,10.125],"texture":"#2"},"east":{"uv":[9.25,5.5,9.5,6.375],"texture":"#2"},"south":{"uv":[5.75,9.25,6,10.125],"texture":"#2"},"west":{"uv":[5.25,9.25,5.5,10.125],"texture":"#2"},"up":{"uv":[10.75,0.5,10.5,0.25],"rotation":270,"texture":"#2"},"down":{"uv":[10.75,0.5,10.5,0.75],"rotation":90,"texture":"#2"}}},{"from":[7.725,2.42145,8.56764],"to":[8.275,4.92145,9.56764],"rotation":{"angle":45,"axis":"x","origin":[8,8,8]},"faces":{"north":{"uv":[9,9.75,9.25,10.375],"texture":"#2"},"east":{"uv":[9.25,9.75,9.5,10.375],"texture":"#2"},"south":{"uv":[9.75,9.25,10,9.875],"texture":"#2"},"west":{"uv":[9.75,8.5,10,9.125],"texture":"#2"},"up":{"uv":[10.75,1,10.5,0.75],"rotation":270,"texture":"#2"},"down":{"uv":[1.25,10.5,1,10.75],"rotation":90,"texture":"#2"}}},{"from":[7.75,4.71464,5.93162],"to":[8.25,28.71464,6.93162],"rotation":{"angle":0,"axis":"z","origin":[8,8,8]},"faces":{"north":{"uv":[2.75,4.5,3,10.5],"texture":"#2"},"east":{"uv":[3,4.5,3.25,10.5],"texture":"#2"},"south":{"uv":[3.25,4.5,3.5,10.5],"texture":"#2"},"west":{"uv":[2.5,4.5,2.75,10.5],"texture":"#2"},"up":{"uv":[10.75,1.25,10.5,1],"rotation":270,"texture":"#2"},"down":{"uv":[1.5,10.5,1.25,10.75],"rotation":90,"texture":"#2"}}},{"from":[7.75,16.1188,8.75],"to":[8.25,31.1188,9.75],"rotation":{"angle":0,"axis":"z","origin":[8,8,8]},"faces":{"north":{"uv":[5.5,3.75,5.75,7.5],"texture":"#2"},"east":{"uv":[5.75,0,6,3.75],"texture":"#2"},"south":{"uv":[5.75,3.75,6,7.5],"texture":"#2"},"west":{"uv":[5.5,0,5.75,3.75],"texture":"#2"},"up":{"uv":[10.75,1.5,10.5,1.25],"rotation":270,"texture":"#2"},"down":{"uv":[1.75,10.5,1.5,10.75],"rotation":90,"texture":"#2"}}},{"from":[6.75,-11.15065,-0.8718],"to":[9.25,-9.65065,1.6282],"rotation":{"angle":-22.5,"axis":"x","origin":[8,8,8]},"faces":{"north":{"uv":[8.5,0.5,9.125,0.875],"texture":"#2"},"east":{"uv":[8.5,1,9.125,1.375],"texture":"#2"},"south":{"uv":[8.5,1.5,9.125,1.875],"texture":"#2"},"west":{"uv":[8.5,0,9.125,0.375],"texture":"#2"},"up":{"uv":[7.375,1.625,6.75,1],"rotation":270,"texture":"#2"},"down":{"uv":[7.375,1.75,6.75,2.375],"rotation":90,"texture":"#2"}}},{"from":[7,-12.99841,-1.63717],"to":[9,-11.49841,0.86283],"rotation":{"angle":-22.5,"axis":"x","origin":[8,8,8]},"faces":{"north":{"uv":[7.5,9.5,8,9.875],"texture":"#2"},"east":{"uv":[8.5,2.5,9.125,2.875],"texture":"#2"},"south":{"uv":[8,9.5,8.5,9.875],"texture":"#2"},"west":{"uv":[8.5,2,9.125,2.375],"texture":"#2"},"up":{"uv":[7.375,6,6.75,5.5],"rotation":270,"texture":"#2"},"down":{"uv":[8.625,7,8,7.5],"rotation":90,"texture":"#2"}}},{"from":[7.25,-14.16673,7.25],"to":[8.75,-6.16673,8.75],"rotation":{"angle":0,"axis":"y","origin":[8,8,8]},"faces":{"north":{"uv":[6,2,6.375,4],"texture":"#2"},"east":{"uv":[6,4,6.375,6],"texture":"#2"},"south":{"uv":[5,6,5.375,8],"texture":"#2"},"west":{"uv":[6,0,6.375,2],"texture":"#2"},"up":{"uv":[10.375,6.375,10,6],"rotation":270,"texture":"#2"},"down":{"uv":[7.875,10,7.5,10.375],"rotation":90,"texture":"#2"}}},{"from":[6.75,-1.6312,6.75],"to":[9.25,-0.1312,9.25],"rotation":{"angle":0,"axis":"z","origin":[8,8,8]},"faces":{"north":{"uv":[8.25,8.5,8.875,8.875],"texture":"#2"},"east":{"uv":[8.75,4,9.375,4.375],"texture":"#2"},"south":{"uv":[8.75,4.5,9.375,4.875],"texture":"#2"},"west":{"uv":[6.5,8.5,7.125,8.875],"texture":"#2"},"up":{"uv":[7.375,3.125,6.75,2.5],"rotation":270,"texture":"#2"},"down":{"uv":[7.375,3.25,6.75,3.875],"rotation":90,"texture":"#2"}}},{"from":[6.749,-1.1335,1.63426],"to":[9.251,1.3665,3.13426],"rotation":{"angle":-45,"axis":"x","origin":[8,8,8]},"faces":{"north":{"uv":[6.75,4,7.375,4.625],"texture":"#2"},"east":{"uv":[3.5,8.5,3.875,9.125],"texture":"#2"},"south":{"uv":[6.75,4.75,7.375,5.375],"texture":"#2"},"west":{"uv":[0.5,8.5,0.875,9.125],"texture":"#2"},"up":{"uv":[4.875,9.125,4.5,8.5],"rotation":270,"texture":"#2"},"down":{"uv":[5.875,8.5,5.5,9.125],"rotation":90,"texture":"#2"}}},{"from":[6.75,-4.39896,9.51777],"to":[9.25,-1.89896,11.01777],"rotation":{"angle":0,"axis":"z","origin":[8,8,8]},"faces":{"north":{"uv":[6.5,7,7.125,7.625],"texture":"#2"},"east":{"uv":[8.75,5.75,9.125,6.375],"texture":"#2"},"south":{"uv":[7.25,7,7.875,7.625],"texture":"#2"},"west":{"uv":[8.75,5,9.125,5.625],"texture":"#2"},"up":{"uv":[9.125,7.125,8.75,6.5],"rotation":270,"texture":"#2"},"down":{"uv":[9.125,7.75,8.75,8.375],"rotation":90,"texture":"#2"}}},{"from":[6.749,-2.90127,-1.13351],"to":[9.251,-1.40127,1.36649],"rotation":{"angle":-45,"axis":"x","origin":[8,8,8]},"faces":{"north":{"uv":[1.75,9,2.375,9.375],"texture":"#2"},"east":{"uv":[6,9,6.625,9.375],"texture":"#2"},"south":{"uv":[6.75,9,7.375,9.375],"texture":"#2"},"west":{"uv":[1,9,1.625,9.375],"texture":"#2"},"up":{"uv":[8.125,1.625,7.5,1],"rotation":270,"texture":"#2"},"down":{"uv":[8.125,1.75,7.5,2.375],"rotation":90,"texture":"#2"}}},{"from":[6.75,-6.16673,6.75],"to":[9.25,-4.66673,9.25],"rotation":{"angle":0,"axis":"y","origin":[8,8,8]},"faces":{"north":{"uv":[7.5,9,8.125,9.375],"texture":"#2"},"east":{"uv":[8.25,9,8.875,9.375],"texture":"#2"},"south":{"uv":[9,8.5,9.625,8.875],"texture":"#2"},"west":{"uv":[9,7.25,9.625,7.625],"texture":"#2"},"up":{"uv":[8.125,3.125,7.5,2.5],"rotation":270,"texture":"#2"},"down":{"uv":[8.125,3.25,7.5,3.875],"rotation":90,"texture":"#2"}}},{"from":[6.749,-1.1335,-2.90127],"to":[9.251,1.3665,-1.40127],"rotation":{"angle":-45,"axis":"x","origin":[8,8,8]},"faces":{"north":{"uv":[7.5,4,8.125,4.625],"texture":"#2"},"east":{"uv":[9,9,9.375,9.625],"texture":"#2"},"south":{"uv":[7.5,4.75,8.125,5.375],"texture":"#2"},"west":{"uv":[4,9,4.375,9.625],"texture":"#2"},"up":{"uv":[0.375,9.875,0,9.25],"rotation":270,"texture":"#2"},"down":{"uv":[9.625,0,9.25,0.625],"rotation":90,"texture":"#2"}}},{"from":[6.75,-4.39896,4.98223],"to":[9.25,-1.89896,6.48223],"rotation":{"angle":0,"axis":"z","origin":[8,8,8]},"faces":{"north":{"uv":[7.5,5.5,8.125,6.125],"texture":"#2"},"east":{"uv":[9.25,0.75,9.625,1.375],"texture":"#2"},"south":{"uv":[7.5,6.25,8.125,6.875],"texture":"#2"},"west":{"uv":[0.5,9.25,0.875,9.875],"texture":"#2"},"up":{"uv":[9.625,2.125,9.25,1.5],"rotation":270,"texture":"#2"},"down":{"uv":[9.625,2.25,9.25,2.875],"rotation":90,"texture":"#2"}}},{"from":[6.749,1.63427,-1.13351],"to":[9.251,3.13427,1.36649],"rotation":{"angle":-45,"axis":"x","origin":[8,8,8]},"faces":{"north":{"uv":[9.25,3.5,9.875,3.875],"texture":"#2"},"east":{"uv":[4.5,9.25,5.125,9.625],"texture":"#2"},"south":{"uv":[9.25,5,9.875,5.375],"texture":"#2"},"west":{"uv":[9.25,3,9.875,3.375],"texture":"#2"},"up":{"uv":[8.375,0.625,7.75,0],"rotation":270,"texture":"#2"},"down":{"uv":[7.125,7.75,6.5,8.375],"rotation":90,"texture":"#2"}}},{"from":[7.525,-1.07319,7.10805],"to":[8.475,16.42681,10.60805],"rotation":{"angle":0,"axis":"z","origin":[8,8,8]},"faces":{"north":{"uv":[4.5,0,4.875,4.375],"texture":"#2"},"east":{"uv":[3,0,3.875,4.375],"texture":"#2"},"south":{"uv":[2,4.5,2.375,8.875],"texture":"#2"},"west":{"uv":[2,0,2.875,4.375],"texture":"#2"},"up":{"uv":[8.125,8.125,7.25,7.75],"rotation":270,"texture":"#2"},"down":{"uv":[0.875,8,0,8.375],"rotation":90,"texture":"#2"}}},{"from":[7.775,-0.8812,5.25],"to":[8.225,31.1188,8.75],"rotation":{"angle":0,"axis":"z","origin":[8,8,8]},"faces":{"north":{"uv":[4,0,4.25,8],"texture":"#2"},"east":{"uv":[1,0,1.875,8],"texture":"#2"},"south":{"uv":[4.25,0,4.5,8],"texture":"#2"},"west":{"uv":[0,0,0.875,8],"texture":"#2"},"up":{"uv":[10.125,6.75,9.25,6.5],"rotation":270,"texture":"#2"},"down":{"uv":[10.125,6.75,9.25,7],"rotation":90,"texture":"#2"}}},{"from":[7.474,-4.43297,4.19822],"to":[8.526,-3.43297,5.19822],"rotation":{"angle":0,"axis":"z","origin":[8,8,8]},"faces":{"north":{"uv":[1.75,10.5,2,10.75],"texture":"#2"},"east":{"uv":[10.5,1.75,10.75,2],"texture":"#2"},"south":{"uv":[2,10.5,2.25,10.75],"texture":"#2"},"west":{"uv":[10.5,1.5,10.75,1.75],"texture":"#2"},"up":{"uv":[10.75,2.25,10.5,2],"rotation":270,"texture":"#2"},"down":{"uv":[2.5,10.5,2.25,10.75],"rotation":90,"texture":"#2"}}},{"from":[7.5,-6.51756,8.86282],"to":[8.5,-4.01756,9.86282],"rotation":{"angle":22.5,"axis":"x","origin":[8,8,8]},"faces":{"north":{"uv":[0,10,0.25,10.625],"texture":"#2"},"east":{"uv":[10,0,10.25,0.625],"texture":"#2"},"south":{"uv":[0.25,10,0.5,10.625],"texture":"#2"},"west":{"uv":[9.5,9.75,9.75,10.375],"texture":"#2"},"up":{"uv":[10.75,2.5,10.5,2.25],"rotation":270,"texture":"#2"},"down":{"uv":[2.75,10.5,2.5,10.75],"rotation":90,"texture":"#2"}}},{"from":[7.475,-5.37557,-1.65535],"to":[8.525,-2.87557,-0.65535],"rotation":{"angle":-22.5,"axis":"x","origin":[8,8,8]},"faces":{"north":{"uv":[0.75,10,1,10.625],"texture":"#2"},"east":{"uv":[10,0.75,10.25,1.375],"texture":"#2"},"south":{"uv":[10,1.5,10.25,2.125],"texture":"#2"},"west":{"uv":[0.5,10,0.75,10.625],"texture":"#2"},"up":{"uv":[10.75,2.75,10.5,2.5],"rotation":270,"texture":"#2"},"down":{"uv":[3,10.5,2.75,10.75],"rotation":90,"texture":"#2"}}},{"from":[7.5,-0.66246,-6.039],"to":[8.5,2.33754,-5.039],"rotation":{"angle":-45,"axis":"x","origin":[8,8,8]},"faces":{"north":{"uv":[8.75,9.5,9,10.25],"texture":"#2"},"east":{"uv":[9.5,9,9.75,9.75],"texture":"#2"},"south":{"uv":[9.75,0,10,0.75],"texture":"#2"},"west":{"uv":[8.5,9.5,8.75,10.25],"texture":"#2"},"up":{"uv":[10.75,3,10.5,2.75],"rotation":270,"texture":"#2"},"down":{"uv":[3.25,10.5,3,10.75],"rotation":90,"texture":"#2"}}},{"from":[7.475,-5.93105,2.0769],"to":[8.525,-2.43105,3.0769],"rotation":{"angle":0,"axis":"z","origin":[8,8,8]},"faces":{"north":{"uv":[1.25,9.5,1.5,10.375],"texture":"#2"},"east":{"uv":[1.5,9.5,1.75,10.375],"texture":"#2"},"south":{"uv":[1.75,9.5,2,10.375],"texture":"#2"},"west":{"uv":[1,9.5,1.25,10.375],"texture":"#2"},"up":{"uv":[10.75,3.25,10.5,3],"rotation":270,"texture":"#2"},"down":{"uv":[3.5,10.5,3.25,10.75],"rotation":90,"texture":"#2"}}},{"from":[7.5,-0.37035,-1.46402],"to":[8.5,0.62965,0.03598],"rotation":{"angle":-22.5,"axis":"x","origin":[8,8,8]},"faces":{"north":{"uv":[10.5,3.25,10.75,3.5],"texture":"#2"},"east":{"uv":[9.25,8.25,9.625,8.5],"texture":"#2"},"south":{"uv":[10.5,3.5,10.75,3.75],"texture":"#2"},"west":{"uv":[9.25,7,9.625,7.25],"texture":"#2"},"up":{"uv":[10.625,8.25,10.25,8],"rotation":270,"texture":"#2"},"down":{"uv":[10.625,8.25,10.25,8.5],"rotation":90,"texture":"#2"}}},{"from":[7.475,-2.56099,10.1855],"to":[8.525,-0.56099,14.1855],"rotation":{"angle":45,"axis":"x","origin":[8,8,8]},"faces":{"north":{"uv":[9.75,10,10,10.5],"texture":"#2"},"east":{"uv":[6.5,6.5,7.5,7],"texture":"#2"},"south":{"uv":[10,9.75,10.25,10.25],"texture":"#2"},"west":{"uv":[6.5,6,7.5,6.5],"texture":"#2"},"up":{"uv":[9,7.75,8,7.5],"rotation":270,"texture":"#2"},"down":{"uv":[9.25,3.25,8.25,3.5],"rotation":90,"texture":"#2"}}},{"from":[7.474,-4.43297,10.80178],"to":[8.526,-3.43297,11.80178],"rotation":{"angle":0,"axis":"z","origin":[8,8,8]},"faces":{"north":{"uv":[10.5,5.25,10.75,5.5],"texture":"#2"},"east":{"uv":[10.5,5.5,10.75,5.75],"texture":"#2"},"south":{"uv":[10.5,5.75,10.75,6],"texture":"#2"},"west":{"uv":[10.5,5,10.75,5.25],"texture":"#2"},"up":{"uv":[6.25,10.75,6,10.5],"rotation":270,"texture":"#2"},"down":{"uv":[10.75,6,10.5,6.25],"rotation":90,"texture":"#2"}}},{"from":[7.5,-6.51756,6.13718],"to":[8.5,-4.01756,7.13718],"rotation":{"angle":-22.5,"axis":"x","origin":[8,8,8]},"faces":{"north":{"uv":[7,10,7.25,10.625],"texture":"#2"},"east":{"uv":[10,7,10.25,7.625],"texture":"#2"},"south":{"uv":[7.25,10,7.5,10.625],"texture":"#2"},"west":{"uv":[10,5.25,10.25,5.875],"texture":"#2"},"up":{"uv":[10.75,5,10.5,4.75],"rotation":270,"texture":"#2"},"down":{"uv":[5.25,10.5,5,10.75],"rotation":90,"texture":"#2"}}},{"from":[7.475,-5.37557,16.65535],"to":[8.525,-2.87557,17.65535],"rotation":{"angle":22.5,"axis":"x","origin":[8,8,8]},"faces":{"north":{"uv":[10,3,10.25,3.625],"texture":"#2"},"east":{"uv":[10,3.75,10.25,4.375],"texture":"#2"},"south":{"uv":[10,4.5,10.25,5.125],"texture":"#2"},"west":{"uv":[10,2.25,10.25,2.875],"texture":"#2"},"up":{"uv":[10.75,4.75,10.5,4.5],"rotation":270,"texture":"#2"},"down":{"uv":[5,10.5,4.75,10.75],"rotation":90,"texture":"#2"}}},{"from":[7.5,-0.66246,21.039],"to":[8.5,2.33754,22.039],"rotation":{"angle":45,"axis":"x","origin":[8,8,8]},"faces":{"north":{"uv":[9.75,1.5,10,2.25],"texture":"#2"},"east":{"uv":[9.75,2.25,10,3],"texture":"#2"},"south":{"uv":[4,9.75,4.25,10.5],"texture":"#2"},"west":{"uv":[9.75,0.75,10,1.5],"texture":"#2"},"up":{"uv":[10.75,4.5,10.5,4.25],"rotation":270,"texture":"#2"},"down":{"uv":[4.75,10.5,4.5,10.75],"rotation":90,"texture":"#2"}}},{"from":[7.475,-5.93105,12.9231],"to":[8.525,-2.43105,13.9231],"rotation":{"angle":0,"axis":"z","origin":[8,8,8]},"faces":{"north":{"uv":[2.25,9.5,2.5,10.375],"texture":"#2"},"east":{"uv":[9.5,4,9.75,4.875],"texture":"#2"},"south":{"uv":[9.5,5.5,9.75,6.375],"texture":"#2"},"west":{"uv":[2,9.5,2.25,10.375],"texture":"#2"},"up":{"uv":[10.75,4.25,10.5,4],"rotation":270,"texture":"#2"},"down":{"uv":[4.5,10.5,4.25,10.75],"rotation":90,"texture":"#2"}}},{"from":[7.5,-0.37035,15.96402],"to":[8.5,0.62965,17.46402],"rotation":{"angle":22.5,"axis":"x","origin":[8,8,8]},"faces":{"north":{"uv":[10.5,3.75,10.75,4],"texture":"#2"},"east":{"uv":[10.25,8.5,10.625,8.75],"texture":"#2"},"south":{"uv":[4,10.5,4.25,10.75],"texture":"#2"},"west":{"uv":[8.5,10.25,8.875,10.5],"texture":"#2"},"up":{"uv":[10.625,9,10.25,8.75],"rotation":270,"texture":"#2"},"down":{"uv":[10.625,9,10.25,9.25],"rotation":90,"texture":"#2"}}},{"from":[7.475,-2.56099,1.8145],"to":[8.525,-0.56099,5.8145],"rotation":{"angle":-45,"axis":"x","origin":[8,8,8]},"faces":{"north":{"uv":[10.25,0,10.5,0.5],"texture":"#2"},"east":{"uv":[6.75,0.5,7.75,1],"texture":"#2"},"south":{"uv":[10.25,0.5,10.5,1],"texture":"#2"},"west":{"uv":[6.75,0,7.75,0.5],"texture":"#2"},"up":{"uv":[9.25,3.75,8.25,3.5],"rotation":270,"texture":"#2"},"down":{"uv":[9.25,3.75,8.25,4],"rotation":90,"texture":"#2"}}},{"from":[7.525,-5.93105,11.4231],"to":[8.475,-2.43105,12.9231],"rotation":{"angle":0,"axis":"z","origin":[8,8,8]},"faces":{"north":{"uv":[6.5,9.5,6.75,10.375],"texture":"#2"},"east":{"uv":[4,8,4.375,8.875],"texture":"#2"},"south":{"uv":[6.75,9.5,7,10.375],"texture":"#2"},"west":{"uv":[1.5,8,1.875,8.875],"texture":"#2"},"up":{"uv":[10.625,10,10.25,9.75],"rotation":270,"texture":"#2"},"down":{"uv":[10.375,10.25,10,10.5],"rotation":90,"texture":"#2"}}},{"from":[7.525,-5.93105,3.0769],"to":[8.475,-2.43105,4.5769],"rotation":{"angle":0,"axis":"z","origin":[8,8,8]},"faces":{"north":{"uv":[6,9.5,6.25,10.375],"texture":"#2"},"east":{"uv":[1,8,1.375,8.875],"texture":"#2"},"south":{"uv":[6.25,9.5,6.5,10.375],"texture":"#2"},"west":{"uv":[5.5,7.5,5.875,8.375],"texture":"#2"},"up":{"uv":[10.625,9.5,10.25,9.25],"rotation":270,"texture":"#2"},"down":{"uv":[10.625,9.5,10.25,9.75],"rotation":90,"texture":"#2"}}}],"gui_light":"front","display":{"thirdperson_righthand":{"rotation":[9,0,0],"translation":[0,10.75,2.75],"scale":[0.77734,0.77734,0.77734]},"thirdperson_lefthand":{"rotation":[9,0,0],"translation":[0,10.75,2.75],"scale":[0.77734,0.77734,0.77734]},"firstperson_righthand":{"rotation":[-14.77,-0.01,0],"translation":[4.75,6.25,-4.25],"scale":[0.69922,0.69922,0.69922]},"firstperson_lefthand":{"rotation":[-14.77,-0.01,0],"translation":[4.75,6.25,-4.25],"scale":[0.69922,0.69922,0.69922]},"ground":{"rotation":[0,0,-80],"translation":[-0.25,-1,-1],"scale":[0.62891,0.62891,0.62891]},"gui":{"rotation":[90,50.25,-90],"scale":[0.44141,0.44141,0.44141]},"head":{"rotation":[-90,57.5,90],"translation":[1,17.5,0],"scale":[0.74805,0.74805,0.74805]},"fixed":{"rotation":[0,90,0],"translation":[0.25,0.75,-2],"scale":[1.63477,1.63477,1.63477]}}}