{"textures":{"0":"social_media_robot:entity/youtube_robot/youtube_robot"},"elements":[{"faces":{"north":{"uv":[9,9.5,8.75,10.75],"texture":"#0","tintindex":0},"east":{"uv":[2.25,7.5,2,8.75],"texture":"#0","tintindex":0},"south":{"uv":[5,7,4.75,8.25],"texture":"#0","tintindex":0},"west":{"uv":[9.75,8.75,9.5,10],"texture":"#0","tintindex":0},"up":{"uv":[5.75,4.25,5.5,4.5],"texture":"#0","tintindex":0},"down":{"uv":[6,4.5,5.75,4.25],"texture":"#0","tintindex":0}},"to":[9.22943,5.87234,9],"from":[8.82943,3.87234,8.6],"rotation":{"angle":0,"axis":"y","origin":[9.02943,4.87234,8.8]}}],"display":{"head":{"translation":[0,5.6,0],"scale":[4,4,4],"rotation":[0,0,0]}}}