{"textures":{"0":"social_media_robot:entity/youtube_robot/youtube_robot"},"elements":[{"faces":{"north":{"uv":[7.5,6,9.75,7.75],"texture":"#0","tintindex":0},"east":{"uv":[9,1,8,2.75],"texture":"#0","tintindex":0},"south":{"uv":[9.75,4.25,7.5,6],"texture":"#0","tintindex":0},"west":{"uv":[5.25,8.75,4.25,10.5],"texture":"#0","tintindex":0},"up":{"uv":[9.75,7.75,7.5,8.75],"texture":"#0","tintindex":0},"down":{"uv":[10.25,1,8,0],"texture":"#0","tintindex":0}},"to":[9.8,8.8,8.8],"from":[6.2,6,7.2],"rotation":{"angle":0,"axis":"y","origin":[8,7.4,8]}}],"display":{"head":{"translation":[0,5.6,0],"scale":[4,4,4],"rotation":[0,0,0]}}}