{"textures":{"0":"social_media_robot:entity/youtube_robot/youtube_robot"},"elements":[{"faces":{"north":{"uv":[7,8.75,6.25,10.25],"texture":"#0","tintindex":0},"east":{"uv":[6.5,8.75,5.75,10.25],"texture":"#0","tintindex":0},"south":{"uv":[6,8.75,5.25,10.25],"texture":"#0","tintindex":0},"west":{"uv":[7.25,8.75,6.5,10.25],"texture":"#0","tintindex":0},"up":{"uv":[1.25,9.75,0.5,10.5],"texture":"#0","tintindex":0},"down":{"uv":[2,10.5,1.25,9.75],"texture":"#0","tintindex":0}},"to":[8.14092,5.32091,8.4],"from":[6.94092,2.92091,7.2],"rotation":{"angle":0,"axis":"y","origin":[7.54092,4.12091,7.8]}}],"display":{"head":{"translation":[0,5.6,0],"scale":[4,4,4],"rotation":[0,0,0]}}}