{
  "parent": "minecraft:item/handheld",
  "textures": {
    "layer0": "minecraft:item/diamond_axe"
  },
  "overrides": [
    {
      "predicate": {
        "custom_model_data": 10000
      },
      "model": "cutiecatpack:cutiecatpack/axe"
    },
    {
      "predicate": {
        "custom_model_data": 10005
      },
      "model": "sorcery_pack:sorcery_pack/axe_sorcery"
    },
    {
      "predicate": {
        "custom_model_data": 10006
      },
      "model": "demonset:demonset/demon_axe"
    },
    {
      "predicate": {
        "custom_model_data": 10007
      },
      "model": "rainbowset:rainbowset/rainbow_axe"
    },
    {
      "predicate": {
        "custom_model_data": 10008
      },
      "model": "garnet_pack:garnet_pack/axe_garnet"
    },
    {
      "predicate": {
        "custom_model_data": 10011
      },
      "model": "elitecreatures:diablo_weapon_set/axe"
    },
    {
      "predicate": {
        "custom_model_data": 10012
      },
      "model": "ice_set:ia_auto_gen/ice_axe"
    },
    {
      "predicate": {
        "custom_model_data": 10013
      },
      "model": "item/diamond_axe"
    }
  ]
}