{
  "parent": "minecraft:item/handheld",
  "textures": {
    "layer0": "minecraft:item/diamond_sword"
  },
  "overrides": [
    {
      "predicate": {
        "custom_model_data": 10000
      },
      "model": "cutiecatpack:cutiecatpack/staff"
    },
    {
      "predicate": {
        "custom_model_data": 10001
      },
      "model": "cutiecatpack:cutiecatpack/sword"
    },
    {
      "predicate": {
        "custom_model_data": 10004
      },
      "model": "meowmi:meowmi/meowmi_sword"
    },
    {
      "predicate": {
        "custom_model_data": 10016
      },
      "model": "iaspecial_swords:ia_auto_gen/elucidator_sword"
    },
    {
      "predicate": {
        "custom_model_data": 10017
      },
      "model": "iaspecial_swords:item/floating_sword"
    },
    {
      "predicate": {
        "custom_model_data": 10018
      },
      "model": "iaspecial_swords:item/closed_lightsaber"
    },
    {
      "predicate": {
        "custom_model_data": 10019
      },
      "model": "iaspecial_swords:item/green_lightsaber"
    },
    {
      "predicate": {
        "custom_model_data": 10020
      },
      "model": "iaspecial_swords:item/red_lightsaber"
    },
    {
      "predicate": {
        "custom_model_data": 10021
      },
      "model": "iaspecial_swords:item/blue_lightsaber"
    },
    {
      "predicate": {
        "custom_model_data": 10022
      },
      "model": "iaspecial_swords:item/masters_sword"
    },
    {
      "predicate": {
        "custom_model_data": 10023
      },
      "model": "iaspecial_swords:ia_auto_gen/repulser_sword"
    },
    {
      "predicate": {
        "custom_model_data": 10024
      },
      "model": "sorcery_pack:sorcery_pack/scythe_sorcery"
    },
    {
      "predicate": {
        "custom_model_data": 10025
      },
      "model": "sorcery_pack:sorcery_pack/staff_sorcery"
    },
    {
      "predicate": {
        "custom_model_data": 10026
      },
      "model": "sorcery_pack:sorcery_pack/blade_sorcery"
    },
    {
      "predicate": {
        "custom_model_data": 10027
      },
      "model": "seamelody:seamelody/seamelody_trident"
    },
    {
      "predicate": {
        "custom_model_data": 10028
      },
      "model": "demonset:demonset/demon_sword"
    },
    {
      "predicate": {
        "custom_model_data": 10029
      },
      "model": "rainbowset:rainbowset/rainbow_sword"
    },
    {
      "predicate": {
        "custom_model_data": 10030
      },
      "model": "garnet_pack:garnet_pack/spear_garnet"
    },
    {
      "predicate": {
        "custom_model_data": 10031
      },
      "model": "garnet_pack:garnet_pack/staff_garnet"
    },
    {
      "predicate": {
        "custom_model_data": 10032
      },
      "model": "garnet_pack:garnet_pack/sword_garnet"
    },
    {
      "predicate": {
        "custom_model_data": 10033
      },
      "model": "whiscey:items/asura_sword"
    },
    {
      "predicate": {
        "custom_model_data": 10034
      },
      "model": "elitecreatures:diablo_weapon_set/dagger"
    },
    {
      "predicate": {
        "custom_model_data": 10035
      },
      "model": "elitecreatures:diablo_weapon_set/spear"
    },
    {
      "predicate": {
        "custom_model_data": 10036
      },
      "model": "elitecreatures:diablo_weapon_set/staff"
    },
    {
      "predicate": {
        "custom_model_data": 10037
      },
      "model": "elitecreatures:diablo_weapon_set/sword"
    },
    {
      "predicate": {
        "custom_model_data": 10038
      },
      "model": "elitecreatures:diablo_weapon_set/sword_2"
    },
    {
      "predicate": {
        "custom_model_data": 10039
      },
      "model": "ancient_sage:ancient_sage/ancient_sage_knife"
    },
    {
      "predicate": {
        "custom_model_data": 10040
      },
      "model": "ancient_sage:ancient_sage/ancient_sage_sword"
    },
    {
      "predicate": {
        "custom_model_data": 10041
      },
      "model": "ancient_sage:ancient_sage/ancient_sage_spear"
    },
    {
      "predicate": {
        "custom_model_data": 10042
      },
      "model": "ancient_sage:ancient_sage/ancient_sage_scythe"
    },
    {
      "predicate": {
        "custom_model_data": 10043
      },
      "model": "ancient_solar:ancient_solar/ancient_solar_knife"
    },
    {
      "predicate": {
        "custom_model_data": 10044
      },
      "model": "ancient_solar:ancient_solar/ancient_solar_sword"
    },
    {
      "predicate": {
        "custom_model_data": 10045
      },
      "model": "ancient_solar:ancient_solar/ancient_solar_spear"
    },
    {
      "predicate": {
        "custom_model_data": 10046
      },
      "model": "ancient_solar:ancient_solar/ancient_solar_scythe"
    },
    {
      "predicate": {
        "custom_model_data": 10047
      },
      "model": "ancient_sky:ancient_sky/ancient_sky_knife"
    },
    {
      "predicate": {
        "custom_model_data": 10048
      },
      "model": "ancient_sky:ancient_sky/ancient_sky_sword"
    },
    {
      "predicate": {
        "custom_model_data": 10049
      },
      "model": "ancient_sky:ancient_sky/ancient_sky_spear"
    },
    {
      "predicate": {
        "custom_model_data": 10050
      },
      "model": "ancient_sky:ancient_sky/ancient_sky_scythe"
    },
    {
      "predicate": {
        "custom_model_data": 10051
      },
      "model": "ice_set:ia_auto_gen/ice_sword"
    },
    {
      "predicate": {
        "custom_model_data": 10052
      },
      "model": "item/diamond_sword"
    }
  ]
}