{
  "parent": "minecraft:item/handheld",
  "textures": {
    "layer0": "minecraft:item/diamond_shovel"
  },
  "overrides": [
    {
      "predicate": {
        "custom_model_data": 10000
      },
      "model": "cutiecatpack:cutiecatpack/shovel"
    },
    {
      "predicate": {
        "custom_model_data": 10005
      },
      "model": "rainbowset:rainbowset/rainbow_shovel"
    },
    {
      "predicate": {
        "custom_model_data": 10006
      },
      "model": "elitecreatures:diablo_weapon_set/shovel"
    },
    {
      "predicate": {
        "custom_model_data": 10007
      },
      "model": "ice_set:ia_auto_gen/ice_shovel"
    },
    {
      "predicate": {
        "custom_model_data": 10008
      },
      "model": "item/diamond_shovel"
    }
  ]
}