{
  "parent": "minecraft:item/generated",
  "textures": {
    "layer0": "minecraft:item/leather_horse_armor"
  },
  "overrides": [
    {
      "predicate": {
        "custom_model_data": 1
      },
      "model": "modelengine:chibi_zombie/head"
    },
    {
      "predicate": {
        "custom_model_data": 2
      },
      "model": "modelengine:chibi_zombie/chibi_zombie"
    },
    {
      "predicate": {
        "custom_model_data": 3
      },
      "model": "modelengine:chibi_zombie/left_leg"
    },
    {
      "predicate": {
        "custom_model_data": 4
      },
      "model": "modelengine:chibi_zombie/right_leg"
    },
    {
      "predicate": {
        "custom_model_data": 5
      },
      "model": "modelengine:chibi_zombie/left_arm"
    },
    {
      "predicate": {
        "custom_model_data": 6
      },
      "model": "modelengine:chibi_zombie/right_arm"
    },
    {
      "predicate": {
        "custom_model_data": 7
      },
      "model": "modelengine:nocsy_otter_v2/body"
    },
    {
      "predicate": {
        "custom_model_data": 8
      },
      "model": "modelengine:nocsy_otter_v2/tail"
    },
    {
      "predicate": {
        "custom_model_data": 9
      },
      "model": "modelengine:nocsy_otter_v2/head"
    },
    {
      "predicate": {
        "custom_model_data": 10
      },
      "model": "modelengine:nocsy_otter_v2/front_leg_left"
    },
    {
      "predicate": {
        "custom_model_data": 11
      },
      "model": "modelengine:nocsy_otter_v2/front_leg_right"
    },
    {
      "predicate": {
        "custom_model_data": 12
      },
      "model": "modelengine:nocsy_otter_v2/back_leg_left"
    },
    {
      "predicate": {
        "custom_model_data": 13
      },
      "model": "modelengine:nocsy_otter_v2/back_leg_right"
    },
    {
      "predicate": {
        "custom_model_data": 10000
      },
      "model": "profession_cosmetics:miner_hat"
    },
    {
      "predicate": {
        "custom_model_data": 10000
      },
      "model": "profession_cosmetics:miner_hat"
    },
    {
      "predicate": {
        "custom_model_data": 10001
      },
      "model": "profession_cosmetics:miner_backpack"
    },
    {
      "predicate": {
        "custom_model_data": 10001
      },
      "model": "profession_cosmetics:miner_backpack"
    },
    {
      "predicate": {
        "custom_model_data": 10002
      },
      "model": "profession_cosmetics:miner_lamp"
    },
    {
      "predicate": {
        "custom_model_data": 10002
      },
      "model": "profession_cosmetics:miner_lamp"
    },
    {
      "predicate": {
        "custom_model_data": 10003
      },
      "model": "profession_cosmetics:wizard_hat"
    },
    {
      "predicate": {
        "custom_model_data": 10003
      },
      "model": "profession_cosmetics:wizard_hat"
    },
    {
      "predicate": {
        "custom_model_data": 10004
      },
      "model": "profession_cosmetics:wizard_cape"
    },
    {
      "predicate": {
        "custom_model_data": 10004
      },
      "model": "profession_cosmetics:wizard_cape"
    },
    {
      "predicate": {
        "custom_model_data": 10005
      },
      "model": "profession_cosmetics:wizard_staff"
    },
    {
      "predicate": {
        "custom_model_data": 10005
      },
      "model": "profession_cosmetics:wizard_staff"
    },
    {
      "predicate": {
        "custom_model_data": 10006
      },
      "model": "profession_cosmetics:viking_hat"
    },
    {
      "predicate": {
        "custom_model_data": 10006
      },
      "model": "profession_cosmetics:viking_hat"
    },
    {
      "predicate": {
        "custom_model_data": 10007
      },
      "model": "profession_cosmetics:viking_shield"
    },
    {
      "predicate": {
        "custom_model_data": 10007
      },
      "model": "profession_cosmetics:viking_shield"
    },
    {
      "predicate": {
        "custom_model_data": 10008
      },
      "model": "profession_cosmetics:viking_axe"
    },
    {
      "predicate": {
        "custom_model_data": 10008
      },
      "model": "profession_cosmetics:viking_axe"
    },
    {
      "predicate": {
        "custom_model_data": 10009
      },
      "model": "whiscey:items/deadmau_hat"
    },
    {
      "predicate": {
        "custom_model_data": 10010
      },
      "model": "whiscey:items/deadmau_hat_big"
    },
    {
      "predicate": {
        "custom_model_data": 10011
      },
      "model": "item/leather_horse_armor"
    }
  ]
}