{
  "parent": "item/generated",
  "textures": {
    "layer0": "item/leather_chestplate",
    "layer1": "item/leather_chestplate_overlay"
  },
  "overrides": [
    {
      "predicate": {
        "custom_model_data": 10005
      },
      "model": "elitecreatures:ia_auto_gen/diablo_weapon_set_chestplate"
    },
    {
      "predicate": {
        "custom_model_data": 10006
      },
      "model": "ice_set:ia_auto_gen/ice_chestplate"
    },
    {
      "predicate": {
        "custom_model_data": 10007
      },
      "model": "elitecreatures:ia_auto_gen/valentines_animated_weapon_and_tool_set_v1_chestplate"
    },
    {
      "predicate": {
        "custom_model_data": 10008
      },
      "model": "king_of_town_set:ia_auto_gen/king_of_town_chestplate"
    },
    {
      "predicate": {
        "custom_model_data": 10009
      },
      "model": "item/leather_chestplate"
    }
  ]
}