{
  "parent": "item/generated",
  "textures": {
    "layer0": "item/leather_helmet",
    "layer1": "item/leather_helmet_overlay"
  },
  "overrides": [
    {
      "predicate": {
        "custom_model_data": 10004
      },
      "model": "elitecreatures:ia_auto_gen/diablo_weapon_set_helmet"
    },
    {
      "predicate": {
        "custom_model_data": 10005
      },
      "model": "ice_set:ia_auto_gen/ice_helmet"
    },
    {
      "predicate": {
        "custom_model_data": 10006
      },
      "model": "elitecreatures:ia_auto_gen/valentines_animated_weapon_and_tool_set_v1_helmet1"
    },
    {
      "predicate": {
        "custom_model_data": 10007
      },
      "model": "item/leather_helmet"
    }
  ]
}