{"credit":"Made with Blockbench","texture_size":[32,32],"textures":{"0":"seamelody:seamelody/seamelody_harp","particle":"seamelody:seamelody/seamelody_harp"},"elements":[{"from":[7.5,3.06853,4.636],"to":[8.5,5.06853,5.636],"rotation":{"angle":-22.5,"axis":"x","origin":[8,3.29353,3.811]},"faces":{"north":{"uv":[7,5,7.5,6],"texture":"#0"},"east":{"uv":[5,9.5,5.5,10.5],"texture":"#0"},"south":{"uv":[5.5,9.5,6,10.5],"texture":"#0"},"west":{"uv":[0,10,0.5,11],"texture":"#0"},"up":{"uv":[8.5,2,8,1.5],"texture":"#0"},"down":{"uv":[9,4.5,8.5,5],"texture":"#0"}}},{"from":[7.5,12.75856,9.41674],"to":[8.5,13.75856,10.41674],"rotation":{"angle":0,"axis":"x","origin":[8,12.88263,10.72093]},"faces":{"north":{"uv":[7,9,7.5,9.5],"texture":"#0"},"east":{"uv":[10,9.5,10.5,10],"texture":"#0"},"south":{"uv":[10.5,0,11,0.5],"texture":"#0"},"west":{"uv":[10.5,0.5,11,1],"texture":"#0"},"up":{"uv":[11,1.5,10.5,1],"texture":"#0"},"down":{"uv":[11,1.5,10.5,2],"texture":"#0"}}},{"from":[7.57,12.67488,10.10298],"to":[8.43,13.53488,10.96298],"rotation":{"angle":22.5,"axis":"x","origin":[8,12.88263,10.72093]},"faces":{"north":{"uv":[4,10.5,4.375,10.875],"texture":"#0"},"east":{"uv":[10.5,4,10.875,4.375],"texture":"#0"},"south":{"uv":[4.5,10.5,4.875,10.875],"texture":"#0"},"west":{"uv":[10.5,4.5,10.875,4.875],"texture":"#0"},"up":{"uv":[5.375,10.875,5,10.5],"texture":"#0"},"down":{"uv":[10.875,5,10.5,5.375],"texture":"#0"}}},{"from":[7.6474,12.83285,10.69112],"to":[8.3526,13.53805,11.39632],"rotation":{"angle":45,"axis":"x","origin":[8,12.88263,10.72093]},"faces":{"north":{"uv":[5.5,10.5,5.875,10.875],"texture":"#0"},"east":{"uv":[10.5,5.5,10.875,5.875],"texture":"#0"},"south":{"uv":[6,10.5,6.375,10.875],"texture":"#0"},"west":{"uv":[10.5,6,10.875,6.375],"texture":"#0"},"up":{"uv":[6.875,10.875,6.5,10.5],"texture":"#0"},"down":{"uv":[8.375,10.5,8,10.875],"texture":"#0"}}},{"from":[7.69676,11.89818,10.95368],"to":[8.30324,12.50465,11.56015],"rotation":{"angle":-22.5,"axis":"x","origin":[8,12.88263,10.72093]},"faces":{"north":{"uv":[11,2.5,11.25,2.75],"texture":"#0"},"east":{"uv":[3,11,3.25,11.25],"texture":"#0"},"south":{"uv":[11,3,11.25,3.25],"texture":"#0"},"west":{"uv":[3.5,11,3.75,11.25],"texture":"#0"},"up":{"uv":[11.25,3.75,11,3.5],"texture":"#0"},"down":{"uv":[4.25,11,4,11.25],"texture":"#0"}}},{"from":[7.34,5.04436,3.8632],"to":[8.66,7.68436,5.1832],"rotation":{"angle":0,"axis":"x","origin":[8,6.36436,3.9732]},"faces":{"north":{"uv":[8.5,1.5,9.125,2.875],"texture":"#0"},"east":{"uv":[8.5,3,9.125,4.375],"texture":"#0"},"south":{"uv":[8.5,8,9.125,9.375],"texture":"#0"},"west":{"uv":[9,0,9.625,1.375],"texture":"#0"},"up":{"uv":[2.625,10.625,2,10],"texture":"#0"},"down":{"uv":[3.625,10,3,10.625],"texture":"#0"}}},{"from":[7.34,12.10197,7.00254],"to":[8.66,13.42197,9.64254],"rotation":{"angle":-22.5,"axis":"x","origin":[8,13.23697,8.52254]},"faces":{"north":{"uv":[10,6.5,10.625,7.125],"texture":"#0"},"east":{"uv":[9,4.5,10.375,5.125],"texture":"#0"},"south":{"uv":[7,10,7.625,10.625],"texture":"#0"},"west":{"uv":[9,5.5,10.375,6.125],"texture":"#0"},"up":{"uv":[6.625,10.375,6,9],"texture":"#0"},"down":{"uv":[9.625,6.5,9,7.875],"texture":"#0"}}},{"from":[7.1684,7.50116,4.4416],"to":[8.8316,10.82756,6.1048],"rotation":{"angle":22.5,"axis":"x","origin":[8,9.36436,4.5232]},"faces":{"north":{"uv":[6,2,6.875,3.625],"texture":"#0"},"east":{"uv":[4,6,4.875,7.625],"texture":"#0"},"south":{"uv":[6,4,6.875,5.625],"texture":"#0"},"west":{"uv":[5,6,5.875,7.625],"texture":"#0"},"up":{"uv":[10.375,2.375,9.5,1.5],"texture":"#0"},"down":{"uv":[10.375,2.5,9.5,3.375],"texture":"#0"}}},{"from":[7.1684,10.71056,6.1967],"to":[8.8316,13.03696,7.8599],"rotation":{"angle":45,"axis":"x","origin":[8,11.99876,6.4783]},"faces":{"north":{"uv":[8,0,8.875,1.125],"texture":"#0"},"east":{"uv":[4,8,4.875,9.125],"texture":"#0"},"south":{"uv":[5,8,5.875,9.125],"texture":"#0"},"west":{"uv":[7.5,8,8.375,9.125],"texture":"#0"},"up":{"uv":[10.375,4.375,9.5,3.5],"texture":"#0"},"down":{"uv":[4.875,9.5,4,10.375],"texture":"#0"}}},{"from":[7.778,0.79268,7.65185],"to":[8.222,1.68068,8.09585],"rotation":{"angle":-45,"axis":"x","origin":[8,1.34366,7.76005]},"faces":{"north":{"uv":[8.5,10.5,8.75,11],"texture":"#0"},"east":{"uv":[9,10.5,9.25,11],"texture":"#0"},"south":{"uv":[9.5,10.5,9.75,11],"texture":"#0"},"west":{"uv":[10.5,9.5,10.75,10],"texture":"#0"},"up":{"uv":[11.25,0.75,11,0.5],"texture":"#0"},"down":{"uv":[11.25,1,11,1.25],"texture":"#0"}}},{"from":[7.8446,0.35369,7.93341],"to":[8.1554,0.97529,8.24421],"rotation":{"angle":-22.5,"axis":"x","origin":[8,1.34366,7.76005]},"faces":{"north":{"uv":[11,4,11.125,4.25],"texture":"#0"},"east":{"uv":[4.5,11,4.625,11.25],"texture":"#0"},"south":{"uv":[11,4.5,11.125,4.75],"texture":"#0"},"west":{"uv":[5,11,5.125,11.25],"texture":"#0"},"up":{"uv":[11.125,5.125,11,5],"texture":"#0"},"down":{"uv":[5.625,11,5.5,11.125],"texture":"#0"}}},{"from":[7.63,2.32168,4.67885],"to":[8.37,4.80168,5.41885],"rotation":{"angle":-45,"axis":"x","origin":[8,4.21168,6.32385]},"faces":{"north":{"uv":[10,0,10.375,1.25],"texture":"#0"},"east":{"uv":[0.5,10,0.875,11.25],"texture":"#0"},"south":{"uv":[1,10,1.375,11.25],"texture":"#0"},"west":{"uv":[1.5,10,1.875,11.25],"texture":"#0"},"up":{"uv":[10.875,3.375,10.5,3],"texture":"#0"},"down":{"uv":[10.875,3.5,10.5,3.875],"texture":"#0"}}},{"from":[7.7188,1.24559,6.45816],"to":[8.2812,1.80799,7.58296],"rotation":{"angle":22.5,"axis":"x","origin":[8,1.34366,7.76005]},"faces":{"north":{"uv":[11,1.5,11.25,1.75],"texture":"#0"},"east":{"uv":[10,10.5,10.5,10.75],"texture":"#0"},"south":{"uv":[2,11,2.25,11.25],"texture":"#0"},"west":{"uv":[10.5,10.5,11,10.75],"texture":"#0"},"up":{"uv":[0.25,11.5,0,11],"texture":"#0"},"down":{"uv":[11.25,0,11,0.5],"texture":"#0"}}},{"from":[6.9,9.87769,4.37628],"to":[9.1,12.07769,6.57628],"rotation":{"angle":-22.5,"axis":"x","origin":[8,10.22019,5.99128]},"faces":{"north":{"uv":[6,6,7.125,7.125],"texture":"#0"},"east":{"uv":[7,2,8.125,3.125],"texture":"#0"},"south":{"uv":[7,3.5,8.125,4.625],"texture":"#0"},"west":{"uv":[7.5,5,8.625,6.125],"texture":"#0"},"up":{"uv":[7.125,8.625,6,7.5],"texture":"#0"},"down":{"uv":[8.625,6.5,7.5,7.625],"texture":"#0"}}},{"from":[6.7,11.66346,6.64915],"to":[9.3,12.66346,7.64915],"rotation":{"angle":22.5,"axis":"x","origin":[8.3,11.86346,6.99915]},"faces":{"north":{"uv":[7,9.5,8.25,10],"texture":"#0"},"east":{"uv":[10.5,2,11,2.5],"texture":"#0"},"south":{"uv":[9.5,8,10.75,8.5],"texture":"#0"},"west":{"uv":[10.5,2.5,11,3],"texture":"#0"},"up":{"uv":[9.75,10,8.5,9.5],"texture":"#0"},"down":{"uv":[10.75,8.5,9.5,9],"texture":"#0"}}},{"from":[6.7,10.94947,6.39248],"to":[9.3,11.44947,6.89248],"rotation":{"angle":-22.5,"axis":"x","origin":[8.3,11.37447,6.74248]},"faces":{"north":{"uv":[9.5,9,10.75,9.25],"texture":"#0"},"east":{"uv":[11,2,11.25,2.25],"texture":"#0"},"south":{"uv":[10,7.5,11.25,7.75],"texture":"#0"},"west":{"uv":[2.5,11,2.75,11.25],"texture":"#0"},"up":{"uv":[9.25,10.25,8,10],"texture":"#0"},"down":{"uv":[10.75,10,9.5,10.25],"texture":"#0"}}},{"from":[6.85,10.158,5.43232],"to":[6.85,14.158,9.43232],"rotation":{"angle":0,"axis":"y","origin":[8,1.758,4.43232]},"faces":{"north":{"uv":[0,0,0,2],"texture":"#0"},"east":{"uv":[8,0,6,2],"texture":"#0"},"south":{"uv":[0,0,0,2],"texture":"#0"},"west":{"uv":[6,0,8,2],"texture":"#0"},"up":{"uv":[0,2,0,0],"texture":"#0"},"down":{"uv":[0,0,0,2],"texture":"#0"}}},{"from":[9.15,10.158,5.43232],"to":[9.15,14.158,9.43232],"rotation":{"angle":0,"axis":"y","origin":[8,1.758,4.43232]},"faces":{"north":{"uv":[0,0,0,2],"texture":"#0"},"east":{"uv":[8,0,6,2],"texture":"#0"},"south":{"uv":[0,0,0,2],"texture":"#0"},"west":{"uv":[6,0,8,2],"texture":"#0"},"up":{"uv":[0,2,0,0],"texture":"#0"},"down":{"uv":[0,0,0,2],"texture":"#0"}}},{"from":[8.05,11.158,7.43232],"to":[8.05,19.158,13.43232],"rotation":{"angle":0,"axis":"y","origin":[8.85,1.758,4.43232]},"faces":{"north":{"uv":[0,0,0,4],"texture":"#0"},"east":{"uv":[0,0,3,4],"texture":"#0"},"south":{"uv":[0,0,0,4],"texture":"#0"},"west":{"uv":[3,0,0,4],"texture":"#0"},"up":{"uv":[0,3,0,0],"texture":"#0"},"down":{"uv":[0,0,0,3],"texture":"#0"}}},{"from":[7.95,11.158,7.43232],"to":[7.95,19.158,13.43232],"rotation":{"angle":0,"axis":"y","origin":[7.05,1.758,4.43232]},"faces":{"north":{"uv":[0,0,0,4],"texture":"#0"},"east":{"uv":[0,0,3,4],"texture":"#0"},"south":{"uv":[0,0,0,4],"texture":"#0"},"west":{"uv":[3,0,0,4],"texture":"#0"},"up":{"uv":[0,3,0,0],"texture":"#0"},"down":{"uv":[0,0,0,3],"texture":"#0"}}},{"from":[8,1.083,5.43232],"to":[8,13.083,9.43232],"rotation":{"angle":22.5,"axis":"x","origin":[8,6.158,10.43232]},"faces":{"north":{"uv":[0,0,0,6],"texture":"#0"},"east":{"uv":[0,4,2,10],"texture":"#0"},"south":{"uv":[0,0,0,6],"texture":"#0"},"west":{"uv":[2,4,0,10],"texture":"#0"},"up":{"uv":[0,2,0,0],"texture":"#0"},"down":{"uv":[0,0,0,2],"texture":"#0"}}}],"gui_light":"front","display":{"thirdperson_righthand":{"rotation":[-1,0,0],"translation":[-0.75,-2.5,4.25],"scale":[1.56641,1.56641,1.56641]},"thirdperson_lefthand":{"rotation":[-1,0,0],"translation":[-0.75,-2.5,4.25],"scale":[1.56641,1.56641,1.56641]},"firstperson_righthand":{"rotation":[-13.28,16.3,7.22],"translation":[0,3,2.75],"scale":[0.98047,0.98047,0.98047]},"firstperson_lefthand":{"rotation":[-13.28,16.3,7.22],"translation":[0,3,2.75],"scale":[0.98047,0.98047,0.98047]},"ground":{"scale":[0.5,0.5,0.5]},"gui":{"rotation":[90,-149,90],"translation":[-1,-1.5,-0.5],"scale":[1.04492,1.04492,1.04492]},"head":{"scale":[0,0,0]},"fixed":{"rotation":[-90,68.5,90],"translation":[4.25,-2.25,-2.5],"scale":[2.54102,2.54102,2.54102]}}}