{"credit":"Made with Blockbench","texture_size":[64,64],"textures":{"0":"seamelody:seamelody/seamelody_trident","particle":"seamelody:seamelody/seamelody_trident"},"elements":[{"from":[7.8,-5.79289,7.8],"to":[8.2,-0.79289,8.2],"rotation":{"angle":0,"axis":"y","origin":[8,-0.29289,8]},"faces":{"north":{"uv":[5,1.75,5.125,3],"texture":"#0"},"east":{"uv":[5,3.25,5.125,4.5],"texture":"#0"},"south":{"uv":[5,4.75,5.125,6],"texture":"#0"},"west":{"uv":[0,5.25,0.125,6.5],"texture":"#0"},"up":{"uv":[6.625,1.375,6.5,1.25],"texture":"#0"},"down":{"uv":[6.625,1.75,6.5,1.875],"texture":"#0"}}},{"from":[7.7,-0.79289,7.7],"to":[8.3,4.20711,8.3],"rotation":{"angle":0,"axis":"y","origin":[8,-0.29289,8]},"faces":{"north":{"uv":[0.5,5.25,0.625,6.5],"texture":"#0"},"east":{"uv":[1,5.25,1.125,6.5],"texture":"#0"},"south":{"uv":[1.5,5.25,1.625,6.5],"texture":"#0"},"west":{"uv":[5.5,0,5.625,1.25],"texture":"#0"},"up":{"uv":[2.125,6.625,2,6.5],"texture":"#0"},"down":{"uv":[6.625,2.25,6.5,2.375],"texture":"#0"}}},{"from":[7.6,4.20711,7.6],"to":[8.4,9.20711,8.4],"rotation":{"angle":0,"axis":"y","origin":[8,-0.29289,8]},"faces":{"north":{"uv":[4.5,1.5,4.6875,2.75],"texture":"#0"},"east":{"uv":[4.5,3,4.6875,4.25],"texture":"#0"},"south":{"uv":[4.5,4.5,4.6875,5.75],"texture":"#0"},"west":{"uv":[3.5,4.75,3.6875,6],"texture":"#0"},"up":{"uv":[5.6875,6.4375,5.5,6.25],"texture":"#0"},"down":{"uv":[6.4375,5.5,6.25,5.6875],"texture":"#0"}}},{"from":[7.5,9.20711,7.5],"to":[8.5,14.20711,8.5],"rotation":{"angle":0,"axis":"y","origin":[8,-0.29289,8]},"faces":{"north":{"uv":[2,4.25,2.25,5.5],"texture":"#0"},"east":{"uv":[2.5,4.25,2.75,5.5],"texture":"#0"},"south":{"uv":[3,4.25,3.25,5.5],"texture":"#0"},"west":{"uv":[4.5,0,4.75,1.25],"texture":"#0"},"up":{"uv":[6.25,4,6,3.75],"texture":"#0"},"down":{"uv":[6.25,4.25,6,4.5],"texture":"#0"}}},{"from":[7.44,14.08711,6.88],"to":[8.56,16.32711,9.12],"rotation":{"angle":-45,"axis":"x","origin":[8,15.20711,8]},"faces":{"north":{"uv":[5.5,1.5,5.75,2.0625],"texture":"#0"},"east":{"uv":[0,4.25,0.5625,4.8125],"texture":"#0"},"south":{"uv":[5.5,2.5,5.75,3.0625],"texture":"#0"},"west":{"uv":[1,4.25,1.5625,4.8125],"texture":"#0"},"up":{"uv":[5.75,4.0625,5.5,3.5],"texture":"#0"},"down":{"uv":[5.75,4.5,5.5,5.0625],"texture":"#0"}}},{"from":[7.44,17.58711,6.88],"to":[8.56,18.82711,8.12],"rotation":{"angle":-45,"axis":"x","origin":[8,18.70711,8]},"faces":{"north":{"uv":[6,0.75,6.25,1.0625],"texture":"#0"},"east":{"uv":[5.5,5.5,5.8125,5.8125],"texture":"#0"},"south":{"uv":[6,1.5,6.25,1.8125],"texture":"#0"},"west":{"uv":[2,5.75,2.3125,6.0625],"texture":"#0"},"up":{"uv":[6.25,2.5625,6,2.25],"texture":"#0"},"down":{"uv":[6.25,3,6,3.3125],"texture":"#0"}}},{"from":[7.44,-6.62,7.38],"to":[8.56,-5.38,8.62],"rotation":{"angle":-45,"axis":"x","origin":[8,-6,8]},"faces":{"north":{"uv":[6,1.5,6.25,1.8125],"rotation":180,"texture":"#0"},"east":{"uv":[5.5,5.5,5.8125,5.8125],"rotation":180,"texture":"#0"},"south":{"uv":[6,0.75,6.25,1.0625],"rotation":180,"texture":"#0"},"west":{"uv":[2,5.75,2.3125,6.0625],"rotation":180,"texture":"#0"},"up":{"uv":[6.25,3,6,3.3125],"texture":"#0"},"down":{"uv":[6.25,2.5625,6,2.25],"texture":"#0"}}},{"from":[7.64,21.58711,6.88],"to":[8.36,22.82711,8.12],"rotation":{"angle":-45,"axis":"x","origin":[8,22.70711,8]},"faces":{"north":{"uv":[4.5,6,4.6875,6.3125],"texture":"#0"},"east":{"uv":[2.75,5.75,3.0625,6.0625],"texture":"#0"},"south":{"uv":[6,4.75,6.1875,5.0625],"texture":"#0"},"west":{"uv":[6,0,6.3125,0.3125],"texture":"#0"},"up":{"uv":[3.6875,6.5625,3.5,6.25],"texture":"#0"},"down":{"uv":[5.1875,6.25,5,6.5625],"texture":"#0"}}},{"from":[7.75,16.20711,7.5],"to":[8.25,22.20711,8.5],"rotation":{"angle":0,"axis":"y","origin":[7.75,18.70711,8]},"faces":{"north":{"uv":[4,4.75,4.125,6.25],"texture":"#0"},"east":{"uv":[3.5,3,3.75,4.5],"texture":"#0"},"south":{"uv":[5,0,5.125,1.5],"texture":"#0"},"west":{"uv":[4,3,4.25,4.5],"texture":"#0"},"up":{"uv":[6.125,6.5,6,6.25],"texture":"#0"},"down":{"uv":[6.625,0.75,6.5,1],"texture":"#0"}}},{"from":[7.6,15.10711,5],"to":[7.6,19.10711,11],"rotation":{"angle":0,"axis":"y","origin":[7.6,15.10711,6]},"faces":{"north":{"uv":[3.25,6.5,3.25,7.5],"texture":"#0"},"east":{"uv":[1.75,3,3.25,4],"texture":"#0"},"south":{"uv":[4,6.5,4,7.5],"texture":"#0"},"west":{"uv":[1.75,3,3.25,4],"texture":"#0"},"up":{"uv":[4.25,8,4.25,6.5],"texture":"#0"},"down":{"uv":[6.5,6,6.5,7.5],"texture":"#0"}}},{"from":[8.4,15.10711,5],"to":[8.4,19.10711,11],"rotation":{"angle":0,"axis":"y","origin":[8.4,15.10711,6]},"faces":{"north":{"uv":[3.25,6.5,3.25,7.5],"texture":"#0"},"east":{"uv":[3.25,3,1.75,4],"texture":"#0"},"south":{"uv":[4,6.5,4,7.5],"texture":"#0"},"west":{"uv":[3.25,3,1.75,4],"texture":"#0"},"up":{"uv":[4.25,8,4.25,6.5],"texture":"#0"},"down":{"uv":[6.5,6,6.5,7.5],"texture":"#0"}}},{"from":[8,15.10711,4],"to":[8,26.20711,12],"rotation":{"angle":0,"axis":"y","origin":[8,15.10711,7]},"faces":{"north":{"uv":[2.5,6.5,2.5,9.25],"texture":"#0"},"east":{"uv":[0,0,2,2.75],"texture":"#0"},"south":{"uv":[2.75,6.5,2.75,9.25],"texture":"#0"},"west":{"uv":[0,0,2,2.75],"texture":"#0"},"up":{"uv":[6.5,4.75,6.5,2.75],"texture":"#0"},"down":{"uv":[3,6.5,3,8.5],"texture":"#0"}}}],"gui_light":"front","display":{"thirdperson_righthand":{"translation":[0,0.5,1.5],"scale":[1.21875,1.21875,1.21875]},"thirdperson_lefthand":{"translation":[0,0.5,1.5],"scale":[1.21875,1.21875,1.21875]},"firstperson_righthand":{"rotation":[-15,0,0],"translation":[3.75,-1.75,0],"scale":[1.10742,1.10742,1.10742]},"firstperson_lefthand":{"rotation":[-15,0,0],"translation":[3.75,-1.75,0],"scale":[1.10742,1.10742,1.10742]},"ground":{"translation":[0,4,0],"scale":[0.5,0.5,0.5]},"gui":{"rotation":[90,-135,90],"translation":[-1,-0.75,-0.75],"scale":[0.65117,0.65117,0.65117]},"head":{"scale":[0,0,0]},"fixed":{"rotation":[90,-45,90],"translation":[-2,2,-0.75],"scale":[2.40547,2.40547,2.40547]}}}