{"credit":"Made with Blockbench","texture_size":[128,128],"textures":{"3":"rainbowset:rainbowset/rainbow_bow"},"elements":[{"from":[7.16837,3.30924,7.56113],"to":[8.98837,6.22124,9.38113],"rotation":{"angle":0,"axis":"y","origin":[8,7.92419,7.8409]},"faces":{"north":{"uv":[10,0,9.5,1],"texture":"#3"},"east":{"uv":[10,1.5,9.5,2.5],"texture":"#3"},"south":{"uv":[9.5,0,9,1],"texture":"#3"},"west":{"uv":[9,2,8.5,3],"texture":"#3"},"up":{"uv":[12,3.5,11.5,4],"texture":"#3"},"down":{"uv":[12,0.5,11.5,0],"texture":"#3"}}},{"from":[7.16837,8.25953,7.56113],"to":[8.98837,11.17153,9.38113],"rotation":{"angle":0,"axis":"y","origin":[8,7.92419,7.8409]},"faces":{"north":{"uv":[10,1,9.5,0],"texture":"#3"},"east":{"uv":[10,2.5,9.5,1.5],"texture":"#3"},"south":{"uv":[9.5,1,9,0],"texture":"#3"},"west":{"uv":[9,3,8.5,2],"texture":"#3"},"up":{"uv":[12,0,11.5,0.5],"texture":"#3"},"down":{"uv":[12,4,11.5,3.5],"texture":"#3"}}},{"from":[7.35037,6.22124,7.74313],"to":[8.80637,10.95324,9.19913],"rotation":{"angle":0,"axis":"y","origin":[8,7.92419,7.8409]},"faces":{"north":{"uv":[9.5,1,9,2.5],"texture":"#3"},"east":{"uv":[9,0.5,8.5,2],"texture":"#3"},"south":{"uv":[8.5,0,8,1.5],"texture":"#3"},"west":{"uv":[8.5,1.5,8,3],"texture":"#3"},"up":{"uv":[12,0.5,11.5,1],"texture":"#3"},"down":{"uv":[12,1.5,11.5,1],"texture":"#3"}}},{"from":[7.36912,11.54119,5.18897],"to":[8.78872,12.81883,8.31209],"rotation":{"angle":0,"axis":"y","origin":[8,7.92419,7.8409]},"faces":{"north":{"uv":[10.5,0,10.625,0.5],"texture":"#3"},"east":{"uv":[11.5,0,10.5,0.5],"texture":"#3"},"south":{"uv":[10.5,4,11,4.5],"texture":"#3"},"west":{"uv":[10.5,0,11.5,0.5],"texture":"#3"},"up":{"uv":[10.5,0,11.5,0.125],"rotation":90,"texture":"#3"},"down":{"uv":[10.5,0.375,11.5,0.5],"rotation":270,"texture":"#3"}}},{"from":[7.21912,10.65799,8.63323],"to":[8.91372,16.85611,10.41087],"rotation":{"angle":-22.5,"axis":"x","origin":[8,7.92419,7.8409]},"faces":{"north":{"uv":[11.5,0,10.5,0.125],"rotation":270,"texture":"#3"},"east":{"uv":[10.5,0,11.5,0.5],"rotation":90,"texture":"#3"},"south":{"uv":[11.5,0.375,10.5,0.5],"rotation":270,"texture":"#3"},"west":{"uv":[11.5,0,10.5,0.5],"rotation":270,"texture":"#3"},"up":{"uv":[10.625,0,10.5,0.5],"texture":"#3"},"down":{"uv":[11,4,10.5,4.5],"rotation":180,"texture":"#3"}}},{"from":[7.21912,-2.72455,9.34436],"to":[8.91372,3.47357,11.122],"rotation":{"angle":22.5,"axis":"x","origin":[8,7.92419,7.8409]},"faces":{"north":{"uv":[10.5,0,11.5,0.125],"rotation":270,"texture":"#3"},"east":{"uv":[11.5,0,10.5,0.5],"rotation":90,"texture":"#3"},"south":{"uv":[10.5,0.375,11.5,0.5],"rotation":270,"texture":"#3"},"west":{"uv":[10.5,0,11.5,0.5],"rotation":270,"texture":"#3"},"up":{"uv":[11,4.5,10.5,4],"rotation":180,"texture":"#3"},"down":{"uv":[10.625,0.5,10.5,0],"texture":"#3"}}},{"from":[7.31912,16.95609,9.26521],"to":[8.81372,18.23373,14.46333],"rotation":{"angle":-22.5,"axis":"x","origin":[8,7.92419,7.8409]},"faces":{"north":{"uv":[10.5,4.5,11,4],"rotation":180,"texture":"#3"},"east":{"uv":[11.5,0.5,10.5,0],"rotation":180,"texture":"#3"},"south":{"uv":[10.5,0.5,10.625,0],"rotation":180,"texture":"#3"},"west":{"uv":[10.5,0.5,11.5,0],"rotation":180,"texture":"#3"},"up":{"uv":[10.5,0.125,11.5,0],"rotation":270,"texture":"#3"},"down":{"uv":[10.5,0.5,11.5,0.375],"rotation":90,"texture":"#3"}}},{"from":[7.31912,-4.10217,9.97634],"to":[8.81372,-2.82453,15.17446],"rotation":{"angle":22.5,"axis":"x","origin":[8,7.92419,7.8409]},"faces":{"north":{"uv":[10.5,4,11,4.5],"rotation":180,"texture":"#3"},"east":{"uv":[11.5,0,10.5,0.5],"rotation":180,"texture":"#3"},"south":{"uv":[10.5,0,10.625,0.5],"rotation":180,"texture":"#3"},"west":{"uv":[10.5,0,11.5,0.5],"rotation":180,"texture":"#3"},"up":{"uv":[11.5,0.5,10.5,0.375],"rotation":90,"texture":"#3"},"down":{"uv":[11.5,0.125,10.5,0],"rotation":270,"texture":"#3"}}},{"from":[7.36912,1.76194,5.18897],"to":[8.78872,3.03958,8.31209],"rotation":{"angle":0,"axis":"y","origin":[8,7.92419,7.8409]},"faces":{"north":{"uv":[10.5,0.5,10.625,0],"texture":"#3"},"east":{"uv":[11.5,0.5,10.5,0],"texture":"#3"},"south":{"uv":[10.5,4.5,11,4],"texture":"#3"},"west":{"uv":[10.5,0.5,11.5,0],"texture":"#3"},"up":{"uv":[11.5,0.375,10.5,0.5],"rotation":270,"texture":"#3"},"down":{"uv":[11.5,0,10.5,0.125],"rotation":90,"texture":"#3"}}},{"from":[8.08672,8.26519,0.58697],"to":[8.08672,14.84683,8.54609],"rotation":{"angle":0,"axis":"y","origin":[8,7.92419,7.8409]},"faces":{"north":{"uv":[10.5,0,10.625,0.5],"texture":"#3"},"east":{"uv":[1.875,14.5,0,16],"texture":"#3"},"south":{"uv":[10.5,4,11,4.5],"texture":"#3"},"west":{"uv":[0,14.5,1.875,16],"texture":"#3"},"up":{"uv":[10.5,0,11.5,0.125],"rotation":90,"texture":"#3"},"down":{"uv":[10.5,0.375,11.5,0.5],"rotation":270,"texture":"#3"}}},{"from":[8.08672,-0.25672,0.58697],"to":[8.08672,6.32492,8.54609],"rotation":{"angle":0,"axis":"y","origin":[8,7.92419,7.8409]},"faces":{"north":{"uv":[10.5,0.5,10.625,0],"texture":"#3"},"east":{"uv":[1.875,16,0,14.5],"texture":"#3"},"south":{"uv":[10.5,4.5,11,4],"texture":"#3"},"west":{"uv":[0,16,1.875,14.5],"texture":"#3"},"up":{"uv":[11.5,0.375,10.5,0.5],"rotation":270,"texture":"#3"},"down":{"uv":[11.5,0,10.5,0.125],"rotation":90,"texture":"#3"}}},{"from":[7.65304,12.46737,4.70866],"to":[8.5048,13.17717,7.26394],"rotation":{"angle":-22.5,"axis":"x","origin":[8,7.92419,7.8409]},"faces":{"north":{"uv":[10.5,2,10.625,2.5],"texture":"#3"},"east":{"uv":[11.5,2,10.5,2.5],"texture":"#3"},"south":{"uv":[11.5,4,12,4.5],"texture":"#3"},"west":{"uv":[10.5,2,11.5,2.5],"texture":"#3"},"up":{"uv":[10.5,2,11.5,2.125],"texture":"#3"},"down":{"uv":[10.5,2.375,11.5,2.5],"rotation":270,"texture":"#3"}}},{"from":[7.65304,17.10155,11.97212],"to":[8.5048,18.11135,16.5274],"rotation":{"angle":-22.5,"axis":"x","origin":[8,7.92419,7.8409]},"faces":{"north":{"uv":[11.5,4.5,12,4],"rotation":180,"texture":"#3"},"east":{"uv":[11.5,2.5,10.5,2],"rotation":180,"texture":"#3"},"south":{"uv":[10.5,2.5,10.625,2],"rotation":180,"texture":"#3"},"west":{"uv":[10.5,2.5,11.5,2],"rotation":180,"texture":"#3"},"up":{"uv":[11.5,2,10.5,2.125],"rotation":180,"texture":"#3"},"down":{"uv":[10.5,2.5,11.5,2.375],"rotation":90,"texture":"#3"}}},{"from":[7.65304,-3.97979,12.68325],"to":[8.5048,-2.96999,17.23853],"rotation":{"angle":22.5,"axis":"x","origin":[8,7.92419,7.8409]},"faces":{"north":{"uv":[11.5,4,12,4.5],"rotation":180,"texture":"#3"},"east":{"uv":[11.5,2,10.5,2.5],"rotation":180,"texture":"#3"},"south":{"uv":[10.5,2,10.625,2.5],"rotation":180,"texture":"#3"},"west":{"uv":[10.5,2,11.5,2.5],"rotation":180,"texture":"#3"},"up":{"uv":[11.5,2.5,10.5,2.375],"rotation":90,"texture":"#3"},"down":{"uv":[11.5,2.125,10.5,2],"rotation":180,"texture":"#3"}}},{"from":[7.65304,1.50009,5.19375],"to":[8.5048,2.20989,7.74903],"rotation":{"angle":22.5,"axis":"x","origin":[8,7.92419,7.8409]},"faces":{"north":{"uv":[10.5,2.5,10.625,2],"texture":"#3"},"east":{"uv":[11.5,2.5,10.5,2],"texture":"#3"},"south":{"uv":[11.5,4.5,12,4],"texture":"#3"},"west":{"uv":[10.5,2.5,11.5,2],"texture":"#3"},"up":{"uv":[11.5,2.375,10.5,2.5],"rotation":270,"texture":"#3"},"down":{"uv":[10.5,2.125,11.5,2],"texture":"#3"}}},{"from":[7.795,13.40813,4.82791],"to":[8.36284,13.83401,6.95731],"rotation":{"angle":-45,"axis":"x","origin":[8,7.92419,7.8409]},"faces":{"north":{"uv":[12,1,12.5,1.5],"texture":"#3"},"east":{"uv":[12.5,1,12,1.5],"texture":"#3"},"south":{"uv":[12,0.5,12.5,1],"texture":"#3"},"west":{"uv":[12,1,12.5,1.5],"texture":"#3"},"up":{"uv":[12,1,12.5,1.125],"texture":"#3"},"down":{"uv":[12,1.375,12.5,1.5],"texture":"#3"}}},{"from":[7.795,19.62688,12.03832],"to":[8.36284,20.35276,15.16772],"rotation":{"angle":0,"axis":"y","origin":[8,7.92419,7.8409]},"faces":{"north":{"uv":[12,1,12.5,1.5],"texture":"#3"},"east":{"uv":[12.5,1,12,1.5],"texture":"#3"},"south":{"uv":[12,0.5,12.5,1],"texture":"#3"},"west":{"uv":[12,1,12.5,1.5],"texture":"#3"},"up":{"uv":[12,1,12.5,1.125],"texture":"#3"},"down":{"uv":[12,1.375,12.5,1.5],"texture":"#3"}}},{"from":[7.895,7.02688,14.93832],"to":[8.26284,20.15276,15.36772],"rotation":{"angle":0,"axis":"y","origin":[8.07892,20.18982,15.15302]},"faces":{"north":{"uv":[7.875,8,8,8.125],"texture":"#3"},"east":{"uv":[7.875,8,8,8.125],"texture":"#3"},"south":{"uv":[7.875,8,8,8.125],"texture":"#3"},"west":{"uv":[7.875,8,8,8.125],"texture":"#3"},"up":{"uv":[7.875,8,8,8.125],"texture":"#3"},"down":{"uv":[7.875,8,8,8.125],"texture":"#3"}}},{"from":[7.895,-6.15276,14.93832],"to":[8.26284,7.07312,15.36772],"rotation":{"angle":0,"axis":"y","origin":[8.07892,-6.33982,15.15302]},"faces":{"north":{"uv":[7.875,8.125,8,8],"texture":"#3"},"east":{"uv":[7.875,8.125,8,8],"texture":"#3"},"south":{"uv":[7.875,8.125,8,8],"texture":"#3"},"west":{"uv":[7.875,8.125,8,8],"texture":"#3"},"up":{"uv":[7.875,8.125,8,8],"texture":"#3"},"down":{"uv":[7.875,8.125,8,8],"texture":"#3"}}},{"from":[7.795,-6.36264,12.03832],"to":[8.36284,-5.63676,15.16772],"rotation":{"angle":0,"axis":"y","origin":[8,7.92419,7.8409]},"faces":{"north":{"uv":[12,1.5,12.5,1],"texture":"#3"},"east":{"uv":[12.5,1.5,12,1],"texture":"#3"},"south":{"uv":[12,1,12.5,0.5],"texture":"#3"},"west":{"uv":[12,1.5,12.5,1],"texture":"#3"},"up":{"uv":[12,1.5,12.5,1.375],"texture":"#3"},"down":{"uv":[12,1.125,12.5,1],"texture":"#3"}}},{"from":[7.795,1.11804,5.72425],"to":[8.36284,1.54392,7.85365],"rotation":{"angle":45,"axis":"x","origin":[8,7.92419,7.8409]},"faces":{"north":{"uv":[12,1.5,12.5,1],"texture":"#3"},"east":{"uv":[12.5,1.5,12,1],"texture":"#3"},"south":{"uv":[12,1,12.5,0.5],"texture":"#3"},"west":{"uv":[12,1.5,12.5,1],"texture":"#3"},"up":{"uv":[12,1.5,12.5,1.375],"texture":"#3"},"down":{"uv":[12,1.125,12.5,1],"texture":"#3"}}},{"from":[6.8162,3.14582,7.19804],"to":[9.36602,3.92569,9.74422],"rotation":{"angle":0,"axis":"y","origin":[8,7.92419,7.8409]},"faces":{"north":{"uv":[10.5,3.75,10,4],"texture":"#3"},"east":{"uv":[10.5,3.75,10,4],"texture":"#3"},"south":{"uv":[10.5,3.75,10,4],"texture":"#3"},"west":{"uv":[10.5,3.75,10,4],"texture":"#3"},"up":{"uv":[10.5,3.75,10,3.875],"rotation":90,"texture":"#3"},"down":{"uv":[10.5,3.875,10,4],"rotation":90,"texture":"#3"}}},{"from":[6.8162,10.55508,7.19804],"to":[9.36602,11.33495,9.74422],"rotation":{"angle":0,"axis":"y","origin":[8,7.92419,7.8409]},"faces":{"north":{"uv":[10.5,4,10,3.75],"texture":"#3"},"east":{"uv":[10.5,4,10,3.75],"texture":"#3"},"south":{"uv":[10.5,4,10,3.75],"texture":"#3"},"west":{"uv":[10.5,4,10,3.75],"texture":"#3"},"up":{"uv":[10,3.875,10.5,4],"rotation":90,"texture":"#3"},"down":{"uv":[10,3.75,10.5,3.875],"rotation":90,"texture":"#3"}}},{"from":[6.9982,3.87454,11.13655],"to":[9.18402,5.51891,12.77273],"rotation":{"angle":45,"axis":"x","origin":[8,7.92419,7.8409]},"faces":{"north":{"uv":[11,3,10.875,3.5],"texture":"#3"},"east":{"uv":[10.5,3,11,3.5],"texture":"#3"},"south":{"uv":[10.625,3,10.5,3.5],"texture":"#3"},"west":{"uv":[11,3,10.5,3.5],"texture":"#3"},"up":{"uv":[11,3,10.5,3.125],"rotation":90,"texture":"#3"},"down":{"uv":[10.5,3.5,10.625,3],"texture":"#3"}}},{"from":[6.9982,9.36243,10.16951],"to":[9.18402,11.0068,11.80569],"rotation":{"angle":-45,"axis":"x","origin":[8,7.92419,7.8409]},"faces":{"north":{"uv":[11,3.5,10.875,3],"texture":"#3"},"east":{"uv":[10.5,3.5,11,3],"texture":"#3"},"south":{"uv":[10.625,3.5,10.5,3],"texture":"#3"},"west":{"uv":[11,3.5,10.5,3],"texture":"#3"},"up":{"uv":[10.5,3,10.625,3.5],"texture":"#3"},"down":{"uv":[10.5,3,11,3.125],"rotation":90,"texture":"#3"}}},{"from":[6.7625,11.6484,-1.29284],"to":[9.19635,13.75319,0.80147],"rotation":{"angle":45,"axis":"x","origin":[8,7.92419,7.8409]},"faces":{"north":{"uv":[15.875,3.875,15.75,3.25],"texture":"#3"},"east":{"uv":[15.25,3.875,15.875,3.25],"texture":"#3"},"south":{"uv":[15.375,3.875,15.25,3.25],"texture":"#3"},"west":{"uv":[15.875,3.875,15.25,3.25],"texture":"#3"},"up":{"uv":[15.875,3.875,15.25,3.75],"rotation":90,"texture":"#3"},"down":{"uv":[15.25,3.25,15.375,3.875],"texture":"#3"}}},{"from":[7.4625,19.27268,14.448],"to":[8.49635,20.76699,15.95279],"rotation":{"angle":0,"axis":"y","origin":[7.97942,20.01983,15.20039]},"faces":{"north":{"uv":[15.875,4.25,15.25,4.125],"rotation":90,"texture":"#3"},"east":{"uv":[15.875,4.125,15.25,4.75],"rotation":90,"texture":"#3"},"south":{"uv":[15.875,4.25,15.25,4.125],"rotation":90,"texture":"#3"},"west":{"uv":[15.875,4.75,15.25,4.125],"rotation":90,"texture":"#3"},"up":{"uv":[15.875,4.75,15.75,4.125],"rotation":90,"texture":"#3"},"down":{"uv":[15.25,4.75,15.375,4.125],"rotation":90,"texture":"#3"}}},{"from":[7.4625,-6.76699,14.448],"to":[8.49635,-5.27268,15.95279],"rotation":{"angle":0,"axis":"y","origin":[7.97942,-6.01983,15.20039]},"faces":{"north":{"uv":[15.25,4.25,15.875,4.125],"rotation":90,"texture":"#3"},"east":{"uv":[15.25,4.125,15.875,4.75],"rotation":90,"texture":"#3"},"south":{"uv":[15.25,4.25,15.875,4.125],"rotation":90,"texture":"#3"},"west":{"uv":[15.25,4.75,15.875,4.125],"rotation":90,"texture":"#3"},"up":{"uv":[15.375,4.75,15.25,4.125],"rotation":90,"texture":"#3"},"down":{"uv":[15.75,4.75,15.875,4.125],"rotation":90,"texture":"#3"}}},{"from":[6.7625,0.78119,-2.60683],"to":[9.19635,2.88599,-0.51252],"rotation":{"angle":-45,"axis":"x","origin":[8,7.92419,7.8409]},"faces":{"north":{"uv":[15.875,3.25,15.75,3.875],"texture":"#3"},"east":{"uv":[15.25,3.25,15.875,3.875],"texture":"#3"},"south":{"uv":[15.375,3.25,15.25,3.875],"texture":"#3"},"west":{"uv":[15.875,3.25,15.25,3.875],"texture":"#3"},"up":{"uv":[15.25,3.875,15.375,3.25],"texture":"#3"},"down":{"uv":[15.25,3.875,15.875,3.75],"rotation":90,"texture":"#3"}}},{"from":[7.9625,6.27268,7.248],"to":[7.9625,24.36699,25.35279],"rotation":{"angle":0,"axis":"y","origin":[8,7.92419,7.8409]},"faces":{"north":{"uv":[15.375,3.875,15.25,3.25],"texture":"#3"},"east":{"uv":[0,12,3.875,8],"rotation":270,"texture":"#3"},"south":{"uv":[15.25,3.75,15.875,3.875],"rotation":270,"texture":"#3"},"west":{"uv":[0,8,3.875,12],"rotation":270,"texture":"#3"},"up":{"uv":[15.75,3.25,15.875,3.875],"texture":"#3"},"down":{"uv":[15.25,3.25,15.375,3.875],"rotation":180,"texture":"#3"}}},{"from":[7.9625,6.27268,-10.8568],"to":[7.9625,24.36699,7.248],"rotation":{"angle":0,"axis":"y","origin":[8,7.92419,6.6551]},"faces":{"north":{"uv":[15.25,3.875,15.875,3.75],"rotation":270,"texture":"#3"},"east":{"uv":[4.125,12,8,16],"rotation":270,"texture":"#3"},"south":{"uv":[15.25,3.875,15.375,3.25],"texture":"#3"},"west":{"uv":[4.125,16,8,12],"rotation":270,"texture":"#3"},"up":{"uv":[15.75,3.875,15.875,3.25],"texture":"#3"},"down":{"uv":[15.25,3.875,15.375,3.25],"rotation":180,"texture":"#3"}}},{"from":[7.9625,-10.32688,-10.8568],"to":[7.9625,7.76743,7.248],"rotation":{"angle":0,"axis":"y","origin":[8,6.11592,6.6551]},"faces":{"north":{"uv":[15.875,3.875,15.25,3.75],"rotation":270,"texture":"#3"},"east":{"uv":[8,12,4.125,16],"rotation":270,"texture":"#3"},"south":{"uv":[15.25,3.25,15.375,3.875],"texture":"#3"},"west":{"uv":[8,16,4.125,12],"rotation":270,"texture":"#3"},"up":{"uv":[15.25,3.25,15.375,3.875],"rotation":180,"texture":"#3"},"down":{"uv":[15.75,3.25,15.875,3.875],"texture":"#3"}}},{"from":[7.9625,5.97268,3.04721],"to":[7.9625,10.06699,6.852],"rotation":{"angle":0,"axis":"y","origin":[7.9625,7.26983,4.79961]},"faces":{"north":{"uv":[15.25,3.875,15.875,3.75],"rotation":270,"texture":"#3"},"east":{"uv":[0,0,8,8],"rotation":270,"texture":"#3"},"south":{"uv":[15.25,3.875,15.375,3.25],"texture":"#3"},"west":{"uv":[0,8,8,0],"rotation":270,"texture":"#3"},"up":{"uv":[15.75,3.875,15.875,3.25],"texture":"#3"},"down":{"uv":[15.25,3.875,15.375,3.25],"rotation":180,"texture":"#3"}}},{"from":[7.9625,4.47268,2.74721],"to":[7.9625,8.56699,6.552],"rotation":{"angle":0,"axis":"y","origin":[7.9625,7.26983,4.79961]},"faces":{"north":{"uv":[15.25,3.875,15.375,3.25],"rotation":180,"texture":"#3"},"east":{"uv":[0,0,8,8],"rotation":90,"texture":"#3"},"south":{"uv":[15.25,3.875,15.875,3.75],"rotation":90,"texture":"#3"},"west":{"uv":[0,8,8,0],"rotation":90,"texture":"#3"},"up":{"uv":[15.25,3.875,15.375,3.25],"rotation":180,"texture":"#3"},"down":{"uv":[15.75,3.875,15.875,3.25],"texture":"#3"}}},{"from":[7.9625,-10.32688,7.248],"to":[7.9625,7.76743,25.35279],"rotation":{"angle":0,"axis":"y","origin":[8,7.77419,7.8409]},"faces":{"north":{"uv":[15.375,3.25,15.25,3.875],"texture":"#3"},"east":{"uv":[3.875,12,0,8],"rotation":270,"texture":"#3"},"south":{"uv":[15.875,3.75,15.25,3.875],"rotation":270,"texture":"#3"},"west":{"uv":[3.875,8,0,12],"rotation":270,"texture":"#3"},"up":{"uv":[15.25,3.875,15.375,3.25],"rotation":180,"texture":"#3"},"down":{"uv":[15.75,3.875,15.875,3.25],"texture":"#3"}}}],"gui_light":"front","display":{"thirdperson_righthand":{"translation":[0,-1.5,2.5],"scale":[0.70563,0.70563,0.70563]},"thirdperson_lefthand":{"translation":[0,-1.5,2.5],"scale":[0.70563,0.70563,0.70563]},"firstperson_righthand":{"translation":[0,7,1],"scale":[0.46,0.45,0.45]},"firstperson_lefthand":{"translation":[0,7,1],"scale":[0.46,0.45,0.45]},"gui":{"rotation":[90,67,-90],"translation":[-0.25,0.75,0],"scale":[0.4668,0.4668,0.4668]},"fixed":{"rotation":[0,90,0],"translation":[-0.5,0,0],"scale":[1.51758,1.51758,1.51758]}}}