{"credit":"Made with Blockbench","texture_size":[192,128],"textures":{"6":"rainbowset:rainbowset/rainbow_glasses"},"elements":[{"from":[4.506,7.8845,11.44126],"to":[4.794,8.1725,12.92126],"rotation":{"angle":22.5,"axis":"x","origin":[5.37,8.0285,12.88126]},"faces":{"north":{"uv":[8.73333,13.25,8.66667,13.35],"texture":"#6"},"east":{"uv":[8.73333,13.25,8.66667,13.35],"texture":"#6"},"south":{"uv":[8.73333,13.25,8.66667,13.35],"texture":"#6"},"west":{"uv":[8.73333,13.25,8.66667,13.35],"texture":"#6"},"up":{"uv":[8.73333,13.25,8.66667,13.35],"texture":"#6"},"down":{"uv":[8.73333,13.25,8.66667,13.35],"texture":"#6"}}},{"from":[4.506,8.42461,7.72598],"to":[4.794,8.71261,11.60598],"rotation":{"angle":0,"axis":"y","origin":[5.37,8.56861,9.16598]},"faces":{"north":{"uv":[8.73333,13.25,8.66667,13.35],"texture":"#6"},"east":{"uv":[8.73333,13.25,8.66667,13.35],"texture":"#6"},"south":{"uv":[8.73333,13.25,8.66667,13.35],"texture":"#6"},"west":{"uv":[8.73333,13.25,8.66667,13.35],"texture":"#6"},"up":{"uv":[8.73333,13.25,8.66667,13.35],"texture":"#6"},"down":{"uv":[8.73333,13.25,8.66667,13.35],"texture":"#6"}}},{"from":[5.97828,8.42461,8.27158],"to":[6.26628,8.71261,9.05158],"rotation":{"angle":-45,"axis":"y","origin":[6.84228,8.56861,6.61158]},"faces":{"north":{"uv":[8.73333,13.25,8.66667,13.35],"texture":"#6"},"east":{"uv":[8.73333,13.25,8.66667,13.35],"texture":"#6"},"south":{"uv":[8.73333,13.25,8.66667,13.35],"texture":"#6"},"west":{"uv":[8.73333,13.25,8.66667,13.35],"texture":"#6"},"up":{"uv":[8.73333,13.25,8.66667,13.35],"texture":"#6"},"down":{"uv":[8.73333,13.25,8.66667,13.35],"texture":"#6"}}},{"from":[5.05754,7.82461,7.17443],"to":[5.33754,8.61261,7.46243],"rotation":{"angle":0,"axis":"y","origin":[7.49754,8.06861,8.03843]},"faces":{"north":{"uv":[8.73333,13.25,8.66667,13.35],"texture":"#6"},"east":{"uv":[8.73333,13.25,8.66667,13.35],"texture":"#6"},"south":{"uv":[8.73333,13.25,8.66667,13.35],"texture":"#6"},"west":{"uv":[8.73333,13.25,8.66667,13.35],"texture":"#6"},"up":{"uv":[8.66667,13.35,8.73333,13.25],"rotation":270,"texture":"#6"},"down":{"uv":[8.66667,13.35,8.73333,13.25],"rotation":90,"texture":"#6"}}},{"from":[5.25978,8.41286,7.17443],"to":[5.53978,8.80086,7.46243],"rotation":{"angle":-45,"axis":"z","origin":[5.39978,8.75686,7.31843]},"faces":{"north":{"uv":[8.73333,13.25,8.66667,13.35],"texture":"#6"},"east":{"uv":[8.73333,13.25,8.66667,13.35],"texture":"#6"},"south":{"uv":[8.73333,13.25,8.66667,13.35],"texture":"#6"},"west":{"uv":[8.73333,13.25,8.66667,13.35],"texture":"#6"},"up":{"uv":[8.66667,13.35,8.73333,13.25],"rotation":270,"texture":"#6"},"down":{"uv":[8.66667,13.35,8.73333,13.25],"rotation":90,"texture":"#6"}}},{"from":[5.17853,7.14137,7.17443],"to":[5.45853,7.90437,7.46243],"rotation":{"angle":22.5,"axis":"z","origin":[5.31853,7.56037,7.31843]},"faces":{"north":{"uv":[8.73333,13.35,8.66667,13.25],"texture":"#6"},"east":{"uv":[8.73333,13.35,8.66667,13.25],"texture":"#6"},"south":{"uv":[8.73333,13.35,8.66667,13.25],"texture":"#6"},"west":{"uv":[8.73333,13.35,8.66667,13.25],"texture":"#6"},"up":{"uv":[8.73333,13.35,8.66667,13.25],"rotation":90,"texture":"#6"},"down":{"uv":[8.73333,13.35,8.66667,13.25],"rotation":270,"texture":"#6"}}},{"from":[5.34832,7.10883,7.17443],"to":[6.76132,7.33883,7.46243],"rotation":{"angle":0,"axis":"y","origin":[6.01732,9.54883,8.03843]},"faces":{"north":{"uv":[8.66667,13.35,8.73333,13.25],"rotation":270,"texture":"#6"},"east":{"uv":[8.73333,13.25,8.66667,13.35],"rotation":180,"texture":"#6"},"south":{"uv":[8.66667,13.35,8.73333,13.25],"rotation":90,"texture":"#6"},"west":{"uv":[8.73333,13.25,8.66667,13.35],"texture":"#6"},"up":{"uv":[8.66667,13.35,8.73333,13.25],"rotation":90,"texture":"#6"},"down":{"uv":[8.66667,13.35,8.73333,13.25],"rotation":90,"texture":"#6"}}},{"from":[5.3319,8.65696,7.17443],"to":[7.3699,8.88696,7.46243],"rotation":{"angle":0,"axis":"y","origin":[5.8759,11.04696,8.03843]},"faces":{"north":{"uv":[8.66667,13.35,8.73333,13.25],"rotation":270,"texture":"#6"},"east":{"uv":[8.73333,13.25,8.66667,13.35],"rotation":180,"texture":"#6"},"south":{"uv":[8.66667,13.35,8.73333,13.25],"rotation":90,"texture":"#6"},"west":{"uv":[8.73333,13.25,8.66667,13.35],"texture":"#6"},"up":{"uv":[8.66667,13.35,8.73333,13.25],"rotation":90,"texture":"#6"},"down":{"uv":[8.66667,13.35,8.73333,13.25],"rotation":90,"texture":"#6"}}},{"from":[6.67972,7.28912,7.17443],"to":[7.36772,7.51912,7.46243],"rotation":{"angle":22.5,"axis":"z","origin":[7.17372,7.40412,7.31843]},"faces":{"north":{"uv":[8.66667,13.35,8.73333,13.25],"rotation":270,"texture":"#6"},"east":{"uv":[8.73333,13.25,8.66667,13.35],"rotation":180,"texture":"#6"},"south":{"uv":[8.66667,13.35,8.73333,13.25],"rotation":90,"texture":"#6"},"west":{"uv":[8.73333,13.25,8.66667,13.35],"texture":"#6"},"up":{"uv":[8.66667,13.35,8.73333,13.25],"rotation":90,"texture":"#6"},"down":{"uv":[8.66667,13.35,8.73333,13.25],"rotation":90,"texture":"#6"}}},{"from":[7.36476,7.37852,7.17443],"to":[7.59476,8.09152,7.46243],"rotation":{"angle":-22.5,"axis":"z","origin":[7.47976,7.87252,7.31843]},"faces":{"north":{"uv":[8.66667,13.35,8.73333,13.25],"texture":"#6"},"east":{"uv":[8.66667,13.35,8.73333,13.25],"texture":"#6"},"south":{"uv":[8.66667,13.35,8.73333,13.25],"texture":"#6"},"west":{"uv":[8.66667,13.35,8.73333,13.25],"texture":"#6"},"up":{"uv":[8.73333,13.25,8.66667,13.35],"rotation":90,"texture":"#6"},"down":{"uv":[8.73333,13.25,8.66667,13.35],"rotation":270,"texture":"#6"}}},{"from":[7.44412,8.03692,7.17443],"to":[7.67412,8.57492,7.46243],"rotation":{"angle":0,"axis":"y","origin":[5.23412,8.03092,8.03843]},"faces":{"north":{"uv":[8.73333,13.25,8.66667,13.35],"rotation":180,"texture":"#6"},"east":{"uv":[8.73333,13.25,8.66667,13.35],"rotation":180,"texture":"#6"},"south":{"uv":[8.73333,13.25,8.66667,13.35],"rotation":180,"texture":"#6"},"west":{"uv":[8.73333,13.25,8.66667,13.35],"rotation":180,"texture":"#6"},"up":{"uv":[8.66667,13.35,8.73333,13.25],"rotation":270,"texture":"#6"},"down":{"uv":[8.66667,13.35,8.73333,13.25],"rotation":90,"texture":"#6"}}},{"from":[7.31413,8.76327,7.17443],"to":[7.75213,8.99327,7.46243],"rotation":{"angle":-45,"axis":"z","origin":[7.20813,8.87827,7.31843]},"faces":{"north":{"uv":[8.73333,13.25,8.66667,13.35],"rotation":90,"texture":"#6"},"east":{"uv":[8.66667,13.35,8.73333,13.25],"texture":"#6"},"south":{"uv":[8.73333,13.25,8.66667,13.35],"rotation":270,"texture":"#6"},"west":{"uv":[8.66667,13.35,8.73333,13.25],"rotation":180,"texture":"#6"},"up":{"uv":[8.73333,13.25,8.66667,13.35],"rotation":270,"texture":"#6"},"down":{"uv":[8.73333,13.25,8.66667,13.35],"rotation":270,"texture":"#6"}}},{"from":[7.30178,9.1163,7.17443],"to":[7.43978,9.3463,7.46243],"rotation":{"angle":45,"axis":"z","origin":[7.72078,8.7313,7.31843]},"faces":{"north":{"uv":[8.73333,13.25,8.66667,13.35],"rotation":90,"texture":"#6"},"east":{"uv":[8.66667,13.35,8.73333,13.25],"texture":"#6"},"south":{"uv":[8.73333,13.25,8.66667,13.35],"rotation":270,"texture":"#6"},"west":{"uv":[8.66667,13.35,8.73333,13.25],"rotation":180,"texture":"#6"},"up":{"uv":[8.73333,13.25,8.66667,13.35],"rotation":270,"texture":"#6"},"down":{"uv":[8.73333,13.25,8.66667,13.35],"rotation":270,"texture":"#6"}}},{"from":[8.56022,9.1163,7.17443],"to":[8.69822,9.3463,7.46243],"rotation":{"angle":-45,"axis":"z","origin":[8.27922,8.7313,7.31843]},"faces":{"north":{"uv":[8.73333,13.35,8.66667,13.25],"rotation":90,"texture":"#6"},"east":{"uv":[8.73333,13.35,8.66667,13.25],"rotation":180,"texture":"#6"},"south":{"uv":[8.73333,13.35,8.66667,13.25],"rotation":270,"texture":"#6"},"west":{"uv":[8.73333,13.35,8.66667,13.25],"texture":"#6"},"up":{"uv":[8.73333,13.35,8.66667,13.25],"rotation":270,"texture":"#6"},"down":{"uv":[8.73333,13.35,8.66667,13.25],"rotation":270,"texture":"#6"}}},{"from":[7.08722,8.73747,7.17443],"to":[7.52522,8.96747,7.46243],"rotation":{"angle":0,"axis":"y","origin":[7.80622,8.35247,7.31843]},"faces":{"north":{"uv":[8.73333,13.25,8.66667,13.35],"rotation":90,"texture":"#6"},"east":{"uv":[8.66667,13.35,8.73333,13.25],"texture":"#6"},"south":{"uv":[8.73333,13.25,8.66667,13.35],"rotation":270,"texture":"#6"},"west":{"uv":[8.66667,13.35,8.73333,13.25],"rotation":180,"texture":"#6"},"up":{"uv":[8.73333,13.25,8.66667,13.35],"rotation":270,"texture":"#6"},"down":{"uv":[8.73333,13.25,8.66667,13.35],"rotation":270,"texture":"#6"}}},{"from":[7.23514,8.50914,7.17443],"to":[7.67314,8.73914,7.46243],"rotation":{"angle":-22.5,"axis":"z","origin":[7.95414,8.12414,7.31843]},"faces":{"north":{"uv":[8.73333,13.25,8.66667,13.35],"rotation":90,"texture":"#6"},"east":{"uv":[8.66667,13.35,8.73333,13.25],"texture":"#6"},"south":{"uv":[8.73333,13.25,8.66667,13.35],"rotation":270,"texture":"#6"},"west":{"uv":[8.66667,13.35,8.73333,13.25],"rotation":180,"texture":"#6"},"up":{"uv":[8.73333,13.25,8.66667,13.35],"rotation":270,"texture":"#6"},"down":{"uv":[8.73333,13.25,8.66667,13.35],"rotation":270,"texture":"#6"}}},{"from":[7.53514,8.20914,7.17443],"to":[7.97314,8.43914,7.46243],"rotation":{"angle":22.5,"axis":"z","origin":[7.95414,8.32414,7.31843]},"faces":{"north":{"uv":[8.73333,13.25,8.66667,13.35],"rotation":90,"texture":"#6"},"east":{"uv":[8.66667,13.35,8.73333,13.25],"texture":"#6"},"south":{"uv":[8.73333,13.25,8.66667,13.35],"rotation":270,"texture":"#6"},"west":{"uv":[8.66667,13.35,8.73333,13.25],"rotation":180,"texture":"#6"},"up":{"uv":[8.73333,13.25,8.66667,13.35],"rotation":270,"texture":"#6"},"down":{"uv":[8.73333,13.25,8.66667,13.35],"rotation":270,"texture":"#6"}}},{"from":[8.02686,8.20914,7.17443],"to":[8.46486,8.43914,7.46243],"rotation":{"angle":-22.5,"axis":"z","origin":[8.04586,8.32414,7.31843]},"faces":{"north":{"uv":[8.73333,13.35,8.66667,13.25],"rotation":90,"texture":"#6"},"east":{"uv":[8.73333,13.35,8.66667,13.25],"rotation":180,"texture":"#6"},"south":{"uv":[8.73333,13.35,8.66667,13.25],"rotation":270,"texture":"#6"},"west":{"uv":[8.73333,13.35,8.66667,13.25],"texture":"#6"},"up":{"uv":[8.73333,13.35,8.66667,13.25],"rotation":270,"texture":"#6"},"down":{"uv":[8.73333,13.35,8.66667,13.25],"rotation":270,"texture":"#6"}}},{"from":[7.92768,8.20766,7.17443],"to":[8.01568,8.43766,7.46243],"rotation":{"angle":0,"axis":"y","origin":[7.94668,8.32266,7.31843]},"faces":{"north":{"uv":[8.73333,13.35,8.66667,13.25],"rotation":90,"texture":"#6"},"east":{"uv":[8.73333,13.35,8.66667,13.25],"rotation":180,"texture":"#6"},"south":{"uv":[8.73333,13.35,8.66667,13.25],"rotation":270,"texture":"#6"},"west":{"uv":[8.73333,13.35,8.66667,13.25],"texture":"#6"},"up":{"uv":[8.73333,13.35,8.66667,13.25],"rotation":270,"texture":"#6"},"down":{"uv":[8.73333,13.35,8.66667,13.25],"rotation":270,"texture":"#6"}}},{"from":[7.98432,8.20766,7.17443],"to":[8.07232,8.43766,7.46243],"rotation":{"angle":0,"axis":"y","origin":[8.00332,8.32266,7.31843]},"faces":{"north":{"uv":[8.73333,13.35,8.66667,13.25],"rotation":90,"texture":"#6"},"east":{"uv":[8.73333,13.35,8.66667,13.25],"rotation":180,"texture":"#6"},"south":{"uv":[8.73333,13.35,8.66667,13.25],"rotation":270,"texture":"#6"},"west":{"uv":[8.73333,13.35,8.66667,13.25],"texture":"#6"},"up":{"uv":[8.73333,13.35,8.66667,13.25],"rotation":270,"texture":"#6"},"down":{"uv":[8.73333,13.35,8.66667,13.25],"rotation":270,"texture":"#6"}}},{"from":[8.32686,8.50914,7.17443],"to":[8.76486,8.73914,7.46243],"rotation":{"angle":22.5,"axis":"z","origin":[8.04586,8.12414,7.31843]},"faces":{"north":{"uv":[8.73333,13.35,8.66667,13.25],"rotation":90,"texture":"#6"},"east":{"uv":[8.73333,13.35,8.66667,13.25],"rotation":180,"texture":"#6"},"south":{"uv":[8.73333,13.35,8.66667,13.25],"rotation":270,"texture":"#6"},"west":{"uv":[8.73333,13.35,8.66667,13.25],"texture":"#6"},"up":{"uv":[8.73333,13.35,8.66667,13.25],"rotation":270,"texture":"#6"},"down":{"uv":[8.73333,13.35,8.66667,13.25],"rotation":270,"texture":"#6"}}},{"from":[7.84186,8.58737,7.17443],"to":[8.15486,8.81737,7.46243],"rotation":{"angle":0,"axis":"y","origin":[7.56086,8.20237,7.31843]},"faces":{"north":{"uv":[8.73333,13.35,8.66667,13.25],"rotation":90,"texture":"#6"},"east":{"uv":[8.73333,13.35,8.66667,13.25],"rotation":180,"texture":"#6"},"south":{"uv":[8.73333,13.35,8.66667,13.25],"rotation":270,"texture":"#6"},"west":{"uv":[8.73333,13.35,8.66667,13.25],"texture":"#6"},"up":{"uv":[8.73333,13.35,8.66667,13.25],"rotation":270,"texture":"#6"},"down":{"uv":[8.73333,13.35,8.66667,13.25],"rotation":270,"texture":"#6"}}},{"from":[8.47478,8.73747,7.17443],"to":[8.91278,8.96747,7.46243],"rotation":{"angle":0,"axis":"y","origin":[8.19378,8.35247,7.31843]},"faces":{"north":{"uv":[8.73333,13.35,8.66667,13.25],"rotation":90,"texture":"#6"},"east":{"uv":[8.73333,13.35,8.66667,13.25],"rotation":180,"texture":"#6"},"south":{"uv":[8.73333,13.35,8.66667,13.25],"rotation":270,"texture":"#6"},"west":{"uv":[8.73333,13.35,8.66667,13.25],"texture":"#6"},"up":{"uv":[8.73333,13.35,8.66667,13.25],"rotation":270,"texture":"#6"},"down":{"uv":[8.73333,13.35,8.66667,13.25],"rotation":270,"texture":"#6"}}},{"from":[8.32588,8.03692,7.17443],"to":[8.55588,8.57492,7.46243],"rotation":{"angle":0,"axis":"y","origin":[10.76588,8.03092,8.03843]},"faces":{"north":{"uv":[8.66667,13.25,8.73333,13.35],"rotation":180,"texture":"#6"},"east":{"uv":[8.66667,13.25,8.73333,13.35],"rotation":180,"texture":"#6"},"south":{"uv":[8.66667,13.25,8.73333,13.35],"rotation":180,"texture":"#6"},"west":{"uv":[8.66667,13.25,8.73333,13.35],"rotation":180,"texture":"#6"},"up":{"uv":[8.66667,13.25,8.73333,13.35],"rotation":270,"texture":"#6"},"down":{"uv":[8.66667,13.25,8.73333,13.35],"rotation":90,"texture":"#6"}}},{"from":[8.63228,7.28912,7.17443],"to":[9.32028,7.51912,7.46243],"rotation":{"angle":-22.5,"axis":"z","origin":[8.82628,7.40412,7.31843]},"faces":{"north":{"uv":[8.66667,13.25,8.73333,13.35],"rotation":270,"texture":"#6"},"east":{"uv":[8.66667,13.25,8.73333,13.35],"texture":"#6"},"south":{"uv":[8.66667,13.25,8.73333,13.35],"rotation":90,"texture":"#6"},"west":{"uv":[8.66667,13.25,8.73333,13.35],"rotation":180,"texture":"#6"},"up":{"uv":[8.66667,13.25,8.73333,13.35],"rotation":90,"texture":"#6"},"down":{"uv":[8.66667,13.25,8.73333,13.35],"rotation":90,"texture":"#6"}}},{"from":[8.6301,8.65696,7.17443],"to":[10.6681,8.88696,7.46243],"rotation":{"angle":0,"axis":"y","origin":[10.1241,11.04696,8.03843]},"faces":{"north":{"uv":[8.66667,13.25,8.73333,13.35],"rotation":270,"texture":"#6"},"east":{"uv":[8.66667,13.25,8.73333,13.35],"texture":"#6"},"south":{"uv":[8.66667,13.25,8.73333,13.35],"rotation":90,"texture":"#6"},"west":{"uv":[8.66667,13.25,8.73333,13.35],"rotation":180,"texture":"#6"},"up":{"uv":[8.66667,13.25,8.73333,13.35],"rotation":90,"texture":"#6"},"down":{"uv":[8.66667,13.25,8.73333,13.35],"rotation":90,"texture":"#6"}}},{"from":[8.5301,7.25696,7.41243],"to":[10.6681,8.81196,7.41243],"rotation":{"angle":0,"axis":"y","origin":[10.1241,11.04696,8.03843]},"faces":{"north":{"uv":[8.75,9.875,9.56667,10.975],"rotation":90,"texture":"#6"},"east":{"uv":[8.66667,13.25,8.73333,13.35],"texture":"#6"},"south":{"uv":[8.75,10.975,9.56667,9.875],"rotation":90,"texture":"#6"},"west":{"uv":[8.66667,13.25,8.73333,13.35],"rotation":180,"texture":"#6"},"up":{"uv":[8.66667,13.25,8.73333,13.35],"rotation":90,"texture":"#6"},"down":{"uv":[8.66667,13.25,8.73333,13.35],"rotation":90,"texture":"#6"}}},{"from":[5.2051,7.25696,7.41243],"to":[7.3431,8.81196,7.41243],"rotation":{"angle":0,"axis":"y","origin":[10.1241,11.04696,8.03843]},"faces":{"north":{"uv":[8.75,9.875,9.56667,10.975],"rotation":90,"texture":"#6"},"east":{"uv":[8.66667,13.25,8.73333,13.35],"texture":"#6"},"south":{"uv":[8.75,10.975,9.56667,9.875],"rotation":90,"texture":"#6"},"west":{"uv":[8.66667,13.25,8.73333,13.35],"rotation":180,"texture":"#6"},"up":{"uv":[8.66667,13.25,8.73333,13.35],"rotation":90,"texture":"#6"},"down":{"uv":[8.66667,13.25,8.73333,13.35],"rotation":90,"texture":"#6"}}},{"from":[7.3051,7.73196,7.41243],"to":[7.5181,8.78696,7.41243],"rotation":{"angle":0,"axis":"y","origin":[10.1241,11.04696,8.03843]},"faces":{"north":{"uv":[9,10.5,9.4,10.85],"rotation":90,"texture":"#6"},"east":{"uv":[9,10.5,9.4,10.85],"rotation":90,"texture":"#6"},"south":{"uv":[9,10.5,9.4,10.85],"rotation":90,"texture":"#6"},"west":{"uv":[9,10.5,9.4,10.85],"rotation":90,"texture":"#6"},"up":{"uv":[9,10.5,9.4,10.85],"rotation":90,"texture":"#6"},"down":{"uv":[9,10.5,9.4,10.85],"rotation":90,"texture":"#6"}}},{"from":[9.23868,7.10883,7.17443],"to":[10.65168,7.33883,7.46243],"rotation":{"angle":0,"axis":"y","origin":[9.98268,9.54883,8.03843]},"faces":{"north":{"uv":[8.66667,13.25,8.73333,13.35],"rotation":270,"texture":"#6"},"east":{"uv":[8.66667,13.25,8.73333,13.35],"texture":"#6"},"south":{"uv":[8.66667,13.25,8.73333,13.35],"rotation":90,"texture":"#6"},"west":{"uv":[8.66667,13.25,8.73333,13.35],"rotation":180,"texture":"#6"},"up":{"uv":[8.66667,13.25,8.73333,13.35],"rotation":90,"texture":"#6"},"down":{"uv":[8.66667,13.25,8.73333,13.35],"rotation":90,"texture":"#6"}}},{"from":[10.54147,7.14137,7.17443],"to":[10.82147,7.90437,7.46243],"rotation":{"angle":-22.5,"axis":"z","origin":[10.68147,7.56037,7.31843]},"faces":{"north":{"uv":[8.66667,13.35,8.73333,13.25],"texture":"#6"},"east":{"uv":[8.66667,13.35,8.73333,13.25],"texture":"#6"},"south":{"uv":[8.66667,13.35,8.73333,13.25],"texture":"#6"},"west":{"uv":[8.66667,13.35,8.73333,13.25],"texture":"#6"},"up":{"uv":[8.73333,13.25,8.66667,13.35],"rotation":90,"texture":"#6"},"down":{"uv":[8.73333,13.25,8.66667,13.35],"rotation":270,"texture":"#6"}}},{"from":[10.46022,8.41286,7.17443],"to":[10.74022,8.80086,7.46243],"rotation":{"angle":45,"axis":"z","origin":[10.60022,8.75686,7.31843]},"faces":{"north":{"uv":[8.66667,13.25,8.73333,13.35],"texture":"#6"},"east":{"uv":[8.66667,13.25,8.73333,13.35],"texture":"#6"},"south":{"uv":[8.66667,13.25,8.73333,13.35],"texture":"#6"},"west":{"uv":[8.66667,13.25,8.73333,13.35],"texture":"#6"},"up":{"uv":[8.66667,13.25,8.73333,13.35],"rotation":270,"texture":"#6"},"down":{"uv":[8.66667,13.25,8.73333,13.35],"rotation":90,"texture":"#6"}}},{"from":[10.66246,7.82461,7.17443],"to":[10.94246,8.61261,7.46243],"rotation":{"angle":0,"axis":"y","origin":[8.50246,8.06861,8.03843]},"faces":{"north":{"uv":[8.66667,13.25,8.73333,13.35],"texture":"#6"},"east":{"uv":[8.66667,13.25,8.73333,13.35],"texture":"#6"},"south":{"uv":[8.66667,13.25,8.73333,13.35],"texture":"#6"},"west":{"uv":[8.66667,13.25,8.73333,13.35],"texture":"#6"},"up":{"uv":[8.66667,13.25,8.73333,13.35],"rotation":270,"texture":"#6"},"down":{"uv":[8.66667,13.25,8.73333,13.35],"rotation":90,"texture":"#6"}}},{"from":[9.73372,8.42461,8.27158],"to":[10.02172,8.71261,9.05158],"rotation":{"angle":45,"axis":"y","origin":[9.15772,8.56861,6.61158]},"faces":{"north":{"uv":[8.66667,13.25,8.73333,13.35],"texture":"#6"},"east":{"uv":[8.66667,13.25,8.73333,13.35],"texture":"#6"},"south":{"uv":[8.66667,13.25,8.73333,13.35],"texture":"#6"},"west":{"uv":[8.66667,13.25,8.73333,13.35],"texture":"#6"},"up":{"uv":[8.66667,13.25,8.73333,13.35],"texture":"#6"},"down":{"uv":[8.66667,13.25,8.73333,13.35],"texture":"#6"}}},{"from":[11.206,8.42461,7.72598],"to":[11.494,8.71261,11.60598],"rotation":{"angle":0,"axis":"y","origin":[10.63,8.56861,9.16598]},"faces":{"north":{"uv":[8.66667,13.25,8.73333,13.35],"texture":"#6"},"east":{"uv":[8.66667,13.25,8.73333,13.35],"texture":"#6"},"south":{"uv":[8.66667,13.25,8.73333,13.35],"texture":"#6"},"west":{"uv":[8.66667,13.25,8.73333,13.35],"texture":"#6"},"up":{"uv":[8.66667,13.25,8.73333,13.35],"texture":"#6"},"down":{"uv":[8.66667,13.25,8.73333,13.35],"texture":"#6"}}},{"from":[11.206,7.8845,11.44126],"to":[11.494,8.1725,12.92126],"rotation":{"angle":22.5,"axis":"x","origin":[10.63,8.0285,12.88126]},"faces":{"north":{"uv":[8.66667,13.25,8.73333,13.35],"texture":"#6"},"east":{"uv":[8.66667,13.25,8.73333,13.35],"texture":"#6"},"south":{"uv":[8.66667,13.25,8.73333,13.35],"texture":"#6"},"west":{"uv":[8.66667,13.25,8.73333,13.35],"texture":"#6"},"up":{"uv":[8.66667,13.25,8.73333,13.35],"texture":"#6"},"down":{"uv":[8.66667,13.25,8.73333,13.35],"texture":"#6"}}},{"from":[8.24787,8.76327,7.17443],"to":[8.68587,8.99327,7.46243],"rotation":{"angle":45,"axis":"z","origin":[8.79187,8.87827,7.31843]},"faces":{"north":{"uv":[8.73333,13.35,8.66667,13.25],"rotation":90,"texture":"#6"},"east":{"uv":[8.73333,13.35,8.66667,13.25],"rotation":180,"texture":"#6"},"south":{"uv":[8.73333,13.35,8.66667,13.25],"rotation":270,"texture":"#6"},"west":{"uv":[8.73333,13.35,8.66667,13.25],"texture":"#6"},"up":{"uv":[8.73333,13.35,8.66667,13.25],"rotation":270,"texture":"#6"},"down":{"uv":[8.73333,13.35,8.66667,13.25],"rotation":270,"texture":"#6"}}},{"from":[8.40524,7.37852,7.17443],"to":[8.63524,8.09152,7.46243],"shade":false,"rotation":{"angle":22.5,"axis":"z","origin":[8.52024,7.87252,7.31843]},"faces":{"north":{"uv":[8.73333,13.35,8.66667,13.25],"texture":"#6"},"east":{"uv":[8.73333,13.35,8.66667,13.25],"texture":"#6"},"south":{"uv":[8.73333,13.35,8.66667,13.25],"texture":"#6"},"west":{"uv":[8.73333,13.35,8.66667,13.25],"texture":"#6"},"up":{"uv":[8.73333,13.35,8.66667,13.25],"rotation":90,"texture":"#6"},"down":{"uv":[8.73333,13.35,8.66667,13.25],"rotation":270,"texture":"#6"}}}],"gui_light":"front","display":{"thirdperson_righthand":{"rotation":[48.54,33.11,-2.62],"translation":[-1,1,0.25],"scale":[0.45,0.45,0.45]},"thirdperson_lefthand":{"rotation":[48.54,33.11,-2.62],"translation":[-1,1,0.25],"scale":[0.45,0.45,0.45]},"firstperson_righthand":{"translation":[0,3.25,0],"scale":[1.4357,1.4357,1.4357]},"firstperson_lefthand":{"translation":[0,3.25,0],"scale":[1.4357,1.4357,1.4357]},"ground":{"translation":[0,1.75,0],"scale":[0.42,0.42,0.42]},"gui":{"rotation":[39,153,0],"translation":[-1.75,-1.5,0],"scale":[1.76961,1.76961,1.76961]},"head":{"rotation":[17.25,0,0],"translation":[0,5.5,-7],"scale":[2.07227,2.04,2.02]},"fixed":{"rotation":[-82.25,0,0],"translation":[0,-7,-3.25],"scale":[3.68453,3.68453,3.68453]}}}