{"credit":"Made with Blockbench","texture_size":[128,128],"textures":{"5":"rainbowset:rainbowset/rainbow_key"},"elements":[{"from":[7.66746,0.83746,7.68489],"to":[8.29646,1.84385,8.31388],"rotation":{"angle":0,"axis":"y","origin":[7.98026,5.63449,7.99427]},"faces":{"north":{"uv":[0.5,10,1,11],"texture":"#5"},"east":{"uv":[1,8,1.5,9],"texture":"#5"},"south":{"uv":[1.5,9.5,2,10.5],"texture":"#5"},"west":{"uv":[1.5,8,2,9],"texture":"#5"},"up":{"uv":[3.5,11.5,4,12],"rotation":270,"texture":"#5"},"down":{"uv":[3.5,8.5,4,8],"rotation":90,"texture":"#5"}}},{"from":[7.54198,0.78099,7.56318],"to":[8.42194,1.05051,8.4444],"rotation":{"angle":0,"axis":"y","origin":[7.98026,5.63449,7.99427]},"faces":{"north":{"uv":[2,11.75,2.5,12],"texture":"#5"},"east":{"uv":[2,11.75,2.5,12],"texture":"#5"},"south":{"uv":[2,11.75,2.5,12],"texture":"#5"},"west":{"uv":[2,11.75,2.5,12],"texture":"#5"},"up":{"uv":[2.5,11.875,2,11.75],"texture":"#5"},"down":{"uv":[2.5,12,2,11.875],"rotation":180,"texture":"#5"}}},{"from":[11.23065,1.81789,7.62608],"to":[11.79612,2.38618,8.3815],"rotation":{"angle":-45,"axis":"z","origin":[7.98026,5.63449,7.99427]},"faces":{"north":{"uv":[2.5,11,3,11.5],"texture":"#5"},"east":{"uv":[2.5,11,2.625,11.5],"texture":"#5"},"south":{"uv":[3,11,2.5,11.5],"texture":"#5"},"west":{"uv":[2.875,11,3,11.5],"texture":"#5"},"up":{"uv":[3,11.125,2.5,11],"texture":"#5"},"down":{"uv":[2.625,11.5,2.5,11],"rotation":90,"texture":"#5"}}},{"from":[7.73036,1.84385,7.74779],"to":[8.23356,3.47923,8.25098],"rotation":{"angle":0,"axis":"y","origin":[7.98026,5.63449,7.99427]},"faces":{"north":{"uv":[0,9.5,0.5,11],"texture":"#5"},"east":{"uv":[0,8,0.5,9.5],"texture":"#5"},"south":{"uv":[0.5,8.5,1,10],"texture":"#5"},"west":{"uv":[1,9,1.5,10.5],"texture":"#5"},"up":{"uv":[3.5,8.5,4,9],"rotation":270,"texture":"#5"},"down":{"uv":[3.5,9.5,4,9],"rotation":90,"texture":"#5"}}},{"from":[7.54198,1.28418,7.56318],"to":[8.42194,1.5537,8.4444],"rotation":{"angle":0,"axis":"y","origin":[7.98026,5.63449,7.99427]},"faces":{"north":{"uv":[2,11.75,2.5,12],"texture":"#5"},"east":{"uv":[2,11.75,2.5,12],"texture":"#5"},"south":{"uv":[2,11.75,2.5,12],"texture":"#5"},"west":{"uv":[2,11.75,2.5,12],"texture":"#5"},"up":{"uv":[2.5,11.875,2,11.75],"texture":"#5"},"down":{"uv":[2.5,12,2,11.875],"rotation":180,"texture":"#5"}}},{"from":[7.54198,3.48565,7.56318],"to":[8.42194,4.00677,8.4444],"rotation":{"angle":0,"axis":"y","origin":[7.98026,5.63449,7.99427]},"faces":{"north":{"uv":[2,11.625,2.5,12],"texture":"#5"},"east":{"uv":[2,11.625,2.5,12],"texture":"#5"},"south":{"uv":[2,11.625,2.5,12],"texture":"#5"},"west":{"uv":[2,11.625,2.5,12],"texture":"#5"},"up":{"uv":[2.5,11.875,2,11.75],"texture":"#5"},"down":{"uv":[2.5,12,2,11.875],"rotation":180,"texture":"#5"}}},{"from":[6.62929,4.28143,7.62608],"to":[7.32055,4.97552,8.3815],"rotation":{"angle":45,"axis":"z","origin":[7.98026,5.63449,7.99427]},"faces":{"north":{"uv":[2.5,11.5,3,11],"texture":"#5"},"east":{"uv":[2.5,11.5,2.625,11],"texture":"#5"},"south":{"uv":[3,11.5,2.5,11],"texture":"#5"},"west":{"uv":[2.875,11.5,3,11],"texture":"#5"},"up":{"uv":[2.625,11,2.5,11.5],"rotation":270,"texture":"#5"},"down":{"uv":[2.5,11.125,3,11],"rotation":180,"texture":"#5"}}},{"from":[7.1377,3.3307,7.70142],"to":[7.74117,3.60022,8.30616],"rotation":{"angle":45,"axis":"z","origin":[6.90673,3.87346,8.00379]},"faces":{"north":{"uv":[2,11.75,2.5,12],"rotation":180,"texture":"#5"},"east":{"uv":[2,11.75,2.5,12],"rotation":180,"texture":"#5"},"south":{"uv":[2,11.75,2.5,12],"rotation":180,"texture":"#5"},"west":{"uv":[2,11.75,2.5,12],"rotation":180,"texture":"#5"},"up":{"uv":[2.5,12,2,11.875],"texture":"#5"},"down":{"uv":[2.5,11.875,2,11.75],"rotation":180,"texture":"#5"}}},{"from":[6.53422,3.3307,7.77054],"to":[7.1377,3.60022,8.23704],"rotation":{"angle":45,"axis":"z","origin":[6.90673,3.87346,8.00379]},"faces":{"north":{"uv":[2,11.75,2.5,12],"texture":"#5"},"east":{"uv":[2,11.75,2.5,12],"texture":"#5"},"south":{"uv":[2,11.75,2.5,12],"texture":"#5"},"west":{"uv":[2,11.75,2.5,12],"texture":"#5"},"up":{"uv":[2.5,11.875,2,11.75],"texture":"#5"},"down":{"uv":[2.5,12,2,11.875],"rotation":180,"texture":"#5"}}},{"from":[6.44572,4.08318,7.94334],"to":[6.54245,4.37562,8.06424],"rotation":{"angle":0,"axis":"y","origin":[6.90673,3.87346,8.00379]},"faces":{"north":{"uv":[2.5,12,2,11.75],"rotation":270,"texture":"#5"},"east":{"uv":[2.5,12,2,11.875],"rotation":90,"texture":"#5"},"south":{"uv":[2.5,12,2,11.75],"rotation":90,"texture":"#5"},"west":{"uv":[2.5,11.875,2,11.75],"rotation":270,"texture":"#5"},"up":{"uv":[2,11.75,2.5,12],"rotation":270,"texture":"#5"},"down":{"uv":[2,11.75,2.5,12],"rotation":270,"texture":"#5"}}},{"from":[6.52914,3.92986,7.90878],"to":[6.69498,4.25686,8.0988],"rotation":{"angle":22.5,"axis":"z","origin":[6.90673,3.87346,8.00379]},"faces":{"north":{"uv":[2.5,12,2,11.75],"rotation":270,"texture":"#5"},"east":{"uv":[2.5,12,2,11.875],"rotation":90,"texture":"#5"},"south":{"uv":[2.5,12,2,11.75],"rotation":90,"texture":"#5"},"west":{"uv":[2.5,11.875,2,11.75],"rotation":270,"texture":"#5"},"up":{"uv":[2,11.75,2.5,12],"rotation":270,"texture":"#5"},"down":{"uv":[2,11.75,2.5,12],"rotation":270,"texture":"#5"}}},{"from":[6.55552,3.58019,7.87422],"to":[6.79048,4.07999,8.13336],"rotation":{"angle":45,"axis":"z","origin":[6.90673,3.87346,8.00379]},"faces":{"north":{"uv":[2.5,12,2,11.75],"rotation":270,"texture":"#5"},"east":{"uv":[2.5,12,2,11.875],"rotation":90,"texture":"#5"},"south":{"uv":[2.5,12,2,11.75],"rotation":90,"texture":"#5"},"west":{"uv":[2.5,11.875,2,11.75],"rotation":270,"texture":"#5"},"up":{"uv":[2,11.75,2.5,12],"rotation":270,"texture":"#5"},"down":{"uv":[2,11.75,2.5,12],"rotation":270,"texture":"#5"}}},{"from":[6.42521,9.64279,7.89922],"to":[6.92501,9.87775,8.08336],"rotation":{"angle":0,"axis":"y","origin":[6.63173,9.52654,8.00379]},"faces":{"north":{"uv":[2.5,11.75,2,12],"texture":"#5"},"east":{"uv":[2,12,2.5,11.75],"rotation":180,"texture":"#5"},"south":{"uv":[2.5,11.75,2,12],"texture":"#5"},"west":{"uv":[2,12,2.5,11.75],"rotation":180,"texture":"#5"},"up":{"uv":[2.5,11.75,2,11.875],"rotation":180,"texture":"#5"},"down":{"uv":[2.5,11.875,2,12],"texture":"#5"}}},{"from":[6.72521,9.61779,7.87422],"to":[7.35001,9.90275,8.10836],"rotation":{"angle":0,"axis":"y","origin":[6.63173,9.52654,8.00379]},"faces":{"north":{"uv":[2.5,11.75,2,12],"texture":"#5"},"east":{"uv":[2,12,2.5,11.75],"rotation":180,"texture":"#5"},"south":{"uv":[2.5,11.75,2,12],"texture":"#5"},"west":{"uv":[2,12,2.5,11.75],"rotation":180,"texture":"#5"},"up":{"uv":[2.5,11.75,2,11.875],"rotation":180,"texture":"#5"},"down":{"uv":[2.5,11.875,2,12],"texture":"#5"}}},{"from":[7.35001,9.61779,7.87422],"to":[7.97481,9.90275,8.10836],"rotation":{"angle":0,"axis":"y","origin":[6.65653,9.52654,8.00379]},"faces":{"north":{"uv":[2.5,11.75,2,12],"texture":"#5"},"east":{"uv":[2,12,2.5,11.75],"rotation":180,"texture":"#5"},"south":{"uv":[2.5,11.75,2,12],"texture":"#5"},"west":{"uv":[2,12,2.5,11.75],"rotation":180,"texture":"#5"},"up":{"uv":[2.5,11.75,2,11.875],"rotation":180,"texture":"#5"},"down":{"uv":[2.5,11.875,2,12],"texture":"#5"}}},{"from":[6.17072,9.02438,7.96834],"to":[6.26745,9.31682,8.01424],"rotation":{"angle":-45,"axis":"z","origin":[6.63173,9.52654,8.00379]},"faces":{"north":{"uv":[2,12,2.5,11.75],"rotation":270,"texture":"#5"},"east":{"uv":[2,12,2.5,11.875],"rotation":90,"texture":"#5"},"south":{"uv":[2,12,2.5,11.75],"rotation":90,"texture":"#5"},"west":{"uv":[2,11.875,2.5,11.75],"rotation":270,"texture":"#5"},"up":{"uv":[2.5,11.75,2,12],"rotation":270,"texture":"#5"},"down":{"uv":[2.5,11.75,2,12],"rotation":270,"texture":"#5"}}},{"from":[6.24834,9.73828,7.93378],"to":[6.57534,9.90413,8.0488],"rotation":{"angle":22.5,"axis":"z","origin":[6.63173,9.52654,8.00379]},"faces":{"north":{"uv":[2.5,11.75,2,12],"texture":"#5"},"east":{"uv":[2,12,2.5,11.75],"rotation":180,"texture":"#5"},"south":{"uv":[2.5,11.75,2,12],"texture":"#5"},"west":{"uv":[2,12,2.5,11.75],"rotation":180,"texture":"#5"},"up":{"uv":[2.5,11.75,2,11.875],"rotation":180,"texture":"#5"},"down":{"uv":[2.5,11.875,2,12],"texture":"#5"}}},{"from":[7.35001,8.41779,7.87422],"to":[7.97481,8.70275,8.10836],"rotation":{"angle":0,"axis":"y","origin":[6.65653,8.32654,8.00379]},"faces":{"north":{"uv":[2.5,11.75,2,12],"texture":"#5"},"east":{"uv":[2,12,2.5,11.75],"rotation":180,"texture":"#5"},"south":{"uv":[2.5,11.75,2,12],"texture":"#5"},"west":{"uv":[2,12,2.5,11.75],"rotation":180,"texture":"#5"},"up":{"uv":[2.5,11.75,2,11.875],"rotation":180,"texture":"#5"},"down":{"uv":[2.5,11.875,2,12],"texture":"#5"}}},{"from":[6.72521,8.41779,7.87422],"to":[7.35001,8.70275,8.10836],"rotation":{"angle":0,"axis":"y","origin":[6.63173,8.32654,8.00379]},"faces":{"north":{"uv":[2.5,11.75,2,12],"texture":"#5"},"east":{"uv":[2,12,2.5,11.75],"rotation":180,"texture":"#5"},"south":{"uv":[2.5,11.75,2,12],"texture":"#5"},"west":{"uv":[2,12,2.5,11.75],"rotation":180,"texture":"#5"},"up":{"uv":[2.5,11.75,2,11.875],"rotation":180,"texture":"#5"},"down":{"uv":[2.5,11.875,2,12],"texture":"#5"}}},{"from":[6.42521,8.44279,7.89922],"to":[6.92501,8.67775,8.08336],"rotation":{"angle":0,"axis":"y","origin":[6.63173,8.32654,8.00379]},"faces":{"north":{"uv":[2.5,11.75,2,12],"texture":"#5"},"east":{"uv":[2,12,2.5,11.75],"rotation":180,"texture":"#5"},"south":{"uv":[2.5,11.75,2,12],"texture":"#5"},"west":{"uv":[2,12,2.5,11.75],"rotation":180,"texture":"#5"},"up":{"uv":[2.5,11.75,2,11.875],"rotation":180,"texture":"#5"},"down":{"uv":[2.5,11.875,2,12],"texture":"#5"}}},{"from":[6.24834,8.53828,7.93378],"to":[6.57534,8.70413,8.0488],"rotation":{"angle":22.5,"axis":"z","origin":[6.63173,8.32654,8.00379]},"faces":{"north":{"uv":[2.5,11.75,2,12],"texture":"#5"},"east":{"uv":[2,12,2.5,11.75],"rotation":180,"texture":"#5"},"south":{"uv":[2.5,11.75,2,12],"texture":"#5"},"west":{"uv":[2,12,2.5,11.75],"rotation":180,"texture":"#5"},"up":{"uv":[2.5,11.75,2,11.875],"rotation":180,"texture":"#5"},"down":{"uv":[2.5,11.875,2,12],"texture":"#5"}}},{"from":[6.17072,7.82438,7.96834],"to":[6.26745,8.11682,8.01424],"rotation":{"angle":-45,"axis":"z","origin":[6.63173,8.32654,8.00379]},"faces":{"north":{"uv":[2,12,2.5,11.75],"rotation":270,"texture":"#5"},"east":{"uv":[2,12,2.5,11.875],"rotation":90,"texture":"#5"},"south":{"uv":[2,12,2.5,11.75],"rotation":90,"texture":"#5"},"west":{"uv":[2,11.875,2.5,11.75],"rotation":270,"texture":"#5"},"up":{"uv":[2.5,11.75,2,12],"rotation":270,"texture":"#5"},"down":{"uv":[2.5,11.75,2,12],"rotation":270,"texture":"#5"}}},{"from":[8.8623,3.3307,7.77054],"to":[9.46578,3.60022,8.23704],"rotation":{"angle":-45,"axis":"z","origin":[9.09327,3.87346,8.00379]},"faces":{"north":{"uv":[2.5,11.75,2,12],"texture":"#5"},"east":{"uv":[2.5,11.75,2,12],"texture":"#5"},"south":{"uv":[2.5,11.75,2,12],"texture":"#5"},"west":{"uv":[2.5,11.75,2,12],"texture":"#5"},"up":{"uv":[2,11.875,2.5,11.75],"texture":"#5"},"down":{"uv":[2,12,2.5,11.875],"rotation":180,"texture":"#5"}}},{"from":[9.45755,4.08318,7.94334],"to":[9.55428,4.37562,8.06424],"rotation":{"angle":0,"axis":"y","origin":[9.09327,3.87346,8.00379]},"faces":{"north":{"uv":[2.5,11.75,2,12],"rotation":270,"texture":"#5"},"east":{"uv":[2.5,11.75,2,11.875],"rotation":270,"texture":"#5"},"south":{"uv":[2.5,11.75,2,12],"rotation":90,"texture":"#5"},"west":{"uv":[2.5,11.875,2,12],"rotation":90,"texture":"#5"},"up":{"uv":[2,12,2.5,11.75],"rotation":270,"texture":"#5"},"down":{"uv":[2,12,2.5,11.75],"rotation":270,"texture":"#5"}}},{"from":[9.30502,3.92986,7.90878],"to":[9.47086,4.25686,8.0988],"rotation":{"angle":-22.5,"axis":"z","origin":[9.09327,3.87346,8.00379]},"faces":{"north":{"uv":[2.5,11.75,2,12],"rotation":270,"texture":"#5"},"east":{"uv":[2.5,11.75,2,11.875],"rotation":270,"texture":"#5"},"south":{"uv":[2.5,11.75,2,12],"rotation":90,"texture":"#5"},"west":{"uv":[2.5,11.875,2,12],"rotation":90,"texture":"#5"},"up":{"uv":[2,12,2.5,11.75],"rotation":270,"texture":"#5"},"down":{"uv":[2,12,2.5,11.75],"rotation":270,"texture":"#5"}}},{"from":[9.20952,3.58019,7.87422],"to":[9.44448,4.07999,8.13336],"rotation":{"angle":-45,"axis":"z","origin":[9.09327,3.87346,8.00379]},"faces":{"north":{"uv":[2.5,11.75,2,12],"rotation":270,"texture":"#5"},"east":{"uv":[2.5,11.75,2,11.875],"rotation":270,"texture":"#5"},"south":{"uv":[2.5,11.75,2,12],"rotation":90,"texture":"#5"},"west":{"uv":[2.5,11.875,2,12],"rotation":90,"texture":"#5"},"up":{"uv":[2,12,2.5,11.75],"rotation":270,"texture":"#5"},"down":{"uv":[2,12,2.5,11.75],"rotation":270,"texture":"#5"}}},{"from":[8.25883,3.3307,7.70142],"to":[8.8623,3.60022,8.30616],"rotation":{"angle":-45,"axis":"z","origin":[9.09327,3.87346,8.00379]},"faces":{"north":{"uv":[2.5,11.75,2,12],"rotation":180,"texture":"#5"},"east":{"uv":[2.5,11.75,2,12],"rotation":180,"texture":"#5"},"south":{"uv":[2.5,11.75,2,12],"rotation":180,"texture":"#5"},"west":{"uv":[2.5,11.75,2,12],"rotation":180,"texture":"#5"},"up":{"uv":[2,12,2.5,11.875],"texture":"#5"},"down":{"uv":[2,11.875,2.5,11.75],"rotation":180,"texture":"#5"}}},{"from":[7.66746,3.20492,7.68489],"to":[8.29646,4.21131,8.31388],"rotation":{"angle":0,"axis":"y","origin":[7.98026,5.63449,7.99427]},"faces":{"north":{"uv":[0.5,11,1,10],"texture":"#5"},"east":{"uv":[1,9,1.5,8],"texture":"#5"},"south":{"uv":[1.5,10.5,2,9.5],"texture":"#5"},"west":{"uv":[1.5,9,2,8],"texture":"#5"},"up":{"uv":[3.5,8,4,8.5],"rotation":270,"texture":"#5"},"down":{"uv":[3.5,12,4,11.5],"rotation":90,"texture":"#5"}}},{"from":[8.24001,5.54953,7.8483],"to":[8.47497,6.04933,8.12472],"rotation":{"angle":0,"axis":"y","origin":[7.98026,5.63449,7.99427]},"faces":{"north":{"uv":[2,11.75,2.5,12],"rotation":90,"texture":"#5"},"east":{"uv":[2,11.875,2.5,12],"rotation":270,"texture":"#5"},"south":{"uv":[2,11.75,2.5,12],"rotation":270,"texture":"#5"},"west":{"uv":[2,11.75,2.5,11.875],"rotation":90,"texture":"#5"},"up":{"uv":[2.5,12,2,11.75],"rotation":90,"texture":"#5"},"down":{"uv":[2.5,12,2,11.75],"rotation":90,"texture":"#5"}}},{"from":[8.07111,5.72325,7.90256],"to":[8.76237,6.41734,8.07046],"rotation":{"angle":45,"axis":"z","origin":[7.98026,5.63449,7.99427]},"faces":{"north":{"uv":[7.375,12.5,7.875,12],"texture":"#5"},"east":{"uv":[7.375,12.125,7.875,12],"rotation":270,"texture":"#5"},"south":{"uv":[7.875,12.5,7.375,12],"texture":"#5"},"west":{"uv":[7.375,12.125,7.875,12],"rotation":90,"texture":"#5"},"up":{"uv":[7.875,12,7.375,12.125],"rotation":180,"texture":"#5"},"down":{"uv":[7.875,12,7.375,12.125],"texture":"#5"}}},{"from":[8.45727,5.50919,7.83966],"to":[8.95707,5.74415,8.13336],"rotation":{"angle":45,"axis":"z","origin":[7.98026,5.63449,7.99427]},"faces":{"north":{"uv":[2,11.75,2.5,12],"texture":"#5"},"east":{"uv":[2,11.75,2.5,12],"texture":"#5"},"south":{"uv":[2,11.75,2.5,12],"texture":"#5"},"west":{"uv":[2,11.75,2.5,12],"texture":"#5"},"up":{"uv":[2.5,11.875,2,11.75],"texture":"#5"},"down":{"uv":[2.5,12,2,11.875],"rotation":180,"texture":"#5"}}},{"from":[7.18403,6.37633,7.83966],"to":[7.87059,6.6113,8.13336],"rotation":{"angle":-45,"axis":"z","origin":[7.98026,5.63449,7.99427]},"faces":{"north":{"uv":[2,11.75,2.5,12],"texture":"#5"},"east":{"uv":[2,11.75,2.5,12],"texture":"#5"},"south":{"uv":[2,11.75,2.5,12],"texture":"#5"},"west":{"uv":[2,11.75,2.5,12],"texture":"#5"},"up":{"uv":[2.5,11.875,2,11.75],"texture":"#5"},"down":{"uv":[2.5,12,2,11.875],"rotation":180,"texture":"#5"}}},{"from":[8.24001,5.04973,7.8483],"to":[8.47497,5.54953,8.12472],"rotation":{"angle":0,"axis":"y","origin":[7.98026,5.63449,7.99427]},"faces":{"north":{"uv":[2,11.75,2.5,12],"rotation":90,"texture":"#5"},"east":{"uv":[2,11.875,2.5,12],"rotation":270,"texture":"#5"},"south":{"uv":[2,11.75,2.5,12],"rotation":270,"texture":"#5"},"west":{"uv":[2,11.75,2.5,11.875],"rotation":90,"texture":"#5"},"up":{"uv":[2.5,12,2,11.75],"rotation":90,"texture":"#5"},"down":{"uv":[2.5,12,2,11.75],"rotation":90,"texture":"#5"}}},{"from":[8.24001,4.54993,7.8483],"to":[8.47497,5.04973,8.12472],"rotation":{"angle":0,"axis":"y","origin":[7.98026,5.63449,7.99427]},"faces":{"north":{"uv":[2,11.75,2.5,12],"rotation":90,"texture":"#5"},"east":{"uv":[2,11.875,2.5,12],"rotation":270,"texture":"#5"},"south":{"uv":[2,11.75,2.5,12],"rotation":270,"texture":"#5"},"west":{"uv":[2,11.75,2.5,11.875],"rotation":90,"texture":"#5"},"up":{"uv":[2.5,12,2,11.75],"rotation":90,"texture":"#5"},"down":{"uv":[2.5,12,2,11.75],"rotation":90,"texture":"#5"}}},{"from":[8.24001,4.05013,7.8483],"to":[8.47497,4.54993,8.12472],"rotation":{"angle":0,"axis":"y","origin":[7.98026,5.63449,7.99427]},"faces":{"north":{"uv":[2,11.75,2.5,12],"rotation":90,"texture":"#5"},"east":{"uv":[2,11.875,2.5,12],"rotation":270,"texture":"#5"},"south":{"uv":[2,11.75,2.5,12],"rotation":270,"texture":"#5"},"west":{"uv":[2,11.75,2.5,11.875],"rotation":90,"texture":"#5"},"up":{"uv":[2.5,12,2,11.75],"rotation":90,"texture":"#5"},"down":{"uv":[2.5,12,2,11.75],"rotation":90,"texture":"#5"}}},{"from":[7.87537,6.69226,7.85694],"to":[8.11033,7.19942,8.11608],"rotation":{"angle":0,"axis":"y","origin":[8.30526,5.63449,7.99427]},"faces":{"north":{"uv":[2,12,2.5,11.75],"rotation":270,"texture":"#5"},"east":{"uv":[2,12,2.5,11.875],"rotation":90,"texture":"#5"},"south":{"uv":[2,12,2.5,11.75],"rotation":90,"texture":"#5"},"west":{"uv":[2,11.875,2.5,11.75],"rotation":270,"texture":"#5"},"up":{"uv":[2.5,11.75,2,12],"rotation":270,"texture":"#5"},"down":{"uv":[2.5,11.75,2,12],"rotation":270,"texture":"#5"}}},{"from":[8.0874,6.37886,7.83966],"to":[8.82396,6.61382,8.13336],"rotation":{"angle":45,"axis":"z","origin":[7.98026,5.63449,7.99427]},"faces":{"north":{"uv":[2.5,11.75,2,12],"texture":"#5"},"east":{"uv":[2.5,11.75,2,12],"texture":"#5"},"south":{"uv":[2.5,11.75,2,12],"texture":"#5"},"west":{"uv":[2.5,11.75,2,12],"texture":"#5"},"up":{"uv":[2,11.875,2.5,11.75],"texture":"#5"},"down":{"uv":[2,12,2.5,11.875],"rotation":180,"texture":"#5"}}},{"from":[7.00092,5.50666,7.83966],"to":[7.50072,5.74163,8.13336],"rotation":{"angle":-45,"axis":"z","origin":[7.98026,5.63449,7.99427]},"faces":{"north":{"uv":[2.5,11.75,2,12],"texture":"#5"},"east":{"uv":[2.5,11.75,2,12],"texture":"#5"},"south":{"uv":[2.5,11.75,2,12],"texture":"#5"},"west":{"uv":[2.5,11.75,2,12],"texture":"#5"},"up":{"uv":[2,11.875,2.5,11.75],"texture":"#5"},"down":{"uv":[2,12,2.5,11.875],"rotation":180,"texture":"#5"}}},{"from":[7.48197,5.04973,7.8483],"to":[7.71694,5.54953,8.12472],"rotation":{"angle":0,"axis":"y","origin":[7.98026,5.63449,7.99427]},"faces":{"north":{"uv":[2,12,2.5,11.75],"rotation":90,"texture":"#5"},"east":{"uv":[2,11.875,2.5,11.75],"rotation":90,"texture":"#5"},"south":{"uv":[2,12,2.5,11.75],"rotation":270,"texture":"#5"},"west":{"uv":[2,12,2.5,11.875],"rotation":270,"texture":"#5"},"up":{"uv":[2.5,11.75,2,12],"rotation":90,"texture":"#5"},"down":{"uv":[2.5,11.75,2,12],"rotation":90,"texture":"#5"}}},{"from":[7.48197,5.54953,7.8483],"to":[7.71694,6.04933,8.12472],"rotation":{"angle":0,"axis":"y","origin":[7.98026,5.63449,7.99427]},"faces":{"north":{"uv":[2,12,2.5,11.75],"rotation":90,"texture":"#5"},"east":{"uv":[2,11.875,2.5,11.75],"rotation":90,"texture":"#5"},"south":{"uv":[2,12,2.5,11.75],"rotation":270,"texture":"#5"},"west":{"uv":[2,12,2.5,11.875],"rotation":270,"texture":"#5"},"up":{"uv":[2.5,11.75,2,12],"rotation":90,"texture":"#5"},"down":{"uv":[2.5,11.75,2,12],"rotation":90,"texture":"#5"}}},{"from":[7.48197,4.54993,7.8483],"to":[7.71694,5.04973,8.12472],"rotation":{"angle":0,"axis":"y","origin":[7.98026,5.63449,7.99427]},"faces":{"north":{"uv":[2,12,2.5,11.75],"rotation":90,"texture":"#5"},"east":{"uv":[2,11.875,2.5,11.75],"rotation":90,"texture":"#5"},"south":{"uv":[2,12,2.5,11.75],"rotation":270,"texture":"#5"},"west":{"uv":[2,12,2.5,11.875],"rotation":270,"texture":"#5"},"up":{"uv":[2.5,11.75,2,12],"rotation":90,"texture":"#5"},"down":{"uv":[2.5,11.75,2,12],"rotation":90,"texture":"#5"}}},{"from":[7.48197,4.05013,7.8483],"to":[7.71694,4.54993,8.12472],"rotation":{"angle":0,"axis":"y","origin":[7.98026,5.63449,7.99427]},"faces":{"north":{"uv":[2,12,2.5,11.75],"rotation":90,"texture":"#5"},"east":{"uv":[2,11.875,2.5,11.75],"rotation":90,"texture":"#5"},"south":{"uv":[2,12,2.5,11.75],"rotation":270,"texture":"#5"},"west":{"uv":[2,12,2.5,11.875],"rotation":270,"texture":"#5"},"up":{"uv":[2.5,11.75,2,12],"rotation":90,"texture":"#5"},"down":{"uv":[2.5,11.75,2,12],"rotation":90,"texture":"#5"}}},{"from":[7.87537,7.18346,7.85694],"to":[8.11033,7.89062,8.11608],"rotation":{"angle":0,"axis":"y","origin":[8.30526,5.63449,7.99427]},"faces":{"north":{"uv":[2,12,2.5,11.75],"rotation":270,"texture":"#5"},"east":{"uv":[2,12,2.5,11.875],"rotation":90,"texture":"#5"},"south":{"uv":[2,12,2.5,11.75],"rotation":90,"texture":"#5"},"west":{"uv":[2,11.875,2.5,11.75],"rotation":270,"texture":"#5"},"up":{"uv":[2.5,11.75,2,12],"rotation":270,"texture":"#5"},"down":{"uv":[2.5,11.75,2,12],"rotation":270,"texture":"#5"}}},{"from":[7.87537,7.87466,7.85694],"to":[8.11033,8.58182,8.11608],"rotation":{"angle":0,"axis":"y","origin":[8.30526,5.63449,7.99427]},"faces":{"north":{"uv":[2,12,2.5,11.75],"rotation":270,"texture":"#5"},"east":{"uv":[2,12,2.5,11.875],"rotation":90,"texture":"#5"},"south":{"uv":[2,12,2.5,11.75],"rotation":90,"texture":"#5"},"west":{"uv":[2,11.875,2.5,11.75],"rotation":270,"texture":"#5"},"up":{"uv":[2.5,11.75,2,12],"rotation":270,"texture":"#5"},"down":{"uv":[2.5,11.75,2,12],"rotation":270,"texture":"#5"}}},{"from":[7.87537,8.56586,7.85694],"to":[8.11033,9.27302,8.11608],"rotation":{"angle":0,"axis":"y","origin":[8.30526,5.63449,7.99427]},"faces":{"north":{"uv":[2,12,2.5,11.75],"rotation":270,"texture":"#5"},"east":{"uv":[2,12,2.5,11.875],"rotation":90,"texture":"#5"},"south":{"uv":[2,12,2.5,11.75],"rotation":90,"texture":"#5"},"west":{"uv":[2,11.875,2.5,11.75],"rotation":270,"texture":"#5"},"up":{"uv":[2.5,11.75,2,12],"rotation":270,"texture":"#5"},"down":{"uv":[2.5,11.75,2,12],"rotation":270,"texture":"#5"}}},{"from":[7.87537,9.25706,7.85694],"to":[8.11033,9.96422,8.11608],"rotation":{"angle":0,"axis":"y","origin":[8.30526,5.63449,7.99427]},"faces":{"north":{"uv":[2,12,2.5,11.75],"rotation":270,"texture":"#5"},"east":{"uv":[2,12,2.5,11.875],"rotation":90,"texture":"#5"},"south":{"uv":[2,12,2.5,11.75],"rotation":90,"texture":"#5"},"west":{"uv":[2,11.875,2.5,11.75],"rotation":270,"texture":"#5"},"up":{"uv":[2.5,11.75,2,12],"rotation":270,"texture":"#5"},"down":{"uv":[2.5,11.75,2,12],"rotation":270,"texture":"#5"}}}],"gui_light":"front","display":{"thirdperson_righthand":{"rotation":[0,110,0],"translation":[0,5,0.75]},"thirdperson_lefthand":{"rotation":[0,110,0],"translation":[0,5,0.75]},"firstperson_righthand":{"rotation":[-25,77,0],"translation":[1.75,6.5,0],"scale":[1.20898,1.20898,1.20898]},"firstperson_lefthand":{"rotation":[-25,77,0],"translation":[1.75,6.5,0],"scale":[1.20898,1.20898,1.20898]},"ground":{"translation":[0,5,0]},"gui":{"rotation":[10.29,3.17,-45.68],"translation":[3.5,2.5,0],"scale":[1.67859,1.67859,1.67859]},"fixed":{"rotation":[0,0,34.5],"translation":[-2.75,6,-1.25],"scale":[2.69875,2.69875,2.69875]}},"groups":[{"name":"group","origin":[8.00849,0.26342,3.45073],"color":0,"nbt":"{}","armAnimationEnabled":false,"children":[{"name":"group","origin":[7.98095,16.90087,7.99483],"color":0,"nbt":"{}","armAnimationEnabled":false,"children":[0,1,2,3,4,5,6,7,8,9,10,11,12,13,14,15,16,17,18,19,20,21,22,23,24,25,26,27,28,29,30,31,32,33,34,35,36,37,38,39,40,41,42,43,44,45]}]}]}