{"credit":"Made with Blockbench","texture_size":[128,128],"textures":{"3":"rainbowset:rainbowset/rainbow_axe"},"elements":[{"from":[7.08575,-4.58115,7.07991],"to":[8.90575,-1.66915,8.89991],"rotation":{"angle":0,"axis":"y","origin":[8,8.31477,7.9905]},"faces":{"north":{"uv":[1,8,1.5,9],"texture":"#3"},"east":{"uv":[1.5,9.5,2,10.5],"texture":"#3"},"south":{"uv":[1.5,8,2,9],"texture":"#3"},"west":{"uv":[0.5,10,1,11],"texture":"#3"},"up":{"uv":[4,12,3.5,11.5],"texture":"#3"},"down":{"uv":[4,8,3.5,8.5],"texture":"#3"}}},{"from":[7.08575,2.26915,7.07991],"to":[8.90575,5.18115,8.89991],"rotation":{"angle":0,"axis":"y","origin":[8,-7.71477,7.9905]},"faces":{"north":{"uv":[1,9,1.5,8],"texture":"#3"},"east":{"uv":[1.5,10.5,2,9.5],"texture":"#3"},"south":{"uv":[1.5,9,2,8],"texture":"#3"},"west":{"uv":[0.5,11,1,10],"texture":"#3"},"up":{"uv":[4,8.5,3.5,8],"texture":"#3"},"down":{"uv":[4,11.5,3.5,12],"texture":"#3"}}},{"from":[7.26775,-1.66915,7.26191],"to":[8.72375,3.06285,8.71791],"rotation":{"angle":0,"axis":"y","origin":[8,8.31477,7.9905]},"faces":{"north":{"uv":[0,8,0.5,9.5],"texture":"#3"},"east":{"uv":[0.5,8.5,1,10],"texture":"#3"},"south":{"uv":[1,9,1.5,10.5],"texture":"#3"},"west":{"uv":[0,9.5,0.5,11],"texture":"#3"},"up":{"uv":[4,9,3.5,8.5],"texture":"#3"},"down":{"uv":[4,9,3.5,9.5],"texture":"#3"}}},{"from":[7.08575,4.70085,7.07991],"to":[8.90575,6.70285,8.89991],"rotation":{"angle":0,"axis":"y","origin":[8,8.31477,7.9905]},"faces":{"north":{"uv":[3.5,11,3.625,11.5],"texture":"#3"},"east":{"uv":[4,11,3.5,11.5],"texture":"#3"},"south":{"uv":[3.875,11,4,11.5],"texture":"#3"},"west":{"uv":[3.5,11,4,11.5],"texture":"#3"},"up":{"uv":[3.5,11,4,11.125],"rotation":90,"texture":"#3"},"down":{"uv":[1,12,0.5,12.5],"texture":"#3"}}},{"from":[7.44975,9.97885,7.44391],"to":[8.54175,17.62285,8.53591],"rotation":{"angle":0,"axis":"y","origin":[8,8.31477,7.9905]},"faces":{"north":{"uv":[7.5,8.25,7.625,10.625],"texture":"#3"},"east":{"uv":[7.875,8.25,7.5,10.625],"texture":"#3"},"south":{"uv":[7.75,8.25,7.875,10.625],"texture":"#3"},"west":{"uv":[7.5,8.25,7.875,10.625],"texture":"#3"},"up":{"uv":[0,0,0.075,0.075],"rotation":180,"texture":"#missing"},"down":{"uv":[0,0,0.075,0.075],"rotation":180,"texture":"#missing"}}},{"from":[7.48575,17.25885,0.82191],"to":[8.50575,18.89685,7.62591],"rotation":{"angle":0,"axis":"y","origin":[8,8.31477,7.9905]},"faces":{"north":{"uv":[2.5,8,2.625,8.5],"texture":"#3"},"east":{"uv":[3.5,8,2.5,8.5],"texture":"#3"},"south":{"uv":[2.5,12,3,12.5],"texture":"#3"},"west":{"uv":[2.5,8,3.5,8.5],"texture":"#3"},"up":{"uv":[2.5,8,3.5,8.125],"rotation":90,"texture":"#3"},"down":{"uv":[2.5,8.375,3.5,8.5],"rotation":270,"texture":"#3"}}},{"from":[8.00575,8.45885,-2.27809],"to":[8.00575,18.89685,7.92591],"rotation":{"angle":0,"axis":"y","origin":[7.8,8.31477,7.9905]},"faces":{"north":{"uv":[2.5,8,2.625,8.5],"texture":"#3"},"east":{"uv":[15.5,0,8,8],"texture":"#3"},"south":{"uv":[2.5,12,3,12.5],"texture":"#3"},"west":{"uv":[8,0,15.5,8],"texture":"#3"},"up":{"uv":[2.5,8,3.5,8.125],"rotation":90,"texture":"#3"},"down":{"uv":[2.5,8.375,3.5,8.5],"rotation":270,"texture":"#3"}}},{"from":[7.26775,6.70285,7.26191],"to":[8.72375,9.97885,8.71791],"rotation":{"angle":0,"axis":"y","origin":[8,7.58677,7.9905]},"faces":{"north":{"uv":[1,10.5,1.125,11.5],"texture":"#3"},"east":{"uv":[1.5,10.5,1,11.5],"texture":"#3"},"south":{"uv":[1.375,10.5,1.5,11.5],"texture":"#3"},"west":{"uv":[1,10.5,1.5,11.5],"texture":"#3"},"up":{"uv":[1,10.5,1.5,10.625],"rotation":90,"texture":"#3"},"down":{"uv":[2,12,1.5,12.5],"texture":"#3"}}},{"from":[6.73358,-4.74457,6.71682],"to":[9.2834,-3.9647,9.263],"rotation":{"angle":0,"axis":"y","origin":[8,8.31477,7.9905]},"faces":{"north":{"uv":[2,11.75,2.5,12],"texture":"#3"},"east":{"uv":[2,11.75,2.5,12],"texture":"#3"},"south":{"uv":[2,11.75,2.5,12],"texture":"#3"},"west":{"uv":[2,11.75,2.5,12],"texture":"#3"},"up":{"uv":[2,11.75,2.5,11.875],"rotation":90,"texture":"#3"},"down":{"uv":[2,11.875,2.5,12],"rotation":90,"texture":"#3"}}},{"from":[6.73358,-3.28857,6.71682],"to":[9.2834,-2.5087,9.263],"rotation":{"angle":0,"axis":"y","origin":[8,9.77077,7.9905]},"faces":{"north":{"uv":[2,11.75,2.5,12],"texture":"#3"},"east":{"uv":[2,11.75,2.5,12],"texture":"#3"},"south":{"uv":[2,11.75,2.5,12],"texture":"#3"},"west":{"uv":[2,11.75,2.5,12],"texture":"#3"},"up":{"uv":[2,11.75,2.5,11.875],"rotation":90,"texture":"#3"},"down":{"uv":[2,11.875,2.5,12],"rotation":90,"texture":"#3"}}},{"from":[7.63358,11.61143,4.91682],"to":[8.3834,12.3913,7.663],"rotation":{"angle":0,"axis":"y","origin":[8,24.67077,6.7905]},"faces":{"north":{"uv":[2,11.75,2.5,12],"texture":"#3"},"east":{"uv":[2,11.75,2.5,12],"texture":"#3"},"south":{"uv":[2,11.75,2.5,12],"texture":"#3"},"west":{"uv":[2,11.75,2.5,12],"texture":"#3"},"up":{"uv":[2,11.75,2.5,11.875],"rotation":90,"texture":"#3"},"down":{"uv":[2,11.875,2.5,12],"rotation":90,"texture":"#3"}}},{"from":[7.63358,11.61143,1.42446],"to":[8.3834,12.3913,3.17064],"rotation":{"angle":0,"axis":"y","origin":[8,24.67077,2.29814]},"faces":{"north":{"uv":[2,11.75,2.5,12],"texture":"#3"},"east":{"uv":[2,11.75,2.5,12],"texture":"#3"},"south":{"uv":[2,11.75,2.5,12],"texture":"#3"},"west":{"uv":[2,11.75,2.5,12],"texture":"#3"},"up":{"uv":[2,11.75,2.5,11.875],"rotation":90,"texture":"#3"},"down":{"uv":[2,11.875,2.5,12],"rotation":90,"texture":"#3"}}},{"from":[7.63358,11.61143,3.17064],"to":[8.3834,12.3913,4.91682],"rotation":{"angle":0,"axis":"y","origin":[8,24.67077,4.04432]},"faces":{"north":{"uv":[2,11.75,2.5,12],"texture":"#3"},"east":{"uv":[2,11.75,2.5,12],"texture":"#3"},"south":{"uv":[2,11.75,2.5,12],"texture":"#3"},"west":{"uv":[2,11.75,2.5,12],"texture":"#3"},"up":{"uv":[2,11.75,2.5,11.875],"rotation":90,"texture":"#3"},"down":{"uv":[2,11.875,2.5,12],"rotation":90,"texture":"#3"}}},{"from":[6.73358,3.08143,6.71682],"to":[9.2834,4.5893,9.263],"rotation":{"angle":0,"axis":"y","origin":[8,16.14077,7.9905]},"faces":{"north":{"uv":[2,11.625,2.5,12],"texture":"#3"},"east":{"uv":[2,11.625,2.5,12],"texture":"#3"},"south":{"uv":[2,11.625,2.5,12],"texture":"#3"},"west":{"uv":[2,11.625,2.5,12],"texture":"#3"},"up":{"uv":[2,11.75,2.5,11.875],"rotation":90,"texture":"#3"},"down":{"uv":[2,11.875,2.5,12],"rotation":90,"texture":"#3"}}},{"from":[6.91558,-2.03564,-2.35165],"to":[9.1014,-0.39127,-0.71547],"rotation":{"angle":-45,"axis":"x","origin":[8,8.31477,7.9905]},"faces":{"north":{"uv":[2.5,11,2.625,11.5],"texture":"#3"},"east":{"uv":[3,11,2.5,11.5],"texture":"#3"},"south":{"uv":[2.875,11,3,11.5],"texture":"#3"},"west":{"uv":[2.5,11,3,11.5],"texture":"#3"},"up":{"uv":[2.5,11,3,11.125],"rotation":90,"texture":"#3"},"down":{"uv":[2.5,11,2.625,11.5],"texture":"#3"}}},{"from":[6.91558,0.16052,-2.71565],"to":[9.1014,2.16889,-0.71547],"rotation":{"angle":45,"axis":"x","origin":[8,-8.54552,7.9905]},"faces":{"north":{"uv":[2.5,11.5,2.625,11],"texture":"#3"},"east":{"uv":[3,11.5,2.5,11],"texture":"#3"},"south":{"uv":[2.875,11.5,3,11],"texture":"#3"},"west":{"uv":[2.5,11.5,3,11],"texture":"#3"},"up":{"uv":[2.5,11.5,2.625,11],"texture":"#3"},"down":{"uv":[3,11,2.5,11.125],"rotation":90,"texture":"#3"}}},{"from":[7.09157,13.94952,13.63466],"to":[8.92542,16.05432,15.72897],"rotation":{"angle":-45,"axis":"x","origin":[8,8.31477,7.9905]},"faces":{"north":{"uv":[7.25,11.875,7.375,11.25],"texture":"#3"},"east":{"uv":[7.875,11.875,7.25,11.25],"texture":"#3"},"south":{"uv":[7.75,11.875,7.875,11.25],"texture":"#3"},"west":{"uv":[7.25,11.875,7.875,11.25],"texture":"#3"},"up":{"uv":[7.25,11.875,7.875,11.75],"rotation":90,"texture":"#3"},"down":{"uv":[7.25,11.875,7.375,11.25],"texture":"#3"}}},{"from":[7.79157,13.94952,14.23466],"to":[8.22542,16.05432,16.32897],"rotation":{"angle":-45,"axis":"x","origin":[8,8.31477,8.5905]},"faces":{"north":{"uv":[7.25,11.875,7.375,11.25],"texture":"#3"},"east":{"uv":[7.875,11.875,7.25,11.25],"texture":"#3"},"south":{"uv":[7.75,11.875,7.875,11.25],"texture":"#3"},"west":{"uv":[7.25,11.875,7.875,11.25],"texture":"#3"},"up":{"uv":[7.25,11.875,7.875,11.75],"rotation":90,"texture":"#3"},"down":{"uv":[7.25,11.875,7.375,11.25],"texture":"#3"}}},{"from":[7.99157,13.52762,8.04105],"to":[7.99157,21.62193,16.14584],"rotation":{"angle":0,"axis":"y","origin":[8.00849,18.57478,9.09344]},"faces":{"north":{"uv":[7.25,11.875,7.875,11.75],"rotation":270,"texture":"#3"},"east":{"uv":[7.25,3.25,7.875,3.875],"rotation":270,"texture":"#3"},"south":{"uv":[7.25,11.875,7.375,11.25],"texture":"#3"},"west":{"uv":[0,8,8,0],"rotation":270,"texture":"#3"},"up":{"uv":[7.75,11.875,7.875,11.25],"texture":"#3"},"down":{"uv":[7.25,11.875,7.375,11.25],"rotation":180,"texture":"#3"}}},{"from":[8.00843,13.52762,8.04105],"to":[8.00843,21.62193,16.14584],"rotation":{"angle":0,"axis":"y","origin":[7.99151,18.57478,9.09344]},"faces":{"north":{"uv":[7.25,11.75,7.875,11.875],"rotation":270,"texture":"#3"},"east":{"uv":[0,0,8,8],"rotation":270,"texture":"#3"},"south":{"uv":[7.375,11.875,7.25,11.25],"texture":"#3"},"west":{"uv":[7.25,3.875,7.875,3.25],"rotation":270,"texture":"#3"},"up":{"uv":[7.875,11.875,7.75,11.25],"texture":"#3"},"down":{"uv":[7.375,11.875,7.25,11.25],"rotation":180,"texture":"#3"}}}],"gui_light":"front","display":{"thirdperson_righthand":{"translation":[0,4.25,1.25],"scale":[0.80078,0.80078,0.80078]},"thirdperson_lefthand":{"translation":[0,4.25,1.25],"scale":[0.80078,0.80078,0.80078]},"firstperson_righthand":{"rotation":[-8.11,10.46,1.44],"translation":[2.5,2.5,0],"scale":[0.64,0.64,0.64]},"firstperson_lefthand":{"rotation":[-8.11,10.46,1.44],"translation":[2.5,2.5,0],"scale":[0.64,0.64,0.64]},"ground":{"translation":[0,1.75,0],"scale":[0.37,0.37,0.36]},"gui":{"rotation":[93,47,-94],"translation":[-0.5,-0.25,0],"scale":[0.61375,0.61375,0.61375]},"fixed":{"rotation":[0,90,0],"translation":[0,0.5,-3.25],"scale":[1.67578,1.67578,1.67578]}}}