{"credit":"Made with Blockbench","texture_size":[128,64],"textures":{"2":"rainbowset:rainbowset/rainbow_pickaxe"},"elements":[{"from":[7.08575,-4.58115,7.07991],"to":[8.90575,-1.66915,8.89991],"rotation":{"angle":0,"axis":"y","origin":[8,8.31477,7.9905]},"faces":{"north":{"uv":[9,0,9.5,2],"texture":"#2"},"east":{"uv":[9.5,3,10,5],"texture":"#2"},"south":{"uv":[9.5,0,10,2],"texture":"#2"},"west":{"uv":[8.5,4,9,6],"texture":"#2"},"up":{"uv":[12,8,11.5,7],"texture":"#2"},"down":{"uv":[12,0,11.5,1],"texture":"#2"}}},{"from":[7.08575,2.26915,7.07991],"to":[8.90575,5.18115,8.89991],"rotation":{"angle":0,"axis":"y","origin":[8,-7.71477,7.9905]},"faces":{"north":{"uv":[9,2,9.5,0],"texture":"#2"},"east":{"uv":[9.5,5,10,3],"texture":"#2"},"south":{"uv":[9.5,2,10,0],"texture":"#2"},"west":{"uv":[8.5,6,9,4],"texture":"#2"},"up":{"uv":[12,1,11.5,0],"texture":"#2"},"down":{"uv":[12,7,11.5,8],"texture":"#2"}}},{"from":[7.26775,-1.66915,7.26191],"to":[8.72375,3.06285,8.71791],"rotation":{"angle":0,"axis":"y","origin":[8,8.31477,7.9905]},"faces":{"north":{"uv":[8,0,8.5,3],"texture":"#2"},"east":{"uv":[8.5,1,9,4],"texture":"#2"},"south":{"uv":[9,2,9.5,5],"texture":"#2"},"west":{"uv":[8,3,8.5,6],"texture":"#2"},"up":{"uv":[12,2,11.5,1],"texture":"#2"},"down":{"uv":[12,2,11.5,3],"texture":"#2"}}},{"from":[7.08575,4.70085,7.07991],"to":[8.90575,6.70285,8.89991],"rotation":{"angle":0,"axis":"y","origin":[8,8.31477,7.9905]},"faces":{"north":{"uv":[11.5,6,11.625,7],"texture":"#2"},"east":{"uv":[12,6,11.5,7],"texture":"#2"},"south":{"uv":[11.875,6,12,7],"texture":"#2"},"west":{"uv":[11.5,6,12,7],"texture":"#2"},"up":{"uv":[11.5,6,12,6.25],"rotation":90,"texture":"#2"},"down":{"uv":[9,8,8.5,9],"texture":"#2"}}},{"from":[7.44975,9.97885,7.44391],"to":[8.54175,17.62285,8.53591],"rotation":{"angle":0,"axis":"y","origin":[8,8.31477,7.9905]},"faces":{"north":{"uv":[15.5,0.5,15.625,5.25],"texture":"#2"},"east":{"uv":[15.875,0.5,15.5,5.25],"texture":"#2"},"south":{"uv":[15.75,0.5,15.875,5.25],"texture":"#2"},"west":{"uv":[15.5,0.5,15.875,5.25],"texture":"#2"},"up":{"uv":[0,0,0.075,0.15],"rotation":180,"texture":"#missing"},"down":{"uv":[0,0,0.075,0.15],"rotation":180,"texture":"#missing"}}},{"from":[7.08575,17.25885,3.62191],"to":[8.90575,18.89685,7.62591],"rotation":{"angle":0,"axis":"y","origin":[8,8.31477,7.9905]},"faces":{"north":{"uv":[10.5,0,10.625,1],"texture":"#2"},"east":{"uv":[11.5,0,10.5,1],"texture":"#2"},"south":{"uv":[10.5,8,11,9],"texture":"#2"},"west":{"uv":[10.5,0,11.5,1],"texture":"#2"},"up":{"uv":[10.5,0,11.5,0.25],"rotation":90,"texture":"#2"},"down":{"uv":[10.5,0.75,11.5,1],"rotation":270,"texture":"#2"}}},{"from":[7.08575,17.25885,8.37409],"to":[8.90575,18.89685,12.37809],"rotation":{"angle":0,"axis":"y","origin":[8,8.31477,8.0095]},"faces":{"north":{"uv":[11,8,10.5,9],"texture":"#2"},"east":{"uv":[10.5,0,11.5,1],"texture":"#2"},"south":{"uv":[10.625,0,10.5,1],"texture":"#2"},"west":{"uv":[11.5,0,10.5,1],"texture":"#2"},"up":{"uv":[11.5,0,10.5,0.25],"rotation":90,"texture":"#2"},"down":{"uv":[11.5,0.75,10.5,1],"rotation":270,"texture":"#2"}}},{"from":[8.00575,13.05885,7.99909],"to":[8.00575,21.49685,18.20309],"rotation":{"angle":0,"axis":"y","origin":[7.8,10.91477,8.0095]},"faces":{"north":{"uv":[11,8,10.5,9],"texture":"#2"},"east":{"uv":[8,9.25,12.125,16],"texture":"#2"},"south":{"uv":[10.625,0,10.5,1],"texture":"#2"},"west":{"uv":[12.125,9.25,8,16],"texture":"#2"},"up":{"uv":[11.5,0,10.5,0.25],"rotation":90,"texture":"#2"},"down":{"uv":[11.5,0.75,10.5,1],"rotation":270,"texture":"#2"}}},{"from":[6.20575,14.85885,8.07409],"to":[6.20575,25.29685,18.27809],"rotation":{"angle":0,"axis":"y","origin":[6,12.71477,8.0095]},"faces":{"north":{"uv":[11,8,10.5,9],"texture":"#2"},"east":{"uv":[0,0,7.5,16],"texture":"#2"},"south":{"uv":[10.625,0,10.5,1],"texture":"#2"},"west":{"uv":[7.5,0,0,16],"texture":"#2"},"up":{"uv":[11.5,0,10.5,0.25],"rotation":90,"texture":"#2"},"down":{"uv":[11.5,0.75,10.5,1],"rotation":270,"texture":"#2"}}},{"from":[8.00575,13.05885,-2.20309],"to":[8.00575,21.49685,8.00091],"rotation":{"angle":0,"axis":"y","origin":[7.8,10.91477,7.9905]},"faces":{"north":{"uv":[10.5,0,10.625,1],"texture":"#2"},"east":{"uv":[12.125,9.25,8,16],"texture":"#2"},"south":{"uv":[10.5,8,11,9],"texture":"#2"},"west":{"uv":[8,9.25,12.125,16],"texture":"#2"},"up":{"uv":[10.5,0,11.5,0.25],"rotation":90,"texture":"#2"},"down":{"uv":[10.5,0.75,11.5,1],"rotation":270,"texture":"#2"}}},{"from":[7.44975,18.48913,4.72803],"to":[8.54175,19.39913,8.00403],"rotation":{"angle":-22.5,"axis":"x","origin":[8,8.31477,7.9905]},"faces":{"north":{"uv":[10.5,4,10.625,5],"texture":"#2"},"east":{"uv":[11.5,4,10.5,5],"texture":"#2"},"south":{"uv":[11.5,8,12,9],"texture":"#2"},"west":{"uv":[10.5,4,11.5,5],"texture":"#2"},"up":{"uv":[10.5,4,11.5,4.25],"texture":"#2"},"down":{"uv":[10.5,4.75,11.5,5],"rotation":270,"texture":"#2"}}},{"from":[7.44975,18.48913,7.99597],"to":[8.54175,19.39913,11.27197],"rotation":{"angle":22.5,"axis":"x","origin":[8,8.31477,8.0095]},"faces":{"north":{"uv":[12,8,11.5,9],"texture":"#2"},"east":{"uv":[10.5,4,11.5,5],"texture":"#2"},"south":{"uv":[10.625,4,10.5,5],"texture":"#2"},"west":{"uv":[11.5,4,10.5,5],"texture":"#2"},"up":{"uv":[10.5,4.25,11.5,4],"texture":"#2"},"down":{"uv":[11.5,4.75,10.5,5],"rotation":270,"texture":"#2"}}},{"from":[7.63175,19.07587,6.48817],"to":[8.35975,19.62187,9.21817],"rotation":{"angle":-45,"axis":"x","origin":[8,8.31477,7.9905]},"faces":{"north":{"uv":[12,2,12.5,3],"texture":"#2"},"east":{"uv":[12.5,2,12,3],"texture":"#2"},"south":{"uv":[12,1,12.5,2],"texture":"#2"},"west":{"uv":[12,2,12.5,3],"texture":"#2"},"up":{"uv":[12,2,12.5,2.25],"texture":"#2"},"down":{"uv":[12,2.75,12.5,3],"texture":"#2"}}},{"from":[7.63175,19.07587,6.78183],"to":[8.35975,19.62187,9.51183],"rotation":{"angle":45,"axis":"x","origin":[8,8.31477,8.0095]},"faces":{"north":{"uv":[12.5,1,12,2],"texture":"#2"},"east":{"uv":[12,2,12.5,3],"texture":"#2"},"south":{"uv":[12.5,2,12,3],"texture":"#2"},"west":{"uv":[12.5,2,12,3],"texture":"#2"},"up":{"uv":[12,2.25,12.5,2],"texture":"#2"},"down":{"uv":[12,3,12.5,2.75],"texture":"#2"}}},{"from":[7.26775,6.70285,7.26191],"to":[8.72375,9.97885,8.71791],"rotation":{"angle":0,"axis":"y","origin":[8,7.58677,7.9905]},"faces":{"north":{"uv":[9,5,9.125,7],"texture":"#2"},"east":{"uv":[9.5,5,9,7],"texture":"#2"},"south":{"uv":[9.375,5,9.5,7],"texture":"#2"},"west":{"uv":[9,5,9.5,7],"texture":"#2"},"up":{"uv":[9,5,9.5,5.25],"rotation":90,"texture":"#2"},"down":{"uv":[10,8,9.5,9],"texture":"#2"}}},{"from":[6.73358,-4.74457,6.71682],"to":[9.2834,-3.9647,9.263],"rotation":{"angle":0,"axis":"y","origin":[8,8.31477,7.9905]},"faces":{"north":{"uv":[10,7.5,10.5,8],"texture":"#2"},"east":{"uv":[10,7.5,10.5,8],"texture":"#2"},"south":{"uv":[10,7.5,10.5,8],"texture":"#2"},"west":{"uv":[10,7.5,10.5,8],"texture":"#2"},"up":{"uv":[10,7.5,10.5,7.75],"rotation":90,"texture":"#2"},"down":{"uv":[10,7.75,10.5,8],"rotation":90,"texture":"#2"}}},{"from":[6.73358,-3.28857,6.71682],"to":[9.2834,-2.5087,9.263],"rotation":{"angle":0,"axis":"y","origin":[8,9.77077,7.9905]},"faces":{"north":{"uv":[10,7.5,10.5,8],"texture":"#2"},"east":{"uv":[10,7.5,10.5,8],"texture":"#2"},"south":{"uv":[10,7.5,10.5,8],"texture":"#2"},"west":{"uv":[10,7.5,10.5,8],"texture":"#2"},"up":{"uv":[10,7.5,10.5,7.75],"rotation":90,"texture":"#2"},"down":{"uv":[10,7.75,10.5,8],"rotation":90,"texture":"#2"}}},{"from":[6.73358,3.08143,6.71682],"to":[9.2834,4.5893,9.263],"rotation":{"angle":0,"axis":"y","origin":[8,16.14077,7.9905]},"faces":{"north":{"uv":[10,7.25,10.5,8],"texture":"#2"},"east":{"uv":[10,7.25,10.5,8],"texture":"#2"},"south":{"uv":[10,7.25,10.5,8],"texture":"#2"},"west":{"uv":[10,7.25,10.5,8],"texture":"#2"},"up":{"uv":[10,7.5,10.5,7.75],"rotation":90,"texture":"#2"},"down":{"uv":[10,7.75,10.5,8],"rotation":90,"texture":"#2"}}},{"from":[6.91558,-2.03564,-2.35165],"to":[9.1014,-0.39127,-0.71547],"rotation":{"angle":-45,"axis":"x","origin":[8,8.31477,7.9905]},"faces":{"north":{"uv":[10.5,6,10.625,7],"texture":"#2"},"east":{"uv":[11,6,10.5,7],"texture":"#2"},"south":{"uv":[10.875,6,11,7],"texture":"#2"},"west":{"uv":[10.5,6,11,7],"texture":"#2"},"up":{"uv":[10.5,6,11,6.25],"rotation":90,"texture":"#2"},"down":{"uv":[10.5,6,10.625,7],"texture":"#2"}}},{"from":[6.91558,0.16052,-2.71565],"to":[9.1014,2.16889,-0.71547],"rotation":{"angle":45,"axis":"x","origin":[8,-8.54552,7.9905]},"faces":{"north":{"uv":[10.5,7,10.625,6],"texture":"#2"},"east":{"uv":[11,7,10.5,6],"texture":"#2"},"south":{"uv":[10.875,7,11,6],"texture":"#2"},"west":{"uv":[10.5,7,11,6],"texture":"#2"},"up":{"uv":[10.5,7,10.625,6],"texture":"#2"},"down":{"uv":[11,6,10.5,6.25],"rotation":90,"texture":"#2"}}},{"from":[6.79157,13.94952,13.63466],"to":[9.22542,16.05432,15.72897],"rotation":{"angle":-45,"axis":"x","origin":[8,8.31477,7.9905]},"faces":{"north":{"uv":[15.25,7.75,15.375,6.5],"texture":"#2"},"east":{"uv":[15.875,7.75,15.25,6.5],"texture":"#2"},"south":{"uv":[15.75,7.75,15.875,6.5],"texture":"#2"},"west":{"uv":[15.25,7.75,15.875,6.5],"texture":"#2"},"up":{"uv":[15.25,7.75,15.875,7.5],"rotation":90,"texture":"#2"},"down":{"uv":[15.25,7.75,15.375,6.5],"texture":"#2"}}}],"gui_light":"front","display":{"thirdperson_righthand":{"translation":[0,4.25,1.25],"scale":[0.80078,0.80078,0.80078]},"thirdperson_lefthand":{"translation":[0,4.25,1.25],"scale":[0.80078,0.80078,0.80078]},"firstperson_righthand":{"rotation":[-8.11,10.46,1.44],"translation":[2.5,2.5,0],"scale":[0.64,0.64,0.64]},"firstperson_lefthand":{"rotation":[-8.11,10.46,1.44],"translation":[2.5,2.5,0],"scale":[0.64,0.64,0.64]},"ground":{"translation":[0,1.75,0],"scale":[0.37,0.37,0.36]},"gui":{"rotation":[93,47,-94],"translation":[-1.5,-0.25,0],"scale":[0.61375,0.61375,0.61375]},"fixed":{"rotation":[0,90,0],"translation":[0,0.75,-2],"scale":[1.52734,1.53516,1.52734]}}}