{
  "credit": "MadewithBlockbench",
  "textures": {
    "0": "block/spruce_log",
    "1": "block/spruce_log_top",
    "2": "block/stripped_spruce_log",
    "particle": "block/spruce_log"
  },
  "elements": [
    {
      "from": [
        7,
        3,
        7
      ],
      "to": [
        9,
        13,
        9
      ],
      "faces": {
        "north": {
          "uv": [
            0,
            0,
            6,
            16
          ],
          "texture": "#2"
        },
        "east": {
          "uv": [
            0,
            0,
            6,
            16
          ],
          "texture": "#2"
        },
        "south": {
          "uv": [
            0,
            0,
            6,
            16
          ],
          "texture": "#2"
        },
        "west": {
          "uv": [
            0,
            0,
            6,
            16
          ],
          "texture": "#0"
        },
        "up": {
          "uv": [
            0,
            0,
            16,
            16
          ],
          "texture": "#1"
        },
        "down": {
          "uv": [
            0,
            0,
            16,
            16
          ],
          "texture": "#1"
        }
      }
    }
  ],
  "display": {
    "thirdperson_righthand": {
      "translation": [
        0,
        0.75,
        -1
      ]
    },
    "firstperson_righthand": {
      "rotation": [
        4,
        -11,
        0
      ],
      "translation": [
        3.5,
        0,
        0
      ]
    },
    "ground": {
      "rotation": [
        91,
        0,
        0
      ],
      "translation": [
        0,
        1.5,
        0
      ]
    },
    "gui": {
      "rotation": [
        25,
        45,
        0
      ],
      "translation": [
        0,
        0.5,
        0
      ],
      "scale": [
        1.5,
        1.5,
        1.5
      ]
    },
    "fixed": {
      "translation": [
        0,
        0,
        -1
      ]
    }
  }
}