{"credit":"Made with Blockbench","texture_size":[64,64],"textures":{"1":"sorcery_pack:sorcery_pack/axe_sorcery_fx","2":"sorcery_pack:sorcery_pack/axe_sorcery"},"elements":[{"from":[7.2375,-10.94618,5.9487],"to":[8.7375,6.05382,7.4487],"rotation":{"angle":0,"axis":"y","origin":[8,8,8]},"faces":{"north":{"uv":[1.5,5.75,1.875,10],"texture":"#2"},"east":{"uv":[2,5.75,2.375,10],"texture":"#2"},"south":{"uv":[2.5,5.75,2.875,10],"texture":"#2"},"west":{"uv":[5.5,0,5.875,4.25],"texture":"#2"},"up":{"uv":[10.875,3.625,10.5,3.25],"rotation":270,"texture":"#2"},"down":{"uv":[10.875,4.5,10.5,4.875],"rotation":90,"texture":"#2"}}},{"from":[7.2375,8.60323,1.58591],"to":[8.7375,21.60323,2.58591],"rotation":{"angle":-22.5,"axis":"x","origin":[8,8,8]},"faces":{"north":{"uv":[4.5,5.75,4.875,9],"texture":"#2"},"east":{"uv":[6.5,5.75,6.75,9],"texture":"#2"},"south":{"uv":[5,5.75,5.375,9],"texture":"#2"},"west":{"uv":[6.25,5.75,6.5,9],"texture":"#2"},"up":{"uv":[9.25,10.875,9,10.5],"rotation":270,"texture":"#2"},"down":{"uv":[1.25,10.75,1,11.125],"rotation":90,"texture":"#2"}}},{"from":[7.2625,6.48543,1.76718],"to":[8.7125,14.98543,2.76718],"rotation":{"angle":0,"axis":"z","origin":[8,8,8]},"faces":{"north":{"uv":[6.75,0,7.125,2.125],"texture":"#2"},"east":{"uv":[7.5,1,7.75,3.125],"texture":"#2"},"south":{"uv":[6.75,2.25,7.125,4.375],"texture":"#2"},"west":{"uv":[7.25,1,7.5,3.125],"texture":"#2"},"up":{"uv":[1.5,11.125,1.25,10.75],"rotation":270,"texture":"#2"},"down":{"uv":[1.75,10.75,1.5,11.125],"rotation":90,"texture":"#2"}}},{"from":[7.4875,19.80384,-1.38411],"to":[8.4875,20.80384,1.61589],"rotation":{"angle":22.5,"axis":"x","origin":[8,8,8]},"faces":{"north":{"uv":[8.5,3,8.75,3.25],"texture":"#2"},"east":{"uv":[9.5,4.25,10.25,4.5],"texture":"#2"},"south":{"uv":[9.25,2.75,9.5,3],"texture":"#2"},"west":{"uv":[9.5,4,10.25,4.25],"texture":"#2"},"up":{"uv":[10.5,0.75,9.75,0.5],"rotation":270,"texture":"#2"},"down":{"uv":[10.5,0.75,9.75,1],"rotation":90,"texture":"#2"}}},{"from":[7.4875,16.71936,8.83458],"to":[8.4875,17.71936,12.33458],"rotation":{"angle":-45,"axis":"x","origin":[8,8,8]},"faces":{"north":{"uv":[11,4.5,11.25,4.75],"texture":"#2"},"east":{"uv":[9.5,3.25,10.375,3.5],"texture":"#2"},"south":{"uv":[11,4.75,11.25,5],"texture":"#2"},"west":{"uv":[9.25,6,10.125,6.25],"texture":"#2"},"up":{"uv":[10.375,3.75,9.5,3.5],"rotation":270,"texture":"#2"},"down":{"uv":[10.375,3.75,9.5,4],"rotation":90,"texture":"#2"}}},{"from":[7.5125,17.23053,3.89949],"to":[8.4625,19.23053,4.89949],"rotation":{"angle":0,"axis":"z","origin":[8,8,8]},"faces":{"north":{"uv":[5.5,10.5,5.75,11],"texture":"#2"},"east":{"uv":[6.25,10.5,6.5,11],"texture":"#2"},"south":{"uv":[6.5,10.5,6.75,11],"texture":"#2"},"west":{"uv":[5.25,10.5,5.5,11],"texture":"#2"},"up":{"uv":[8.75,11.25,8.5,11],"rotation":270,"texture":"#2"},"down":{"uv":[9,11,8.75,11.25],"rotation":90,"texture":"#2"}}},{"from":[7.4875,13.04168,-2.84067],"to":[8.4875,14.54168,-1.84067],"rotation":{"angle":45,"axis":"x","origin":[8,8,8]},"faces":{"north":{"uv":[2.75,10.75,3,11.125],"texture":"#2"},"east":{"uv":[3.5,10.75,3.75,11.125],"texture":"#2"},"south":{"uv":[3.75,10.75,4,11.125],"texture":"#2"},"west":{"uv":[1.75,10.75,2,11.125],"texture":"#2"},"up":{"uv":[9.25,11.25,9,11],"rotation":270,"texture":"#2"},"down":{"uv":[11.25,9,11,9.25],"rotation":90,"texture":"#2"}}},{"from":[7.4875,13.54167,-1.84068],"to":[8.4875,14.54167,-0.34068],"rotation":{"angle":45,"axis":"x","origin":[8,8,8]},"faces":{"north":{"uv":[11,9.25,11.25,9.5],"texture":"#2"},"east":{"uv":[10.75,5.25,11.125,5.5],"texture":"#2"},"south":{"uv":[11,9.5,11.25,9.75],"texture":"#2"},"west":{"uv":[10.75,5,11.125,5.25],"texture":"#2"},"up":{"uv":[11.125,6.5,10.75,6.25],"rotation":270,"texture":"#2"},"down":{"uv":[11.125,6.5,10.75,6.75],"rotation":90,"texture":"#2"}}},{"from":[7.2875,16.6396,8.23929],"to":[8.6875,18.6396,9.23929],"rotation":{"angle":-45,"axis":"x","origin":[8,8,8]},"faces":{"north":{"uv":[3,9.75,3.375,10.25],"texture":"#2"},"east":{"uv":[8.25,10.5,8.5,11],"texture":"#2"},"south":{"uv":[9.75,5,10.125,5.5],"texture":"#2"},"west":{"uv":[7.75,10.5,8,11],"texture":"#2"},"up":{"uv":[7.5,11.125,7.25,10.75],"rotation":270,"texture":"#2"},"down":{"uv":[7.75,10.75,7.5,11.125],"rotation":90,"texture":"#2"}}},{"from":[7.2375,15.69253,0.64586],"to":[8.7375,18.69253,1.64586],"rotation":{"angle":0,"axis":"z","origin":[8,8,8]},"faces":{"north":{"uv":[8.25,9,8.625,9.75],"texture":"#2"},"east":{"uv":[5.5,9.75,5.75,10.5],"texture":"#2"},"south":{"uv":[8.75,9,9.125,9.75],"texture":"#2"},"west":{"uv":[5.25,9.75,5.5,10.5],"texture":"#2"},"up":{"uv":[11,7.875,10.75,7.5],"rotation":270,"texture":"#2"},"down":{"uv":[8.25,10.75,8,11.125],"rotation":90,"texture":"#2"}}},{"from":[7.2625,10.36059,-4.76092],"to":[8.7125,12.86059,-3.76092],"rotation":{"angle":45,"axis":"x","origin":[8,8,8]},"faces":{"north":{"uv":[9.25,8.5,9.625,9.125],"texture":"#2"},"east":{"uv":[6,10.25,6.25,10.875],"texture":"#2"},"south":{"uv":[9.25,9.25,9.625,9.875],"texture":"#2"},"west":{"uv":[5.75,10.25,6,10.875],"texture":"#2"},"up":{"uv":[11,8.375,10.75,8],"rotation":270,"texture":"#2"},"down":{"uv":[11,8.5,10.75,8.875],"rotation":90,"texture":"#2"}}},{"from":[7.2375,19.75319,2.12073],"to":[8.7375,21.75319,3.12073],"rotation":{"angle":0,"axis":"z","origin":[8,8,8]},"faces":{"north":{"uv":[9.75,5.5,10.125,6],"texture":"#2"},"east":{"uv":[8.75,10.5,9,11],"texture":"#2"},"south":{"uv":[5.75,9.75,6.125,10.25],"texture":"#2"},"west":{"uv":[8.5,10.5,8.75,11],"texture":"#2"},"up":{"uv":[9.5,11.125,9.25,10.75],"rotation":270,"texture":"#2"},"down":{"uv":[9.75,10.75,9.5,11.125],"rotation":90,"texture":"#2"}}},{"from":[7.2625,13.5677,-5.88224],"to":[8.7125,16.70497,-4.93382],"rotation":{"angle":45,"axis":"x","origin":[8,8,8]},"faces":{"north":{"uv":[9.25,0.5,9.625,1.25],"texture":"#2"},"east":{"uv":[9.75,6.25,10,7],"texture":"#2"},"south":{"uv":[9.25,1.25,9.625,2],"texture":"#2"},"west":{"uv":[6.25,9.75,6.5,10.5],"texture":"#2"},"up":{"uv":[10,11.125,9.75,10.75],"rotation":270,"texture":"#2"},"down":{"uv":[11,9.75,10.75,10.125],"rotation":90,"texture":"#2"}}},{"from":[7.2625,13.08348,-6.15438],"to":[8.7125,18.08348,-5.15438],"rotation":{"angle":22.5,"axis":"x","origin":[8,8,8]},"faces":{"north":{"uv":[6.75,7.75,7.125,9],"texture":"#2"},"east":{"uv":[6.75,9,7,10.25],"texture":"#2"},"south":{"uv":[7.75,7,8.125,8.25],"texture":"#2"},"west":{"uv":[6.5,9,6.75,10.25],"texture":"#2"},"up":{"uv":[10.25,11.125,10,10.75],"rotation":270,"texture":"#2"},"down":{"uv":[10.5,10.75,10.25,11.125],"rotation":90,"texture":"#2"}}},{"from":[7.2375,11.89927,-8.93573],"to":[8.7375,16.89927,-7.93573],"rotation":{"angle":45,"axis":"x","origin":[8,8,8]},"faces":{"north":{"uv":[8.25,7,8.625,8.25],"texture":"#2"},"east":{"uv":[9,7.75,9.25,9],"texture":"#2"},"south":{"uv":[7.75,8.25,8.125,9.5],"texture":"#2"},"west":{"uv":[7,9,7.25,10.25],"texture":"#2"},"up":{"uv":[10.75,11.125,10.5,10.75],"rotation":270,"texture":"#2"},"down":{"uv":[11,10.75,10.75,11.125],"rotation":90,"texture":"#2"}}},{"from":[7.2375,26.05218,9.74084],"to":[8.7375,27.05218,12.24084],"rotation":{"angle":-22.5,"axis":"x","origin":[8,8,8]},"faces":{"north":{"uv":[10.75,10.25,11.125,10.5],"texture":"#2"},"east":{"uv":[10.25,4,10.875,4.25],"texture":"#2"},"south":{"uv":[0,11,0.375,11.25],"texture":"#2"},"west":{"uv":[10.25,3,10.875,3.25],"texture":"#2"},"up":{"uv":[10.125,0.375,9.5,0],"rotation":270,"texture":"#2"},"down":{"uv":[10.125,2.75,9.5,3.125],"rotation":90,"texture":"#2"}}},{"from":[7.2375,23.30094,4.00975],"to":[8.7375,26.30094,5.00975],"rotation":{"angle":0,"axis":"z","origin":[8,8,8]},"faces":{"north":{"uv":[9.25,2,9.625,2.75],"texture":"#2"},"east":{"uv":[9.75,7.75,10,8.5],"texture":"#2"},"south":{"uv":[3.5,9.25,3.875,10],"texture":"#2"},"west":{"uv":[9.75,7,10,7.75],"texture":"#2"},"up":{"uv":[11.25,0.375,11,0],"rotation":270,"texture":"#2"},"down":{"uv":[0.75,11,0.5,11.375],"rotation":90,"texture":"#2"}}},{"from":[6.9875,-7.80457,19.96425],"to":[8.9875,-5.80457,21.96425],"rotation":{"angle":45,"axis":"x","origin":[8,8,8]},"faces":{"north":{"uv":[8.75,3.5,9.25,4],"texture":"#2"},"east":{"uv":[9.25,4.5,9.75,5],"texture":"#2"},"south":{"uv":[9.25,5,9.75,5.5],"texture":"#2"},"west":{"uv":[7.25,4,7.75,4.5],"texture":"#2"},"up":{"uv":[9.75,6,9.25,5.5],"rotation":270,"texture":"#2"},"down":{"uv":[9.75,7,9.25,7.5],"rotation":90,"texture":"#2"}}},{"from":[6.9875,-10.44618,5.6987],"to":[8.9875,-9.44618,7.6987],"rotation":{"angle":0,"axis":"y","origin":[8,8,8]},"faces":{"north":{"uv":[10.5,10.5,11,10.75],"texture":"#2"},"east":{"uv":[0,10.75,0.5,11],"texture":"#2"},"south":{"uv":[0.5,10.75,1,11],"texture":"#2"},"west":{"uv":[10,10.5,10.5,10.75],"texture":"#2"},"up":{"uv":[9.75,8,9.25,7.5],"rotation":270,"texture":"#2"},"down":{"uv":[9.75,8,9.25,8.5],"rotation":90,"texture":"#2"}}},{"from":[7.2375,5.48542,2.26717],"to":[8.7375,6.48542,2.76717],"rotation":{"angle":0,"axis":"z","origin":[8,8,8]},"faces":{"north":{"uv":[11,1,11.375,1.25],"texture":"#2"},"east":{"uv":[3.75,11.25,3.875,11.5],"texture":"#2"},"south":{"uv":[11,1.25,11.375,1.5],"texture":"#2"},"west":{"uv":[11.25,3.5,11.375,3.75],"texture":"#2"},"up":{"uv":[11.125,10.875,11,10.5],"rotation":270,"texture":"#2"},"down":{"uv":[11.125,11,11,11.375],"rotation":90,"texture":"#2"}}},{"from":[7.2375,7.45323,1.58591],"to":[8.7375,8.60323,2.08591],"rotation":{"angle":-22.5,"axis":"x","origin":[8,8,8]},"faces":{"north":{"uv":[2,11,2.375,11.25],"texture":"#2"},"east":{"uv":[11.25,4,11.375,4.25],"texture":"#2"},"south":{"uv":[11,2,11.375,2.25],"texture":"#2"},"west":{"uv":[11.25,3.75,11.375,4],"texture":"#2"},"up":{"uv":[0.125,11.625,0,11.25],"rotation":270,"texture":"#2"},"down":{"uv":[11.375,0,11.25,0.375],"rotation":90,"texture":"#2"}}},{"from":[7.2375,6.85323,1.58591],"to":[8.7375,7.60323,1.83591],"rotation":{"angle":-22.5,"axis":"x","origin":[8,8,8]},"faces":{"north":{"uv":[11,2.25,11.375,2.5],"texture":"#2"},"east":{"uv":[11.25,4.5,11.375,4.75],"texture":"#2"},"south":{"uv":[11,2.5,11.375,2.75],"texture":"#2"},"west":{"uv":[11.25,4.25,11.375,4.5],"texture":"#2"},"up":{"uv":[0.375,11.625,0.25,11.25],"rotation":270,"texture":"#2"},"down":{"uv":[11.375,0.5,11.25,0.875],"rotation":90,"texture":"#2"}}},{"from":[7.2375,4.48542,2.51717],"to":[8.7375,5.48542,2.76717],"rotation":{"angle":0,"axis":"z","origin":[8,8,8]},"faces":{"north":{"uv":[11,2.75,11.375,3],"texture":"#2"},"east":{"uv":[11.25,5,11.375,5.25],"texture":"#2"},"south":{"uv":[3,11,3.375,11.25],"texture":"#2"},"west":{"uv":[11.25,4.75,11.375,5],"texture":"#2"},"up":{"uv":[1.125,11.625,1,11.25],"rotation":270,"texture":"#2"},"down":{"uv":[1.375,11.25,1.25,11.625],"rotation":90,"texture":"#2"}}},{"from":[7.2375,23.05514,18.82629],"to":[8.7375,23.55514,19.82629],"rotation":{"angle":-45,"axis":"x","origin":[8,8,8]},"faces":{"north":{"uv":[1.5,11.25,1.875,11.375],"texture":"#2"},"east":{"uv":[11.25,8.5,11.5,8.625],"texture":"#2"},"south":{"uv":[11.25,1.5,11.625,1.625],"texture":"#2"},"west":{"uv":[8.5,11.25,8.75,11.375],"texture":"#2"},"up":{"uv":[1,11.375,0.75,11],"rotation":270,"texture":"#2"},"down":{"uv":[2.75,11,2.5,11.375],"rotation":90,"texture":"#2"}}},{"from":[7.2375,26.55218,12.24084],"to":[8.7375,27.05218,13.39084],"rotation":{"angle":-22.5,"axis":"x","origin":[8,8,8]},"faces":{"north":{"uv":[11.25,1.75,11.625,1.875],"texture":"#2"},"east":{"uv":[11.25,8.75,11.5,8.875],"texture":"#2"},"south":{"uv":[2,11.25,2.375,11.375],"texture":"#2"},"west":{"uv":[8.75,11.25,9,11.375],"texture":"#2"},"up":{"uv":[11.25,3.375,11,3],"rotation":270,"texture":"#2"},"down":{"uv":[11.25,3.5,11,3.875],"rotation":90,"texture":"#2"}}},{"from":[7.2375,26.80218,13.24084],"to":[8.7375,27.05218,13.99084],"rotation":{"angle":-22.5,"axis":"x","origin":[8,8,8]},"faces":{"north":{"uv":[2.75,11.25,3.125,11.375],"texture":"#2"},"east":{"uv":[11.25,9,11.5,9.125],"texture":"#2"},"south":{"uv":[11.25,3,11.625,3.125],"texture":"#2"},"west":{"uv":[9,11.25,9.25,11.375],"texture":"#2"},"up":{"uv":[4.25,11.375,4,11],"rotation":270,"texture":"#2"},"down":{"uv":[11.25,4,11,4.375],"rotation":90,"texture":"#2"}}},{"from":[7.2375,23.05514,19.82629],"to":[8.7375,23.30514,20.82629],"rotation":{"angle":-45,"axis":"x","origin":[8,8,8]},"faces":{"north":{"uv":[3.25,11.25,3.625,11.375],"texture":"#2"},"east":{"uv":[11.25,9.25,11.5,9.375],"texture":"#2"},"south":{"uv":[11.25,3.25,11.625,3.375],"texture":"#2"},"west":{"uv":[9.25,11.25,9.5,11.375],"texture":"#2"},"up":{"uv":[4.5,11.375,4.25,11],"rotation":270,"texture":"#2"},"down":{"uv":[4.75,11,4.5,11.375],"rotation":90,"texture":"#2"}}},{"from":[7.3125,8.69253,-2.35414],"to":[8.6625,26.19253,4.14586],"rotation":{"angle":0,"axis":"z","origin":[8,8,8]},"faces":{"north":{"uv":[7,7,7.75,15.75],"texture":"#1"},"east":{"uv":[3.25,0,0,8.75],"texture":"#1"},"south":{"uv":[8,7,8.75,15.75],"texture":"#1"},"west":{"uv":[0,0,3.25,8.75],"texture":"#1"},"up":{"uv":[3.25,9.75,0,9],"rotation":270,"texture":"#1"},"down":{"uv":[6.75,9,3.5,9.75],"rotation":90,"texture":"#1"}}},{"from":[7.5625,15.73053,1.39949],"to":[8.4125,22.73053,6.89949],"rotation":{"angle":0,"axis":"z","origin":[8,8,8]},"faces":{"north":{"uv":[9,7,9.5,10.5],"texture":"#1"},"east":{"uv":[9.75,0,7,3.5],"texture":"#1"},"south":{"uv":[9.5,7,10,10.5],"texture":"#1"},"west":{"uv":[7,0,9.75,3.5],"texture":"#1"},"up":{"uv":[2.75,10.5,0,10],"rotation":270,"texture":"#1"},"down":{"uv":[12.75,0,10,0.5],"rotation":90,"texture":"#1"}}},{"from":[7.6375,18.29122,17.95334],"to":[8.3875,19.29122,19.95334],"rotation":{"angle":-45,"axis":"x","origin":[8,8,8]},"faces":{"north":{"uv":[10,6.25,10.625,6.5],"texture":"#2"},"east":{"uv":[8,0.75,8.5,1],"texture":"#2"},"south":{"uv":[10,6.5,10.625,6.75],"texture":"#2"},"west":{"uv":[7,5.5,7.5,5.75],"texture":"#2"},"up":{"uv":[6,4.875,5.5,4.25],"rotation":270,"texture":"#2"},"down":{"uv":[9,6.25,8.5,6.875],"rotation":90,"texture":"#2"}}},{"from":[7.6375,16.29122,18.95334],"to":[8.3875,18.29122,19.95334],"rotation":{"angle":-45,"axis":"x","origin":[8,8,8]},"faces":{"north":{"uv":[8.75,0,9.375,0.5],"texture":"#2"},"east":{"uv":[7,10.5,7.25,11],"texture":"#2"},"south":{"uv":[8.75,3,9.375,3.5],"texture":"#2"},"west":{"uv":[6.75,10.5,7,11],"texture":"#2"},"up":{"uv":[4,10.625,3.75,10],"rotation":270,"texture":"#2"},"down":{"uv":[10.25,6.75,10,7.375],"rotation":90,"texture":"#2"}}},{"from":[7.6625,22.31507,6.76108],"to":[8.3625,23.31507,7.76108],"rotation":{"angle":0,"axis":"z","origin":[8,8,8]},"faces":{"north":{"uv":[2,10,2.625,10.25],"texture":"#2"},"east":{"uv":[11,10,11.25,10.25],"texture":"#2"},"south":{"uv":[4.5,10,5.125,10.25],"texture":"#2"},"west":{"uv":[11,9.75,11.25,10],"texture":"#2"},"up":{"uv":[3,10.625,2.75,10],"rotation":270,"texture":"#2"},"down":{"uv":[3.75,10,3.5,10.625],"rotation":90,"texture":"#2"}}},{"from":[7.6625,16.05384,2.11589],"to":[8.3625,19.55384,3.11589],"rotation":{"angle":22.5,"axis":"x","origin":[8,8,8]},"faces":{"north":{"uv":[7,4.5,7.625,5.375],"texture":"#2"},"east":{"uv":[7.25,9.25,7.5,10.125],"texture":"#2"},"south":{"uv":[7.25,0,7.875,0.875],"texture":"#2"},"west":{"uv":[4.25,9.25,4.5,10.125],"texture":"#2"},"up":{"uv":[1.5,10.625,1.25,10],"rotation":270,"texture":"#2"},"down":{"uv":[1.75,10,1.5,10.625],"rotation":90,"texture":"#2"}}},{"from":[7.6375,19.62339,11.71622],"to":[8.3875,22.62339,12.71622],"rotation":{"angle":-22.5,"axis":"x","origin":[8,8,8]},"faces":{"north":{"uv":[7.75,1.75,8.375,2.5],"texture":"#2"},"east":{"uv":[8,9.5,8.25,10.25],"texture":"#2"},"south":{"uv":[7.75,2.5,8.375,3.25],"texture":"#2"},"west":{"uv":[7.75,9.5,8,10.25],"texture":"#2"},"up":{"uv":[2,10.625,1.75,10],"rotation":270,"texture":"#2"},"down":{"uv":[10.25,1.75,10,2.375],"rotation":90,"texture":"#2"}}},{"from":[7.6375,13.98543,6.76718],"to":[8.3875,16.98543,7.76718],"rotation":{"angle":0,"axis":"z","origin":[8,8,8]},"faces":{"north":{"uv":[7.25,3.25,7.875,4],"texture":"#2"},"east":{"uv":[7.5,9.5,7.75,10.25],"texture":"#2"},"south":{"uv":[7.75,1,8.375,1.75],"texture":"#2"},"west":{"uv":[9.5,6.25,9.75,7],"texture":"#2"},"up":{"uv":[8.5,10.375,8.25,9.75],"rotation":270,"texture":"#2"},"down":{"uv":[8.75,9.75,8.5,10.375],"rotation":90,"texture":"#2"}}},{"from":[7.6375,14.51828,13.18902],"to":[8.3875,16.51828,14.18902],"rotation":{"angle":-45,"axis":"x","origin":[8,8,8]},"faces":{"north":{"uv":[5.5,8.5,6.125,9],"texture":"#2"},"east":{"uv":[10.5,5,10.75,5.5],"texture":"#2"},"south":{"uv":[8.5,5.75,9.125,6.25],"texture":"#2"},"west":{"uv":[8,10.25,8.25,10.75],"texture":"#2"},"up":{"uv":[1.25,10.625,1,10],"rotation":270,"texture":"#2"},"down":{"uv":[10.25,1,10,1.625],"rotation":90,"texture":"#2"}}},{"from":[7.6625,7.44071,4.49439],"to":[8.3625,13.44071,5.49439],"rotation":{"angle":22.5,"axis":"x","origin":[8,8,8]},"faces":{"north":{"uv":[6,2,6.625,3.5],"texture":"#2"},"east":{"uv":[7.25,7.75,7.5,9.25],"texture":"#2"},"south":{"uv":[6,3.5,6.625,5],"texture":"#2"},"west":{"uv":[4.25,7.75,4.5,9.25],"texture":"#2"},"up":{"uv":[10,9.125,9.75,8.5],"rotation":270,"texture":"#2"},"down":{"uv":[9,9.75,8.75,10.375],"rotation":90,"texture":"#2"}}},{"from":[7.6375,2.08337,5.12569],"to":[8.3875,10.08337,6.12569],"rotation":{"angle":-22.5,"axis":"x","origin":[8,8,8]},"faces":{"north":{"uv":[3,5.75,3.625,7.75],"texture":"#2"},"east":{"uv":[7.5,7.5,7.75,9.5],"texture":"#2"},"south":{"uv":[3.75,5.75,4.375,7.75],"texture":"#2"},"west":{"uv":[7.5,5.5,7.75,7.5],"texture":"#2"},"up":{"uv":[9.25,10.375,9,9.75],"rotation":270,"texture":"#2"},"down":{"uv":[10,9.25,9.75,9.875],"rotation":90,"texture":"#2"}}},{"from":[7.6625,1.81648,7.53255],"to":[8.3625,9.31648,8.53255],"rotation":{"angle":0,"axis":"z","origin":[8,8,8]},"faces":{"north":{"uv":[5.5,5.75,6.125,7.625],"texture":"#2"},"east":{"uv":[3.25,7.75,3.5,9.625],"texture":"#2"},"south":{"uv":[6,0,6.625,1.875],"texture":"#2"},"west":{"uv":[3,7.75,3.25,9.625],"texture":"#2"},"up":{"uv":[0.25,10.625,0,10],"rotation":270,"texture":"#2"},"down":{"uv":[0.5,10,0.25,10.625],"rotation":90,"texture":"#2"}}},{"from":[7.6375,9.03738,7.06434],"to":[8.3875,10.97656,8.17574],"rotation":{"angle":22.5,"axis":"x","origin":[8,8,8]},"faces":{"north":{"uv":[8.5,4.75,9.125,5.25],"texture":"#2"},"east":{"uv":[8.75,7.75,9,8.25],"texture":"#2"},"south":{"uv":[8.5,5.25,9.125,5.75],"texture":"#2"},"west":{"uv":[6.75,4.5,7,5],"texture":"#2"},"up":{"uv":[0.75,10.625,0.5,10],"rotation":270,"texture":"#2"},"down":{"uv":[1,10,0.75,10.625],"rotation":90,"texture":"#2"}}},{"from":[7.6625,10.68274,8.30144],"to":[8.3625,13.18274,9.30144],"rotation":{"angle":0,"axis":"z","origin":[8,8,8]},"faces":{"north":{"uv":[3.5,8.5,4.125,9.125],"texture":"#2"},"east":{"uv":[4.75,10.25,5,10.875],"texture":"#2"},"south":{"uv":[8.5,4,9.125,4.625],"texture":"#2"},"west":{"uv":[4.5,10.25,4.75,10.875],"texture":"#2"},"up":{"uv":[5.25,10.875,5,10.25],"rotation":270,"texture":"#2"},"down":{"uv":[10.5,5,10.25,5.625],"rotation":90,"texture":"#2"}}},{"from":[7.6375,11.67286,10.26185],"to":[8.3875,12.67286,12.26185],"rotation":{"angle":-22.5,"axis":"x","origin":[8,8,8]},"faces":{"north":{"uv":[10.25,2.25,10.875,2.5],"texture":"#2"},"east":{"uv":[7.25,10.5,7.75,10.75],"texture":"#2"},"south":{"uv":[10.25,2.75,10.875,3],"texture":"#2"},"west":{"uv":[10.5,5.5,11,5.75],"texture":"#2"},"up":{"uv":[6.5,9.625,6,9],"rotation":270,"texture":"#2"},"down":{"uv":[9.5,6.25,9,6.875],"rotation":90,"texture":"#2"}}},{"from":[7.6375,11.67286,12.26185],"to":[8.3875,14.17286,13.26185],"rotation":{"angle":-22.5,"axis":"x","origin":[8,8,8]},"faces":{"north":{"uv":[8.5,1.5,9.125,2.125],"texture":"#2"},"east":{"uv":[3.25,10.25,3.5,10.875],"texture":"#2"},"south":{"uv":[8.5,2.25,9.125,2.875],"texture":"#2"},"west":{"uv":[3,10.25,3.25,10.875],"texture":"#2"},"up":{"uv":[4.25,10.875,4,10.25],"rotation":270,"texture":"#2"},"down":{"uv":[4.5,10.25,4.25,10.875],"rotation":90,"texture":"#2"}}},{"from":[7.6375,15.33392,9.57518],"to":[8.3875,17.83392,10.57518],"rotation":{"angle":0,"axis":"z","origin":[8,8,8]},"faces":{"north":{"uv":[8.25,8.25,8.875,8.875],"texture":"#2"},"east":{"uv":[2,10.25,2.25,10.875],"texture":"#2"},"south":{"uv":[8.5,0.75,9.125,1.375],"texture":"#2"},"west":{"uv":[10.25,1.5,10.5,2.125],"texture":"#2"},"up":{"uv":[2.5,10.875,2.25,10.25],"rotation":270,"texture":"#2"},"down":{"uv":[2.75,10.25,2.5,10.875],"rotation":90,"texture":"#2"}}},{"from":[7.6375,18.24814,10.98939],"to":[8.3875,19.24814,13.98939],"rotation":{"angle":0,"axis":"z","origin":[8,8,8]},"faces":{"north":{"uv":[10.25,0,10.875,0.25],"texture":"#2"},"east":{"uv":[9.75,4.75,10.5,5],"texture":"#2"},"south":{"uv":[10.25,0.25,10.875,0.5],"texture":"#2"},"west":{"uv":[9.75,4.5,10.5,4.75],"texture":"#2"},"up":{"uv":[8.5,6.125,7.75,5.5],"rotation":270,"texture":"#2"},"down":{"uv":[8.5,6.25,7.75,6.875],"rotation":90,"texture":"#2"}}},{"from":[7.6625,12.83981,16.06745],"to":[8.3625,13.83981,18.06745],"rotation":{"angle":-45,"axis":"x","origin":[8,8,8]},"faces":{"north":{"uv":[10.25,1,10.875,1.25],"texture":"#2"},"east":{"uv":[10.5,3.75,11,4],"texture":"#2"},"south":{"uv":[10.25,1.25,10.875,1.5],"texture":"#2"},"west":{"uv":[10.5,2.5,11,2.75],"texture":"#2"},"up":{"uv":[5.5,9.625,5,9],"rotation":270,"texture":"#2"},"down":{"uv":[6,9,5.5,9.625],"rotation":90,"texture":"#2"}}},{"from":[7.6375,7.56417,20.41295],"to":[8.3875,8.56417,20.91295],"rotation":{"angle":-45,"axis":"x","origin":[8,8,8]},"faces":{"north":{"uv":[10.25,9,10.875,9.25],"texture":"#2"},"east":{"uv":[11.25,7.25,11.375,7.5],"texture":"#2"},"south":{"uv":[10.25,9.25,10.875,9.5],"texture":"#2"},"west":{"uv":[7.25,11.25,7.375,11.5],"texture":"#2"},"up":{"uv":[6.625,11.625,6.5,11],"rotation":270,"texture":"#2"},"down":{"uv":[6.875,11,6.75,11.625],"rotation":90,"texture":"#2"}}},{"from":[7.6625,19.68396,9.22901],"to":[8.3625,20.68396,12.22901],"rotation":{"angle":22.5,"axis":"x","origin":[8,8,8]},"faces":{"north":{"uv":[10,9.75,10.625,10],"texture":"#2"},"east":{"uv":[4.5,9.75,5.25,10],"texture":"#2"},"south":{"uv":[10,10,10.625,10.25],"texture":"#2"},"west":{"uv":[9.75,2.5,10.5,2.75],"texture":"#2"},"up":{"uv":[8.5,5.375,7.75,4.75],"rotation":270,"texture":"#2"},"down":{"uv":[6.25,7.75,5.5,8.375],"rotation":90,"texture":"#2"}}},{"from":[7.6375,12.12146,19.75217],"to":[8.3875,13.27146,20.25217],"rotation":{"angle":-22.5,"axis":"x","origin":[8,8,8]},"faces":{"north":{"uv":[10.25,9.5,10.875,9.75],"texture":"#2"},"east":{"uv":[11.25,7.5,11.375,7.75],"texture":"#2"},"south":{"uv":[10,10.25,10.625,10.5],"texture":"#2"},"west":{"uv":[7.5,11.25,7.625,11.5],"texture":"#2"},"up":{"uv":[11.125,7.375,11,6.75],"rotation":270,"texture":"#2"},"down":{"uv":[7.125,11,7,11.625],"rotation":90,"texture":"#2"}}},{"from":[7.6375,13.27146,19.25217],"to":[8.3875,17.27146,20.25217],"rotation":{"angle":-22.5,"axis":"x","origin":[8,8,8]},"faces":{"north":{"uv":[6.75,5.75,7.375,6.75],"texture":"#2"},"east":{"uv":[4,9.25,4.25,10.25],"texture":"#2"},"south":{"uv":[6.75,6.75,7.375,7.75],"texture":"#2"},"west":{"uv":[9.25,3.5,9.5,4.5],"texture":"#2"},"up":{"uv":[9.75,10.625,9.5,10],"rotation":270,"texture":"#2"},"down":{"uv":[10,10,9.75,10.625],"rotation":90,"texture":"#2"}}},{"from":[7.6375,6.56417,20.41295],"to":[8.3875,7.56417,20.66295],"rotation":{"angle":-45,"axis":"x","origin":[8,8,8]},"faces":{"north":{"uv":[10.5,1.5,11.125,1.75],"texture":"#2"},"east":{"uv":[11.25,8.25,11.375,8.5],"texture":"#2"},"south":{"uv":[10.5,1.75,11.125,2],"texture":"#2"},"west":{"uv":[11.25,8,11.375,8.25],"texture":"#2"},"up":{"uv":[8.375,11.625,8.25,11],"rotation":270,"texture":"#2"},"down":{"uv":[11.125,8.25,11,8.875],"rotation":90,"texture":"#2"}}},{"from":[7.6375,11.52146,20.00217],"to":[8.3875,12.27146,20.25217],"rotation":{"angle":-22.5,"axis":"x","origin":[8,8,8]},"faces":{"north":{"uv":[10.5,0.5,11.125,0.75],"texture":"#2"},"east":{"uv":[8,11.25,8.125,11.5],"texture":"#2"},"south":{"uv":[10.5,0.75,11.125,1],"texture":"#2"},"west":{"uv":[11.25,7.75,11.375,8],"texture":"#2"},"up":{"uv":[11.125,8.125,11,7.5],"rotation":270,"texture":"#2"},"down":{"uv":[7.875,11,7.75,11.625],"rotation":90,"texture":"#2"}}},{"from":[7.6375,11.87701,21.86755],"to":[8.3875,14.87701,22.86755],"rotation":{"angle":-45,"axis":"x","origin":[8,8,8]},"faces":{"north":{"uv":[3.5,7.75,4.125,8.5],"texture":"#2"},"east":{"uv":[9.75,1.75,10,2.5],"texture":"#2"},"south":{"uv":[7.75,4,8.375,4.75],"texture":"#2"},"west":{"uv":[9.75,1,10,1.75],"texture":"#2"},"up":{"uv":[10.25,9.625,10,9],"rotation":270,"texture":"#2"},"down":{"uv":[9.5,10,9.25,10.625],"rotation":90,"texture":"#2"}}},{"from":[7.6375,14.877,20.36755],"to":[8.3875,15.877,22.86755],"rotation":{"angle":-45,"axis":"x","origin":[8,8,8]},"faces":{"north":{"uv":[10,8.25,10.625,8.5],"texture":"#2"},"east":{"uv":[10,8.5,10.625,8.75],"texture":"#2"},"south":{"uv":[10,8.75,10.625,9],"texture":"#2"},"west":{"uv":[10,8,10.625,8.25],"texture":"#2"},"up":{"uv":[8.625,0.625,8,0],"rotation":270,"texture":"#2"},"down":{"uv":[8.625,3.25,8,3.875],"rotation":90,"texture":"#2"}}},{"from":[7.6625,21.60796,9.8824],"to":[8.3625,22.60796,11.8824],"rotation":{"angle":0,"axis":"z","origin":[8,8,8]},"faces":{"north":{"uv":[10,7.5,10.625,7.75],"texture":"#2"},"east":{"uv":[10.5,2,11,2.25],"texture":"#2"},"south":{"uv":[10,7.75,10.625,8],"texture":"#2"},"west":{"uv":[8.75,0.5,9.25,0.75],"texture":"#2"},"up":{"uv":[9.25,7.625,8.75,7],"rotation":270,"texture":"#2"},"down":{"uv":[5,9,4.5,9.625],"rotation":90,"texture":"#2"}}},{"from":[7.6375,-0.18353,8.28254],"to":[8.3875,0.81647,8.53254],"rotation":{"angle":0,"axis":"z","origin":[8,8,8]},"faces":{"north":{"uv":[7.25,10.25,7.875,10.5],"texture":"#2"},"east":{"uv":[11.25,7,11.375,7.25],"texture":"#2"},"south":{"uv":[10.25,7.25,10.875,7.5],"texture":"#2"},"west":{"uv":[11.25,6.75,11.375,7],"texture":"#2"},"up":{"uv":[6.125,11.625,6,11],"rotation":270,"texture":"#2"},"down":{"uv":[6.375,11,6.25,11.625],"rotation":90,"texture":"#2"}}},{"from":[7.6375,0.81647,8.03254],"to":[8.3875,1.81647,8.53254],"rotation":{"angle":0,"axis":"z","origin":[8,8,8]},"faces":{"north":{"uv":[10.25,4.25,10.875,4.5],"texture":"#2"},"east":{"uv":[11.25,5.5,11.375,5.75],"texture":"#2"},"south":{"uv":[10.25,5.75,10.875,6],"texture":"#2"},"west":{"uv":[11.25,5.25,11.375,5.5],"texture":"#2"},"up":{"uv":[4.875,11.625,4.75,11],"rotation":270,"texture":"#2"},"down":{"uv":[5.125,11,5,11.625],"rotation":90,"texture":"#2"}}},{"from":[7.6375,0.93337,5.12569],"to":[8.3875,2.08337,5.62569],"rotation":{"angle":-22.5,"axis":"x","origin":[8,8,8]},"faces":{"north":{"uv":[10.25,6,10.875,6.25],"texture":"#2"},"east":{"uv":[11.25,6,11.375,6.25],"texture":"#2"},"south":{"uv":[6.5,10.25,7.125,10.5],"texture":"#2"},"west":{"uv":[11.25,5.75,11.375,6],"texture":"#2"},"up":{"uv":[5.375,11.625,5.25,11],"rotation":270,"texture":"#2"},"down":{"uv":[5.625,11,5.5,11.625],"rotation":90,"texture":"#2"}}},{"from":[7.6375,0.33337,5.12569],"to":[8.3875,1.08337,5.37569],"rotation":{"angle":-22.5,"axis":"x","origin":[8,8,8]},"faces":{"north":{"uv":[10.25,6.75,10.875,7],"texture":"#2"},"east":{"uv":[11.25,6.5,11.375,6.75],"texture":"#2"},"south":{"uv":[10.25,7,10.875,7.25],"texture":"#2"},"west":{"uv":[11.25,6.25,11.375,6.5],"texture":"#2"},"up":{"uv":[11.125,6.125,11,5.5],"rotation":270,"texture":"#2"},"down":{"uv":[5.875,11,5.75,11.625],"rotation":90,"texture":"#2"}}},{"from":[7.7125,3.98543,5.26718],"to":[8.3125,23.48543,16.26718],"rotation":{"angle":0,"axis":"z","origin":[8,8,8]},"faces":{"north":{"uv":[0,5,0.625,9.875],"texture":"#2"},"east":{"uv":[2.75,0,5.5,4.875],"texture":"#2"},"south":{"uv":[0.75,5,1.375,9.875],"texture":"#2"},"west":{"uv":[0,0,2.75,4.875],"texture":"#2"},"up":{"uv":[4.25,5.625,1.5,5],"rotation":270,"texture":"#2"},"down":{"uv":[7,5,4.25,5.625],"rotation":90,"texture":"#2"}}}],"gui_light":"front","display":{"thirdperson_righthand":{"translation":[0,5.75,1.75],"scale":[0.80078,0.80078,0.80078]},"thirdperson_lefthand":{"translation":[0,5.75,1.75],"scale":[0.80078,0.80078,0.80078]},"firstperson_righthand":{"rotation":[-11.21,16.48,3.2],"translation":[2.25,3.75,0],"scale":[0.62305,0.62305,0.62305]},"firstperson_lefthand":{"rotation":[-11.21,16.48,3.2],"translation":[2.25,3.75,0],"scale":[0.62305,0.62305,0.62305]},"ground":{"rotation":[0,0,-89],"translation":[1,-1.25,0.5],"scale":[0.54102,0.54102,0.54102]},"gui":{"rotation":[90,45,-90],"translation":[0.25,-0.75,0],"scale":[0.47773,0.47773,0.47773]},"head":{"rotation":[0,90,0],"translation":[0,23.75,0],"scale":[0.82031,0.82031,0.82031]},"fixed":{"rotation":[0,90,0],"translation":[-0.25,0,-1.75],"scale":[1.20313,1.20313,1.20313]}},"groups":[0,1,2,3,4,5,6,7,8,9,10,11,12,13,14,15,16,17,18,19,20,21,22,23,24,25,26,27,28,{"name":"group","origin":[7.60147,18.01057,8],"color":0,"nbt":"{}","armAnimationEnabled":false,"children":[29,30,31,32,33,34,35,36,37,38,39,40,41,42,43,44,45,46,47,48,49,50,51,52,53,54,55,56,57,58,59]}]}