{"credit":"Made with Blockbench","texture_size":[64,64],"textures":{"2":"sorcery_pack:sorcery_pack/blade_sorcery_fx","4":"sorcery_pack:sorcery_pack/blade_sorcery","particle":"sorcery_pack:sorcery_pack/blade_sorcery_fx"},"elements":[{"from":[7.5,4.22432,6.10847],"to":[8.5,5.72432,10.60847],"rotation":{"angle":-22.5,"axis":"x","origin":[8,8,8]},"faces":{"north":{"uv":[7,5.25,7.25,5.625],"texture":"#4"},"east":{"uv":[4.5,0.5,5.625,0.875],"texture":"#4"},"south":{"uv":[7,5.75,7.25,6.125],"texture":"#4"},"west":{"uv":[4.5,0,5.625,0.375],"texture":"#4"},"up":{"uv":[6.875,0.25,5.75,0],"rotation":270,"texture":"#4"},"down":{"uv":[6.875,0.25,5.75,0.5],"rotation":90,"texture":"#4"}}},{"from":[7.625,-7.25657,-0.64062],"to":[8.375,2.24343,0.35938],"rotation":{"angle":-45,"axis":"x","origin":[8,8,8]},"faces":{"north":{"uv":[1,2.5,1.375,4.875],"texture":"#4"},"east":{"uv":[3.5,3.5,3.75,5.875],"texture":"#4"},"south":{"uv":[1.5,2.5,1.875,4.875],"texture":"#4"},"west":{"uv":[3.5,1,3.75,3.375],"texture":"#4"},"up":{"uv":[6.75,7.375,6.5,7],"rotation":270,"texture":"#4"},"down":{"uv":[7.25,6.75,7,7.125],"rotation":90,"texture":"#4"}}},{"from":[7.6,-9.01918,5.77942],"to":[8.4,-1.51918,6.77942],"rotation":{"angle":-22.5,"axis":"x","origin":[8,8,8]},"faces":{"north":{"uv":[2,2.5,2.375,4.375],"texture":"#4"},"east":{"uv":[3,4,3.25,5.875],"texture":"#4"},"south":{"uv":[2.5,2.5,2.875,4.375],"texture":"#4"},"west":{"uv":[4,2,4.25,3.875],"texture":"#4"},"up":{"uv":[7.5,0.375,7.25,0],"rotation":270,"texture":"#4"},"down":{"uv":[7.5,0.5,7.25,0.875],"rotation":90,"texture":"#4"}}},{"from":[7.6,1.2295,15.32747],"to":[8.4,3.2295,16.32747],"rotation":{"angle":45,"axis":"x","origin":[8,8,8]},"faces":{"north":{"uv":[6.25,1.5,6.625,2],"texture":"#4"},"east":{"uv":[6.75,6.75,7,7.25],"texture":"#4"},"south":{"uv":[0.25,6.5,0.625,7],"texture":"#4"},"west":{"uv":[6.25,6.75,6.5,7.25],"texture":"#4"},"up":{"uv":[1,7.625,0.75,7.25],"rotation":270,"texture":"#4"},"down":{"uv":[1.25,7.25,1,7.625],"rotation":90,"texture":"#4"}}},{"from":[7.6,-1.36066,4.54898],"to":[8.4,1.63934,5.54898],"rotation":{"angle":-22.5,"axis":"x","origin":[8,8,8]},"faces":{"north":{"uv":[0.5,5.75,0.875,6.5],"texture":"#4"},"east":{"uv":[0.75,6.5,1,7.25],"texture":"#4"},"south":{"uv":[1,5.75,1.375,6.5],"texture":"#4"},"west":{"uv":[6.5,0.5,6.75,1.25],"texture":"#4"},"up":{"uv":[1.5,7.625,1.25,7.25],"rotation":270,"texture":"#4"},"down":{"uv":[7.5,1.25,7.25,1.625],"rotation":90,"texture":"#4"}}},{"from":[7.6,0.80287,7.24579],"to":[8.4,3.30287,8.24579],"rotation":{"angle":0,"axis":"z","origin":[8,8,8]},"faces":{"north":{"uv":[6,5.25,6.375,5.875],"texture":"#4"},"east":{"uv":[6.75,0.5,7,1.125],"texture":"#4"},"south":{"uv":[6,6,6.375,6.625],"texture":"#4"},"west":{"uv":[6.5,6.25,6.75,6.875],"texture":"#4"},"up":{"uv":[7.5,2.125,7.25,1.75],"rotation":270,"texture":"#4"},"down":{"uv":[7.5,2.25,7.25,2.625],"rotation":90,"texture":"#4"}}},{"from":[7.6,4.14532,10.78807],"to":[8.4,5.64532,11.78807],"rotation":{"angle":45,"axis":"x","origin":[8,8,8]},"faces":{"north":{"uv":[6.75,1.5,7.125,1.875],"texture":"#4"},"east":{"uv":[3.25,7.25,3.5,7.625],"texture":"#4"},"south":{"uv":[6.75,6.25,7.125,6.625],"texture":"#4"},"west":{"uv":[3,7.25,3.25,7.625],"texture":"#4"},"up":{"uv":[7.5,3.625,7.25,3.25],"rotation":270,"texture":"#4"},"down":{"uv":[3.75,7.25,3.5,7.625],"rotation":90,"texture":"#4"}}},{"from":[7.625,3.75761,8.67474],"to":[8.375,4.75761,9.67474],"rotation":{"angle":22.5,"axis":"x","origin":[8,8,8]},"faces":{"north":{"uv":[7.25,2.75,7.625,3],"texture":"#4"},"east":{"uv":[3.75,7.5,4,7.75],"texture":"#4"},"south":{"uv":[4,7.25,4.375,7.5],"texture":"#4"},"west":{"uv":[5.75,3.75,6,4],"texture":"#4"},"up":{"uv":[4.75,7.625,4.5,7.25],"rotation":270,"texture":"#4"},"down":{"uv":[5,7.25,4.75,7.625],"rotation":90,"texture":"#4"}}},{"from":[7.6,4.52306,5.47729],"to":[8.4,7.52306,6.47729],"rotation":{"angle":-22.5,"axis":"x","origin":[8,8,8]},"faces":{"north":{"uv":[1.5,5.75,1.875,6.5],"texture":"#4"},"east":{"uv":[1.25,6.5,1.5,7.25],"texture":"#4"},"south":{"uv":[2,5.75,2.375,6.5],"texture":"#4"},"west":{"uv":[1,6.5,1.25,7.25],"texture":"#4"},"up":{"uv":[5.25,7.625,5,7.25],"rotation":270,"texture":"#4"},"down":{"uv":[5.5,7.25,5.25,7.625],"rotation":90,"texture":"#4"}}},{"from":[7.6,6.59397,5.85184],"to":[8.4,8.59397,6.85184],"rotation":{"angle":0,"axis":"z","origin":[8,8,8]},"faces":{"north":{"uv":[1.5,6.5,1.875,7],"texture":"#4"},"east":{"uv":[0.25,7,0.5,7.5],"texture":"#4"},"south":{"uv":[2,6.5,2.375,7],"texture":"#4"},"west":{"uv":[7,0,7.25,0.5],"texture":"#4"},"up":{"uv":[7.5,5.625,7.25,5.25],"rotation":270,"texture":"#4"},"down":{"uv":[5.75,7.25,5.5,7.625],"rotation":90,"texture":"#4"}}},{"from":[7.6,-2.18035,5.96067],"to":[8.4,1.81965,6.96067],"rotation":{"angle":0,"axis":"z","origin":[8,8,8]},"faces":{"north":{"uv":[4.5,2,4.875,3],"texture":"#4"},"east":{"uv":[6,3.75,6.25,4.75],"texture":"#4"},"south":{"uv":[2.5,4.5,2.875,5.5],"texture":"#4"},"west":{"uv":[3.75,6,4,7],"texture":"#4"},"up":{"uv":[6,7.625,5.75,7.25],"rotation":270,"texture":"#4"},"down":{"uv":[7.5,5.75,7.25,6.125],"rotation":90,"texture":"#4"}}},{"from":[7.85,1.35327,5.45833],"to":[8.15,2.35327,8.45833],"rotation":{"angle":22.5,"axis":"x","origin":[8,8,8]},"faces":{"north":{"uv":[7.5,3.75,7.75,4],"texture":"#4"},"east":{"uv":[6.5,1.25,7.25,1.5],"texture":"#4"},"south":{"uv":[4,7.5,4.25,7.75],"texture":"#4"},"west":{"uv":[6.25,4.5,7,4.75],"texture":"#4"},"up":{"uv":[7.25,2.75,6.5,2.5],"rotation":270,"texture":"#4"},"down":{"uv":[7.25,2.75,6.5,3],"rotation":90,"texture":"#4"}}},{"from":[7.6,2.68783,3.67466],"to":[8.4,6.68783,4.67466],"rotation":{"angle":-22.5,"axis":"x","origin":[8,8,8]},"faces":{"north":{"uv":[4.5,3,4.875,4],"texture":"#4"},"east":{"uv":[4.25,6,4.5,7],"texture":"#4"},"south":{"uv":[4.5,4,4.875,5],"texture":"#4"},"west":{"uv":[4,6,4.25,7],"texture":"#4"},"up":{"uv":[6.5,7.625,6.25,7.25],"rotation":270,"texture":"#4"},"down":{"uv":[7.5,6.25,7.25,6.625],"rotation":90,"texture":"#4"}}},{"from":[7.625,0.00177,7.55705],"to":[8.375,3.50177,8.55705],"rotation":{"angle":45,"axis":"x","origin":[8,8,8]},"faces":{"north":{"uv":[5.5,4,5.875,4.875],"texture":"#4"},"east":{"uv":[6.25,2.5,6.5,3.375],"texture":"#4"},"south":{"uv":[4.5,5.5,4.875,6.375],"texture":"#4"},"west":{"uv":[6.25,0.5,6.5,1.375],"texture":"#4"},"up":{"uv":[7,7.625,6.75,7.25],"rotation":270,"texture":"#4"},"down":{"uv":[7.5,6.75,7.25,7.125],"rotation":90,"texture":"#4"}}},{"from":[7.6,0.7801,4.52998],"to":[8.4,5.2801,5.52998],"rotation":{"angle":22.5,"axis":"x","origin":[8,8,8]},"faces":{"north":{"uv":[0.5,4.5,0.875,5.625],"texture":"#4"},"east":{"uv":[5.75,2.5,6,3.625],"texture":"#4"},"south":{"uv":[2,4.5,2.375,5.625],"texture":"#4"},"west":{"uv":[2.75,5.5,3,6.625],"texture":"#4"},"up":{"uv":[7.25,7.625,7,7.25],"rotation":270,"texture":"#4"},"down":{"uv":[7.5,7.25,7.25,7.625],"rotation":90,"texture":"#4"}}},{"from":[7.6,6.43238,3.67713],"to":[8.4,9.93238,4.67713],"rotation":{"angle":0,"axis":"z","origin":[8,8,8]},"faces":{"north":{"uv":[5,5.5,5.375,6.375],"texture":"#4"},"east":{"uv":[0,6.5,0.25,7.375],"texture":"#4"},"south":{"uv":[5.5,5.5,5.875,6.375],"texture":"#4"},"west":{"uv":[6.25,3.5,6.5,4.375],"texture":"#4"},"up":{"uv":[0.25,7.875,0,7.5],"rotation":270,"texture":"#4"},"down":{"uv":[7.75,0,7.5,0.375],"rotation":90,"texture":"#4"}}},{"from":[7.25,7.13532,11.41428],"to":[8.75,9.13532,13.41428],"rotation":{"angle":22.5,"axis":"x","origin":[8,8,8]},"faces":{"north":{"uv":[6.5,3,6.875,3.5],"texture":"#4"},"east":{"uv":[6,4.75,6.5,5.25],"texture":"#4"},"south":{"uv":[6.5,3.5,6.875,4],"texture":"#4"},"west":{"uv":[5.75,0.5,6.25,1],"texture":"#4"},"up":{"uv":[7,4.375,6.5,4],"rotation":270,"texture":"#4"},"down":{"uv":[5,6.5,4.5,6.875],"rotation":90,"texture":"#4"}}},{"from":[7.35,8.91584,6.62488],"to":[8.65,11.91584,7.62488],"rotation":{"angle":0,"axis":"y","origin":[8,8,8]},"faces":{"north":{"uv":[1,5,1.5,5.75],"texture":"#4"},"east":{"uv":[5,6.5,5.25,7.25],"texture":"#4"},"south":{"uv":[1.5,5,2,5.75],"texture":"#4"},"west":{"uv":[6.5,4.75,6.75,5.5],"texture":"#4"},"up":{"uv":[0.75,7.5,0.5,7],"rotation":270,"texture":"#4"},"down":{"uv":[7.25,0.5,7,1],"rotation":90,"texture":"#4"}}},{"from":[7.375,5.38235,6.08716],"to":[8.625,8.38235,7.08716],"rotation":{"angle":45,"axis":"x","origin":[8,8,8]},"faces":{"north":{"uv":[5,2,5.5,2.75],"texture":"#4"},"east":{"uv":[5.5,6.5,5.75,7.25],"texture":"#4"},"south":{"uv":[5,2.75,5.5,3.5],"texture":"#4"},"west":{"uv":[5.25,6.5,5.5,7.25],"texture":"#4"},"up":{"uv":[1.75,7.5,1.5,7],"rotation":270,"texture":"#4"},"down":{"uv":[2,7,1.75,7.5],"rotation":90,"texture":"#4"}}},{"from":[7.35,4.80493,6.72695],"to":[8.65,5.38235,7.08716],"rotation":{"angle":45,"axis":"x","origin":[8,8,8]},"faces":{"north":{"uv":[7.5,4,8,4.125],"texture":"#4"},"east":{"uv":[8,6,8.125,6.125],"texture":"#4"},"south":{"uv":[7.5,4.25,8,4.375],"texture":"#4"},"west":{"uv":[6,8,6.125,8.125],"texture":"#4"},"up":{"uv":[4.375,8,4.25,7.5],"rotation":270,"texture":"#4"},"down":{"uv":[7.625,4.5,7.5,5],"rotation":90,"texture":"#4"}}},{"from":[7.375,8.45346,4.56096],"to":[8.625,11.45346,5.56096],"rotation":{"angle":-22.5,"axis":"x","origin":[8,8,8]},"faces":{"north":{"uv":[5,3.5,5.5,4.25],"texture":"#4"},"east":{"uv":[5.75,6.5,6,7.25],"texture":"#4"},"south":{"uv":[5,4.25,5.5,5],"texture":"#4"},"west":{"uv":[6.5,5.5,6.75,6.25],"texture":"#4"},"up":{"uv":[2.25,7.5,2,7],"rotation":270,"texture":"#4"},"down":{"uv":[7.25,2,7,2.5],"rotation":90,"texture":"#4"}}},{"from":[7.35,7.95346,4.56096],"to":[8.65,8.45346,5.13596],"rotation":{"angle":-22.5,"axis":"x","origin":[8,8,8]},"faces":{"north":{"uv":[7.5,5,8,5.125],"texture":"#4"},"east":{"uv":[8,6.5,8.125,6.625],"texture":"#4"},"south":{"uv":[7.5,5.25,8,5.375],"texture":"#4"},"west":{"uv":[8,6.25,8.125,6.375],"texture":"#4"},"up":{"uv":[7.625,6,7.5,5.5],"rotation":270,"texture":"#4"},"down":{"uv":[6.125,7.5,6,8],"rotation":90,"texture":"#4"}}},{"from":[7.375,11.09153,5.23102],"to":[8.625,18.59153,6.23102],"rotation":{"angle":22.5,"axis":"x","origin":[8,8,8]},"faces":{"north":{"uv":[0,2.5,0.5,4.375],"texture":"#4"},"east":{"uv":[4,4,4.25,5.875],"texture":"#4"},"south":{"uv":[0.5,2.5,1,4.375],"texture":"#4"},"west":{"uv":[3.25,4,3.5,5.875],"texture":"#4"},"up":{"uv":[2.5,7.5,2.25,7],"rotation":270,"texture":"#4"},"down":{"uv":[2.75,7,2.5,7.5],"rotation":90,"texture":"#4"}}},{"from":[7.35,13.6114,11.22566],"to":[8.65,14.6114,16.72566],"rotation":{"angle":-45,"axis":"x","origin":[8,8,8]},"faces":{"north":{"uv":[7,1,7.5,1.25],"texture":"#4"},"east":{"uv":[5.5,2.25,6.875,2.5],"texture":"#4"},"south":{"uv":[7,3,7.5,3.25],"texture":"#4"},"west":{"uv":[5.5,2,6.875,2.25],"texture":"#4"},"up":{"uv":[4.375,0.5,3,0],"rotation":270,"texture":"#4"},"down":{"uv":[4.375,0.5,3,1],"rotation":90,"texture":"#4"}}},{"from":[7.85,16.48224,13.78994],"to":[8.15,17.48224,22.28994],"rotation":{"angle":-45,"axis":"x","origin":[8,8,8]},"faces":{"north":{"uv":[7.5,6,7.75,6.25],"texture":"#4"},"east":{"uv":[4,1.25,6.125,1.5],"texture":"#4"},"south":{"uv":[7.5,6.25,7.75,6.5],"texture":"#4"},"west":{"uv":[4,1,6.125,1.25],"texture":"#4"},"up":{"uv":[6.125,1.75,4,1.5],"rotation":270,"texture":"#4"},"down":{"uv":[6.125,1.75,4,2],"rotation":90,"texture":"#4"}}},{"from":[7.85,12.4779,1.45526],"to":[8.15,16.9779,2.45526],"rotation":{"angle":22.5,"axis":"x","origin":[8,8,8]},"faces":{"north":{"uv":[3,6,3.25,7.125],"texture":"#4"},"east":{"uv":[3.25,6,3.5,7.125],"texture":"#4"},"south":{"uv":[3.5,6,3.75,7.125],"texture":"#4"},"west":{"uv":[6,2.5,6.25,3.625],"texture":"#4"},"up":{"uv":[6.75,7.75,6.5,7.5],"rotation":270,"texture":"#4"},"down":{"uv":[7.75,6.5,7.5,6.75],"rotation":90,"texture":"#4"}}},{"from":[7.875,13.29418,6.53853],"to":[8.125,15.79418,7.53853],"rotation":{"angle":-22.5,"axis":"x","origin":[8,8,8]},"faces":{"north":{"uv":[6.75,4.75,7,5.375],"texture":"#4"},"east":{"uv":[6.75,5.5,7,6.125],"texture":"#4"},"south":{"uv":[6,6.75,6.25,7.375],"texture":"#4"},"west":{"uv":[2.75,6.75,3,7.375],"texture":"#4"},"up":{"uv":[7.75,7,7.5,6.75],"rotation":270,"texture":"#4"},"down":{"uv":[7.75,7,7.5,7.25],"rotation":90,"texture":"#4"}}},{"from":[7.875,17.33088,4.70807],"to":[8.125,24.83088,5.70807],"rotation":{"angle":22.5,"axis":"x","origin":[8,8,8]},"faces":{"north":{"uv":[4.25,4,4.5,5.875],"texture":"#4"},"east":{"uv":[0,4.5,0.25,6.375],"texture":"#4"},"south":{"uv":[0.25,4.5,0.5,6.375],"texture":"#4"},"west":{"uv":[4.25,2,4.5,3.875],"texture":"#4"},"up":{"uv":[7.75,7.5,7.5,7.25],"rotation":270,"texture":"#4"},"down":{"uv":[7.75,7.5,7.5,7.75],"rotation":90,"texture":"#4"}}},{"from":[7.35,8.01019,3.12627],"to":[8.65,13.51019,4.12627],"rotation":{"angle":22.5,"axis":"x","origin":[8,8,8]},"faces":{"north":{"uv":[3,1,3.5,2.375],"texture":"#4"},"east":{"uv":[5.5,2.5,5.75,3.875],"texture":"#4"},"south":{"uv":[3,2.5,3.5,3.875],"texture":"#4"},"west":{"uv":[2.5,5.5,2.75,6.875],"texture":"#4"},"up":{"uv":[7.25,3.75,7,3.25],"rotation":270,"texture":"#4"},"down":{"uv":[4,7,3.75,7.5],"rotation":90,"texture":"#4"}}},{"from":[7.35,18.59152,5.73102],"to":[8.65,19.74152,6.23102],"rotation":{"angle":22.5,"axis":"x","origin":[8,8,8]},"faces":{"north":{"uv":[7,3.75,7.5,4],"texture":"#4"},"east":{"uv":[7.75,7,7.875,7.25],"texture":"#4"},"south":{"uv":[4,7,4.5,7.25],"texture":"#4"},"west":{"uv":[7.75,3.75,7.875,4],"texture":"#4"},"up":{"uv":[7.875,0.5,7.75,0],"rotation":270,"texture":"#4"},"down":{"uv":[0.375,7.75,0.25,8.25],"rotation":90,"texture":"#4"}}},{"from":[7.35,16.72565,1.3886],"to":[8.65,17.72565,1.8886],"rotation":{"angle":45,"axis":"x","origin":[8,8,8]},"faces":{"north":{"uv":[7,4,7.5,4.25],"texture":"#4"},"east":{"uv":[7.75,7.25,7.875,7.5],"texture":"#4"},"south":{"uv":[7,4.25,7.5,4.5],"texture":"#4"},"west":{"uv":[7.25,7.75,7.375,8],"texture":"#4"},"up":{"uv":[0.625,8.25,0.5,7.75],"rotation":270,"texture":"#4"},"down":{"uv":[0.875,7.75,0.75,8.25],"rotation":90,"texture":"#4"}}},{"from":[7.35,17.72565,1.3886],"to":[8.65,18.72565,1.6386],"rotation":{"angle":45,"axis":"x","origin":[8,8,8]},"faces":{"north":{"uv":[4.5,7,5,7.25],"texture":"#4"},"east":{"uv":[7.75,7.5,7.875,7.75],"texture":"#4"},"south":{"uv":[7,4.5,7.5,4.75],"texture":"#4"},"west":{"uv":[7.5,7.75,7.625,8],"texture":"#4"},"up":{"uv":[1.125,8.25,1,7.75],"rotation":270,"texture":"#4"},"down":{"uv":[1.375,7.75,1.25,8.25],"rotation":90,"texture":"#4"}}},{"from":[7.35,19.59152,5.98102],"to":[8.65,20.34152,6.23102],"rotation":{"angle":22.5,"axis":"x","origin":[8,8,8]},"faces":{"north":{"uv":[7,4.75,7.5,5],"texture":"#4"},"east":{"uv":[0,8,0.125,8.25],"texture":"#4"},"south":{"uv":[7,5,7.5,5.25],"texture":"#4"},"west":{"uv":[7.75,7.75,7.875,8],"texture":"#4"},"up":{"uv":[1.625,8.25,1.5,7.75],"rotation":270,"texture":"#4"},"down":{"uv":[1.875,7.75,1.75,8.25],"rotation":90,"texture":"#4"}}},{"from":[7.85,22.28995,-1.48224],"to":[8.15,23.28995,-0.98224],"rotation":{"angle":45,"axis":"x","origin":[8,8,8]},"faces":{"north":{"uv":[2,7.75,2.25,8],"texture":"#4"},"east":{"uv":[8,0.25,8.125,0.5],"texture":"#4"},"south":{"uv":[2.25,7.75,2.5,8],"texture":"#4"},"west":{"uv":[8,0,8.125,0.25],"texture":"#4"},"up":{"uv":[8.125,0.75,8,0.5],"rotation":270,"texture":"#4"},"down":{"uv":[8.125,0.75,8,1],"rotation":90,"texture":"#4"}}},{"from":[7.85,24.83089,5.20807],"to":[8.15,25.98089,5.70807],"rotation":{"angle":22.5,"axis":"x","origin":[8,8,8]},"faces":{"north":{"uv":[2.5,7.75,2.75,8],"texture":"#4"},"east":{"uv":[8,1.25,8.125,1.5],"texture":"#4"},"south":{"uv":[2.75,7.75,3,8],"texture":"#4"},"west":{"uv":[8,1,8.125,1.25],"texture":"#4"},"up":{"uv":[8.125,1.75,8,1.5],"rotation":270,"texture":"#4"},"down":{"uv":[8.125,1.75,8,2],"rotation":90,"texture":"#4"}}},{"from":[7.85,25.83089,5.45807],"to":[8.15,26.58089,5.70807],"rotation":{"angle":22.5,"axis":"x","origin":[8,8,8]},"faces":{"north":{"uv":[7.75,2.75,8,3],"texture":"#4"},"east":{"uv":[8,2,8.125,2.25],"texture":"#4"},"south":{"uv":[3,7.75,3.25,8],"texture":"#4"},"west":{"uv":[2,8,2.125,8.25],"texture":"#4"},"up":{"uv":[2.375,8.25,2.25,8],"rotation":270,"texture":"#4"},"down":{"uv":[8.125,2.25,8,2.5],"rotation":90,"texture":"#4"}}},{"from":[7.85,23.28995,-1.48224],"to":[8.15,24.28995,-1.23224],"rotation":{"angle":45,"axis":"x","origin":[8,8,8]},"faces":{"north":{"uv":[3.25,7.75,3.5,8],"texture":"#4"},"east":{"uv":[8,2.5,8.125,2.75],"texture":"#4"},"south":{"uv":[3.5,7.75,3.75,8],"texture":"#4"},"west":{"uv":[2.5,8,2.625,8.25],"texture":"#4"},"up":{"uv":[2.875,8.25,2.75,8],"rotation":270,"texture":"#4"},"down":{"uv":[8.125,2.75,8,3],"rotation":90,"texture":"#4"}}},{"from":[7.6,-8.40657,-0.64062],"to":[8.4,-7.25657,-0.14062],"rotation":{"angle":-45,"axis":"x","origin":[8,8,8]},"faces":{"north":{"uv":[0.25,7.5,0.625,7.75],"texture":"#4"},"east":{"uv":[8,3,8.125,3.25],"texture":"#4"},"south":{"uv":[7.5,0.5,7.875,0.75],"texture":"#4"},"west":{"uv":[3,8,3.125,8.25],"texture":"#4"},"up":{"uv":[3.875,8.125,3.75,7.75],"rotation":270,"texture":"#4"},"down":{"uv":[4.125,7.75,4,8.125],"rotation":90,"texture":"#4"}}},{"from":[7.6,-9.00657,-0.64062],"to":[8.4,-8.25657,-0.39062],"rotation":{"angle":-45,"axis":"x","origin":[8,8,8]},"faces":{"north":{"uv":[7.5,0.75,7.875,1],"texture":"#4"},"east":{"uv":[8,3.25,8.125,3.5],"texture":"#4"},"south":{"uv":[7.5,1,7.875,1.25],"texture":"#4"},"west":{"uv":[3.25,8,3.375,8.25],"texture":"#4"},"up":{"uv":[4.625,8.125,4.5,7.75],"rotation":270,"texture":"#4"},"down":{"uv":[7.875,4.5,7.75,4.875],"rotation":90,"texture":"#4"}}},{"from":[7.6,-10.01918,6.27941],"to":[8.4,-9.01918,6.77941],"rotation":{"angle":-22.5,"axis":"x","origin":[8,8,8]},"faces":{"north":{"uv":[7.5,1.25,7.875,1.5],"texture":"#4"},"east":{"uv":[8,3.5,8.125,3.75],"texture":"#4"},"south":{"uv":[1.5,7.5,1.875,7.75],"texture":"#4"},"west":{"uv":[3.5,8,3.625,8.25],"texture":"#4"},"up":{"uv":[4.875,8.125,4.75,7.75],"rotation":270,"texture":"#4"},"down":{"uv":[5.125,7.75,5,8.125],"rotation":90,"texture":"#4"}}},{"from":[7.6,-11.01918,6.52941],"to":[8.4,-10.01918,6.77941],"rotation":{"angle":-22.5,"axis":"x","origin":[8,8,8]},"faces":{"north":{"uv":[7.5,1.5,7.875,1.75],"texture":"#4"},"east":{"uv":[8,4,8.125,4.25],"texture":"#4"},"south":{"uv":[7.5,1.75,7.875,2],"texture":"#4"},"west":{"uv":[8,3.75,8.125,4],"texture":"#4"},"up":{"uv":[5.375,8.125,5.25,7.75],"rotation":270,"texture":"#4"},"down":{"uv":[5.625,7.75,5.5,8.125],"rotation":90,"texture":"#4"}}},{"from":[7.625,1.65761,2.03118],"to":[8.375,2.65761,2.53118],"rotation":{"angle":0,"axis":"z","origin":[8,8,8]},"faces":{"north":{"uv":[2,7.5,2.375,7.75],"texture":"#4"},"east":{"uv":[8,4.25,8.125,4.5],"texture":"#4"},"south":{"uv":[7.5,2,7.875,2.25],"texture":"#4"},"west":{"uv":[4.25,8,4.375,8.25],"texture":"#4"},"up":{"uv":[7.875,5.875,7.75,5.5],"rotation":270,"texture":"#4"},"down":{"uv":[5.875,7.75,5.75,8.125],"rotation":90,"texture":"#4"}}},{"from":[7.6,0.65761,2.03118],"to":[8.4,1.65761,2.28118],"rotation":{"angle":0,"axis":"z","origin":[8,8,8]},"faces":{"north":{"uv":[7.5,2.25,7.875,2.5],"texture":"#4"},"east":{"uv":[8,4.75,8.125,5],"texture":"#4"},"south":{"uv":[2.5,7.5,2.875,7.75],"texture":"#4"},"west":{"uv":[8,4.5,8.125,4.75],"texture":"#4"},"up":{"uv":[7.875,6.375,7.75,6],"rotation":270,"texture":"#4"},"down":{"uv":[6.375,7.75,6.25,8.125],"rotation":90,"texture":"#4"}}},{"from":[7.6,-0.36989,5.02997],"to":[8.4,0.78011,5.52997],"rotation":{"angle":22.5,"axis":"x","origin":[8,8,8]},"faces":{"north":{"uv":[7.5,2.5,7.875,2.75],"texture":"#4"},"east":{"uv":[8,5.25,8.125,5.5],"texture":"#4"},"south":{"uv":[7.5,3,7.875,3.25],"texture":"#4"},"west":{"uv":[8,5,8.125,5.25],"texture":"#4"},"up":{"uv":[6.625,8.125,6.5,7.75],"rotation":270,"texture":"#4"},"down":{"uv":[7.875,6.5,7.75,6.875],"rotation":90,"texture":"#4"}}},{"from":[7.6,-0.96989,5.27997],"to":[8.4,-0.21989,5.52997],"rotation":{"angle":22.5,"axis":"x","origin":[8,8,8]},"faces":{"north":{"uv":[7.5,3.25,7.875,3.5],"texture":"#4"},"east":{"uv":[8,5.75,8.125,6],"texture":"#4"},"south":{"uv":[7.5,3.5,7.875,3.75],"texture":"#4"},"west":{"uv":[8,5.5,8.125,5.75],"texture":"#4"},"up":{"uv":[6.875,8.125,6.75,7.75],"rotation":270,"texture":"#4"},"down":{"uv":[7.125,7.75,7,8.125],"rotation":90,"texture":"#4"}}},{"from":[7.9,13.34084,4.62488],"to":[8.1,22.84084,10.62488],"rotation":{"angle":0,"axis":"y","origin":[8,8,8]},"faces":{"north":{"uv":[3.75,1,4,3.375],"texture":"#4"},"east":{"uv":[1.5,0,3,2.375],"texture":"#4"},"south":{"uv":[3.75,3.5,4,5.875],"texture":"#4"},"west":{"uv":[0,0,1.5,2.375],"texture":"#4"},"up":{"uv":[6,5.25,4.5,5],"rotation":270,"texture":"#4"},"down":{"uv":[6,5.25,4.5,5.5],"rotation":90,"texture":"#4"}}},{"from":[7.4,7.91584,4.12488],"to":[8.6,16.91584,8.62488],"rotation":{"angle":0,"axis":"y","origin":[8,8,8]},"faces":{"north":{"uv":[7,7.5,8,12],"texture":"#2"},"east":{"uv":[2.25,7.5,0,12],"texture":"#2"},"south":{"uv":[8,7.5,9,12],"texture":"#2"},"west":{"uv":[0,7.5,2.25,12],"texture":"#2"},"up":{"uv":[11.25,3,9,2],"rotation":270,"texture":"#2"},"down":{"uv":[11.25,3,9,4],"rotation":90,"texture":"#2"}}},{"from":[7.65,-6.68035,3.46067],"to":[8.35,7.81965,11.96067],"rotation":{"angle":0,"axis":"z","origin":[8,8,8]},"faces":{"north":{"uv":[5,7.5,5.75,14.75],"texture":"#2"},"east":{"uv":[4.25,0,0,7.25],"texture":"#2"},"south":{"uv":[6,7.5,6.75,14.75],"texture":"#2"},"west":{"uv":[0,0,4.25,7.25],"texture":"#2"},"up":{"uv":[13.25,0.75,9,0],"rotation":270,"texture":"#2"},"down":{"uv":[13.25,1,9,1.75],"rotation":90,"texture":"#2"}}}],"gui_light":"front","display":{"thirdperson_righthand":{"rotation":[-20.71,-69.62,45.97],"translation":[1.5,-1,0],"scale":[0.84766,0.84766,0.84766]},"thirdperson_lefthand":{"rotation":[-20.71,-69.62,45.97],"translation":[1.5,-1,0],"scale":[0.84766,0.84766,0.84766]},"firstperson_righthand":{"rotation":[73.2,-46.92,172.41],"translation":[1,-0.25,-2.75],"scale":[1.0957,1.0957,1.0957]},"firstperson_lefthand":{"rotation":[73.2,-46.92,172.41],"translation":[1,-0.25,-2.75],"scale":[1.0957,1.0957,1.0957]},"ground":{"rotation":[0,0,-92],"translation":[0,-1.5,0],"scale":[0.69531,0.69531,0.69531]},"gui":{"rotation":[90,54.25,-90],"translation":[-1,1.5,-2],"scale":[0.53711,0.53711,0.53711]},"head":{"rotation":[90,4.25,-90],"translation":[0,13.5,0]},"fixed":{"rotation":[0,90,0],"translation":[0,-0.75,-2],"scale":[1.32617,1.32617,1.32617]}}}