{"credit":"Made with Blockbench","texture_size":[64,64],"textures":{"1":"sorcery_pack:sorcery_pack/bow_sorcery"},"elements":[{"from":[7.0025,5.75,6.92923],"to":[9.0025,10.25,7.92923],"rotation":{"angle":0,"axis":"z","origin":[8,8,8]},"faces":{"north":{"uv":[3.5,3,4,4.125],"texture":"#1"},"east":{"uv":[0.25,6.5,0.5,7.625],"texture":"#1"},"south":{"uv":[4,3,4.5,4.125],"texture":"#1"},"west":{"uv":[0,6.5,0.25,7.625],"texture":"#1"},"up":{"uv":[5.75,9,5.5,8.5],"rotation":270,"texture":"#1"},"down":{"uv":[6,8.5,5.75,9],"rotation":90,"texture":"#1"}}},{"from":[7.0025,7.25,4.27923],"to":[9.0025,8.75,5.27923],"rotation":{"angle":0,"axis":"z","origin":[8,8,8]},"faces":{"north":{"uv":[2.5,7,3,7.375],"texture":"#1"},"east":{"uv":[3.5,9,3.75,9.375],"texture":"#1"},"south":{"uv":[5.5,7,6,7.375],"texture":"#1"},"west":{"uv":[3.25,9,3.5,9.375],"texture":"#1"},"up":{"uv":[4,8.5,3.75,8],"rotation":270,"texture":"#1"},"down":{"uv":[4.25,8,4,8.5],"rotation":90,"texture":"#1"}}},{"from":[7.0025,9.73411,4.77335],"to":[9.0025,10.73411,5.77335],"rotation":{"angle":-22.5,"axis":"x","origin":[8,8,8]},"faces":{"north":{"uv":[5.25,4.5,5.75,4.75],"texture":"#1"},"east":{"uv":[6,0.5,6.25,0.75],"texture":"#1"},"south":{"uv":[1.75,5.5,2.25,5.75],"texture":"#1"},"west":{"uv":[5.5,3.5,5.75,3.75],"texture":"#1"},"up":{"uv":[4.5,8.5,4.25,8],"rotation":270,"texture":"#1"},"down":{"uv":[4.75,8,4.5,8.5],"rotation":90,"texture":"#1"}}},{"from":[7.0025,11.37809,5.98914],"to":[9.0025,13.37809,6.98914],"rotation":{"angle":-45,"axis":"x","origin":[8,8,8]},"faces":{"north":{"uv":[0.5,6.75,1,7.25],"texture":"#1"},"east":{"uv":[5,8,5.25,8.5],"texture":"#1"},"south":{"uv":[3,6.75,3.5,7.25],"texture":"#1"},"west":{"uv":[4.75,8,5,8.5],"texture":"#1"},"up":{"uv":[5.5,8.5,5.25,8],"rotation":270,"texture":"#1"},"down":{"uv":[8.25,5.25,8,5.75],"rotation":90,"texture":"#1"}}},{"from":[7.0025,13.37809,5.98914],"to":[9.0025,14.30197,6.37182],"rotation":{"angle":-45,"axis":"x","origin":[8,8,8]},"faces":{"north":{"uv":[2.5,6.5,3,6.75],"texture":"#1"},"east":{"uv":[8.25,10,8.375,10.25],"texture":"#1"},"south":{"uv":[0,7.75,0.5,8],"texture":"#1"},"west":{"uv":[10,8,10.125,8.25],"texture":"#1"},"up":{"uv":[0.375,10,0.25,9.5],"rotation":270,"texture":"#1"},"down":{"uv":[1.625,9.5,1.5,10],"rotation":90,"texture":"#1"}}},{"from":[6.7275,14.07694,4.37915],"to":[9.2775,16.07694,5.37915],"rotation":{"angle":22.5,"axis":"x","origin":[8,8,8]},"faces":{"north":{"uv":[2.25,4.75,2.875,5.25],"texture":"#1"},"east":{"uv":[5.75,8,6,8.5],"texture":"#1"},"south":{"uv":[2.25,5.25,2.875,5.75],"texture":"#1"},"west":{"uv":[5.5,8,5.75,8.5],"texture":"#1"},"up":{"uv":[5.25,7.875,5,7.25],"rotation":270,"texture":"#1"},"down":{"uv":[5.5,7.25,5.25,7.875],"rotation":90,"texture":"#1"}}},{"from":[6.7525,15.27158,11.15094],"to":[9.2525,16.27158,13.15094],"rotation":{"angle":-22.5,"axis":"x","origin":[8,8,8]},"faces":{"north":{"uv":[7.25,5.5,7.875,5.75],"texture":"#1"},"east":{"uv":[8,4.75,8.5,5],"texture":"#1"},"south":{"uv":[7.25,5.75,7.875,6],"texture":"#1"},"west":{"uv":[8,3.75,8.5,4],"texture":"#1"},"up":{"uv":[3.5,5.875,3,5.25],"rotation":270,"texture":"#1"},"down":{"uv":[4,5.25,3.5,5.875],"rotation":90,"texture":"#1"}}},{"from":[6.7275,16.49115,5.79336],"to":[9.2775,17.49115,7.79336],"rotation":{"angle":22.5,"axis":"x","origin":[8,8,8]},"faces":{"north":{"uv":[6,7.25,6.625,7.5],"texture":"#1"},"east":{"uv":[8,6,8.5,6.25],"texture":"#1"},"south":{"uv":[7.25,6,7.875,6.25],"texture":"#1"},"west":{"uv":[8,5.75,8.5,6],"texture":"#1"},"up":{"uv":[5.75,4.375,5.25,3.75],"rotation":270,"texture":"#1"},"down":{"uv":[4.5,5.25,4,5.875],"rotation":90,"texture":"#1"}}},{"from":[6.7525,12.85737,13.56515],"to":[9.2525,14.85737,14.56515],"rotation":{"angle":-22.5,"axis":"x","origin":[8,8,8]},"faces":{"north":{"uv":[4.5,5.25,5.125,5.75],"texture":"#1"},"east":{"uv":[8,6.25,8.25,6.75],"texture":"#1"},"south":{"uv":[5.25,5.25,5.875,5.75],"texture":"#1"},"west":{"uv":[6,8,6.25,8.5],"texture":"#1"},"up":{"uv":[7,7.875,6.75,7.25],"rotation":270,"texture":"#1"},"down":{"uv":[7.25,7.25,7,7.875],"rotation":90,"texture":"#1"}}},{"from":[6.7525,11.44316,11.15093],"to":[9.2525,12.44316,13.15093],"rotation":{"angle":-22.5,"axis":"x","origin":[8,8,8]},"faces":{"north":{"uv":[7.25,6.25,7.875,6.5],"texture":"#1"},"east":{"uv":[7.25,8,7.75,8.25],"texture":"#1"},"south":{"uv":[7.25,6.5,7.875,6.75],"texture":"#1"},"west":{"uv":[6.75,8,7.25,8.25],"texture":"#1"},"up":{"uv":[6,0.625,5.5,0],"rotation":270,"texture":"#1"},"down":{"uv":[1.75,5.5,1.25,6.125],"rotation":90,"texture":"#1"}}},{"from":[6.7275,14.07694,8.20758],"to":[9.2775,16.07694,9.20758],"rotation":{"angle":22.5,"axis":"x","origin":[8,8,8]},"faces":{"north":{"uv":[5.5,3,6.125,3.5],"texture":"#1"},"east":{"uv":[8,8,8.25,8.5],"texture":"#1"},"south":{"uv":[0.5,5.75,1.125,6.25],"texture":"#1"},"west":{"uv":[7.75,8,8,8.5],"texture":"#1"},"up":{"uv":[7.5,7.875,7.25,7.25],"rotation":270,"texture":"#1"},"down":{"uv":[1.25,7.5,1,8.125],"rotation":90,"texture":"#1"}}},{"from":[6.7525,12.85737,9.73672],"to":[9.2525,14.85737,10.73672],"rotation":{"angle":-22.5,"axis":"x","origin":[8,8,8]},"faces":{"north":{"uv":[1.75,5.75,2.375,6.25],"texture":"#1"},"east":{"uv":[0.25,8.25,0.5,8.75],"texture":"#1"},"south":{"uv":[5.75,2,6.375,2.5],"texture":"#1"},"west":{"uv":[0,8.25,0.25,8.75],"texture":"#1"},"up":{"uv":[1.5,8.125,1.25,7.5],"rotation":270,"texture":"#1"},"down":{"uv":[1.75,7.5,1.5,8.125],"rotation":90,"texture":"#1"}}},{"from":[6.7275,12.66273,5.79336],"to":[9.2775,13.66273,7.79336],"rotation":{"angle":22.5,"axis":"x","origin":[8,8,8]},"faces":{"north":{"uv":[7.5,0.5,8.125,0.75],"texture":"#1"},"east":{"uv":[8.25,0.75,8.75,1],"texture":"#1"},"south":{"uv":[7.5,0.75,8.125,1],"texture":"#1"},"west":{"uv":[8.25,0.5,8.75,0.75],"texture":"#1"},"up":{"uv":[3,6.375,2.5,5.75],"rotation":270,"texture":"#1"},"down":{"uv":[6.25,3.5,5.75,4.125],"rotation":90,"texture":"#1"}}},{"from":[7.0025,9.66897,6.14969],"to":[9.0025,11.66897,7.14969],"rotation":{"angle":22.5,"axis":"x","origin":[8,8,8]},"faces":{"north":{"uv":[3.5,6.75,4,7.25],"texture":"#1"},"east":{"uv":[1,8.25,1.25,8.75],"texture":"#1"},"south":{"uv":[6.75,3.5,7.25,4],"texture":"#1"},"west":{"uv":[0.5,8.25,0.75,8.75],"texture":"#1"},"up":{"uv":[1.5,8.75,1.25,8.25],"rotation":270,"texture":"#1"},"down":{"uv":[1.75,8.25,1.5,8.75],"rotation":90,"texture":"#1"}}},{"from":[7.0025,10.6816,4.88649],"to":[9.0025,12.6816,5.88649],"rotation":{"angle":45,"axis":"x","origin":[8,8,8]},"faces":{"north":{"uv":[4,6.75,4.5,7.25],"texture":"#1"},"east":{"uv":[2,8.25,2.25,8.75],"texture":"#1"},"south":{"uv":[6.75,5.25,7.25,5.75],"texture":"#1"},"west":{"uv":[1.75,8.25,2,8.75],"texture":"#1"},"up":{"uv":[2.75,8.75,2.5,8.25],"rotation":270,"texture":"#1"},"down":{"uv":[3,8.25,2.75,8.75],"rotation":90,"texture":"#1"}}},{"from":[7.0025,12.42138,8.29884],"to":[9.0025,13.42138,12.79884],"rotation":{"angle":-45,"axis":"x","origin":[8,8,8]},"faces":{"north":{"uv":[3,8.25,3.5,8.5],"texture":"#1"},"east":{"uv":[6.5,2,7.625,2.25],"texture":"#1"},"south":{"uv":[8.25,5.25,8.75,5.5],"texture":"#1"},"west":{"uv":[5.75,2.5,6.875,2.75],"texture":"#1"},"up":{"uv":[4.625,2.5,3.5,2],"rotation":270,"texture":"#1"},"down":{"uv":[4.625,2.5,3.5,3],"rotation":90,"texture":"#1"}}},{"from":[7.0025,12.19919,4.0841],"to":[9.0025,13.19919,6.5841],"rotation":{"angle":-22.5,"axis":"x","origin":[8,8,8]},"faces":{"north":{"uv":[8.25,5.5,8.75,5.75],"texture":"#1"},"east":{"uv":[5.5,7.5,6.125,7.75],"texture":"#1"},"south":{"uv":[6.25,8.25,6.75,8.5],"texture":"#1"},"west":{"uv":[4.25,7.5,4.875,7.75],"texture":"#1"},"up":{"uv":[6.375,4.75,5.75,4.25],"rotation":270,"texture":"#1"},"down":{"uv":[5.125,5.75,4.5,6.25],"rotation":90,"texture":"#1"}}},{"from":[7.5025,13.69919,2.0841],"to":[8.5025,14.69919,4.5841],"rotation":{"angle":-22.5,"axis":"x","origin":[8,8,8]},"faces":{"north":{"uv":[1,6.75,1.25,7],"texture":"#1"},"east":{"uv":[7.5,7.5,8.125,7.75],"texture":"#1"},"south":{"uv":[3.5,8.25,3.75,8.5],"texture":"#1"},"west":{"uv":[7.5,7.25,8.125,7.5],"texture":"#1"},"up":{"uv":[8.375,2,7.75,1.75],"rotation":270,"texture":"#1"},"down":{"uv":[8.375,2,7.75,2.25],"rotation":90,"texture":"#1"}}},{"from":[7.5275,11.00144,0.35344],"to":[8.4775,12.00144,3.85344],"rotation":{"angle":0,"axis":"z","origin":[8,8,8]},"faces":{"north":{"uv":[9.5,1.5,9.75,1.75],"texture":"#1"},"east":{"uv":[6.75,4,7.625,4.25],"texture":"#1"},"south":{"uv":[1.75,9.5,2,9.75],"texture":"#1"},"west":{"uv":[6.75,1.75,7.625,2],"texture":"#1"},"up":{"uv":[2.375,7.25,1.5,7],"rotation":270,"texture":"#1"},"down":{"uv":[7.875,2.5,7,2.75],"rotation":90,"texture":"#1"}}},{"from":[7.5025,11.88203,2.28045],"to":[8.5025,12.88203,5.28045],"rotation":{"angle":0,"axis":"z","origin":[8,8,8]},"faces":{"north":{"uv":[9.5,1.75,9.75,2],"texture":"#1"},"east":{"uv":[7,6.75,7.75,7],"texture":"#1"},"south":{"uv":[2,9.5,2.25,9.75],"texture":"#1"},"west":{"uv":[7,5,7.75,5.25],"texture":"#1"},"up":{"uv":[7.75,7.25,7,7],"rotation":270,"texture":"#1"},"down":{"uv":[2.25,7.25,1.5,7.5],"rotation":90,"texture":"#1"}}},{"from":[7.5025,19.83849,15.22512],"to":[8.5025,20.83849,22.22512],"rotation":{"angle":-45,"axis":"x","origin":[8,8,8]},"faces":{"north":{"uv":[9.5,2.25,9.75,2.5],"texture":"#1"},"east":{"uv":[4.75,2.75,6.5,3],"texture":"#1"},"south":{"uv":[2.75,9.5,3,9.75],"texture":"#1"},"west":{"uv":[4.5,0.75,6.25,1],"texture":"#1"},"up":{"uv":[6.25,5,4.5,4.75],"rotation":270,"texture":"#1"},"down":{"uv":[6.75,1,5,1.25],"rotation":90,"texture":"#1"}}},{"from":[7.5025,16.58822,-1.0963],"to":[8.5025,19.58822,-0.0963],"rotation":{"angle":22.5,"axis":"x","origin":[8,8,8]},"faces":{"north":{"uv":[0.75,7.25,1,8],"texture":"#1"},"east":{"uv":[2.25,7.25,2.5,8],"texture":"#1"},"south":{"uv":[3,7.25,3.25,8],"texture":"#1"},"west":{"uv":[0.5,7.25,0.75,8],"texture":"#1"},"up":{"uv":[9.75,3,9.5,2.75],"rotation":270,"texture":"#1"},"down":{"uv":[3.25,9.5,3,9.75],"rotation":90,"texture":"#1"}}},{"from":[7.5025,20.48699,9.81291],"to":[8.5025,21.48699,11.81291],"rotation":{"angle":-22.5,"axis":"x","origin":[8,8,8]},"faces":{"north":{"uv":[9.5,3,9.75,3.25],"texture":"#1"},"east":{"uv":[8.25,6.5,8.75,6.75],"texture":"#1"},"south":{"uv":[3.25,9.5,3.5,9.75],"texture":"#1"},"west":{"uv":[8.25,6.25,8.75,6.5],"texture":"#1"},"up":{"uv":[7.25,8.5,6.75,8.25],"rotation":270,"texture":"#1"},"down":{"uv":[7.75,8.25,7.25,8.5],"rotation":90,"texture":"#1"}}},{"from":[7.5025,18.76658,12.83616],"to":[8.5025,19.76658,14.83616],"rotation":{"angle":-45,"axis":"x","origin":[8,8,8]},"faces":{"north":{"uv":[9.5,3.25,9.75,3.5],"texture":"#1"},"east":{"uv":[8.25,7.5,8.75,7.75],"texture":"#1"},"south":{"uv":[3.5,9.5,3.75,9.75],"texture":"#1"},"west":{"uv":[8.25,7.25,8.75,7.5],"texture":"#1"},"up":{"uv":[8.75,8,8.25,7.75],"rotation":270,"texture":"#1"},"down":{"uv":[8.75,8,8.25,8.25],"rotation":90,"texture":"#1"}}},{"from":[7.5025,20.91949,6.36143],"to":[8.5025,21.91949,8.36143],"rotation":{"angle":0,"axis":"z","origin":[8,8,8]},"faces":{"north":{"uv":[3.75,9.5,4,9.75],"texture":"#1"},"east":{"uv":[8.5,1.75,9,2],"texture":"#1"},"south":{"uv":[9.5,3.75,9.75,4],"texture":"#1"},"west":{"uv":[8.25,8.25,8.75,8.5],"texture":"#1"},"up":{"uv":[9,2.25,8.5,2],"rotation":270,"texture":"#1"},"down":{"uv":[9,2.25,8.5,2.5],"rotation":90,"texture":"#1"}}},{"from":[7.5025,19.99824,3.00715],"to":[8.5025,20.99824,5.00715],"rotation":{"angle":22.5,"axis":"x","origin":[8,8,8]},"faces":{"north":{"uv":[9.5,4,9.75,4.25],"texture":"#1"},"east":{"uv":[3,8.5,3.5,8.75],"texture":"#1"},"south":{"uv":[9.5,4.25,9.75,4.5],"texture":"#1"},"west":{"uv":[8.5,2.75,9,3],"texture":"#1"},"up":{"uv":[4,8.75,3.5,8.5],"rotation":270,"texture":"#1"},"down":{"uv":[9,3.75,8.5,4],"rotation":90,"texture":"#1"}}},{"from":[7.5025,17.8635,0.26076],"to":[8.5025,18.8635,1.76076],"rotation":{"angle":45,"axis":"x","origin":[8,8,8]},"faces":{"north":{"uv":[9.5,4.5,9.75,4.75],"texture":"#1"},"east":{"uv":[9,3.75,9.375,4],"texture":"#1"},"south":{"uv":[9.5,4.75,9.75,5],"texture":"#1"},"west":{"uv":[9,2.75,9.375,3],"texture":"#1"},"up":{"uv":[9.375,4.25,9,4],"rotation":270,"texture":"#1"},"down":{"uv":[9.375,4.25,9,4.5],"rotation":90,"texture":"#1"}}},{"from":[7.5025,16.42159,14.64891],"to":[8.5025,17.92159,15.64891],"rotation":{"angle":-22.5,"axis":"x","origin":[8,8,8]},"faces":{"north":{"uv":[9,4.5,9.25,4.875],"texture":"#1"},"east":{"uv":[9,5,9.25,5.375],"texture":"#1"},"south":{"uv":[5.5,9,5.75,9.375],"texture":"#1"},"west":{"uv":[3.75,9,4,9.375],"texture":"#1"},"up":{"uv":[9.75,5.25,9.5,5],"rotation":270,"texture":"#1"},"down":{"uv":[9.75,5.25,9.5,5.5],"rotation":90,"texture":"#1"}}},{"from":[7.5025,18.42017,16.59133],"to":[8.5025,19.42017,19.09133],"rotation":{"angle":-22.5,"axis":"x","origin":[8,8,8]},"faces":{"north":{"uv":[5.5,9.5,5.75,9.75],"texture":"#1"},"east":{"uv":[7.75,2.75,8.375,3],"texture":"#1"},"south":{"uv":[9.5,5.5,9.75,5.75],"texture":"#1"},"west":{"uv":[7.75,2.25,8.375,2.5],"texture":"#1"},"up":{"uv":[8.375,4.25,7.75,4],"rotation":270,"texture":"#1"},"down":{"uv":[4.875,7.75,4.25,8],"rotation":90,"texture":"#1"}}},{"from":[7.5025,14.26311,18.80767],"to":[8.5025,15.26311,20.30767],"rotation":{"angle":-45,"axis":"x","origin":[8,8,8]},"faces":{"north":{"uv":[5.75,9.5,6,9.75],"texture":"#1"},"east":{"uv":[9,5.75,9.375,6],"texture":"#1"},"south":{"uv":[9.5,5.75,9.75,6],"texture":"#1"},"west":{"uv":[9,5.5,9.375,5.75],"texture":"#1"},"up":{"uv":[9.375,6.25,9,6],"rotation":270,"texture":"#1"},"down":{"uv":[6.625,9,6.25,9.25],"rotation":90,"texture":"#1"}}},{"from":[7.5275,21.79533,13.87674],"to":[8.4775,22.79533,15.87674],"rotation":{"angle":0,"axis":"z","origin":[8,8,8]},"faces":{"north":{"uv":[9.5,6,9.75,6.25],"texture":"#1"},"east":{"uv":[8.5,4,9,4.25],"texture":"#1"},"south":{"uv":[9.5,6.25,9.75,6.5],"texture":"#1"},"west":{"uv":[4,8.5,4.5,8.75],"texture":"#1"},"up":{"uv":[9,4.5,8.5,4.25],"rotation":270,"texture":"#1"},"down":{"uv":[5,8.5,4.5,8.75],"rotation":90,"texture":"#1"}}},{"from":[7.5275,18.44693,9.40062],"to":[8.4775,19.44693,10.90062],"rotation":{"angle":22.5,"axis":"x","origin":[8,8,8]},"faces":{"north":{"uv":[6.5,9.5,6.75,9.75],"texture":"#1"},"east":{"uv":[9,6.5,9.375,6.75],"texture":"#1"},"south":{"uv":[9.5,6.5,9.75,6.75],"texture":"#1"},"west":{"uv":[9,6.25,9.375,6.5],"texture":"#1"},"up":{"uv":[9.375,7,9,6.75],"rotation":270,"texture":"#1"},"down":{"uv":[9.375,7,9,7.25],"rotation":90,"texture":"#1"}}},{"from":[7.5025,17.03959,11.67455],"to":[8.5025,18.03959,13.67455],"rotation":{"angle":0,"axis":"z","origin":[8,8,8]},"faces":{"north":{"uv":[6.75,9.5,7,9.75],"texture":"#1"},"east":{"uv":[8.5,4.75,9,5],"texture":"#1"},"south":{"uv":[9.5,6.75,9.75,7],"texture":"#1"},"west":{"uv":[8.5,4.5,9,4.75],"texture":"#1"},"up":{"uv":[5.5,8.75,5,8.5],"rotation":270,"texture":"#1"},"down":{"uv":[9,5,8.5,5.25],"rotation":90,"texture":"#1"}}},{"from":[7.5025,14.15535,6.01272],"to":[8.5025,15.15535,7.51272],"rotation":{"angle":45,"axis":"x","origin":[8,8,8]},"faces":{"north":{"uv":[7,9.5,7.25,9.75],"texture":"#1"},"east":{"uv":[9,7.5,9.375,7.75],"texture":"#1"},"south":{"uv":[9.5,7,9.75,7.25],"texture":"#1"},"west":{"uv":[7.5,9,7.875,9.25],"texture":"#1"},"up":{"uv":[9.375,8,9,7.75],"rotation":270,"texture":"#1"},"down":{"uv":[8.625,9,8.25,9.25],"rotation":90,"texture":"#1"}}},{"from":[7.5275,9.68842,13.42421],"to":[8.4775,11.18842,14.42421],"rotation":{"angle":-22.5,"axis":"x","origin":[8,8,8]},"faces":{"north":{"uv":[8.75,9,9,9.375],"texture":"#1"},"east":{"uv":[9,9,9.25,9.375],"texture":"#1"},"south":{"uv":[9.25,0,9.5,0.375],"texture":"#1"},"west":{"uv":[5.75,9,6,9.375],"texture":"#1"},"up":{"uv":[7.5,9.75,7.25,9.5],"rotation":270,"texture":"#1"},"down":{"uv":[7.75,9.5,7.5,9.75],"rotation":90,"texture":"#1"}}},{"from":[7.5025,17.20765,10.84387],"to":[8.5025,18.70765,11.84387],"rotation":{"angle":0,"axis":"z","origin":[8,8,8]},"faces":{"north":{"uv":[9.25,0.5,9.5,0.875],"texture":"#1"},"east":{"uv":[0.75,9.25,1,9.625],"texture":"#1"},"south":{"uv":[1,9.25,1.25,9.625],"texture":"#1"},"west":{"uv":[0.5,9.25,0.75,9.625],"texture":"#1"},"up":{"uv":[9.75,7.75,9.5,7.5],"rotation":270,"texture":"#1"},"down":{"uv":[8,9.5,7.75,9.75],"rotation":90,"texture":"#1"}}},{"from":[7.5025,16.47774,7.02766],"to":[8.5025,17.97774,8.02766],"rotation":{"angle":22.5,"axis":"x","origin":[8,8,8]},"faces":{"north":{"uv":[1.25,9.25,1.5,9.625],"texture":"#1"},"east":{"uv":[9.25,1.5,9.5,1.875],"texture":"#1"},"south":{"uv":[2.25,9.25,2.5,9.625],"texture":"#1"},"west":{"uv":[9.25,1,9.5,1.375],"texture":"#1"},"up":{"uv":[9.75,8,9.5,7.75],"rotation":270,"texture":"#1"},"down":{"uv":[8.25,9.5,8,9.75],"rotation":90,"texture":"#1"}}},{"from":[7.5025,24.30494,16.22921],"to":[8.5025,25.30494,20.87448],"rotation":{"angle":-22.5,"axis":"x","origin":[8,8,8]},"faces":{"north":{"uv":[8.25,9.5,8.5,9.75],"texture":"#1"},"east":{"uv":[6.5,2.75,7.625,3],"texture":"#1"},"south":{"uv":[9.5,8.5,9.75,8.75],"texture":"#1"},"west":{"uv":[6.5,2.25,7.625,2.5],"texture":"#1"},"up":{"uv":[7.625,4.5,6.5,4.25],"rotation":270,"texture":"#1"},"down":{"uv":[7.625,4.5,6.5,4.75],"rotation":90,"texture":"#1"}}},{"from":[7.5275,21.79533,15.87674],"to":[8.4775,22.29533,17.02674],"rotation":{"angle":0,"axis":"z","origin":[8,8,8]},"faces":{"north":{"uv":[8.5,10,8.75,10.125],"texture":"#1"},"east":{"uv":[10,8.5,10.25,8.625],"texture":"#1"},"south":{"uv":[8.75,10,9,10.125],"texture":"#1"},"west":{"uv":[10,8.25,10.25,8.375],"texture":"#1"},"up":{"uv":[9,9.75,8.75,9.5],"rotation":270,"texture":"#1"},"down":{"uv":[9.25,9.5,9,9.75],"rotation":90,"texture":"#1"}}},{"from":[7.5025,24.1834,9.61523],"to":[8.5025,24.6834,10.61523],"rotation":{"angle":22.5,"axis":"x","origin":[8,8,8]},"faces":{"north":{"uv":[9,10,9.25,10.125],"texture":"#1"},"east":{"uv":[10,9,10.25,9.125],"texture":"#1"},"south":{"uv":[9.25,10,9.5,10.125],"texture":"#1"},"west":{"uv":[10,8.75,10.25,8.875],"texture":"#1"},"up":{"uv":[9.75,9.25,9.5,9],"rotation":270,"texture":"#1"},"down":{"uv":[9.5,9.5,9.25,9.75],"rotation":90,"texture":"#1"}}},{"from":[7.5275,21.79533,16.87674],"to":[8.4775,22.04533,17.62674],"rotation":{"angle":0,"axis":"z","origin":[8,8,8]},"faces":{"north":{"uv":[9.5,10,9.75,10.125],"texture":"#1"},"east":{"uv":[10,9.5,10.25,9.625],"texture":"#1"},"south":{"uv":[9.75,10,10,10.125],"texture":"#1"},"west":{"uv":[10,9.25,10.25,9.375],"texture":"#1"},"up":{"uv":[9.75,9.5,9.5,9.25],"rotation":270,"texture":"#1"},"down":{"uv":[9.75,9.5,9.5,9.75],"rotation":90,"texture":"#1"}}},{"from":[7.5025,24.4334,10.61523],"to":[8.5025,24.6834,11.61523],"rotation":{"angle":22.5,"axis":"x","origin":[8,8,8]},"faces":{"north":{"uv":[10,10,10.25,10.125],"texture":"#1"},"east":{"uv":[0,10.25,0.25,10.375],"texture":"#1"},"south":{"uv":[10.25,0,10.5,0.125],"texture":"#1"},"west":{"uv":[10,9.75,10.25,9.875],"texture":"#1"},"up":{"uv":[10,0.25,9.75,0],"rotation":270,"texture":"#1"},"down":{"uv":[10,0.25,9.75,0.5],"rotation":90,"texture":"#1"}}},{"from":[7.5025,28.66453,14.27216],"to":[8.5025,28.91453,15.27216],"rotation":{"angle":0,"axis":"z","origin":[8,8,8]},"faces":{"north":{"uv":[10.25,0.25,10.5,0.375],"texture":"#1"},"east":{"uv":[0.5,10.25,0.75,10.375],"texture":"#1"},"south":{"uv":[10.25,0.5,10.5,0.625],"texture":"#1"},"west":{"uv":[0.25,10.25,0.5,10.375],"texture":"#1"},"up":{"uv":[0.75,10,0.5,9.75],"rotation":270,"texture":"#1"},"down":{"uv":[1,9.75,0.75,10],"rotation":90,"texture":"#1"}}},{"from":[7.5025,24.30494,21.87448],"to":[8.5025,24.55494,22.62448],"rotation":{"angle":-22.5,"axis":"x","origin":[8,8,8]},"faces":{"north":{"uv":[10.25,0.75,10.5,0.875],"texture":"#1"},"east":{"uv":[1,10.25,1.25,10.375],"texture":"#1"},"south":{"uv":[10.25,1,10.5,1.125],"texture":"#1"},"west":{"uv":[0.75,10.25,1,10.375],"texture":"#1"},"up":{"uv":[1.25,10,1,9.75],"rotation":270,"texture":"#1"},"down":{"uv":[1.5,9.75,1.25,10],"rotation":90,"texture":"#1"}}},{"from":[7.5025,28.41453,13.27216],"to":[8.5025,28.91453,14.27216],"rotation":{"angle":0,"axis":"z","origin":[8,8,8]},"faces":{"north":{"uv":[10.25,1.25,10.5,1.375],"texture":"#1"},"east":{"uv":[1.5,10.25,1.75,10.375],"texture":"#1"},"south":{"uv":[10.25,1.5,10.5,1.625],"texture":"#1"},"west":{"uv":[1.25,10.25,1.5,10.375],"texture":"#1"},"up":{"uv":[10,1.75,9.75,1.5],"rotation":270,"texture":"#1"},"down":{"uv":[2,9.75,1.75,10],"rotation":90,"texture":"#1"}}},{"from":[7.5025,24.30494,20.87448],"to":[8.5025,24.80494,22.02448],"rotation":{"angle":-22.5,"axis":"x","origin":[8,8,8]},"faces":{"north":{"uv":[10.25,1.75,10.5,1.875],"texture":"#1"},"east":{"uv":[2,10.25,2.25,10.375],"texture":"#1"},"south":{"uv":[10.25,2,10.5,2.125],"texture":"#1"},"west":{"uv":[1.75,10.25,2,10.375],"texture":"#1"},"up":{"uv":[10,2,9.75,1.75],"rotation":270,"texture":"#1"},"down":{"uv":[2.25,9.75,2,10],"rotation":90,"texture":"#1"}}},{"from":[7.5025,19.1856,6.29928],"to":[8.5025,19.6856,7.29928],"rotation":{"angle":45,"axis":"x","origin":[8,8,8]},"faces":{"north":{"uv":[10.25,2.25,10.5,2.375],"texture":"#1"},"east":{"uv":[2.5,10.25,2.75,10.375],"texture":"#1"},"south":{"uv":[10.25,2.5,10.5,2.625],"texture":"#1"},"west":{"uv":[2.25,10.25,2.5,10.375],"texture":"#1"},"up":{"uv":[10,2.25,9.75,2],"rotation":270,"texture":"#1"},"down":{"uv":[2.5,9.75,2.25,10],"rotation":90,"texture":"#1"}}},{"from":[7.5025,19.4356,7.29928],"to":[8.5025,19.6856,8.29928],"rotation":{"angle":45,"axis":"x","origin":[8,8,8]},"faces":{"north":{"uv":[10.25,2.75,10.5,2.875],"texture":"#1"},"east":{"uv":[3,10.25,3.25,10.375],"texture":"#1"},"south":{"uv":[10.25,3,10.5,3.125],"texture":"#1"},"west":{"uv":[2.75,10.25,3,10.375],"texture":"#1"},"up":{"uv":[10,2.5,9.75,2.25],"rotation":270,"texture":"#1"},"down":{"uv":[2.75,9.75,2.5,10],"rotation":90,"texture":"#1"}}},{"from":[7.5275,18.44693,11.90062],"to":[8.4775,18.69693,12.65062],"rotation":{"angle":22.5,"axis":"x","origin":[8,8,8]},"faces":{"north":{"uv":[10.25,3.25,10.5,3.375],"texture":"#1"},"east":{"uv":[3.5,10.25,3.75,10.375],"texture":"#1"},"south":{"uv":[10.25,3.5,10.5,3.625],"texture":"#1"},"west":{"uv":[3.25,10.25,3.5,10.375],"texture":"#1"},"up":{"uv":[10,2.75,9.75,2.5],"rotation":270,"texture":"#1"},"down":{"uv":[3,9.75,2.75,10],"rotation":90,"texture":"#1"}}},{"from":[7.5275,18.44693,10.90062],"to":[8.4775,18.94693,12.05062],"rotation":{"angle":22.5,"axis":"x","origin":[8,8,8]},"faces":{"north":{"uv":[10.25,3.75,10.5,3.875],"texture":"#1"},"east":{"uv":[4,10.25,4.25,10.375],"texture":"#1"},"south":{"uv":[10.25,4,10.5,4.125],"texture":"#1"},"west":{"uv":[3.75,10.25,4,10.375],"texture":"#1"},"up":{"uv":[10,3,9.75,2.75],"rotation":270,"texture":"#1"},"down":{"uv":[3.25,9.75,3,10],"rotation":90,"texture":"#1"}}},{"from":[7.5275,8.53842,13.4242],"to":[8.4775,9.68842,13.9242],"rotation":{"angle":-22.5,"axis":"x","origin":[8,8,8]},"faces":{"north":{"uv":[9.75,3,10,3.25],"texture":"#1"},"east":{"uv":[10.25,4.25,10.375,4.5],"texture":"#1"},"south":{"uv":[3.25,9.75,3.5,10],"texture":"#1"},"west":{"uv":[4.25,10.25,4.375,10.5],"texture":"#1"},"up":{"uv":[4.625,10.5,4.5,10.25],"rotation":270,"texture":"#1"},"down":{"uv":[10.375,4.5,10.25,4.75],"rotation":90,"texture":"#1"}}},{"from":[7.5025,11.01832,12.78906],"to":[8.5025,12.01832,13.28906],"rotation":{"angle":0,"axis":"z","origin":[8,8,8]},"faces":{"north":{"uv":[9.75,3.25,10,3.5],"texture":"#1"},"east":{"uv":[10.25,4.75,10.375,5],"texture":"#1"},"south":{"uv":[3.5,9.75,3.75,10],"texture":"#1"},"west":{"uv":[4.75,10.25,4.875,10.5],"texture":"#1"},"up":{"uv":[5.125,10.5,5,10.25],"rotation":270,"texture":"#1"},"down":{"uv":[10.375,5,10.25,5.25],"rotation":90,"texture":"#1"}}},{"from":[7.5025,10.01832,13.03906],"to":[8.5025,11.01832,13.28906],"rotation":{"angle":0,"axis":"z","origin":[8,8,8]},"faces":{"north":{"uv":[9.75,3.5,10,3.75],"texture":"#1"},"east":{"uv":[10.25,5.25,10.375,5.5],"texture":"#1"},"south":{"uv":[3.75,9.75,4,10],"texture":"#1"},"west":{"uv":[5.25,10.25,5.375,10.5],"texture":"#1"},"up":{"uv":[5.625,10.5,5.5,10.25],"rotation":270,"texture":"#1"},"down":{"uv":[10.375,5.5,10.25,5.75],"rotation":90,"texture":"#1"}}},{"from":[7.5275,7.93842,13.4242],"to":[8.4775,8.68842,13.6742],"rotation":{"angle":-22.5,"axis":"x","origin":[8,8,8]},"faces":{"north":{"uv":[9.75,3.75,10,4],"texture":"#1"},"east":{"uv":[10.25,5.75,10.375,6],"texture":"#1"},"south":{"uv":[4,9.75,4.25,10],"texture":"#1"},"west":{"uv":[5.75,10.25,5.875,10.5],"texture":"#1"},"up":{"uv":[6.125,10.5,6,10.25],"rotation":270,"texture":"#1"},"down":{"uv":[10.375,6,10.25,6.25],"rotation":90,"texture":"#1"}}},{"from":[7.5025,15.43822,-0.59631],"to":[8.5025,16.58822,-0.09631],"rotation":{"angle":22.5,"axis":"x","origin":[8,8,8]},"faces":{"north":{"uv":[9.75,4,10,4.25],"texture":"#1"},"east":{"uv":[10.25,6.25,10.375,6.5],"texture":"#1"},"south":{"uv":[4.25,9.75,4.5,10],"texture":"#1"},"west":{"uv":[6.25,10.25,6.375,10.5],"texture":"#1"},"up":{"uv":[6.625,10.5,6.5,10.25],"rotation":270,"texture":"#1"},"down":{"uv":[10.375,6.5,10.25,6.75],"rotation":90,"texture":"#1"}}},{"from":[7.5025,18.41548,2.88268],"to":[8.5025,19.41548,3.38268],"rotation":{"angle":0,"axis":"z","origin":[8,8,8]},"faces":{"north":{"uv":[9.75,4.25,10,4.5],"texture":"#1"},"east":{"uv":[10.25,6.75,10.375,7],"texture":"#1"},"south":{"uv":[4.5,9.75,4.75,10],"texture":"#1"},"west":{"uv":[6.75,10.25,6.875,10.5],"texture":"#1"},"up":{"uv":[7.125,10.5,7,10.25],"rotation":270,"texture":"#1"},"down":{"uv":[10.375,7,10.25,7.25],"rotation":90,"texture":"#1"}}},{"from":[7.5025,14.83822,-0.34631],"to":[8.5025,15.58822,-0.09631],"rotation":{"angle":22.5,"axis":"x","origin":[8,8,8]},"faces":{"north":{"uv":[9.75,4.5,10,4.75],"texture":"#1"},"east":{"uv":[10.25,7.25,10.375,7.5],"texture":"#1"},"south":{"uv":[4.75,9.75,5,10],"texture":"#1"},"west":{"uv":[7.25,10.25,7.375,10.5],"texture":"#1"},"up":{"uv":[10.375,7.75,10.25,7.5],"rotation":270,"texture":"#1"},"down":{"uv":[7.875,10.25,7.75,10.5],"rotation":90,"texture":"#1"}}},{"from":[7.5025,17.41548,2.88268],"to":[8.5025,18.41548,3.13268],"rotation":{"angle":0,"axis":"z","origin":[8,8,8]},"faces":{"north":{"uv":[9.75,4.75,10,5],"texture":"#1"},"east":{"uv":[8,10.25,8.125,10.5],"texture":"#1"},"south":{"uv":[5,9.75,5.25,10],"texture":"#1"},"west":{"uv":[10.25,7.75,10.375,8],"texture":"#1"},"up":{"uv":[10.375,8.25,10.25,8],"rotation":270,"texture":"#1"},"down":{"uv":[8.375,10.25,8.25,10.5],"rotation":90,"texture":"#1"}}},{"from":[7.5025,11.00144,-0.64656],"to":[8.5025,11.50144,0.35344],"rotation":{"angle":0,"axis":"z","origin":[8,8,8]},"faces":{"north":{"uv":[8.5,10.25,8.75,10.375],"texture":"#1"},"east":{"uv":[10.25,8.5,10.5,8.625],"texture":"#1"},"south":{"uv":[8.75,10.25,9,10.375],"texture":"#1"},"west":{"uv":[10.25,8.25,10.5,8.375],"texture":"#1"},"up":{"uv":[10,5.25,9.75,5],"rotation":270,"texture":"#1"},"down":{"uv":[5.5,9.75,5.25,10],"rotation":90,"texture":"#1"}}},{"from":[7.5025,14.19918,0.9341],"to":[8.5025,14.69918,2.0841],"rotation":{"angle":-22.5,"axis":"x","origin":[8,8,8]},"faces":{"north":{"uv":[9,10.25,9.25,10.375],"texture":"#1"},"east":{"uv":[10.25,9,10.5,9.125],"texture":"#1"},"south":{"uv":[9.25,10.25,9.5,10.375],"texture":"#1"},"west":{"uv":[10.25,8.75,10.5,8.875],"texture":"#1"},"up":{"uv":[10,5.5,9.75,5.25],"rotation":270,"texture":"#1"},"down":{"uv":[5.75,9.75,5.5,10],"rotation":90,"texture":"#1"}}},{"from":[7.5025,14.44918,0.3341],"to":[8.5025,14.69918,1.0841],"rotation":{"angle":-22.5,"axis":"x","origin":[8,8,8]},"faces":{"north":{"uv":[9.5,10.25,9.75,10.375],"texture":"#1"},"east":{"uv":[10.25,9.5,10.5,9.625],"texture":"#1"},"south":{"uv":[9.75,10.25,10,10.375],"texture":"#1"},"west":{"uv":[10.25,9.25,10.5,9.375],"texture":"#1"},"up":{"uv":[10,5.75,9.75,5.5],"rotation":270,"texture":"#1"},"down":{"uv":[6,9.75,5.75,10],"rotation":90,"texture":"#1"}}},{"from":[7.5025,11.00144,-1.64656],"to":[8.5025,11.25144,-0.64656],"rotation":{"angle":0,"axis":"z","origin":[8,8,8]},"faces":{"north":{"uv":[10,10.25,10.25,10.375],"texture":"#1"},"east":{"uv":[10.25,10,10.5,10.125],"texture":"#1"},"south":{"uv":[10.25,10.25,10.5,10.375],"texture":"#1"},"west":{"uv":[10.25,9.75,10.5,9.875],"texture":"#1"},"up":{"uv":[10,6,9.75,5.75],"rotation":270,"texture":"#1"},"down":{"uv":[6.25,9.75,6,10],"rotation":90,"texture":"#1"}}},{"from":[7.0275,1.75,3.42923],"to":[8.9775,14.25,8.92923],"rotation":{"angle":0,"axis":"z","origin":[8,8,8]},"faces":{"north":{"uv":[3,0,3.5,3.125],"texture":"#1"},"east":{"uv":[1.5,0,2.875,3.125],"texture":"#1"},"south":{"uv":[0,3.25,0.5,6.375],"texture":"#1"},"west":{"uv":[0,0,1.375,3.125],"texture":"#1"},"up":{"uv":[4.875,1.5,3.5,1],"rotation":270,"texture":"#1"},"down":{"uv":[4.875,1.5,3.5,2],"rotation":90,"texture":"#1"}}},{"from":[6.7775,13.24533,7.85174],"to":[9.2275,16.74533,11.35174],"rotation":{"angle":0,"axis":"z","origin":[8,8,8]},"faces":{"north":{"uv":[3,4.25,3.625,5.125],"texture":"#1"},"east":{"uv":[1.5,3.25,2.375,4.125],"texture":"#1"},"south":{"uv":[3.75,4.25,4.375,5.125],"texture":"#1"},"west":{"uv":[0.5,3.25,1.375,4.125],"texture":"#1"},"up":{"uv":[5.375,0.625,4.5,0],"rotation":270,"texture":"#1"},"down":{"uv":[5.375,3,4.5,3.625],"rotation":90,"texture":"#1"}}},{"from":[7.0025,5.26589,4.77335],"to":[9.0025,6.26589,5.77335],"rotation":{"angle":22.5,"axis":"x","origin":[8,8,8]},"faces":{"north":{"uv":[2.25,9,2.75,9.25],"texture":"#1"},"east":{"uv":[8,10,8.25,10.25],"texture":"#1"},"south":{"uv":[9,2.25,9.5,2.5],"texture":"#1"},"west":{"uv":[7.75,10,8,10.25],"texture":"#1"},"up":{"uv":[3,9.5,2.75,9],"rotation":270,"texture":"#1"},"down":{"uv":[3.25,9,3,9.5],"rotation":90,"texture":"#1"}}},{"from":[7.0025,2.62191,5.98914],"to":[9.0025,4.62191,6.98914],"rotation":{"angle":45,"axis":"x","origin":[8,8,8]},"faces":{"north":{"uv":[7,0.5,7.5,1],"texture":"#1"},"east":{"uv":[1.75,9,2,9.5],"texture":"#1"},"south":{"uv":[1,7,1.5,7.5],"texture":"#1"},"west":{"uv":[1.5,9,1.75,9.5],"texture":"#1"},"up":{"uv":[9.25,2.25,9,1.75],"rotation":270,"texture":"#1"},"down":{"uv":[2.25,9,2,9.5],"rotation":90,"texture":"#1"}}},{"from":[7.0025,1.69803,5.98914],"to":[9.0025,2.62191,6.37182],"rotation":{"angle":45,"axis":"x","origin":[8,8,8]},"faces":{"north":{"uv":[0.5,9,1,9.25],"texture":"#1"},"east":{"uv":[1.5,10.75,1.625,11],"texture":"#1"},"south":{"uv":[1,9,1.5,9.25],"texture":"#1"},"west":{"uv":[10.75,1.25,10.875,1.5],"texture":"#1"},"up":{"uv":[7.625,10.5,7.5,10],"rotation":270,"texture":"#1"},"down":{"uv":[10.125,7.5,10,8],"rotation":90,"texture":"#1"}}},{"from":[6.7275,-0.07694,4.37915],"to":[9.2775,1.92306,5.37915],"rotation":{"angle":-22.5,"axis":"x","origin":[8,8,8]},"faces":{"north":{"uv":[6.25,4.75,6.875,5.25],"texture":"#1"},"east":{"uv":[0.25,9,0.5,9.5],"texture":"#1"},"south":{"uv":[6,6.25,6.625,6.75],"texture":"#1"},"west":{"uv":[0,9,0.25,9.5],"texture":"#1"},"up":{"uv":[1,8.625,0.75,8],"rotation":270,"texture":"#1"},"down":{"uv":[2.5,8,2.25,8.625],"rotation":90,"texture":"#1"}}},{"from":[6.7525,-0.27158,11.15094],"to":[9.2525,0.72842,13.15094],"rotation":{"angle":22.5,"axis":"x","origin":[8,8,8]},"faces":{"north":{"uv":[8,3.25,8.625,3.5],"texture":"#1"},"east":{"uv":[8.75,8.75,9.25,9],"texture":"#1"},"south":{"uv":[8,3.5,8.625,3.75],"texture":"#1"},"west":{"uv":[8.75,8.25,9.25,8.5],"texture":"#1"},"up":{"uv":[5.5,6.875,5,6.25],"rotation":270,"texture":"#1"},"down":{"uv":[6,6.25,5.5,6.875],"rotation":90,"texture":"#1"}}},{"from":[6.7275,-1.49115,5.79336],"to":[9.2775,-0.49115,7.79336],"rotation":{"angle":-22.5,"axis":"x","origin":[8,8,8]},"faces":{"north":{"uv":[3,8,3.625,8.25],"texture":"#1"},"east":{"uv":[8.25,8.75,8.75,9],"texture":"#1"},"south":{"uv":[8,3,8.625,3.25],"texture":"#1"},"west":{"uv":[8.75,8,9.25,8.25],"texture":"#1"},"up":{"uv":[6.75,4.125,6.25,3.5],"rotation":270,"texture":"#1"},"down":{"uv":[5,6.25,4.5,6.875],"rotation":90,"texture":"#1"}}},{"from":[6.7525,1.14263,13.56515],"to":[9.2525,3.14263,14.56515],"rotation":{"angle":22.5,"axis":"x","origin":[8,8,8]},"faces":{"north":{"uv":[1.75,6.25,2.375,6.75],"texture":"#1"},"east":{"uv":[8,8.75,8.25,9.25],"texture":"#1"},"south":{"uv":[6.25,3,6.875,3.5],"texture":"#1"},"west":{"uv":[8.75,7.5,9,8],"texture":"#1"},"up":{"uv":[6.5,8.125,6.25,7.5],"rotation":270,"texture":"#1"},"down":{"uv":[6.75,7.5,6.5,8.125],"rotation":90,"texture":"#1"}}},{"from":[6.7525,3.55684,11.15093],"to":[9.2525,4.55684,13.15093],"rotation":{"angle":22.5,"axis":"x","origin":[8,8,8]},"faces":{"north":{"uv":[8,1.5,8.625,1.75],"texture":"#1"},"east":{"uv":[7.5,8.75,8,9],"texture":"#1"},"south":{"uv":[8,2.5,8.625,2.75],"texture":"#1"},"west":{"uv":[8.75,7.25,9.25,7.5],"texture":"#1"},"up":{"uv":[4.5,6.625,4,6],"rotation":270,"texture":"#1"},"down":{"uv":[1.75,6.25,1.25,6.875],"rotation":90,"texture":"#1"}}},{"from":[6.7275,-0.07694,8.20758],"to":[9.2775,1.92306,9.20758],"rotation":{"angle":-22.5,"axis":"x","origin":[8,8,8]},"faces":{"north":{"uv":[0.5,6.25,1.125,6.75],"texture":"#1"},"east":{"uv":[7.25,8.75,7.5,9.25],"texture":"#1"},"south":{"uv":[6.25,0.5,6.875,1],"texture":"#1"},"west":{"uv":[7,8.75,7.25,9.25],"texture":"#1"},"up":{"uv":[2.75,8.125,2.5,7.5],"rotation":270,"texture":"#1"},"down":{"uv":[3,7.5,2.75,8.125],"rotation":90,"texture":"#1"}}},{"from":[6.7525,1.14263,9.73672],"to":[9.2525,3.14263,10.73672],"rotation":{"angle":22.5,"axis":"x","origin":[8,8,8]},"faces":{"north":{"uv":[6,5.25,6.625,5.75],"texture":"#1"},"east":{"uv":[6.75,8.75,7,9.25],"texture":"#1"},"south":{"uv":[6,5.75,6.625,6.25],"texture":"#1"},"west":{"uv":[8.75,6.25,9,6.75],"texture":"#1"},"up":{"uv":[2,8.125,1.75,7.5],"rotation":270,"texture":"#1"},"down":{"uv":[2.25,7.5,2,8.125],"rotation":90,"texture":"#1"}}},{"from":[6.7275,2.33727,5.79336],"to":[9.2775,3.33727,7.79336],"rotation":{"angle":-22.5,"axis":"x","origin":[8,8,8]},"faces":{"north":{"uv":[8,1,8.625,1.25],"texture":"#1"},"east":{"uv":[6.25,8.75,6.75,9],"texture":"#1"},"south":{"uv":[8,1.25,8.625,1.5],"texture":"#1"},"west":{"uv":[8.75,3.5,9.25,3.75],"texture":"#1"},"up":{"uv":[3.5,6.625,3,6],"rotation":270,"texture":"#1"},"down":{"uv":[4,6,3.5,6.625],"rotation":90,"texture":"#1"}}},{"from":[7.0025,4.33103,6.14969],"to":[9.0025,6.33103,7.14969],"rotation":{"angle":-22.5,"axis":"x","origin":[8,8,8]},"faces":{"north":{"uv":[6.75,6.25,7.25,6.75],"texture":"#1"},"east":{"uv":[5.25,8.75,5.5,9.25],"texture":"#1"},"south":{"uv":[6.5,6.75,7,7.25],"texture":"#1"},"west":{"uv":[5,8.75,5.25,9.25],"texture":"#1"},"up":{"uv":[9,5.75,8.75,5.25],"rotation":270,"texture":"#1"},"down":{"uv":[6.25,8.75,6,9.25],"rotation":90,"texture":"#1"}}},{"from":[7.0025,3.3184,4.88649],"to":[9.0025,5.3184,5.88649],"rotation":{"angle":-45,"axis":"x","origin":[8,8,8]},"faces":{"north":{"uv":[6.75,5.75,7.25,6.25],"texture":"#1"},"east":{"uv":[4.25,8.75,4.5,9.25],"texture":"#1"},"south":{"uv":[6,6.75,6.5,7.25],"texture":"#1"},"west":{"uv":[4,8.75,4.25,9.25],"texture":"#1"},"up":{"uv":[4.75,9.25,4.5,8.75],"rotation":270,"texture":"#1"},"down":{"uv":[5,8.75,4.75,9.25],"rotation":90,"texture":"#1"}}},{"from":[7.0025,2.57862,8.29884],"to":[9.0025,3.57862,12.79884],"rotation":{"angle":45,"axis":"x","origin":[8,8,8]},"faces":{"north":{"uv":[8.75,3.25,9.25,3.5],"texture":"#1"},"east":{"uv":[1.75,6.75,2.875,7],"texture":"#1"},"south":{"uv":[3.5,8.75,4,9],"texture":"#1"},"west":{"uv":[6.75,1.5,7.875,1.75],"texture":"#1"},"up":{"uv":[1.625,4.75,0.5,4.25],"rotation":270,"texture":"#1"},"down":{"uv":[2.875,4.25,1.75,4.75],"rotation":90,"texture":"#1"}}},{"from":[7.0025,2.80081,4.0841],"to":[9.0025,3.80081,6.5841],"rotation":{"angle":22.5,"axis":"x","origin":[8,8,8]},"faces":{"north":{"uv":[3,8.75,3.5,9],"texture":"#1"},"east":{"uv":[8,0.25,8.625,0.5],"texture":"#1"},"south":{"uv":[8.75,3,9.25,3.25],"texture":"#1"},"west":{"uv":[8,0,8.625,0.25],"texture":"#1"},"up":{"uv":[5.875,6.25,5.25,5.75],"rotation":270,"texture":"#1"},"down":{"uv":[6.625,0,6,0.5],"rotation":90,"texture":"#1"}}},{"from":[7.5025,1.30081,2.0841],"to":[8.5025,2.30081,4.5841],"rotation":{"angle":22.5,"axis":"x","origin":[8,8,8]},"faces":{"north":{"uv":[7.25,10,7.5,10.25],"texture":"#1"},"east":{"uv":[7.75,7,8.375,7.25],"texture":"#1"},"south":{"uv":[10,7.25,10.25,7.5],"texture":"#1"},"west":{"uv":[7.75,6.75,8.375,7],"texture":"#1"},"up":{"uv":[8.125,8,7.5,7.75],"rotation":270,"texture":"#1"},"down":{"uv":[0.625,8,0,8.25],"rotation":90,"texture":"#1"}}},{"from":[7.5275,3.99856,0.35344],"to":[8.4775,4.99856,3.85344],"rotation":{"angle":0,"axis":"z","origin":[8,8,8]},"faces":{"north":{"uv":[7,10,7.25,10.25],"texture":"#1"},"east":{"uv":[7,3.25,7.875,3.5],"texture":"#1"},"south":{"uv":[10,7,10.25,7.25],"texture":"#1"},"west":{"uv":[7,3,7.875,3.25],"texture":"#1"},"up":{"uv":[5.375,7.25,4.5,7],"rotation":270,"texture":"#1"},"down":{"uv":[7.875,4.75,7,5],"rotation":90,"texture":"#1"}}},{"from":[7.5025,3.11797,2.28045],"to":[8.5025,4.11797,5.28045],"rotation":{"angle":0,"axis":"z","origin":[8,8,8]},"faces":{"north":{"uv":[6.75,10,7,10.25],"texture":"#1"},"east":{"uv":[7.25,3.75,8,4],"texture":"#1"},"south":{"uv":[10,6.75,10.25,7],"texture":"#1"},"west":{"uv":[7.25,3.5,8,3.75],"texture":"#1"},"up":{"uv":[5,7.5,4.25,7.25],"rotation":270,"texture":"#1"},"down":{"uv":[8,5.25,7.25,5.5],"rotation":90,"texture":"#1"}}},{"from":[7.5025,-4.83849,15.22512],"to":[8.5025,-3.83849,22.22512],"rotation":{"angle":45,"axis":"x","origin":[8,8,8]},"faces":{"north":{"uv":[6.5,10,6.75,10.25],"texture":"#1"},"east":{"uv":[5,1.5,6.75,1.75],"texture":"#1"},"south":{"uv":[10,6.5,10.25,6.75],"texture":"#1"},"west":{"uv":[5,1.25,6.75,1.5],"texture":"#1"},"up":{"uv":[6.75,2,5,1.75],"rotation":270,"texture":"#1"},"down":{"uv":[6.25,5,4.5,5.25],"rotation":90,"texture":"#1"}}},{"from":[7.5025,-3.58822,-1.0963],"to":[8.5025,-0.58822,-0.0963],"rotation":{"angle":-22.5,"axis":"x","origin":[8,8,8]},"faces":{"north":{"uv":[3.5,7.25,3.75,8],"texture":"#1"},"east":{"uv":[3.75,7.25,4,8],"texture":"#1"},"south":{"uv":[4,7.25,4.25,8],"texture":"#1"},"west":{"uv":[3.25,7.25,3.5,8],"texture":"#1"},"up":{"uv":[6.5,10.25,6.25,10],"rotation":270,"texture":"#1"},"down":{"uv":[10.25,6.25,10,6.5],"rotation":90,"texture":"#1"}}},{"from":[7.5025,-5.48699,9.81291],"to":[8.5025,-4.48699,11.81291],"rotation":{"angle":22.5,"axis":"x","origin":[8,8,8]},"faces":{"north":{"uv":[6,10,6.25,10.25],"texture":"#1"},"east":{"uv":[2,8.75,2.5,9],"texture":"#1"},"south":{"uv":[10,6,10.25,6.25],"texture":"#1"},"west":{"uv":[8.75,1.5,9.25,1.75],"texture":"#1"},"up":{"uv":[3,9,2.5,8.75],"rotation":270,"texture":"#1"},"down":{"uv":[9.25,2.5,8.75,2.75],"rotation":90,"texture":"#1"}}},{"from":[7.5025,-3.76658,12.83616],"to":[8.5025,-2.76658,14.83616],"rotation":{"angle":45,"axis":"x","origin":[8,8,8]},"faces":{"north":{"uv":[5.75,10,6,10.25],"texture":"#1"},"east":{"uv":[8.75,1,9.25,1.25],"texture":"#1"},"south":{"uv":[10,5.75,10.25,6],"texture":"#1"},"west":{"uv":[1,8.75,1.5,9],"texture":"#1"},"up":{"uv":[9.25,1.5,8.75,1.25],"rotation":270,"texture":"#1"},"down":{"uv":[2,8.75,1.5,9],"rotation":90,"texture":"#1"}}},{"from":[7.5025,-5.91949,6.36143],"to":[8.5025,-4.91949,8.36143],"rotation":{"angle":0,"axis":"z","origin":[8,8,8]},"faces":{"north":{"uv":[5.5,10,5.75,10.25],"texture":"#1"},"east":{"uv":[0.5,8.75,1,9],"texture":"#1"},"south":{"uv":[10,5.5,10.25,5.75],"texture":"#1"},"west":{"uv":[8.75,0.25,9.25,0.5],"texture":"#1"},"up":{"uv":[9.25,0.75,8.75,0.5],"rotation":270,"texture":"#1"},"down":{"uv":[9.25,0.75,8.75,1],"rotation":90,"texture":"#1"}}},{"from":[7.5025,-4.99824,3.00715],"to":[8.5025,-3.99824,5.00715],"rotation":{"angle":-22.5,"axis":"x","origin":[8,8,8]},"faces":{"north":{"uv":[5.25,10,5.5,10.25],"texture":"#1"},"east":{"uv":[8.5,8.5,9,8.75],"texture":"#1"},"south":{"uv":[10,5.25,10.25,5.5],"texture":"#1"},"west":{"uv":[8,8.5,8.5,8.75],"texture":"#1"},"up":{"uv":[0.5,9,0,8.75],"rotation":270,"texture":"#1"},"down":{"uv":[9.25,0,8.75,0.25],"rotation":90,"texture":"#1"}}},{"from":[7.5025,-2.8635,0.26076],"to":[8.5025,-1.8635,1.76076],"rotation":{"angle":-45,"axis":"x","origin":[8,8,8]},"faces":{"north":{"uv":[5,10,5.25,10.25],"texture":"#1"},"east":{"uv":[9.5,0.75,9.875,1],"texture":"#1"},"south":{"uv":[10,5,10.25,5.25],"texture":"#1"},"west":{"uv":[9.5,0.5,9.875,0.75],"texture":"#1"},"up":{"uv":[9.875,1.25,9.5,1],"rotation":270,"texture":"#1"},"down":{"uv":[9.875,1.25,9.5,1.5],"rotation":90,"texture":"#1"}}},{"from":[7.5025,-1.92159,14.64891],"to":[8.5025,-0.42159,15.64891],"rotation":{"angle":22.5,"axis":"x","origin":[8,8,8]},"faces":{"north":{"uv":[9.25,9,9.5,9.375],"texture":"#1"},"east":{"uv":[0,9.5,0.25,9.875],"texture":"#1"},"south":{"uv":[9.5,0,9.75,0.375],"texture":"#1"},"west":{"uv":[8.5,9.25,8.75,9.625],"texture":"#1"},"up":{"uv":[5,10.25,4.75,10],"rotation":270,"texture":"#1"},"down":{"uv":[10.25,4.75,10,5],"rotation":90,"texture":"#1"}}},{"from":[7.5025,-3.42017,16.59133],"to":[8.5025,-2.42017,19.09133],"rotation":{"angle":22.5,"axis":"x","origin":[8,8,8]},"faces":{"north":{"uv":[4.5,10,4.75,10.25],"texture":"#1"},"east":{"uv":[7.75,4.5,8.375,4.75],"texture":"#1"},"south":{"uv":[10,4.5,10.25,4.75],"texture":"#1"},"west":{"uv":[7.75,4.25,8.375,4.5],"texture":"#1"},"up":{"uv":[8.375,5.25,7.75,5],"rotation":270,"texture":"#1"},"down":{"uv":[6.125,7.75,5.5,8],"rotation":90,"texture":"#1"}}},{"from":[7.5025,0.73689,18.80767],"to":[8.5025,1.73689,20.30767],"rotation":{"angle":45,"axis":"x","origin":[8,8,8]},"faces":{"north":{"uv":[4.25,10,4.5,10.25],"texture":"#1"},"east":{"uv":[9.25,8,9.625,8.25],"texture":"#1"},"south":{"uv":[10,4.25,10.25,4.5],"texture":"#1"},"west":{"uv":[8,9.25,8.375,9.5],"texture":"#1"},"up":{"uv":[9.625,8.5,9.25,8.25],"rotation":270,"texture":"#1"},"down":{"uv":[9.625,8.75,9.25,9],"rotation":90,"texture":"#1"}}},{"from":[7.5275,-6.79533,13.87674],"to":[8.4775,-5.79533,15.87674],"rotation":{"angle":0,"axis":"z","origin":[8,8,8]},"faces":{"north":{"uv":[4,10,4.25,10.25],"texture":"#1"},"east":{"uv":[7,8.5,7.5,8.75],"texture":"#1"},"south":{"uv":[10,4,10.25,4.25],"texture":"#1"},"west":{"uv":[8.5,6.75,9,7],"texture":"#1"},"up":{"uv":[9,7.25,8.5,7],"rotation":270,"texture":"#1"},"down":{"uv":[8,8.5,7.5,8.75],"rotation":90,"texture":"#1"}}},{"from":[6.7775,-0.74533,7.85174],"to":[9.2275,2.75467,11.35174],"rotation":{"angle":0,"axis":"z","origin":[8,8,8]},"faces":{"north":{"uv":[4.5,3.75,5.125,4.625],"texture":"#1"},"east":{"uv":[3.5,0,4.375,0.875],"texture":"#1"},"south":{"uv":[0.5,4.75,1.125,5.625],"texture":"#1"},"west":{"uv":[2.5,3.25,3.375,4.125],"texture":"#1"},"up":{"uv":[2.125,5.375,1.25,4.75],"rotation":270,"texture":"#1"},"down":{"uv":[5.625,2,4.75,2.625],"rotation":90,"texture":"#1"}}},{"from":[7.5275,-3.44693,9.40062],"to":[8.4775,-2.44693,10.90062],"rotation":{"angle":-22.5,"axis":"x","origin":[8,8,8]},"faces":{"north":{"uv":[3.75,10,4,10.25],"texture":"#1"},"east":{"uv":[7,9.25,7.375,9.5],"texture":"#1"},"south":{"uv":[10,3.75,10.25,4],"texture":"#1"},"west":{"uv":[6.5,9.25,6.875,9.5],"texture":"#1"},"up":{"uv":[9.625,7.5,9.25,7.25],"rotation":270,"texture":"#1"},"down":{"uv":[7.875,9.25,7.5,9.5],"rotation":90,"texture":"#1"}}},{"from":[7.5025,-2.03959,11.67455],"to":[8.5025,-1.03959,13.67455],"rotation":{"angle":0,"axis":"z","origin":[8,8,8]},"faces":{"north":{"uv":[3.5,10,3.75,10.25],"texture":"#1"},"east":{"uv":[6,8.5,6.5,8.75],"texture":"#1"},"south":{"uv":[10,3.5,10.25,3.75],"texture":"#1"},"west":{"uv":[8.5,5.75,9,6],"texture":"#1"},"up":{"uv":[9,6.25,8.5,6],"rotation":270,"texture":"#1"},"down":{"uv":[7,8.5,6.5,8.75],"rotation":90,"texture":"#1"}}},{"from":[7.5025,0.84465,6.01272],"to":[8.5025,1.84465,7.51272],"rotation":{"angle":-45,"axis":"x","origin":[8,8,8]},"faces":{"north":{"uv":[3.25,10,3.5,10.25],"texture":"#1"},"east":{"uv":[9.25,2,9.625,2.25],"texture":"#1"},"south":{"uv":[10,3.25,10.25,3.5],"texture":"#1"},"west":{"uv":[9,8.5,9.375,8.75],"texture":"#1"},"up":{"uv":[9.625,2.75,9.25,2.5],"rotation":270,"texture":"#1"},"down":{"uv":[9.625,3.5,9.25,3.75],"rotation":90,"texture":"#1"}}},{"from":[7.5275,4.81158,13.42421],"to":[8.4775,6.31158,14.42421],"rotation":{"angle":22.5,"axis":"x","origin":[8,8,8]},"faces":{"north":{"uv":[5.25,9.25,5.5,9.625],"texture":"#1"},"east":{"uv":[6,9.25,6.25,9.625],"texture":"#1"},"south":{"uv":[6.25,9.25,6.5,9.625],"texture":"#1"},"west":{"uv":[9.25,5,9.5,5.375],"texture":"#1"},"up":{"uv":[3.25,10.25,3,10],"rotation":270,"texture":"#1"},"down":{"uv":[10.25,3,10,3.25],"rotation":90,"texture":"#1"}}},{"from":[7.5025,-2.70765,10.84387],"to":[8.5025,-1.20765,11.84387],"rotation":{"angle":0,"axis":"z","origin":[8,8,8]},"faces":{"north":{"uv":[9.25,4.5,9.5,4.875],"texture":"#1"},"east":{"uv":[4.75,9.25,5,9.625],"texture":"#1"},"south":{"uv":[5,9.25,5.25,9.625],"texture":"#1"},"west":{"uv":[4.5,9.25,4.75,9.625],"texture":"#1"},"up":{"uv":[3,10.25,2.75,10],"rotation":270,"texture":"#1"},"down":{"uv":[10.25,2.75,10,3],"rotation":90,"texture":"#1"}}},{"from":[7.5025,-1.97774,7.02766],"to":[8.5025,-0.47774,8.02766],"rotation":{"angle":-22.5,"axis":"x","origin":[8,8,8]},"faces":{"north":{"uv":[9.25,3,9.5,3.375],"texture":"#1"},"east":{"uv":[4,9.25,4.25,9.625],"texture":"#1"},"south":{"uv":[4.25,9.25,4.5,9.625],"texture":"#1"},"west":{"uv":[2.5,9.25,2.75,9.625],"texture":"#1"},"up":{"uv":[2.75,10.25,2.5,10],"rotation":270,"texture":"#1"},"down":{"uv":[10.25,2.5,10,2.75],"rotation":90,"texture":"#1"}}},{"from":[7.5025,-9.30494,16.22921],"to":[8.5025,-8.30494,20.87448],"rotation":{"angle":22.5,"axis":"x","origin":[8,8,8]},"faces":{"north":{"uv":[2.25,10,2.5,10.25],"texture":"#1"},"east":{"uv":[6.75,0.25,7.875,0.5],"texture":"#1"},"south":{"uv":[10,2.25,10.25,2.5],"texture":"#1"},"west":{"uv":[6.75,0,7.875,0.25],"texture":"#1"},"up":{"uv":[7.875,1.25,6.75,1],"rotation":270,"texture":"#1"},"down":{"uv":[7.875,1.25,6.75,1.5],"rotation":90,"texture":"#1"}}},{"from":[7.5275,-6.29533,15.87674],"to":[8.4775,-5.79533,17.02674],"rotation":{"angle":0,"axis":"z","origin":[8,8,8]},"faces":{"north":{"uv":[1,10.75,1.25,10.875],"texture":"#1"},"east":{"uv":[10.75,1,11,1.125],"texture":"#1"},"south":{"uv":[1.25,10.75,1.5,10.875],"texture":"#1"},"west":{"uv":[10.75,0.75,11,0.875],"texture":"#1"},"up":{"uv":[2.25,10.25,2,10],"rotation":270,"texture":"#1"},"down":{"uv":[10.25,2,10,2.25],"rotation":90,"texture":"#1"}}},{"from":[7.5025,-8.6834,9.61523],"to":[8.5025,-8.1834,10.61523],"rotation":{"angle":-22.5,"axis":"x","origin":[8,8,8]},"faces":{"north":{"uv":[0.5,10.75,0.75,10.875],"texture":"#1"},"east":{"uv":[10.75,0.5,11,0.625],"texture":"#1"},"south":{"uv":[0.75,10.75,1,10.875],"texture":"#1"},"west":{"uv":[10.75,0.25,11,0.375],"texture":"#1"},"up":{"uv":[2,10.25,1.75,10],"rotation":270,"texture":"#1"},"down":{"uv":[10.25,1.75,10,2],"rotation":90,"texture":"#1"}}},{"from":[7.5275,-6.04533,16.87674],"to":[8.4775,-5.79533,17.62674],"rotation":{"angle":0,"axis":"z","origin":[8,8,8]},"faces":{"north":{"uv":[0,10.75,0.25,10.875],"texture":"#1"},"east":{"uv":[10.75,0,11,0.125],"texture":"#1"},"south":{"uv":[0.25,10.75,0.5,10.875],"texture":"#1"},"west":{"uv":[10.5,10.5,10.75,10.625],"texture":"#1"},"up":{"uv":[1.75,10.25,1.5,10],"rotation":270,"texture":"#1"},"down":{"uv":[10.25,1.5,10,1.75],"rotation":90,"texture":"#1"}}},{"from":[7.5025,-8.6834,10.61523],"to":[8.5025,-8.4334,11.61523],"rotation":{"angle":-22.5,"axis":"x","origin":[8,8,8]},"faces":{"north":{"uv":[10.5,10,10.75,10.125],"texture":"#1"},"east":{"uv":[10.25,10.5,10.5,10.625],"texture":"#1"},"south":{"uv":[10.5,10.25,10.75,10.375],"texture":"#1"},"west":{"uv":[10,10.5,10.25,10.625],"texture":"#1"},"up":{"uv":[1.5,10.25,1.25,10],"rotation":270,"texture":"#1"},"down":{"uv":[10.25,1.25,10,1.5],"rotation":90,"texture":"#1"}}},{"from":[7.5025,-12.91453,14.27216],"to":[8.5025,-12.66453,15.27216],"rotation":{"angle":0,"axis":"z","origin":[8,8,8]},"faces":{"north":{"uv":[10.5,9.5,10.75,9.625],"texture":"#1"},"east":{"uv":[9.75,10.5,10,10.625],"texture":"#1"},"south":{"uv":[10.5,9.75,10.75,9.875],"texture":"#1"},"west":{"uv":[9.5,10.5,9.75,10.625],"texture":"#1"},"up":{"uv":[1.25,10.25,1,10],"rotation":270,"texture":"#1"},"down":{"uv":[10.25,1,10,1.25],"rotation":90,"texture":"#1"}}},{"from":[7.5025,-8.55494,21.87448],"to":[8.5025,-8.30494,22.62448],"rotation":{"angle":22.5,"axis":"x","origin":[8,8,8]},"faces":{"north":{"uv":[10.5,9,10.75,9.125],"texture":"#1"},"east":{"uv":[9.25,10.5,9.5,10.625],"texture":"#1"},"south":{"uv":[10.5,9.25,10.75,9.375],"texture":"#1"},"west":{"uv":[9,10.5,9.25,10.625],"texture":"#1"},"up":{"uv":[1,10.25,0.75,10],"rotation":270,"texture":"#1"},"down":{"uv":[10.25,0.75,10,1],"rotation":90,"texture":"#1"}}},{"from":[7.5025,-12.91453,13.27216],"to":[8.5025,-12.41453,14.27216],"rotation":{"angle":0,"axis":"z","origin":[8,8,8]},"faces":{"north":{"uv":[10.5,8.5,10.75,8.625],"texture":"#1"},"east":{"uv":[8.75,10.5,9,10.625],"texture":"#1"},"south":{"uv":[10.5,8.75,10.75,8.875],"texture":"#1"},"west":{"uv":[8.5,10.5,8.75,10.625],"texture":"#1"},"up":{"uv":[0.75,10.25,0.5,10],"rotation":270,"texture":"#1"},"down":{"uv":[10.25,0.5,10,0.75],"rotation":90,"texture":"#1"}}},{"from":[7.5025,-8.80494,20.87448],"to":[8.5025,-8.30494,22.02448],"rotation":{"angle":22.5,"axis":"x","origin":[8,8,8]},"faces":{"north":{"uv":[10.5,8,10.75,8.125],"texture":"#1"},"east":{"uv":[8.25,10.5,8.5,10.625],"texture":"#1"},"south":{"uv":[10.5,8.25,10.75,8.375],"texture":"#1"},"west":{"uv":[8,10.5,8.25,10.625],"texture":"#1"},"up":{"uv":[0.5,10.25,0.25,10],"rotation":270,"texture":"#1"},"down":{"uv":[10.25,0.25,10,0.5],"rotation":90,"texture":"#1"}}},{"from":[7.5025,-3.6856,6.29928],"to":[8.5025,-3.1856,7.29928],"rotation":{"angle":-45,"axis":"x","origin":[8,8,8]},"faces":{"north":{"uv":[10.5,7.5,10.75,7.625],"texture":"#1"},"east":{"uv":[7.75,10.5,8,10.625],"texture":"#1"},"south":{"uv":[10.5,7.75,10.75,7.875],"texture":"#1"},"west":{"uv":[7.5,10.5,7.75,10.625],"texture":"#1"},"up":{"uv":[0.25,10.25,0,10],"rotation":270,"texture":"#1"},"down":{"uv":[10.25,0,10,0.25],"rotation":90,"texture":"#1"}}},{"from":[7.5025,-3.6856,7.29928],"to":[8.5025,-3.4356,8.29928],"rotation":{"angle":-45,"axis":"x","origin":[8,8,8]},"faces":{"north":{"uv":[10.5,7,10.75,7.125],"texture":"#1"},"east":{"uv":[7.25,10.5,7.5,10.625],"texture":"#1"},"south":{"uv":[10.5,7.25,10.75,7.375],"texture":"#1"},"west":{"uv":[7,10.5,7.25,10.625],"texture":"#1"},"up":{"uv":[10,9.75,9.75,9.5],"rotation":270,"texture":"#1"},"down":{"uv":[10,9.75,9.75,10],"rotation":90,"texture":"#1"}}},{"from":[7.5275,-2.69693,11.90062],"to":[8.4775,-2.44693,12.65062],"rotation":{"angle":-22.5,"axis":"x","origin":[8,8,8]},"faces":{"north":{"uv":[10.5,6.5,10.75,6.625],"texture":"#1"},"east":{"uv":[6.75,10.5,7,10.625],"texture":"#1"},"south":{"uv":[10.5,6.75,10.75,6.875],"texture":"#1"},"west":{"uv":[6.5,10.5,6.75,10.625],"texture":"#1"},"up":{"uv":[10,9.5,9.75,9.25],"rotation":270,"texture":"#1"},"down":{"uv":[9.75,9.75,9.5,10],"rotation":90,"texture":"#1"}}},{"from":[7.5275,-2.94693,10.90062],"to":[8.4775,-2.44693,12.05062],"rotation":{"angle":-22.5,"axis":"x","origin":[8,8,8]},"faces":{"north":{"uv":[10.5,6,10.75,6.125],"texture":"#1"},"east":{"uv":[6.25,10.5,6.5,10.625],"texture":"#1"},"south":{"uv":[10.5,6.25,10.75,6.375],"texture":"#1"},"west":{"uv":[6,10.5,6.25,10.625],"texture":"#1"},"up":{"uv":[10,9.25,9.75,9],"rotation":270,"texture":"#1"},"down":{"uv":[9.5,9.75,9.25,10],"rotation":90,"texture":"#1"}}},{"from":[7.5275,6.31158,13.4242],"to":[8.4775,7.46158,13.9242],"rotation":{"angle":22.5,"axis":"x","origin":[8,8,8]},"faces":{"north":{"uv":[9.75,8.75,10,9],"texture":"#1"},"east":{"uv":[10.5,5.5,10.625,5.75],"texture":"#1"},"south":{"uv":[9,9.75,9.25,10],"texture":"#1"},"west":{"uv":[5.5,10.5,5.625,10.75],"texture":"#1"},"up":{"uv":[5.875,10.75,5.75,10.5],"rotation":270,"texture":"#1"},"down":{"uv":[10.625,5.75,10.5,6],"rotation":90,"texture":"#1"}}},{"from":[7.5025,3.98168,12.78906],"to":[8.5025,4.98168,13.28906],"rotation":{"angle":0,"axis":"z","origin":[8,8,8]},"faces":{"north":{"uv":[9.75,8.5,10,8.75],"texture":"#1"},"east":{"uv":[10.5,5,10.625,5.25],"texture":"#1"},"south":{"uv":[8.75,9.75,9,10],"texture":"#1"},"west":{"uv":[5,10.5,5.125,10.75],"texture":"#1"},"up":{"uv":[5.375,10.75,5.25,10.5],"rotation":270,"texture":"#1"},"down":{"uv":[10.625,5.25,10.5,5.5],"rotation":90,"texture":"#1"}}},{"from":[7.5025,4.98168,13.03906],"to":[8.5025,5.98168,13.28906],"rotation":{"angle":0,"axis":"z","origin":[8,8,8]},"faces":{"north":{"uv":[9.75,8.25,10,8.5],"texture":"#1"},"east":{"uv":[10.5,4.5,10.625,4.75],"texture":"#1"},"south":{"uv":[8.5,9.75,8.75,10],"texture":"#1"},"west":{"uv":[4.5,10.5,4.625,10.75],"texture":"#1"},"up":{"uv":[4.875,10.75,4.75,10.5],"rotation":270,"texture":"#1"},"down":{"uv":[10.625,4.75,10.5,5],"rotation":90,"texture":"#1"}}},{"from":[7.5275,7.31158,13.4242],"to":[8.4775,8.06158,13.6742],"rotation":{"angle":22.5,"axis":"x","origin":[8,8,8]},"faces":{"north":{"uv":[9.75,8,10,8.25],"texture":"#1"},"east":{"uv":[10.5,4,10.625,4.25],"texture":"#1"},"south":{"uv":[8.25,9.75,8.5,10],"texture":"#1"},"west":{"uv":[4,10.5,4.125,10.75],"texture":"#1"},"up":{"uv":[4.375,10.75,4.25,10.5],"rotation":270,"texture":"#1"},"down":{"uv":[10.625,4.25,10.5,4.5],"rotation":90,"texture":"#1"}}},{"from":[7.5025,-0.58822,-0.59631],"to":[8.5025,0.56178,-0.09631],"rotation":{"angle":-22.5,"axis":"x","origin":[8,8,8]},"faces":{"north":{"uv":[9.75,7.75,10,8],"texture":"#1"},"east":{"uv":[10.5,3.5,10.625,3.75],"texture":"#1"},"south":{"uv":[8,9.75,8.25,10],"texture":"#1"},"west":{"uv":[3.5,10.5,3.625,10.75],"texture":"#1"},"up":{"uv":[3.875,10.75,3.75,10.5],"rotation":270,"texture":"#1"},"down":{"uv":[10.625,3.75,10.5,4],"rotation":90,"texture":"#1"}}},{"from":[7.5025,-3.41548,2.88268],"to":[8.5025,-2.41548,3.38268],"rotation":{"angle":0,"axis":"z","origin":[8,8,8]},"faces":{"north":{"uv":[9.75,7.5,10,7.75],"texture":"#1"},"east":{"uv":[10.5,3,10.625,3.25],"texture":"#1"},"south":{"uv":[7.75,9.75,8,10],"texture":"#1"},"west":{"uv":[3,10.5,3.125,10.75],"texture":"#1"},"up":{"uv":[3.375,10.75,3.25,10.5],"rotation":270,"texture":"#1"},"down":{"uv":[10.625,3.25,10.5,3.5],"rotation":90,"texture":"#1"}}},{"from":[7.5025,0.41178,-0.34631],"to":[8.5025,1.16178,-0.09631],"rotation":{"angle":-22.5,"axis":"x","origin":[8,8,8]},"faces":{"north":{"uv":[9.75,7.25,10,7.5],"texture":"#1"},"east":{"uv":[10.5,2.5,10.625,2.75],"texture":"#1"},"south":{"uv":[7.5,9.75,7.75,10],"texture":"#1"},"west":{"uv":[2.5,10.5,2.625,10.75],"texture":"#1"},"up":{"uv":[2.875,10.75,2.75,10.5],"rotation":270,"texture":"#1"},"down":{"uv":[10.625,2.75,10.5,3],"rotation":90,"texture":"#1"}}},{"from":[7.5025,-2.41548,2.88268],"to":[8.5025,-1.41548,3.13268],"rotation":{"angle":0,"axis":"z","origin":[8,8,8]},"faces":{"north":{"uv":[9.75,7,10,7.25],"texture":"#1"},"east":{"uv":[10.5,2,10.625,2.25],"texture":"#1"},"south":{"uv":[7.25,9.75,7.5,10],"texture":"#1"},"west":{"uv":[2,10.5,2.125,10.75],"texture":"#1"},"up":{"uv":[2.375,10.75,2.25,10.5],"rotation":270,"texture":"#1"},"down":{"uv":[10.625,2.25,10.5,2.5],"rotation":90,"texture":"#1"}}},{"from":[7.5025,4.49856,-0.64656],"to":[8.5025,4.99856,0.35344],"rotation":{"angle":0,"axis":"z","origin":[8,8,8]},"faces":{"north":{"uv":[10.5,1.5,10.75,1.625],"texture":"#1"},"east":{"uv":[1.75,10.5,2,10.625],"texture":"#1"},"south":{"uv":[10.5,1.75,10.75,1.875],"texture":"#1"},"west":{"uv":[1.5,10.5,1.75,10.625],"texture":"#1"},"up":{"uv":[10,7,9.75,6.75],"rotation":270,"texture":"#1"},"down":{"uv":[7.25,9.75,7,10],"rotation":90,"texture":"#1"}}},{"from":[7.5025,1.30082,0.9341],"to":[8.5025,1.80082,2.0841],"rotation":{"angle":22.5,"axis":"x","origin":[8,8,8]},"faces":{"north":{"uv":[10.5,1,10.75,1.125],"texture":"#1"},"east":{"uv":[1.25,10.5,1.5,10.625],"texture":"#1"},"south":{"uv":[10.5,1.25,10.75,1.375],"texture":"#1"},"west":{"uv":[1,10.5,1.25,10.625],"texture":"#1"},"up":{"uv":[10,6.75,9.75,6.5],"rotation":270,"texture":"#1"},"down":{"uv":[7,9.75,6.75,10],"rotation":90,"texture":"#1"}}},{"from":[7.5025,1.30082,0.3341],"to":[8.5025,1.55082,1.0841],"rotation":{"angle":22.5,"axis":"x","origin":[8,8,8]},"faces":{"north":{"uv":[10.5,0.5,10.75,0.625],"texture":"#1"},"east":{"uv":[0.75,10.5,1,10.625],"texture":"#1"},"south":{"uv":[10.5,0.75,10.75,0.875],"texture":"#1"},"west":{"uv":[0.5,10.5,0.75,10.625],"texture":"#1"},"up":{"uv":[10,6.5,9.75,6.25],"rotation":270,"texture":"#1"},"down":{"uv":[6.75,9.75,6.5,10],"rotation":90,"texture":"#1"}}},{"from":[7.5025,4.74856,-1.64656],"to":[8.5025,4.99856,-0.64656],"rotation":{"angle":0,"axis":"z","origin":[8,8,8]},"faces":{"north":{"uv":[10.5,0,10.75,0.125],"texture":"#1"},"east":{"uv":[0.25,10.5,0.5,10.625],"texture":"#1"},"south":{"uv":[10.5,0.25,10.75,0.375],"texture":"#1"},"west":{"uv":[0,10.5,0.25,10.625],"texture":"#1"},"up":{"uv":[10,6.25,9.75,6],"rotation":270,"texture":"#1"},"down":{"uv":[6.5,9.75,6.25,10],"rotation":90,"texture":"#1"}}},{"from":[7.9925,11.79533,4.37674],"to":[8.0025,28.79533,15.87674],"rotation":{"angle":0,"axis":"z","origin":[8,8,8]},"faces":{"north":{"uv":[0,0,0,4.25],"texture":"#1"},"east":{"uv":[2.875,0,0,4.25],"texture":"#1"},"south":{"uv":[0,0,0,4.25],"texture":"#1"},"west":{"uv":[0,0,2.875,4.25],"texture":"#1"},"up":{"uv":[2.875,0,0,0],"rotation":270,"texture":"#1"},"down":{"uv":[2.875,0,0,0],"rotation":90,"texture":"#1"}}},{"from":[7.9925,-12.79533,4.37674],"to":[8.0025,4.20467,15.87674],"rotation":{"angle":0,"axis":"z","origin":[8,8,8]},"faces":{"north":{"uv":[0,0,0,4.25],"texture":"#1"},"east":{"uv":[2.875,4.25,0,0],"texture":"#1"},"south":{"uv":[0,0,0,4.25],"texture":"#1"},"west":{"uv":[0,4.25,2.875,0],"texture":"#1"},"up":{"uv":[2.875,0,0,0],"rotation":270,"texture":"#1"},"down":{"uv":[2.875,0,0,0],"rotation":90,"texture":"#1"}}}],"gui_light":"front","display":{"thirdperson_righthand":{"translation":[0,-2,2.75],"scale":[0.75391,0.75391,0.75391]},"thirdperson_lefthand":{"translation":[0,-2,2.75],"scale":[0.75391,0.75391,0.75391]},"firstperson_righthand":{"rotation":[14.68,-1.47,-5.53],"translation":[0,5.75,0.5],"scale":[0.45508,0.45508,0.45508]},"firstperson_lefthand":{"rotation":[14.68,-1.47,-5.53],"translation":[0,5.75,0.5],"scale":[0.45508,0.45508,0.45508]},"ground":{"rotation":[0,0,-80],"translation":[0,-1.5,0],"scale":[0.4707,0.4707,0.4707]},"gui":{"rotation":[90,45,90],"translation":[-1,1,0],"scale":[0.42852,0.42852,0.42852]},"head":{"rotation":[0,90,0],"translation":[0,18.5,0],"scale":[0.55859,0.55859,0.55859]},"fixed":{"rotation":[0,90,0],"translation":[-0.25,0,-1.75],"scale":[0.97657,0.97657,0.97657]}}}