{"credit":"Made with Blockbench","texture_size":[32,32],"textures":{"2":"sorcery_pack:sorcery_pack/staff_sorcery_fx1","3":"sorcery_pack:sorcery_pack/staff_sorcery","4":"sorcery_pack:sorcery_pack/staff_sorcery_fx2","particle":"sorcery_pack:sorcery_pack/staff_sorcery"},"elements":[{"from":[6.5,14.84286,6.07178],"to":[9.5,15.84286,9.07178],"rotation":{"angle":0,"axis":"z","origin":[8,8,8]},"faces":{"north":{"uv":[5,7.25,5.75,7.5],"texture":"#3"},"east":{"uv":[4,6.25,4.75,6.5],"texture":"#3"},"south":{"uv":[7,3.25,7.75,3.5],"texture":"#3"},"west":{"uv":[7,3.5,7.75,3.75],"texture":"#3"},"up":{"uv":[5,3.75,4.25,3],"rotation":90,"texture":"#3"},"down":{"uv":[5,3.75,4.25,4.5],"rotation":270,"texture":"#3"}}},{"from":[6.475,9.78788,13.3036],"to":[9.525,12.78788,14.3036],"rotation":{"angle":-45,"axis":"x","origin":[8,8,8]},"faces":{"north":{"uv":[1.25,4.5,2,5.25],"texture":"#3"},"east":{"uv":[4,7.25,4.25,8],"texture":"#3"},"south":{"uv":[0.5,4.5,1.25,5.25],"texture":"#3"},"west":{"uv":[4.25,7.25,4.5,8],"texture":"#3"},"up":{"uv":[7.5,6,7.25,5.25],"rotation":90,"texture":"#3"},"down":{"uv":[6,7.25,5.75,8],"rotation":270,"texture":"#3"}}},{"from":[6.5,10.72154,10.1931],"to":[9.5,13.72154,11.1931],"rotation":{"angle":0,"axis":"z","origin":[8,8,8]},"faces":{"north":{"uv":[2,4.5,2.75,5.25],"texture":"#3"},"east":{"uv":[6,7.25,6.25,8],"texture":"#3"},"south":{"uv":[4.5,1.5,5.25,2.25],"texture":"#3"},"west":{"uv":[6.25,7.25,6.5,8],"texture":"#3"},"up":{"uv":[7.5,7.25,7.25,6.5],"rotation":90,"texture":"#3"},"down":{"uv":[7.5,7.25,7.25,8],"rotation":270,"texture":"#3"}}},{"from":[6.475,7.66656,9.18228],"to":[9.525,8.66656,12.18228],"rotation":{"angle":-45,"axis":"x","origin":[8,8,8]},"faces":{"north":{"uv":[7.5,0.5,8.25,0.75],"texture":"#3"},"east":{"uv":[7.25,6,8,6.25],"texture":"#3"},"south":{"uv":[7.5,0,8.25,0.25],"texture":"#3"},"west":{"uv":[7.5,0.25,8.25,0.5],"texture":"#3"},"up":{"uv":[5.25,3,4.5,2.25],"rotation":90,"texture":"#3"},"down":{"uv":[3.5,4.5,2.75,5.25],"rotation":270,"texture":"#3"}}},{"from":[6.5,8.60022,6.07178],"to":[9.5,9.60022,9.07178],"rotation":{"angle":0,"axis":"y","origin":[8,8,8]},"faces":{"north":{"uv":[7.5,1.25,8.25,1.5],"texture":"#3"},"east":{"uv":[7.5,0.75,8.25,1],"texture":"#3"},"south":{"uv":[7.5,1,8.25,1.25],"texture":"#3"},"west":{"uv":[1.25,7.5,2,7.75],"texture":"#3"},"up":{"uv":[4.25,5.25,3.5,4.5],"rotation":90,"texture":"#3"},"down":{"uv":[5,4.5,4.25,5.25],"rotation":270,"texture":"#3"}}},{"from":[6.475,9.78787,7.06097],"to":[9.525,12.78787,8.06097],"rotation":{"angle":-45,"axis":"x","origin":[8,8,8]},"faces":{"north":{"uv":[5,0.75,5.75,1.5],"texture":"#3"},"east":{"uv":[0,7.5,0.25,8.25],"texture":"#3"},"south":{"uv":[5,0,5.75,0.75],"texture":"#3"},"west":{"uv":[0.25,7.5,0.5,8.25],"texture":"#3"},"up":{"uv":[2.25,8.25,2,7.5],"rotation":90,"texture":"#3"},"down":{"uv":[2.5,7.5,2.25,8.25],"rotation":270,"texture":"#3"}}},{"from":[6.5,10.72154,3.95046],"to":[9.5,13.72154,4.95046],"rotation":{"angle":0,"axis":"z","origin":[8,8,8]},"faces":{"north":{"uv":[5,3.75,5.75,4.5],"texture":"#3"},"east":{"uv":[5,7.5,5.25,8.25],"texture":"#3"},"south":{"uv":[5,3,5.75,3.75],"texture":"#3"},"west":{"uv":[7.5,5,7.75,5.75],"texture":"#3"},"up":{"uv":[5.5,8.25,5.25,7.5],"rotation":90,"texture":"#3"},"down":{"uv":[5.75,7.5,5.5,8.25],"rotation":270,"texture":"#3"}}},{"from":[6.475,13.90919,9.18228],"to":[9.525,14.90919,12.18228],"rotation":{"angle":-45,"axis":"x","origin":[8,8,8]},"faces":{"north":{"uv":[7.5,6.5,8.25,6.75],"texture":"#3"},"east":{"uv":[7.5,2.25,8.25,2.5],"texture":"#3"},"south":{"uv":[7.5,2.5,8.25,2.75],"texture":"#3"},"west":{"uv":[7.5,5.75,8.25,6],"texture":"#3"},"up":{"uv":[5.75,5.25,5,4.5],"rotation":90,"texture":"#3"},"down":{"uv":[1.25,5.25,0.5,6],"rotation":270,"texture":"#3"}}},{"from":[7.25,-9.39978,6.82178],"to":[8.75,8.60022,8.32178],"rotation":{"angle":0,"axis":"y","origin":[8,8,8]},"faces":{"north":{"uv":[0,3,0.375,7.5],"texture":"#3"},"east":{"uv":[1.5,0,1.875,4.5],"texture":"#3"},"south":{"uv":[2,0,2.375,4.5],"texture":"#3"},"west":{"uv":[2.5,0,2.875,4.5],"texture":"#3"},"up":{"uv":[8.375,5.625,8,5.25],"rotation":90,"texture":"#3"},"down":{"uv":[6.125,8,5.75,8.375],"rotation":270,"texture":"#3"}}},{"from":[8.25,12.47376,-0.2699],"to":[9.25,13.47376,3.2301],"rotation":{"angle":22.5,"axis":"x","origin":[8,8,8]},"faces":{"north":{"uv":[8.75,4.75,9,5],"texture":"#3"},"east":{"uv":[6.75,6.25,7.625,6.5],"texture":"#3"},"south":{"uv":[4.25,8.75,4.5,9],"texture":"#3"},"west":{"uv":[7,2,7.875,2.25],"texture":"#3"},"up":{"uv":[3.375,7.25,2.5,7],"rotation":90,"texture":"#3"},"down":{"uv":[7.875,3,7,3.25],"rotation":270,"texture":"#3"}}},{"from":[7.25,12.48931,10.96823],"to":[8.75,13.48931,13.96823],"rotation":{"angle":0,"axis":"z","origin":[8,8,8]},"faces":{"north":{"uv":[2.25,8.25,2.625,8.5],"texture":"#3"},"east":{"uv":[7.5,6.75,8.25,7],"texture":"#3"},"south":{"uv":[8.25,1.25,8.625,1.5],"texture":"#3"},"west":{"uv":[7.5,7,8.25,7.25],"texture":"#3"},"up":{"uv":[6.5,4.125,5.75,3.75],"rotation":90,"texture":"#3"},"down":{"uv":[4.75,5.75,4,6.125],"rotation":270,"texture":"#3"}}},{"from":[7.275,6.95424,15.39459],"to":[8.725,7.95424,19.39459],"rotation":{"angle":-45,"axis":"x","origin":[8,8,8]},"faces":{"north":{"uv":[8.25,2.5,8.625,2.75],"texture":"#3"},"east":{"uv":[6.5,5,7.5,5.25],"texture":"#3"},"south":{"uv":[8.25,2.25,8.625,2.5],"texture":"#3"},"west":{"uv":[5.5,6.5,6.5,6.75],"texture":"#3"},"up":{"uv":[6.25,2.625,5.25,2.25],"rotation":90,"texture":"#3"},"down":{"uv":[5,5.25,4,5.625],"rotation":270,"texture":"#3"}}},{"from":[7.25,14.62704,12.32668],"to":[8.75,18.12704,13.32668],"rotation":{"angle":22.5,"axis":"x","origin":[8,8,8]},"faces":{"north":{"uv":[5.5,5.25,5.875,6.125],"texture":"#3"},"east":{"uv":[4.5,6.75,4.75,7.625],"texture":"#3"},"south":{"uv":[3.5,5.5,3.875,6.375],"texture":"#3"},"west":{"uv":[4.75,7,5,7.875],"texture":"#3"},"up":{"uv":[3,8.625,2.75,8.25],"rotation":90,"texture":"#3"},"down":{"uv":[3.25,8.25,3,8.625],"rotation":270,"texture":"#3"}}},{"from":[7.275,5.61485,13.66102],"to":[8.725,6.61485,16.16102],"rotation":{"angle":-45,"axis":"x","origin":[8,8,8]},"faces":{"north":{"uv":[8.25,4.5,8.625,4.75],"texture":"#3"},"east":{"uv":[8,3,8.625,3.25],"texture":"#3"},"south":{"uv":[3.25,8.25,3.625,8.5],"texture":"#3"},"west":{"uv":[8,4.25,8.625,4.5],"texture":"#3"},"up":{"uv":[7.625,1.875,7,1.5],"rotation":90,"texture":"#3"},"down":{"uv":[2.375,7,1.75,7.375],"rotation":270,"texture":"#3"}}},{"from":[7.25,7.96278,11.14286],"to":[8.75,8.96278,14.14286],"rotation":{"angle":-22.5,"axis":"x","origin":[8,8,8]},"faces":{"north":{"uv":[5,8.25,5.375,8.5],"texture":"#3"},"east":{"uv":[7.5,7.25,8.25,7.5],"texture":"#3"},"south":{"uv":[8.25,4.75,8.625,5],"texture":"#3"},"west":{"uv":[7.5,7.5,8.25,7.75],"texture":"#3"},"up":{"uv":[6.5,4.625,5.75,4.25],"rotation":90,"texture":"#3"},"down":{"uv":[6.5,4.75,5.75,5.125],"rotation":270,"texture":"#3"}}},{"from":[7.275,9.16834,9.41786],"to":[8.725,10.16834,10.91786],"rotation":{"angle":0,"axis":"z","origin":[8,8,8]},"faces":{"north":{"uv":[8.25,6.75,8.625,7],"texture":"#3"},"east":{"uv":[8.25,5,8.625,5.25],"texture":"#3"},"south":{"uv":[8.25,5.75,8.625,6],"texture":"#3"},"west":{"uv":[8.25,6.5,8.625,6.75],"texture":"#3"},"up":{"uv":[6.625,8.375,6.25,8],"rotation":90,"texture":"#3"},"down":{"uv":[7.625,8,7.25,8.375],"rotation":270,"texture":"#3"}}},{"from":[8.275,17.01113,5.31572],"to":[9.225,20.51113,6.31572],"rotation":{"angle":-22.5,"axis":"x","origin":[8,8,8]},"faces":{"north":{"uv":[0.5,7.25,0.75,8.125],"texture":"#3"},"east":{"uv":[6.5,7,6.75,7.875],"texture":"#3"},"south":{"uv":[7,6.5,7.25,7.375],"texture":"#3"},"west":{"uv":[6.75,7,7,7.875],"texture":"#3"},"up":{"uv":[9,5.25,8.75,5],"rotation":90,"texture":"#3"},"down":{"uv":[5.5,8.75,5.25,9],"rotation":270,"texture":"#3"}}},{"from":[8.25,18.53155,0.73224],"to":[9.25,24.03155,1.73224],"rotation":{"angle":0,"axis":"z","origin":[8,8,8]},"faces":{"north":{"uv":[2.25,5.5,2.5,6.875],"texture":"#3"},"east":{"uv":[1.25,3,1.5,4.375],"texture":"#3"},"south":{"uv":[5,5.25,5.25,6.625],"texture":"#3"},"west":{"uv":[5.25,5.25,5.5,6.625],"texture":"#3"},"up":{"uv":[5.75,9,5.5,8.75],"rotation":90,"texture":"#3"},"down":{"uv":[9,5.75,8.75,6],"rotation":270,"texture":"#3"}}},{"from":[8.25,13.52997,-4.84954],"to":[9.25,20.02997,-3.84954],"rotation":{"angle":22.5,"axis":"x","origin":[8,8,8]},"faces":{"north":{"uv":[2,5.25,2.25,6.875],"texture":"#3"},"east":{"uv":[1.25,5.25,1.5,6.875],"texture":"#3"},"south":{"uv":[1.5,5.25,1.75,6.875],"texture":"#3"},"west":{"uv":[1.75,5.25,2,6.875],"texture":"#3"},"up":{"uv":[6.5,9,6.25,8.75],"rotation":90,"texture":"#3"},"down":{"uv":[6.75,8.75,6.5,9],"rotation":270,"texture":"#3"}}},{"from":[8.275,16.02633,-1.7552],"to":[9.225,18.02633,-0.7552],"rotation":{"angle":0,"axis":"z","origin":[8,8,8]},"faces":{"north":{"uv":[0,8.25,0.25,8.75],"texture":"#3"},"east":{"uv":[6.75,8,7,8.5],"texture":"#3"},"south":{"uv":[7.75,8,8,8.5],"texture":"#3"},"west":{"uv":[8,8,8.25,8.5],"texture":"#3"},"up":{"uv":[9,6.75,8.75,6.5],"rotation":90,"texture":"#3"},"down":{"uv":[9,6.75,8.75,7],"rotation":270,"texture":"#3"}}},{"from":[8.25,19.07343,6.77751],"to":[9.25,20.57343,7.77751],"rotation":{"angle":-45,"axis":"x","origin":[8,8,8]},"faces":{"north":{"uv":[8.25,7,8.5,7.375],"texture":"#3"},"east":{"uv":[3.75,8.25,4,8.625],"texture":"#3"},"south":{"uv":[5.5,8.25,5.75,8.625],"texture":"#3"},"west":{"uv":[7,8.25,7.25,8.625],"texture":"#3"},"up":{"uv":[7.25,9,7,8.75],"rotation":90,"texture":"#3"},"down":{"uv":[7.5,8.75,7.25,9],"rotation":270,"texture":"#3"}}},{"from":[8.25,16.64537,2.55682],"to":[9.25,18.14537,3.55682],"rotation":{"angle":-22.5,"axis":"x","origin":[8,8,8]},"faces":{"north":{"uv":[0.5,8.5,0.75,8.875],"texture":"#3"},"east":{"uv":[8.25,7.5,8.5,7.875],"texture":"#3"},"south":{"uv":[8.25,8,8.5,8.375],"texture":"#3"},"west":{"uv":[0.25,8.5,0.5,8.875],"texture":"#3"},"up":{"uv":[7.75,9,7.5,8.75],"rotation":90,"texture":"#3"},"down":{"uv":[9,7.75,8.75,8],"rotation":270,"texture":"#3"}}},{"from":[8.25,12.78696,-0.41341],"to":[9.25,14.28696,0.58659],"rotation":{"angle":0,"axis":"z","origin":[8,8,8]},"faces":{"north":{"uv":[2.25,8.5,2.5,8.875],"texture":"#3"},"east":{"uv":[0.75,8.5,1,8.875],"texture":"#3"},"south":{"uv":[1,8.5,1.25,8.875],"texture":"#3"},"west":{"uv":[8.5,1.5,8.75,1.875],"texture":"#3"},"up":{"uv":[9,8.25,8.75,8],"rotation":90,"texture":"#3"},"down":{"uv":[9,8.25,8.75,8.5],"rotation":270,"texture":"#3"}}},{"from":[8.275,5.43572,-1.33406],"to":[9.225,6.43572,1.66594],"rotation":{"angle":45,"axis":"x","origin":[8,8,8]},"faces":{"north":{"uv":[8.75,8.5,9,8.75],"texture":"#3"},"east":{"uv":[1.25,7.75,2,8],"texture":"#3"},"south":{"uv":[8.5,8.75,8.75,9],"texture":"#3"},"west":{"uv":[7.75,1.5,8.5,1.75],"texture":"#3"},"up":{"uv":[8.5,2,7.75,1.75],"rotation":90,"texture":"#3"},"down":{"uv":[8.5,2.75,7.75,3],"rotation":270,"texture":"#3"}}},{"from":[8.25,8.05485,1.16678],"to":[9.25,9.05485,5.66678],"rotation":{"angle":22.5,"axis":"x","origin":[8,8,8]},"faces":{"north":{"uv":[9,0,9.25,0.25],"texture":"#3"},"east":{"uv":[6,5.25,7.125,5.5],"texture":"#3"},"south":{"uv":[8.75,8.75,9,9],"texture":"#3"},"west":{"uv":[6,5.5,7.125,5.75],"texture":"#3"},"up":{"uv":[7.125,6,6,5.75],"rotation":90,"texture":"#3"},"down":{"uv":[7.125,6,6,6.25],"rotation":270,"texture":"#3"}}},{"from":[7.5,6.16009,0.42084],"to":[8.5,7.16009,4.92084],"rotation":{"angle":22.5,"axis":"x","origin":[8,8,8]},"faces":{"north":{"uv":[9,0.25,9.25,0.5],"texture":"#3"},"east":{"uv":[6.25,2.25,7.375,2.5],"texture":"#3"},"south":{"uv":[0.25,9,0.5,9.25],"texture":"#3"},"west":{"uv":[6.25,2.5,7.375,2.75],"texture":"#3"},"up":{"uv":[6.625,6.5,5.5,6.25],"rotation":90,"texture":"#3"},"down":{"uv":[7.625,2.75,6.5,3],"rotation":270,"texture":"#3"}}},{"from":[7.525,3.39973,1.70188],"to":[8.475,4.39973,6.70188],"rotation":{"angle":45,"axis":"x","origin":[8,8,8]},"faces":{"north":{"uv":[9,0.5,9.25,0.75],"texture":"#3"},"east":{"uv":[5.25,2.75,6.5,3],"texture":"#3"},"south":{"uv":[0.5,9,0.75,9.25],"texture":"#3"},"west":{"uv":[5.75,0,7,0.25],"texture":"#3"},"up":{"uv":[7,0.5,5.75,0.25],"rotation":90,"texture":"#3"},"down":{"uv":[7,0.5,5.75,0.75],"rotation":270,"texture":"#3"}}},{"from":[7.5,7.43886,3.25313],"to":[8.5,8.43886,4.75313],"rotation":{"angle":-22.5,"axis":"x","origin":[8,8,8]},"faces":{"north":{"uv":[9,0.75,9.25,1],"texture":"#3"},"east":{"uv":[8.5,2.75,8.875,3],"texture":"#3"},"south":{"uv":[0.75,9,1,9.25],"texture":"#3"},"west":{"uv":[3.25,8.5,3.625,8.75],"texture":"#3"},"up":{"uv":[8.875,3.5,8.5,3.25],"rotation":90,"texture":"#3"},"down":{"uv":[8.875,3.5,8.5,3.75],"rotation":270,"texture":"#3"}}},{"from":[7.525,5.01444,5.3938],"to":[8.475,6.01444,8.3938],"rotation":{"angle":22.5,"axis":"x","origin":[8,8,8]},"faces":{"north":{"uv":[9,1,9.25,1.25],"texture":"#3"},"east":{"uv":[7.75,3.25,8.5,3.5],"texture":"#3"},"south":{"uv":[1,9,1.25,9.25],"texture":"#3"},"west":{"uv":[7.75,3.5,8.5,3.75],"texture":"#3"},"up":{"uv":[8.5,4,7.75,3.75],"rotation":90,"texture":"#3"},"down":{"uv":[8.5,4,7.75,4.25],"rotation":270,"texture":"#3"}}},{"from":[7.525,8.87627,4.5217],"to":[8.475,9.87627,6.0217],"rotation":{"angle":-22.5,"axis":"x","origin":[8,8,8]},"faces":{"north":{"uv":[9,1.5,9.25,1.75],"texture":"#3"},"east":{"uv":[8.5,3.75,8.875,4],"texture":"#3"},"south":{"uv":[9,1.25,9.25,1.5],"texture":"#3"},"west":{"uv":[8.5,4,8.875,4.25],"texture":"#3"},"up":{"uv":[5.375,8.75,5,8.5],"rotation":90,"texture":"#3"},"down":{"uv":[8.875,5.25,8.5,5.5],"rotation":270,"texture":"#3"}}},{"from":[7.5,7.22075,4.9815],"to":[8.5,8.72075,5.9815],"rotation":{"angle":22.5,"axis":"x","origin":[8,8,8]},"faces":{"north":{"uv":[6,8.5,6.25,8.875],"texture":"#3"},"east":{"uv":[2.5,8.5,2.75,8.875],"texture":"#3"},"south":{"uv":[4.5,8.5,4.75,8.875],"texture":"#3"},"west":{"uv":[5.75,8.5,6,8.875],"texture":"#3"},"up":{"uv":[9.25,2,9,1.75],"rotation":90,"texture":"#3"},"down":{"uv":[9.25,2,9,2.25],"rotation":270,"texture":"#3"}}},{"from":[7,-8.39978,6.57178],"to":[9,-7.39978,8.57178],"rotation":{"angle":0,"axis":"z","origin":[8,8,8]},"faces":{"north":{"uv":[8.25,0.25,8.75,0.5],"texture":"#3"},"east":{"uv":[8,6,8.5,6.25],"texture":"#3"},"south":{"uv":[8.25,0,8.75,0.25],"texture":"#3"},"west":{"uv":[0.25,8.25,0.75,8.5],"texture":"#3"},"up":{"uv":[7,7,6.5,6.5],"rotation":90,"texture":"#3"},"down":{"uv":[4,6.75,3.5,7.25],"rotation":270,"texture":"#3"}}},{"from":[7,5.10022,6.57178],"to":[9,6.10022,8.57178],"rotation":{"angle":0,"axis":"z","origin":[8,8,8]},"faces":{"north":{"uv":[8.25,1,8.75,1.25],"texture":"#3"},"east":{"uv":[8.25,0.5,8.75,0.75],"texture":"#3"},"south":{"uv":[0.75,8.25,1.25,8.5],"texture":"#3"},"west":{"uv":[8.25,0.75,8.75,1],"texture":"#3"},"up":{"uv":[4.5,7.25,4,6.75],"rotation":90,"texture":"#3"},"down":{"uv":[5.5,6.75,5,7.25],"rotation":270,"texture":"#3"}}},{"from":[7,-5.33129,-5.93688],"to":[9,-3.33129,-3.93688],"rotation":{"angle":-45,"axis":"x","origin":[8,8,8]},"faces":{"north":{"uv":[7,0.5,7.5,1],"texture":"#3"},"east":{"uv":[5.5,6.75,6,7.25],"texture":"#3"},"south":{"uv":[6,6.75,6.5,7.25],"texture":"#3"},"west":{"uv":[7,0,7.5,0.5],"texture":"#3"},"up":{"uv":[7.5,1.5,7,1],"rotation":90,"texture":"#3"},"down":{"uv":[1.75,7,1.25,7.5],"rotation":270,"texture":"#3"}}},{"from":[7.25,20.39459,8.04576],"to":[8.75,21.14459,8.29576],"rotation":{"angle":45,"axis":"x","origin":[8,8,8]},"faces":{"north":{"uv":[8.5,6,8.875,6.25],"texture":"#3"},"east":{"uv":[2.75,9.25,2.875,9.5],"texture":"#3"},"south":{"uv":[8.5,5.5,8.875,5.75],"texture":"#3"},"west":{"uv":[9.25,2.75,9.375,3],"texture":"#3"},"up":{"uv":[9.375,1.625,9.25,1.25],"rotation":90,"texture":"#3"},"down":{"uv":[1.625,9.25,1.5,9.625],"rotation":270,"texture":"#3"}}},{"from":[7.25,19.12704,13.07667],"to":[8.75,20.12704,13.32667],"rotation":{"angle":22.5,"axis":"x","origin":[8,8,8]},"faces":{"north":{"uv":[8.5,6.25,8.875,6.5],"texture":"#3"},"east":{"uv":[3,9.25,3.125,9.5],"texture":"#3"},"south":{"uv":[6.25,8.5,6.625,8.75],"texture":"#3"},"west":{"uv":[9.25,3,9.375,3.25],"texture":"#3"},"up":{"uv":[1.875,9.625,1.75,9.25],"rotation":90,"texture":"#3"},"down":{"uv":[9.375,1.75,9.25,2.125],"rotation":270,"texture":"#3"}}},{"from":[7.25,19.39459,8.04576],"to":[8.75,20.54459,8.54576],"rotation":{"angle":45,"axis":"x","origin":[8,8,8]},"faces":{"north":{"uv":[7.25,8.5,7.625,8.75],"texture":"#3"},"east":{"uv":[3.25,9.25,3.375,9.5],"texture":"#3"},"south":{"uv":[8.5,7,8.875,7.25],"texture":"#3"},"west":{"uv":[9.25,3.25,9.375,3.5],"texture":"#3"},"up":{"uv":[2.125,9.625,2,9.25],"rotation":90,"texture":"#3"},"down":{"uv":[2.375,9.25,2.25,9.625],"rotation":270,"texture":"#3"}}},{"from":[7.25,18.12704,12.82667],"to":[8.75,19.12704,13.32667],"rotation":{"angle":22.5,"axis":"x","origin":[8,8,8]},"faces":{"north":{"uv":[8.5,7.5,8.875,7.75],"texture":"#3"},"east":{"uv":[3.5,9.25,3.625,9.5],"texture":"#3"},"south":{"uv":[8.5,7.25,8.875,7.5],"texture":"#3"},"west":{"uv":[9.25,3.5,9.375,3.75],"texture":"#3"},"up":{"uv":[9.375,2.625,9.25,2.25],"rotation":90,"texture":"#3"},"down":{"uv":[2.625,9.25,2.5,9.625],"rotation":270,"texture":"#3"}}},{"from":[8.25,25.03155,1.48224],"to":[9.25,25.78155,1.73224],"rotation":{"angle":0,"axis":"z","origin":[8,8,8]},"faces":{"north":{"uv":[9,2.25,9.25,2.5],"texture":"#3"},"east":{"uv":[3.75,9.25,3.875,9.5],"texture":"#3"},"south":{"uv":[2.25,9,2.5,9.25],"texture":"#3"},"west":{"uv":[9.25,3.75,9.375,4],"texture":"#3"},"up":{"uv":[4.125,9.5,4,9.25],"rotation":90,"texture":"#3"},"down":{"uv":[9.375,4,9.25,4.25],"rotation":270,"texture":"#3"}}},{"from":[8.25,21.02997,-4.84953],"to":[9.25,22.02997,-4.59953],"rotation":{"angle":22.5,"axis":"x","origin":[8,8,8]},"faces":{"north":{"uv":[2.75,9,3,9.25],"texture":"#3"},"east":{"uv":[4.25,9.25,4.375,9.5],"texture":"#3"},"south":{"uv":[2.5,9,2.75,9.25],"texture":"#3"},"west":{"uv":[9.25,4.25,9.375,4.5],"texture":"#3"},"up":{"uv":[4.625,9.5,4.5,9.25],"rotation":90,"texture":"#3"},"down":{"uv":[9.375,4.5,9.25,4.75],"rotation":270,"texture":"#3"}}},{"from":[8.25,24.03155,1.23224],"to":[9.25,25.18155,1.73224],"rotation":{"angle":0,"axis":"z","origin":[8,8,8]},"faces":{"north":{"uv":[3,9,3.25,9.25],"texture":"#3"},"east":{"uv":[4.75,9.25,4.875,9.5],"texture":"#3"},"south":{"uv":[9,2.75,9.25,3],"texture":"#3"},"west":{"uv":[9.25,4.75,9.375,5],"texture":"#3"},"up":{"uv":[5.125,9.5,5,9.25],"rotation":90,"texture":"#3"},"down":{"uv":[9.375,5,9.25,5.25],"rotation":270,"texture":"#3"}}},{"from":[8.25,20.02997,-4.84953],"to":[9.25,21.02997,-4.34953],"rotation":{"angle":22.5,"axis":"x","origin":[8,8,8]},"faces":{"north":{"uv":[9,3.25,9.25,3.5],"texture":"#3"},"east":{"uv":[5.25,9.25,5.375,9.5],"texture":"#3"},"south":{"uv":[3.25,9,3.5,9.25],"texture":"#3"},"west":{"uv":[9.25,5.25,9.375,5.5],"texture":"#3"},"up":{"uv":[5.625,9.5,5.5,9.25],"rotation":90,"texture":"#3"},"down":{"uv":[9.375,5.5,9.25,5.75],"rotation":270,"texture":"#3"}}},{"from":[7.5,6.66009,-0.72916],"to":[8.5,7.16009,0.42084],"rotation":{"angle":22.5,"axis":"x","origin":[8,8,8]},"faces":{"north":{"uv":[9.25,6,9.5,6.125],"texture":"#3"},"east":{"uv":[5.75,9.25,6,9.375],"texture":"#3"},"south":{"uv":[9.25,5.75,9.5,5.875],"texture":"#3"},"west":{"uv":[6,9.25,6.25,9.375],"texture":"#3"},"up":{"uv":[3.75,9.25,3.5,9],"rotation":90,"texture":"#3"},"down":{"uv":[9.25,3.5,9,3.75],"rotation":270,"texture":"#3"}}},{"from":[7.5,14.29813,3.39973],"to":[8.5,15.29813,3.89973],"rotation":{"angle":-45,"axis":"x","origin":[8,8,8]},"faces":{"north":{"uv":[9,3.75,9.25,4],"texture":"#3"},"east":{"uv":[6.25,9.25,6.375,9.5],"texture":"#3"},"south":{"uv":[3.75,9,4,9.25],"texture":"#3"},"west":{"uv":[9.25,6.25,9.375,6.5],"texture":"#3"},"up":{"uv":[6.625,9.5,6.5,9.25],"rotation":90,"texture":"#3"},"down":{"uv":[9.375,6.5,9.25,6.75],"rotation":270,"texture":"#3"}}},{"from":[7.5,6.91009,-1.32916],"to":[8.5,7.16009,-0.57916],"rotation":{"angle":22.5,"axis":"x","origin":[8,8,8]},"faces":{"north":{"uv":[9.25,7,9.5,7.125],"texture":"#3"},"east":{"uv":[6.75,9.25,7,9.375],"texture":"#3"},"south":{"uv":[9.25,6.75,9.5,6.875],"texture":"#3"},"west":{"uv":[7,9.25,7.25,9.375],"texture":"#3"},"up":{"uv":[4.25,9.25,4,9],"rotation":90,"texture":"#3"},"down":{"uv":[9.25,4,9,4.25],"rotation":270,"texture":"#3"}}},{"from":[7.5,15.29813,3.39973],"to":[8.5,16.29813,3.64973],"rotation":{"angle":-45,"axis":"x","origin":[8,8,8]},"faces":{"north":{"uv":[4.5,9,4.75,9.25],"texture":"#3"},"east":{"uv":[7.25,9.25,7.375,9.5],"texture":"#3"},"south":{"uv":[4.25,9,4.5,9.25],"texture":"#3"},"west":{"uv":[9.25,7.25,9.375,7.5],"texture":"#3"},"up":{"uv":[7.625,9.5,7.5,9.25],"rotation":90,"texture":"#3"},"down":{"uv":[9.375,7.5,9.25,7.75],"rotation":270,"texture":"#3"}}},{"from":[6.75,14.82283,9.95733],"to":[7.75,18.32283,10.95733],"rotation":{"angle":-22.5,"axis":"x","origin":[8,8,8]},"faces":{"north":{"uv":[7.875,3,7,3.25],"rotation":90,"texture":"#3"},"east":{"uv":[0.75,7.25,1,8.125],"texture":"#3"},"south":{"uv":[1,7.25,1.25,8.125],"texture":"#3"},"west":{"uv":[2.5,7.25,2.75,8.125],"texture":"#3"},"up":{"uv":[5,9.25,4.75,9],"rotation":90,"texture":"#3"},"down":{"uv":[9.25,4.75,9,5],"rotation":270,"texture":"#3"}}},{"from":[6.775,16.68339,2.08469],"to":[7.725,20.18339,3.08469],"rotation":{"angle":22.5,"axis":"x","origin":[8,8,8]},"faces":{"north":{"uv":[3.75,7.25,4,8.125],"texture":"#3"},"east":{"uv":[3,7.25,3.25,8.125],"texture":"#3"},"south":{"uv":[3.25,7.25,3.5,8.125],"texture":"#3"},"west":{"uv":[3.5,7.25,3.75,8.125],"texture":"#3"},"up":{"uv":[5.25,9.25,5,9],"rotation":90,"texture":"#3"},"down":{"uv":[9.25,5,9,5.25],"rotation":270,"texture":"#3"}}},{"from":[6.75,16.99229,-2.12741],"to":[7.75,22.49229,-1.12741],"rotation":{"angle":45,"axis":"x","origin":[8,8,8]},"faces":{"north":{"uv":[3.25,5.5,3.5,6.875],"texture":"#3"},"east":{"uv":[2.5,5.5,2.75,6.875],"texture":"#3"},"south":{"uv":[2.75,5.5,3,6.875],"texture":"#3"},"west":{"uv":[3,5.5,3.25,6.875],"texture":"#3"},"up":{"uv":[5.5,9.25,5.25,9],"rotation":90,"texture":"#3"},"down":{"uv":[9.25,5.25,9,5.5],"rotation":270,"texture":"#3"}}},{"from":[6.75,22.49229,-1.62741],"to":[7.75,23.64229,-1.12741],"rotation":{"angle":45,"axis":"x","origin":[8,8,8]},"faces":{"north":{"uv":[9,5.5,9.25,5.75],"texture":"#3"},"east":{"uv":[7.75,9.25,7.875,9.5],"texture":"#3"},"south":{"uv":[5.5,9,5.75,9.25],"texture":"#3"},"west":{"uv":[9.25,7.75,9.375,8],"texture":"#3"},"up":{"uv":[8.125,9.5,8,9.25],"rotation":90,"texture":"#3"},"down":{"uv":[9.375,8,9.25,8.25],"rotation":270,"texture":"#3"}}},{"from":[6.75,22.65247,18.51354],"to":[7.75,22.90247,19.51354],"rotation":{"angle":-22.5,"axis":"x","origin":[8,8,8]},"faces":{"north":{"uv":[9.25,8.5,9.5,8.625],"texture":"#3"},"east":{"uv":[8.25,9.25,8.5,9.375],"texture":"#3"},"south":{"uv":[9.25,8.25,9.5,8.375],"texture":"#3"},"west":{"uv":[8.5,9.25,8.75,9.375],"texture":"#3"},"up":{"uv":[6,9.25,5.75,9],"rotation":90,"texture":"#3"},"down":{"uv":[9.25,5.75,9,6],"rotation":270,"texture":"#3"}}},{"from":[6.75,23.49229,-1.37741],"to":[7.75,24.24229,-1.12741],"rotation":{"angle":45,"axis":"x","origin":[8,8,8]},"faces":{"north":{"uv":[9,6,9.25,6.25],"texture":"#3"},"east":{"uv":[8.75,9.25,8.875,9.5],"texture":"#3"},"south":{"uv":[6,9,6.25,9.25],"texture":"#3"},"west":{"uv":[9.25,8.75,9.375,9],"texture":"#3"},"up":{"uv":[9.125,9.5,9,9.25],"rotation":90,"texture":"#3"},"down":{"uv":[9.375,9,9.25,9.25],"rotation":270,"texture":"#3"}}},{"from":[6.75,22.40247,17.51354],"to":[7.75,22.90247,18.51354],"rotation":{"angle":-22.5,"axis":"x","origin":[8,8,8]},"faces":{"north":{"uv":[0.25,9.5,0.5,9.625],"texture":"#3"},"east":{"uv":[9.25,9.25,9.5,9.375],"texture":"#3"},"south":{"uv":[0,9.5,0.25,9.625],"texture":"#3"},"west":{"uv":[9.5,0,9.75,0.125],"texture":"#3"},"up":{"uv":[6.5,9.25,6.25,9],"rotation":90,"texture":"#3"},"down":{"uv":[9.25,6.25,9,6.5],"rotation":270,"texture":"#3"}}},{"from":[6.75,21.90247,11.01354],"to":[7.75,22.90247,17.51354],"rotation":{"angle":-22.5,"axis":"x","origin":[8,8,8]},"faces":{"north":{"uv":[9,6.5,9.25,6.75],"texture":"#3"},"east":{"uv":[5.25,1.5,6.875,1.75],"texture":"#3"},"south":{"uv":[6.5,9,6.75,9.25],"texture":"#3"},"west":{"uv":[5.25,1.75,6.875,2],"texture":"#3"},"up":{"uv":[6.875,2.25,5.25,2],"rotation":90,"texture":"#3"},"down":{"uv":[1.5,5.25,1.75,6.875],"texture":"#3"}}},{"from":[6.775,14.48707,-4.61485],"to":[7.725,16.48707,-3.61485],"rotation":{"angle":45,"axis":"x","origin":[8,8,8]},"faces":{"north":{"uv":[2,8.25,2.25,8.75],"texture":"#3"},"east":{"uv":[1.25,8.25,1.5,8.75],"texture":"#3"},"south":{"uv":[1.5,8.25,1.75,8.75],"texture":"#3"},"west":{"uv":[1.75,8.25,2,8.75],"texture":"#3"},"up":{"uv":[7,9.25,6.75,9],"rotation":90,"texture":"#3"},"down":{"uv":[9.25,6.75,9,7],"rotation":270,"texture":"#3"}}},{"from":[6.75,20.0071,3.667],"to":[7.75,21.5071,4.667],"rotation":{"angle":0,"axis":"z","origin":[8,8,8]},"faces":{"north":{"uv":[8,8.5,8.25,8.875],"texture":"#3"},"east":{"uv":[6.75,8.5,7,8.875],"texture":"#3"},"south":{"uv":[7.75,8.5,8,8.875],"texture":"#3"},"west":{"uv":[8.5,7.75,8.75,8.125],"texture":"#3"},"up":{"uv":[7.25,9.25,7,9],"rotation":90,"texture":"#3"},"down":{"uv":[9.25,7,9,7.25],"rotation":270,"texture":"#3"}}},{"from":[6.75,16.31763,-0.6742],"to":[7.75,17.81763,0.3258],"rotation":{"angle":22.5,"axis":"x","origin":[8,8,8]},"faces":{"north":{"uv":[8.75,0,9,0.375],"texture":"#3"},"east":{"uv":[8.25,8.5,8.5,8.875],"texture":"#3"},"south":{"uv":[8.5,8.25,8.75,8.625],"texture":"#3"},"west":{"uv":[0,8.75,0.25,9.125],"texture":"#3"},"up":{"uv":[7.5,9.25,7.25,9],"rotation":90,"texture":"#3"},"down":{"uv":[9.25,7.25,9,7.5],"rotation":270,"texture":"#3"}}},{"from":[6.75,11.2477,-3.27306],"to":[7.75,12.7477,-2.27306],"rotation":{"angle":45,"axis":"x","origin":[8,8,8]},"faces":{"north":{"uv":[1.5,8.75,1.75,9.125],"texture":"#3"},"east":{"uv":[8.75,0.5,9,0.875],"texture":"#3"},"south":{"uv":[8.75,1,9,1.375],"texture":"#3"},"west":{"uv":[1.25,8.75,1.5,9.125],"texture":"#3"},"up":{"uv":[7.75,9.25,7.5,9],"rotation":90,"texture":"#3"},"down":{"uv":[9.25,7.5,9,7.75],"rotation":270,"texture":"#3"}}},{"from":[6.775,15.26773,2.32521],"to":[7.725,18.26773,3.32521],"rotation":{"angle":0,"axis":"z","origin":[8,8,8]},"faces":{"north":{"uv":[8.5,2.75,7.75,3],"rotation":90,"texture":"#3"},"east":{"uv":[7,7.5,7.25,8.25],"texture":"#3"},"south":{"uv":[7.75,4.25,8,5],"texture":"#3"},"west":{"uv":[4.5,7.75,4.75,8.5],"texture":"#3"},"up":{"uv":[8,9.25,7.75,9],"rotation":90,"texture":"#3"},"down":{"uv":[9.25,7.75,9,8],"rotation":270,"texture":"#3"}}},{"from":[6.75,12.38616,5.53842],"to":[7.75,16.88616,6.53842],"rotation":{"angle":-22.5,"axis":"x","origin":[8,8,8]},"faces":{"north":{"uv":[7.125,6,6,6.25],"rotation":90,"texture":"#3"},"east":{"uv":[4.75,5.75,5,6.875],"texture":"#3"},"south":{"uv":[0.5,6,0.75,7.125],"texture":"#3"},"west":{"uv":[0.75,6,1,7.125],"texture":"#3"},"up":{"uv":[8.25,9.25,8,9],"rotation":90,"texture":"#3"},"down":{"uv":[9.25,8,9,8.25],"rotation":270,"texture":"#3"}}},{"from":[7.5,14.69254,11.74468],"to":[8.5,15.69254,11.99468],"rotation":{"angle":45,"axis":"x","origin":[8,8,8]},"faces":{"north":{"uv":[9,8.25,9.25,8.5],"texture":"#3"},"east":{"uv":[9.5,0.25,9.625,0.5],"texture":"#3"},"south":{"uv":[8.25,9,8.5,9.25],"texture":"#3"},"west":{"uv":[0.5,9.5,0.625,9.75],"texture":"#3"},"up":{"uv":[9.625,0.75,9.5,0.5],"rotation":90,"texture":"#3"},"down":{"uv":[0.875,9.5,0.75,9.75],"rotation":270,"texture":"#3"}}},{"from":[7.5,7.23783,15.78792],"to":[8.5,7.48783,16.53792],"rotation":{"angle":-22.5,"axis":"x","origin":[8,8,8]},"faces":{"north":{"uv":[1,9.5,1.25,9.625],"texture":"#3"},"east":{"uv":[3,9.5,3.125,9.625],"texture":"#3"},"south":{"uv":[9.5,0.75,9.75,0.875],"texture":"#3"},"west":{"uv":[9.5,3,9.625,3.125],"texture":"#3"},"up":{"uv":[9.625,1.25,9.5,1],"rotation":90,"texture":"#3"},"down":{"uv":[1.375,9.5,1.25,9.75],"rotation":270,"texture":"#3"}}},{"from":[7.5,6.98783,14.78792],"to":[8.5,7.48783,15.93792],"rotation":{"angle":-22.5,"axis":"x","origin":[8,8,8]},"faces":{"north":{"uv":[9.5,2,9.75,2.125],"texture":"#3"},"east":{"uv":[9.5,1.25,9.75,1.375],"texture":"#3"},"south":{"uv":[9.5,1.5,9.75,1.625],"texture":"#3"},"west":{"uv":[9.5,1.75,9.75,1.875],"texture":"#3"},"up":{"uv":[8.75,9.25,8.5,9],"rotation":90,"texture":"#3"},"down":{"uv":[9.25,8.5,9,8.75],"rotation":270,"texture":"#3"}}},{"from":[7.5,13.69254,11.49468],"to":[8.5,14.69254,11.99468],"rotation":{"angle":45,"axis":"x","origin":[8,8,8]},"faces":{"north":{"uv":[9,8.75,9.25,9],"texture":"#3"},"east":{"uv":[9.5,2.25,9.625,2.5],"texture":"#3"},"south":{"uv":[8.75,9,9,9.25],"texture":"#3"},"west":{"uv":[9.5,2.5,9.625,2.75],"texture":"#3"},"up":{"uv":[2.875,9.75,2.75,9.5],"rotation":90,"texture":"#3"},"down":{"uv":[9.625,2.75,9.5,3],"rotation":270,"texture":"#3"}}},{"from":[7.5,7.54849,9.22726],"to":[8.5,9.04849,10.22726],"rotation":{"angle":-22.5,"axis":"x","origin":[8,8,8]},"faces":{"north":{"uv":[8.75,2,9,2.375],"texture":"#3"},"east":{"uv":[8.75,1.5,9,1.875],"texture":"#3"},"south":{"uv":[1.75,8.75,2,9.125],"texture":"#3"},"west":{"uv":[2,8.75,2.25,9.125],"texture":"#3"},"up":{"uv":[9.25,9.25,9,9],"rotation":90,"texture":"#3"},"down":{"uv":[0.25,9.25,0,9.5],"rotation":270,"texture":"#3"}}},{"from":[7.525,8.54853,9.18706],"to":[8.475,9.54853,10.68706],"rotation":{"angle":22.5,"axis":"x","origin":[8,8,8]},"faces":{"north":{"uv":[0.25,9.25,0.5,9.5],"texture":"#3"},"east":{"uv":[8.75,2.5,9.125,2.75],"texture":"#3"},"south":{"uv":[9.25,0,9.5,0.25],"texture":"#3"},"west":{"uv":[2.75,8.75,3.125,9],"texture":"#3"},"up":{"uv":[9.125,3.25,8.75,3],"rotation":90,"texture":"#3"},"down":{"uv":[3.625,8.75,3.25,9],"rotation":270,"texture":"#3"}}},{"from":[7.5,6.48783,10.28792],"to":[8.5,7.48783,14.78792],"rotation":{"angle":-22.5,"axis":"x","origin":[8,8,8]},"faces":{"north":{"uv":[0.5,9.25,0.75,9.5],"texture":"#3"},"east":{"uv":[3.5,6.5,4.625,6.75],"texture":"#3"},"south":{"uv":[9.25,0.25,9.5,0.5],"texture":"#3"},"west":{"uv":[6.5,3.75,7.625,4],"texture":"#3"},"up":{"uv":[7.625,4.25,6.5,4],"rotation":90,"texture":"#3"},"down":{"uv":[7.625,4.25,6.5,4.5],"rotation":270,"texture":"#3"}}},{"from":[7.525,5.34218,6.81496],"to":[8.475,6.34218,9.81496],"rotation":{"angle":-22.5,"axis":"x","origin":[8,8,8]},"faces":{"north":{"uv":[0.75,9.25,1,9.5],"texture":"#3"},"east":{"uv":[7.75,6.25,8.5,6.5],"texture":"#3"},"south":{"uv":[9.25,0.5,9.5,0.75],"texture":"#3"},"west":{"uv":[7.5,7.75,8.25,8],"texture":"#3"},"up":{"uv":[2,8.25,1.25,8],"rotation":90,"texture":"#3"},"down":{"uv":[8.75,2,8,2.25],"rotation":270,"texture":"#3"}}},{"from":[7.525,4.00532,8.69253],"to":[8.475,5.00532,13.69253],"rotation":{"angle":-45,"axis":"x","origin":[8,8,8]},"faces":{"north":{"uv":[1,9.25,1.25,9.5],"texture":"#3"},"east":{"uv":[5.75,0.75,7,1],"texture":"#3"},"south":{"uv":[9.25,0.75,9.5,1],"texture":"#3"},"west":{"uv":[5.75,1,7,1.25],"texture":"#3"},"up":{"uv":[7,1.5,5.75,1.25],"rotation":90,"texture":"#3"},"down":{"uv":[7,3,5.75,3.25],"rotation":270,"texture":"#3"}}},{"from":[7.5,7.11112,10.45563],"to":[8.5,8.11112,11.95563],"rotation":{"angle":22.5,"axis":"x","origin":[8,8,8]},"faces":{"north":{"uv":[1.25,9.25,1.5,9.5],"texture":"#3"},"east":{"uv":[3.75,8.75,4.125,9],"texture":"#3"},"south":{"uv":[9.25,1,9.5,1.25],"texture":"#3"},"west":{"uv":[8.75,4.25,9.125,4.5],"texture":"#3"},"up":{"uv":[9.125,4.75,8.75,4.5],"rotation":90,"texture":"#3"},"down":{"uv":[5.125,8.75,4.75,9],"rotation":270,"texture":"#3"}}},{"from":[6.525,9.50022,4.82178],"to":[9.475,15.00022,10.32178],"rotation":{"angle":0,"axis":"y","origin":[8,8,8]},"faces":{"north":{"uv":[0.5,3,1.25,4.375],"texture":"#3"},"east":{"uv":[0,0,1.375,1.375],"texture":"#3"},"south":{"uv":[3,0,3.75,1.375],"texture":"#3"},"west":{"uv":[0,1.5,1.375,2.875],"texture":"#3"},"up":{"uv":[4.375,2.25,3,1.5],"rotation":90,"texture":"#3"},"down":{"uv":[4.375,2.25,3,3],"rotation":270,"texture":"#3"}}},{"from":[7.55,6.10022,2.32178],"to":[8.45,8.60022,6.82178],"rotation":{"angle":0,"axis":"y","origin":[8,8,8]},"faces":{"north":{"uv":[4.75,8,5,8.625],"texture":"#3"},"east":{"uv":[3.75,0.75,4.875,1.375],"texture":"#3"},"south":{"uv":[8,4.5,8.25,5.125],"texture":"#3"},"west":{"uv":[3,3.75,4.125,4.375],"texture":"#3"},"up":{"uv":[7.625,4.75,6.5,4.5],"rotation":90,"texture":"#3"},"down":{"uv":[7.625,4.75,6.5,5],"rotation":270,"texture":"#3"}}},{"from":[7.55,6.10022,8.32178],"to":[8.45,8.60022,12.82178],"rotation":{"angle":0,"axis":"y","origin":[8,8,8]},"faces":{"north":{"uv":[4.25,8,4.5,8.625],"texture":"#3"},"east":{"uv":[3,3,4.125,3.625],"texture":"#3"},"south":{"uv":[4,8,4.25,8.625],"texture":"#3"},"west":{"uv":[3.75,0,4.875,0.625],"texture":"#3"},"up":{"uv":[6.875,3.5,5.75,3.25],"rotation":90,"texture":"#3"},"down":{"uv":[6.875,3.5,5.75,3.75],"rotation":270,"texture":"#3"}}},{"from":[7.3,9.72154,10.1931],"to":[8.7,13.72154,15.1931],"rotation":{"angle":0,"axis":"z","origin":[8,8,8]},"faces":{"north":{"uv":[8.5,0,9.25,2],"texture":"#2"},"east":{"uv":[6,0,8.5,2],"texture":"#2"},"south":{"uv":[8,8,8.75,10],"texture":"#2"},"west":{"uv":[8.5,0,6,2],"texture":"#2"},"up":{"uv":[10.5,4.75,8,4],"rotation":90,"texture":"#2"},"down":{"uv":[10.5,5,8,5.75],"rotation":270,"texture":"#2"}}},{"from":[6.8,9.18228,-3.90919],"to":[7.7,20.18228,2.09081],"rotation":{"angle":45,"axis":"x","origin":[8,8,8]},"faces":{"north":{"uv":[7.5,4,8,9.5],"texture":"#2"},"east":{"uv":[0,0,3,5.5],"texture":"#2"},"south":{"uv":[7,4,7.5,9.5],"texture":"#2"},"west":{"uv":[3,0,0,5.5],"texture":"#2"},"up":{"uv":[11,7.5,8,7],"rotation":90,"texture":"#2"},"down":{"uv":[11,7.5,8,8],"rotation":270,"texture":"#2"}}},{"from":[8.3,10.72154,-1.04954],"to":[9.2,21.72154,4.95046],"rotation":{"angle":0,"axis":"z","origin":[8,8,8]},"faces":{"north":{"uv":[6.5,4,7,9.5],"texture":"#2"},"east":{"uv":[0,0,3,5.5],"texture":"#2"},"south":{"uv":[6,4,6.5,9.5],"texture":"#2"},"west":{"uv":[3,0,0,5.5],"texture":"#2"},"up":{"uv":[11,6.5,8,6],"rotation":90,"texture":"#2"},"down":{"uv":[11,6.5,8,7],"rotation":270,"texture":"#2"}}},{"from":[7.975,13.50022,5.57178],"to":[7.975,25.50022,17.57178],"rotation":{"angle":0,"axis":"y","origin":[8,8,8]},"faces":{"north":{"uv":[0,0,0,6],"texture":"#4"},"east":{"uv":[6,10,0,16],"texture":"#4"},"south":{"uv":[0,0,0,6],"texture":"#4"},"west":{"uv":[0,0,6,6],"texture":"#4"},"up":{"uv":[6,0,0,0],"rotation":90,"texture":"#4"},"down":{"uv":[6,0,0,0],"rotation":270,"texture":"#4"}}},{"name":"cubeinverted","from":[7.975,25.50022,17.57178],"to":[7.975,13.50022,5.57178],"rotation":{"angle":0,"axis":"y","origin":[8,8,8]},"faces":{"north":{"uv":[0,6,0,0],"texture":"#4"},"east":{"uv":[0,6,6,0],"texture":"#4"},"south":{"uv":[0,6,0,0],"texture":"#4"},"west":{"uv":[6,16,0,10],"texture":"#4"},"up":{"uv":[0,0,6,0],"rotation":90,"texture":"#4"},"down":{"uv":[0,0,6,0],"rotation":270,"texture":"#4"}}}],"gui_light":"front","display":{"thirdperson_righthand":{"translation":[0,5.5,0.75],"scale":[0.84375,0.84375,0.84375]},"thirdperson_lefthand":{"translation":[0,5.5,0.75],"scale":[0.84375,0.84375,0.84375]},"firstperson_righthand":{"rotation":[-15.25,0,0],"translation":[1.25,3.5,0],"scale":[0.63477,0.63477,0.63477]},"firstperson_lefthand":{"rotation":[-15.25,0,0],"translation":[1.25,3.5,0],"scale":[0.63477,0.63477,0.63477]},"ground":{"rotation":[0,0,-79],"translation":[0,-1.5,0],"scale":[0.58984,0.58984,0.58984]},"gui":{"rotation":[-90,49.75,90],"translation":[1,-0.25,-2.25],"scale":[0.45117,0.45117,0.45117]},"head":{"rotation":[0,90,0],"translation":[0,21.5,0],"scale":[0.72656,0.72656,0.72656]},"fixed":{"rotation":[0,90,0],"translation":[0,1.75,-2.25],"scale":[1.30273,1.30273,1.30273]}}}