{
  "credit": "MadewithBlockbench",
  "texture_size": [
    64,
    64
  ],
  "textures": {
    "2": "garnet_pack:garnet_pack/axe_garnet"
  },
  "elements": [
    {
      "from": [
        7.001,
        17.83413,
        9.27378
      ],
      "to": [
        8.999,
        19.33413,
        11.77378
      ],
      "rotation": {
        "angle": 0,
        "axis": "z",
        "origin": [
          8,
          8,
          8
        ]
      },
      "faces": {
        "north": {
          "uv": [
            10,
            3.5,
            10.5,
            3.875
          ],
          "texture": "#2"
        },
        "east": {
          "uv": [
            0,
            9.75,
            0.625,
            10.125
          ],
          "texture": "#2"
        },
        "south": {
          "uv": [
            10,
            4.5,
            10.5,
            4.875
          ],
          "texture": "#2"
        },
        "west": {
          "uv": [
            9.25,
            6,
            9.875,
            6.375
          ],
          "texture": "#2"
        },
        "up": {
          "uv": [
            9.625,
            7,
            9,
            6.5
          ],
          "rotation": 270,
          "texture": "#2"
        },
        "down": {
          "uv": [
            9.625,
            7,
            9,
            7.5
          ],
          "rotation": 90,
          "texture": "#2"
        }
      }
    },
    {
      "from": [
        7,
        13.61374,
        14.41515
      ],
      "to": [
        9,
        15.11374,
        16.91515
      ],
      "rotation": {
        "angle": -45,
        "axis": "x",
        "origin": [
          8,
          8,
          8
        ]
      },
      "faces": {
        "north": {
          "uv": [
            5,
            10,
            5.5,
            10.375
          ],
          "texture": "#2"
        },
        "east": {
          "uv": [
            4.25,
            9.75,
            4.875,
            10.125
          ],
          "texture": "#2"
        },
        "south": {
          "uv": [
            10,
            5.25,
            10.5,
            5.625
          ],
          "texture": "#2"
        },
        "west": {
          "uv": [
            3,
            9.75,
            3.625,
            10.125
          ],
          "texture": "#2"
        },
        "up": {
          "uv": [
            9.625,
            8,
            9,
            7.5
          ],
          "rotation": 270,
          "texture": "#2"
        },
        "down": {
          "uv": [
            9.625,
            8,
            9,
            8.5
          ],
          "rotation": 90,
          "texture": "#2"
        }
      }
    },
    {
      "from": [
        7.001,
        13.2986,
        9.27378
      ],
      "to": [
        8.999,
        14.7986,
        11.77378
      ],
      "rotation": {
        "angle": 0,
        "axis": "y",
        "origin": [
          8,
          8,
          8
        ]
      },
      "faces": {
        "north": {
          "uv": [
            9.75,
            7.25,
            10.25,
            7.625
          ],
          "texture": "#2"
        },
        "east": {
          "uv": [
            9.25,
            3.5,
            9.875,
            3.875
          ],
          "texture": "#2"
        },
        "south": {
          "uv": [
            9.75,
            7.75,
            10.25,
            8.125
          ],
          "texture": "#2"
        },
        "west": {
          "uv": [
            9.25,
            3,
            9.875,
            3.375
          ],
          "texture": "#2"
        },
        "up": {
          "uv": [
            9.125,
            6,
            8.5,
            5.5
          ],
          "rotation": 270,
          "texture": "#2"
        },
        "down": {
          "uv": [
            9.125,
            6,
            8.5,
            6.5
          ],
          "rotation": 90,
          "texture": "#2"
        }
      }
    },
    {
      "from": [
        7,
        10.84597,
        12.64739
      ],
      "to": [
        9,
        13.34597,
        14.14739
      ],
      "rotation": {
        "angle": -45,
        "axis": "x",
        "origin": [
          8,
          8,
          8
        ]
      },
      "faces": {
        "north": {
          "uv": [
            9,
            0,
            9.5,
            0.625
          ],
          "texture": "#2"
        },
        "east": {
          "uv": [
            9.5,
            0,
            9.875,
            0.625
          ],
          "texture": "#2"
        },
        "south": {
          "uv": [
            3,
            9,
            3.5,
            9.625
          ],
          "texture": "#2"
        },
        "west": {
          "uv": [
            9.25,
            9.25,
            9.625,
            9.875
          ],
          "texture": "#2"
        },
        "up": {
          "uv": [
            10.375,
            3,
            10,
            2.5
          ],
          "rotation": 270,
          "texture": "#2"
        },
        "down": {
          "uv": [
            10.375,
            3,
            10,
            3.5
          ],
          "rotation": 90,
          "texture": "#2"
        }
      }
    },
    {
      "from": [
        7.001,
        15.06637,
        7.50601
      ],
      "to": [
        8.999,
        17.56637,
        9.00601
      ],
      "rotation": {
        "angle": 0,
        "axis": "z",
        "origin": [
          8,
          8,
          8
        ]
      },
      "faces": {
        "north": {
          "uv": [
            8.75,
            3.25,
            9.25,
            3.875
          ],
          "texture": "#2"
        },
        "east": {
          "uv": [
            8.75,
            9.25,
            9.125,
            9.875
          ],
          "texture": "#2"
        },
        "south": {
          "uv": [
            8.75,
            4.5,
            9.25,
            5.125
          ],
          "texture": "#2"
        },
        "west": {
          "uv": [
            8.25,
            9.25,
            8.625,
            9.875
          ],
          "texture": "#2"
        },
        "up": {
          "uv": [
            10.375,
            2,
            10,
            1.5
          ],
          "rotation": 270,
          "texture": "#2"
        },
        "down": {
          "uv": [
            10.375,
            2,
            10,
            2.5
          ],
          "rotation": 90,
          "texture": "#2"
        }
      }
    },
    {
      "from": [
        7,
        10.84597,
        17.18292
      ],
      "to": [
        9,
        13.34597,
        18.68292
      ],
      "rotation": {
        "angle": -45,
        "axis": "x",
        "origin": [
          8,
          8,
          8
        ]
      },
      "faces": {
        "north": {
          "uv": [
            8.75,
            1.75,
            9.25,
            2.375
          ],
          "texture": "#2"
        },
        "east": {
          "uv": [
            7.5,
            9.25,
            7.875,
            9.875
          ],
          "texture": "#2"
        },
        "south": {
          "uv": [
            8.75,
            2.5,
            9.25,
            3.125
          ],
          "texture": "#2"
        },
        "west": {
          "uv": [
            7,
            9.25,
            7.375,
            9.875
          ],
          "texture": "#2"
        },
        "up": {
          "uv": [
            1.125,
            10.5,
            0.75,
            10
          ],
          "rotation": 270,
          "texture": "#2"
        },
        "down": {
          "uv": [
            10.375,
            1,
            10,
            1.5
          ],
          "rotation": 90,
          "texture": "#2"
        }
      }
    },
    {
      "from": [
        7.001,
        15.06637,
        12.04155
      ],
      "to": [
        8.999,
        17.56637,
        13.54155
      ],
      "rotation": {
        "angle": 0,
        "axis": "z",
        "origin": [
          8,
          8,
          8
        ]
      },
      "faces": {
        "north": {
          "uv": [
            6.5,
            8.5,
            7,
            9.125
          ],
          "texture": "#2"
        },
        "east": {
          "uv": [
            6.5,
            9.25,
            6.875,
            9.875
          ],
          "texture": "#2"
        },
        "south": {
          "uv": [
            8.75,
            1,
            9.25,
            1.625
          ],
          "texture": "#2"
        },
        "west": {
          "uv": [
            3.5,
            9,
            3.875,
            9.625
          ],
          "texture": "#2"
        },
        "up": {
          "uv": [
            10.125,
            10.25,
            9.75,
            9.75
          ],
          "rotation": 270,
          "texture": "#2"
        },
        "down": {
          "uv": [
            10.375,
            0,
            10,
            0.5
          ],
          "rotation": 90,
          "texture": "#2"
        }
      }
    },
    {
      "from": [
        7,
        9.0782,
        14.41515
      ],
      "to": [
        9,
        10.5782,
        16.91515
      ],
      "rotation": {
        "angle": -45,
        "axis": "x",
        "origin": [
          8,
          8,
          8
        ]
      },
      "faces": {
        "north": {
          "uv": [
            9.75,
            8.25,
            10.25,
            8.625
          ],
          "texture": "#2"
        },
        "east": {
          "uv": [
            9.25,
            5.5,
            9.875,
            5.875
          ],
          "texture": "#2"
        },
        "south": {
          "uv": [
            9.75,
            9.25,
            10.25,
            9.625
          ],
          "texture": "#2"
        },
        "west": {
          "uv": [
            9.25,
            4.5,
            9.875,
            4.875
          ],
          "texture": "#2"
        },
        "up": {
          "uv": [
            8.875,
            9,
            8.25,
            8.5
          ],
          "rotation": 270,
          "texture": "#2"
        },
        "down": {
          "uv": [
            0.875,
            8.75,
            0.25,
            9.25
          ],
          "rotation": 90,
          "texture": "#2"
        }
      }
    },
    {
      "from": [
        6.75,
        -7.44985,
        4.47524
      ],
      "to": [
        9.25,
        -5.94985,
        6.97524
      ],
      "rotation": {
        "angle": -22.5,
        "axis": "x",
        "origin": [
          8,
          8,
          8
        ]
      },
      "faces": {
        "north": {
          "uv": [
            0.25,
            9.25,
            0.875,
            9.625
          ],
          "texture": "#2"
        },
        "east": {
          "uv": [
            9.25,
            1,
            9.875,
            1.375
          ],
          "texture": "#2"
        },
        "south": {
          "uv": [
            9.25,
            1.5,
            9.875,
            1.875
          ],
          "texture": "#2"
        },
        "west": {
          "uv": [
            9,
            8.5,
            9.625,
            8.875
          ],
          "texture": "#2"
        },
        "up": {
          "uv": [
            8.125,
            8.125,
            7.5,
            7.5
          ],
          "rotation": 270,
          "texture": "#2"
        },
        "down": {
          "uv": [
            8.375,
            0,
            7.75,
            0.625
          ],
          "rotation": 90,
          "texture": "#2"
        }
      }
    },
    {
      "from": [
        7,
        -9.29761,
        3.70987
      ],
      "to": [
        9,
        -7.79761,
        6.20987
      ],
      "rotation": {
        "angle": -22.5,
        "axis": "x",
        "origin": [
          8,
          8,
          8
        ]
      },
      "faces": {
        "north": {
          "uv": [
            1.25,
            9.5,
            1.75,
            9.875
          ],
          "texture": "#2"
        },
        "east": {
          "uv": [
            9.25,
            2.5,
            9.875,
            2.875
          ],
          "texture": "#2"
        },
        "south": {
          "uv": [
            9.75,
            6.75,
            10.25,
            7.125
          ],
          "texture": "#2"
        },
        "west": {
          "uv": [
            9.25,
            2,
            9.875,
            2.375
          ],
          "texture": "#2"
        },
        "up": {
          "uv": [
            8.375,
            1.25,
            7.75,
            0.75
          ],
          "rotation": 270,
          "texture": "#2"
        },
        "down": {
          "uv": [
            8.875,
            6.5,
            8.25,
            7
          ],
          "rotation": 90,
          "texture": "#2"
        }
      }
    },
    {
      "from": [
        7.25,
        -8.70141,
        10.77378
      ],
      "to": [
        8.75,
        14.29859,
        12.27378
      ],
      "rotation": {
        "angle": 0,
        "axis": "y",
        "origin": [
          8,
          8,
          8
        ]
      },
      "faces": {
        "north": {
          "uv": [
            4.75,
            4,
            5.125,
            9.75
          ],
          "texture": "#2"
        },
        "east": {
          "uv": [
            5.25,
            4,
            5.625,
            9.75
          ],
          "texture": "#2"
        },
        "south": {
          "uv": [
            5.75,
            4,
            6.125,
            9.75
          ],
          "texture": "#2"
        },
        "west": {
          "uv": [
            4.25,
            4,
            4.625,
            9.75
          ],
          "texture": "#2"
        },
        "up": {
          "uv": [
            5.875,
            10.375,
            5.5,
            10
          ],
          "rotation": 270,
          "texture": "#2"
        },
        "down": {
          "uv": [
            10.375,
            5.75,
            10,
            6.125
          ],
          "rotation": 90,
          "texture": "#2"
        }
      }
    },
    {
      "from": [
        7.475,
        18.74427,
        2.26697
      ],
      "to": [
        8.525,
        20.24427,
        10.26697
      ],
      "rotation": {
        "angle": 22.5,
        "axis": "x",
        "origin": [
          8,
          8,
          8
        ]
      },
      "faces": {
        "north": {
          "uv": [
            6.25,
            10,
            6.625,
            10.375
          ],
          "texture": "#2"
        },
        "east": {
          "uv": [
            2.25,
            6.5,
            4.25,
            6.875
          ],
          "texture": "#2"
        },
        "south": {
          "uv": [
            6.75,
            10,
            7.125,
            10.375
          ],
          "texture": "#2"
        },
        "west": {
          "uv": [
            0.25,
            6.5,
            2.25,
            6.875
          ],
          "texture": "#2"
        },
        "up": {
          "uv": [
            8.5,
            5.875,
            6.5,
            5.5
          ],
          "rotation": 270,
          "texture": "#2"
        },
        "down": {
          "uv": [
            8.5,
            6,
            6.5,
            6.375
          ],
          "rotation": 90,
          "texture": "#2"
        }
      }
    },
    {
      "from": [
        7.85,
        13.48021,
        17.55389
      ],
      "to": [
        8.15,
        18.23021,
        18.55389
      ],
      "rotation": {
        "angle": -45,
        "axis": "x",
        "origin": [
          8,
          8,
          8
        ]
      },
      "faces": {
        "north": {
          "uv": [
            6.25,
            8.75,
            6.5,
            10
          ],
          "texture": "#2"
        },
        "east": {
          "uv": [
            8.75,
            7,
            9,
            8.25
          ],
          "texture": "#2"
        },
        "south": {
          "uv": [
            1.75,
            9,
            2,
            10.25
          ],
          "texture": "#2"
        },
        "west": {
          "uv": [
            1,
            8.75,
            1.25,
            10
          ],
          "texture": "#2"
        },
        "up": {
          "uv": [
            9,
            8.5,
            8.75,
            8.25
          ],
          "rotation": 270,
          "texture": "#2"
        },
        "down": {
          "uv": [
            1,
            9.75,
            0.75,
            10
          ],
          "rotation": 90,
          "texture": "#2"
        }
      }
    },
    {
      "from": [
        7.875,
        21.98946,
        7.52175
      ],
      "to": [
        8.125,
        23.98946,
        8.52175
      ],
      "rotation": {
        "angle": 0,
        "axis": "z",
        "origin": [
          8,
          8,
          8
        ]
      },
      "faces": {
        "north": {
          "uv": [
            0.5,
            10.25,
            0.75,
            10.75
          ],
          "texture": "#2"
        },
        "east": {
          "uv": [
            3.5,
            10.25,
            3.75,
            10.75
          ],
          "texture": "#2"
        },
        "south": {
          "uv": [
            10.25,
            7.75,
            10.5,
            8.25
          ],
          "texture": "#2"
        },
        "west": {
          "uv": [
            7.75,
            10,
            8,
            10.5
          ],
          "texture": "#2"
        },
        "up": {
          "uv": [
            10.25,
            0.75,
            10,
            0.5
          ],
          "rotation": 270,
          "texture": "#2"
        },
        "down": {
          "uv": [
            1.75,
            10,
            1.5,
            10.25
          ],
          "rotation": 90,
          "texture": "#2"
        }
      }
    },
    {
      "from": [
        7.85,
        15.76356,
        -2.86535
      ],
      "to": [
        8.15,
        17.26356,
        -1.86535
      ],
      "rotation": {
        "angle": 22.5,
        "axis": "x",
        "origin": [
          8,
          8,
          8
        ]
      },
      "faces": {
        "north": {
          "uv": [
            10.25,
            9.25,
            10.5,
            9.625
          ],
          "texture": "#2"
        },
        "east": {
          "uv": [
            9.75,
            10.25,
            10,
            10.625
          ],
          "texture": "#2"
        },
        "south": {
          "uv": [
            10.25,
            9.75,
            10.5,
            10.125
          ],
          "texture": "#2"
        },
        "west": {
          "uv": [
            10.25,
            8.5,
            10.5,
            8.875
          ],
          "texture": "#2"
        },
        "up": {
          "uv": [
            4.25,
            10.25,
            4,
            10
          ],
          "rotation": 270,
          "texture": "#2"
        },
        "down": {
          "uv": [
            4,
            10.5,
            3.75,
            10.75
          ],
          "rotation": 90,
          "texture": "#2"
        }
      }
    },
    {
      "from": [
        7.85,
        20.08538,
        9.3973
      ],
      "to": [
        8.15,
        21.08538,
        11.3973
      ],
      "rotation": {
        "angle": -45,
        "axis": "x",
        "origin": [
          8,
          8,
          8
        ]
      },
      "faces": {
        "north": {
          "uv": [
            10.5,
            4,
            10.75,
            4.25
          ],
          "texture": "#2"
        },
        "east": {
          "uv": [
            10,
            6.25,
            10.5,
            6.5
          ],
          "texture": "#2"
        },
        "south": {
          "uv": [
            10.5,
            4.25,
            10.75,
            4.5
          ],
          "texture": "#2"
        },
        "west": {
          "uv": [
            9.75,
            8.75,
            10.25,
            9
          ],
          "texture": "#2"
        },
        "up": {
          "uv": [
            10.75,
            5.25,
            10.25,
            5
          ],
          "rotation": 270,
          "texture": "#2"
        },
        "down": {
          "uv": [
            10.75,
            8.25,
            10.25,
            8.5
          ],
          "rotation": 90,
          "texture": "#2"
        }
      }
    },
    {
      "from": [
        7.875,
        13.29848,
        -3.5546
      ],
      "to": [
        8.125,
        14.29848,
        -2.0546
      ],
      "rotation": {
        "angle": 22.5,
        "axis": "x",
        "origin": [
          8,
          8,
          8
        ]
      },
      "faces": {
        "north": {
          "uv": [
            10.5,
            4.5,
            10.75,
            4.75
          ],
          "texture": "#2"
        },
        "east": {
          "uv": [
            10.5,
            0,
            10.875,
            0.25
          ],
          "texture": "#2"
        },
        "south": {
          "uv": [
            10.5,
            4.75,
            10.75,
            5
          ],
          "texture": "#2"
        },
        "west": {
          "uv": [
            10,
            10.25,
            10.375,
            10.5
          ],
          "texture": "#2"
        },
        "up": {
          "uv": [
            10.875,
            0.5,
            10.5,
            0.25
          ],
          "rotation": 270,
          "texture": "#2"
        },
        "down": {
          "uv": [
            1.125,
            10.5,
            0.75,
            10.75
          ],
          "rotation": 90,
          "texture": "#2"
        }
      }
    },
    {
      "from": [
        7.85,
        8.47341,
        -5.08537
      ],
      "to": [
        8.15,
        9.39729,
        -4.70268
      ],
      "rotation": {
        "angle": 45,
        "axis": "x",
        "origin": [
          8,
          8,
          8
        ]
      },
      "faces": {
        "north": {
          "uv": [
            5,
            10.5,
            5.25,
            10.75
          ],
          "texture": "#2"
        },
        "east": {
          "uv": [
            10.5,
            8,
            10.625,
            8.25
          ],
          "texture": "#2"
        },
        "south": {
          "uv": [
            5.25,
            10.5,
            5.5,
            10.75
          ],
          "texture": "#2"
        },
        "west": {
          "uv": [
            8,
            10.5,
            8.125,
            10.75
          ],
          "texture": "#2"
        },
        "up": {
          "uv": [
            8.375,
            10.75,
            8.25,
            10.5
          ],
          "rotation": 270,
          "texture": "#2"
        },
        "down": {
          "uv": [
            8.625,
            10.5,
            8.5,
            10.75
          ],
          "rotation": 90,
          "texture": "#2"
        }
      }
    },
    {
      "from": [
        7.85,
        16.69955,
        8.97133
      ],
      "to": [
        8.15,
        19.69955,
        9.97133
      ],
      "rotation": {
        "angle": -45,
        "axis": "x",
        "origin": [
          8,
          8,
          8
        ]
      },
      "faces": {
        "north": {
          "uv": [
            6,
            9.75,
            6.25,
            10.5
          ],
          "texture": "#2"
        },
        "east": {
          "uv": [
            8,
            9.75,
            8.25,
            10.5
          ],
          "texture": "#2"
        },
        "south": {
          "uv": [
            1.25,
            10,
            1.5,
            10.75
          ],
          "texture": "#2"
        },
        "west": {
          "uv": [
            3.75,
            9.75,
            4,
            10.5
          ],
          "texture": "#2"
        },
        "up": {
          "uv": [
            10.75,
            5.5,
            10.5,
            5.25
          ],
          "rotation": 270,
          "texture": "#2"
        },
        "down": {
          "uv": [
            5.75,
            10.5,
            5.5,
            10.75
          ],
          "rotation": 90,
          "texture": "#2"
        }
      }
    },
    {
      "from": [
        7.85,
        11.79173,
        5.49208
      ],
      "to": [
        8.15,
        16.79173,
        6.49208
      ],
      "rotation": {
        "angle": -22.5,
        "axis": "x",
        "origin": [
          8,
          8,
          8
        ]
      },
      "faces": {
        "north": {
          "uv": [
            2.25,
            9,
            2.5,
            10.25
          ],
          "texture": "#2"
        },
        "east": {
          "uv": [
            2.5,
            9,
            2.75,
            10.25
          ],
          "texture": "#2"
        },
        "south": {
          "uv": [
            2.75,
            9,
            3,
            10.25
          ],
          "texture": "#2"
        },
        "west": {
          "uv": [
            2,
            9,
            2.25,
            10.25
          ],
          "texture": "#2"
        },
        "up": {
          "uv": [
            10.75,
            5.75,
            10.5,
            5.5
          ],
          "rotation": 270,
          "texture": "#2"
        },
        "down": {
          "uv": [
            6,
            10.5,
            5.75,
            10.75
          ],
          "rotation": 90,
          "texture": "#2"
        }
      }
    },
    {
      "from": [
        7.85,
        4.92604,
        4.15583
      ],
      "to": [
        8.15,
        10.92604,
        5.15583
      ],
      "rotation": {
        "angle": 0,
        "axis": "z",
        "origin": [
          8,
          8,
          8
        ]
      },
      "faces": {
        "north": {
          "uv": [
            3.75,
            7.5,
            4,
            9
          ],
          "texture": "#2"
        },
        "east": {
          "uv": [
            1.25,
            8,
            1.5,
            9.5
          ],
          "texture": "#2"
        },
        "south": {
          "uv": [
            1.5,
            8,
            1.75,
            9.5
          ],
          "texture": "#2"
        },
        "west": {
          "uv": [
            4,
            7,
            4.25,
            8.5
          ],
          "texture": "#2"
        },
        "up": {
          "uv": [
            10.75,
            6,
            10.5,
            5.75
          ],
          "rotation": 270,
          "texture": "#2"
        },
        "down": {
          "uv": [
            6.25,
            10.5,
            6,
            10.75
          ],
          "rotation": 90,
          "texture": "#2"
        }
      }
    },
    {
      "from": [
        7.875,
        7.04462,
        3.10816
      ],
      "to": [
        8.125,
        8.54462,
        4.10816
      ],
      "rotation": {
        "angle": -45,
        "axis": "x",
        "origin": [
          8,
          8,
          8
        ]
      },
      "faces": {
        "north": {
          "uv": [
            10.5,
            1.5,
            10.75,
            1.875
          ],
          "texture": "#2"
        },
        "east": {
          "uv": [
            10.5,
            2,
            10.75,
            2.375
          ],
          "texture": "#2"
        },
        "south": {
          "uv": [
            10.5,
            2.5,
            10.75,
            2.875
          ],
          "texture": "#2"
        },
        "west": {
          "uv": [
            10.5,
            1,
            10.75,
            1.375
          ],
          "texture": "#2"
        },
        "up": {
          "uv": [
            10.75,
            6.25,
            10.5,
            6
          ],
          "rotation": 270,
          "texture": "#2"
        },
        "down": {
          "uv": [
            6.5,
            10.5,
            6.25,
            10.75
          ],
          "rotation": 90,
          "texture": "#2"
        }
      }
    },
    {
      "from": [
        7.85,
        3.11492,
        7.01061
      ],
      "to": [
        8.15,
        4.0388,
        7.3933
      ],
      "rotation": {
        "angle": 22.5,
        "axis": "x",
        "origin": [
          8,
          8,
          8
        ]
      },
      "faces": {
        "north": {
          "uv": [
            10.5,
            6.25,
            10.75,
            6.5
          ],
          "texture": "#2"
        },
        "east": {
          "uv": [
            8.75,
            10.5,
            8.875,
            10.75
          ],
          "texture": "#2"
        },
        "south": {
          "uv": [
            6.5,
            10.5,
            6.75,
            10.75
          ],
          "texture": "#2"
        },
        "west": {
          "uv": [
            10.5,
            8.5,
            10.625,
            8.75
          ],
          "texture": "#2"
        },
        "up": {
          "uv": [
            10.625,
            9,
            10.5,
            8.75
          ],
          "rotation": 270,
          "texture": "#2"
        },
        "down": {
          "uv": [
            9.125,
            10.5,
            9,
            10.75
          ],
          "rotation": 90,
          "texture": "#2"
        }
      }
    },
    {
      "from": [
        7.85,
        4.03879,
        6.39331
      ],
      "to": [
        8.15,
        9.53879,
        7.39331
      ],
      "rotation": {
        "angle": 22.5,
        "axis": "x",
        "origin": [
          8,
          8,
          8
        ]
      },
      "faces": {
        "north": {
          "uv": [
            8.5,
            1,
            8.75,
            2.375
          ],
          "texture": "#2"
        },
        "east": {
          "uv": [
            8.5,
            2.5,
            8.75,
            3.875
          ],
          "texture": "#2"
        },
        "south": {
          "uv": [
            4,
            8.5,
            4.25,
            9.875
          ],
          "texture": "#2"
        },
        "west": {
          "uv": [
            8,
            8.25,
            8.25,
            9.625
          ],
          "texture": "#2"
        },
        "up": {
          "uv": [
            7,
            10.75,
            6.75,
            10.5
          ],
          "rotation": 270,
          "texture": "#2"
        },
        "down": {
          "uv": [
            7.25,
            10.5,
            7,
            10.75
          ],
          "rotation": 90,
          "texture": "#2"
        }
      }
    },
    {
      "from": [
        7.85,
        22.57267,
        10.10094
      ],
      "to": [
        8.15,
        23.57267,
        14.60094
      ],
      "rotation": {
        "angle": -22.5,
        "axis": "x",
        "origin": [
          8,
          8,
          8
        ]
      },
      "faces": {
        "north": {
          "uv": [
            7.25,
            10.5,
            7.5,
            10.75
          ],
          "texture": "#2"
        },
        "east": {
          "uv": [
            8.75,
            5.25,
            9.875,
            5.5
          ],
          "texture": "#2"
        },
        "south": {
          "uv": [
            7.5,
            10.5,
            7.75,
            10.75
          ],
          "texture": "#2"
        },
        "west": {
          "uv": [
            7.25,
            1.75,
            8.375,
            2
          ],
          "texture": "#2"
        },
        "up": {
          "uv": [
            10.125,
            1,
            9,
            0.75
          ],
          "rotation": 270,
          "texture": "#2"
        },
        "down": {
          "uv": [
            9.375,
            9,
            8.25,
            9.25
          ],
          "rotation": 90,
          "texture": "#2"
        }
      }
    },
    {
      "from": [
        7.85,
        20.58327,
        12.40043
      ],
      "to": [
        8.15,
        21.58327,
        15.90043
      ],
      "rotation": {
        "angle": -45,
        "axis": "x",
        "origin": [
          8,
          8,
          8
        ]
      },
      "faces": {
        "north": {
          "uv": [
            7.75,
            10.5,
            8,
            10.75
          ],
          "texture": "#2"
        },
        "east": {
          "uv": [
            9.5,
            9,
            10.375,
            9.25
          ],
          "texture": "#2"
        },
        "south": {
          "uv": [
            10.5,
            7.75,
            10.75,
            8
          ],
          "texture": "#2"
        },
        "west": {
          "uv": [
            9.25,
            5,
            10.125,
            5.25
          ],
          "texture": "#2"
        },
        "up": {
          "uv": [
            5.875,
            10,
            5,
            9.75
          ],
          "rotation": 270,
          "texture": "#2"
        },
        "down": {
          "uv": [
            10.625,
            6.5,
            9.75,
            6.75
          ],
          "rotation": 90,
          "texture": "#2"
        }
      }
    },
    {
      "from": [
        7.875,
        22.97201,
        1.65603
      ],
      "to": [
        8.125,
        23.67912,
        2.36314
      ],
      "rotation": {
        "angle": 22.5,
        "axis": "x",
        "origin": [
          8,
          8,
          8
        ]
      },
      "faces": {
        "north": {
          "uv": [
            10.5,
            9,
            10.75,
            9.125
          ],
          "texture": "#2"
        },
        "east": {
          "uv": [
            10.5,
            9.75,
            10.625,
            9.875
          ],
          "texture": "#2"
        },
        "south": {
          "uv": [
            9.25,
            10.5,
            9.5,
            10.625
          ],
          "texture": "#2"
        },
        "west": {
          "uv": [
            10.5,
            9.5,
            10.625,
            9.625
          ],
          "texture": "#2"
        },
        "up": {
          "uv": [
            10.625,
            9.5,
            10.5,
            9.25
          ],
          "rotation": 270,
          "texture": "#2"
        },
        "down": {
          "uv": [
            9.625,
            10.5,
            9.5,
            10.75
          ],
          "rotation": 90,
          "texture": "#2"
        }
      }
    },
    {
      "from": [
        7.5,
        17.05887,
        14.20606
      ],
      "to": [
        8.5,
        18.55887,
        18.70606
      ],
      "rotation": {
        "angle": 0,
        "axis": "z",
        "origin": [
          8,
          8,
          8
        ]
      },
      "faces": {
        "north": {
          "uv": [
            7.25,
            10,
            7.625,
            10.375
          ],
          "texture": "#2"
        },
        "east": {
          "uv": [
            1.25,
            7.5,
            2.375,
            7.875
          ],
          "texture": "#2"
        },
        "south": {
          "uv": [
            8.25,
            10,
            8.625,
            10.375
          ],
          "texture": "#2"
        },
        "west": {
          "uv": [
            7.25,
            1.25,
            8.375,
            1.625
          ],
          "texture": "#2"
        },
        "up": {
          "uv": [
            3.625,
            7.875,
            2.5,
            7.5
          ],
          "rotation": 270,
          "texture": "#2"
        },
        "down": {
          "uv": [
            8.625,
            7,
            7.5,
            7.375
          ],
          "rotation": 90,
          "texture": "#2"
        }
      }
    },
    {
      "from": [
        7.499,
        12.15809,
        15.43182
      ],
      "to": [
        8.501,
        13.65809,
        21.93182
      ],
      "rotation": {
        "angle": -22.5,
        "axis": "x",
        "origin": [
          8,
          8,
          8
        ]
      },
      "faces": {
        "north": {
          "uv": [
            8.75,
            10,
            9.125,
            10.375
          ],
          "texture": "#2"
        },
        "east": {
          "uv": [
            6.75,
            2.5,
            8.375,
            2.875
          ],
          "texture": "#2"
        },
        "south": {
          "uv": [
            9.25,
            10,
            9.625,
            10.375
          ],
          "texture": "#2"
        },
        "west": {
          "uv": [
            6.75,
            2,
            8.375,
            2.375
          ],
          "texture": "#2"
        },
        "up": {
          "uv": [
            8.375,
            3.375,
            6.75,
            3
          ],
          "rotation": 270,
          "texture": "#2"
        },
        "down": {
          "uv": [
            8.375,
            3.5,
            6.75,
            3.875
          ],
          "rotation": 90,
          "texture": "#2"
        }
      }
    },
    {
      "from": [
        7.5,
        16.4823,
        12.1183
      ],
      "to": [
        8.5,
        17.9823,
        17.1183
      ],
      "rotation": {
        "angle": -45,
        "axis": "x",
        "origin": [
          8,
          8,
          8
        ]
      },
      "faces": {
        "north": {
          "uv": [
            0,
            10.25,
            0.375,
            10.625
          ],
          "texture": "#2"
        },
        "east": {
          "uv": [
            1.5,
            7,
            2.75,
            7.375
          ],
          "texture": "#2"
        },
        "south": {
          "uv": [
            10.25,
            0.5,
            10.625,
            0.875
          ],
          "texture": "#2"
        },
        "west": {
          "uv": [
            0.25,
            7,
            1.5,
            7.375
          ],
          "texture": "#2"
        },
        "up": {
          "uv": [
            4,
            7.375,
            2.75,
            7
          ],
          "rotation": 270,
          "texture": "#2"
        },
        "down": {
          "uv": [
            8.25,
            6.5,
            7,
            6.875
          ],
          "rotation": 90,
          "texture": "#2"
        }
      }
    },
    {
      "from": [
        7.5,
        15.48231,
        12.1183
      ],
      "to": [
        8.5,
        16.48231,
        13.6183
      ],
      "rotation": {
        "angle": -45,
        "axis": "x",
        "origin": [
          8,
          8,
          8
        ]
      },
      "faces": {
        "north": {
          "uv": [
            10.5,
            3.25,
            10.875,
            3.5
          ],
          "texture": "#2"
        },
        "east": {
          "uv": [
            10.5,
            3.5,
            10.875,
            3.75
          ],
          "texture": "#2"
        },
        "south": {
          "uv": [
            10.5,
            3.75,
            10.875,
            4
          ],
          "texture": "#2"
        },
        "west": {
          "uv": [
            10.5,
            3,
            10.875,
            3.25
          ],
          "texture": "#2"
        },
        "up": {
          "uv": [
            1.875,
            10.625,
            1.5,
            10.25
          ],
          "rotation": 270,
          "texture": "#2"
        },
        "down": {
          "uv": [
            2.375,
            10.25,
            2,
            10.625
          ],
          "rotation": 90,
          "texture": "#2"
        }
      }
    },
    {
      "from": [
        7.5,
        13.06278,
        8.82728
      ],
      "to": [
        8.5,
        17.06278,
        10.32728
      ],
      "rotation": {
        "angle": -22.5,
        "axis": "x",
        "origin": [
          8,
          8,
          8
        ]
      },
      "faces": {
        "north": {
          "uv": [
            2.25,
            8,
            2.625,
            9
          ],
          "texture": "#2"
        },
        "east": {
          "uv": [
            2.75,
            8,
            3.125,
            9
          ],
          "texture": "#2"
        },
        "south": {
          "uv": [
            3.25,
            8,
            3.625,
            9
          ],
          "texture": "#2"
        },
        "west": {
          "uv": [
            1.75,
            8,
            2.125,
            9
          ],
          "texture": "#2"
        },
        "up": {
          "uv": [
            2.875,
            10.625,
            2.5,
            10.25
          ],
          "rotation": 270,
          "texture": "#2"
        },
        "down": {
          "uv": [
            3.375,
            10.25,
            3,
            10.625
          ],
          "rotation": 90,
          "texture": "#2"
        }
      }
    },
    {
      "from": [
        7.5,
        9.568,
        6.71268
      ],
      "to": [
        8.5,
        13.568,
        8.21268
      ],
      "rotation": {
        "angle": 0,
        "axis": "z",
        "origin": [
          8,
          8,
          8
        ]
      },
      "faces": {
        "north": {
          "uv": [
            7.5,
            8.25,
            7.875,
            9.25
          ],
          "texture": "#2"
        },
        "east": {
          "uv": [
            8.25,
            7.5,
            8.625,
            8.5
          ],
          "texture": "#2"
        },
        "south": {
          "uv": [
            8.5,
            0,
            8.875,
            1
          ],
          "texture": "#2"
        },
        "west": {
          "uv": [
            7,
            8.25,
            7.375,
            9.25
          ],
          "texture": "#2"
        },
        "up": {
          "uv": [
            4.375,
            10.625,
            4,
            10.25
          ],
          "rotation": 270,
          "texture": "#2"
        },
        "down": {
          "uv": [
            4.875,
            10.25,
            4.5,
            10.625
          ],
          "rotation": 90,
          "texture": "#2"
        }
      }
    },
    {
      "from": [
        7.499,
        8.95601,
        6.21062
      ],
      "to": [
        8.501,
        13.95601,
        7.71062
      ],
      "rotation": {
        "angle": 22.5,
        "axis": "x",
        "origin": [
          8,
          8,
          8
        ]
      },
      "faces": {
        "north": {
          "uv": [
            7.25,
            0,
            7.625,
            1.25
          ],
          "texture": "#2"
        },
        "east": {
          "uv": [
            0.25,
            7.5,
            0.625,
            8.75
          ],
          "texture": "#2"
        },
        "south": {
          "uv": [
            0.75,
            7.5,
            1.125,
            8.75
          ],
          "texture": "#2"
        },
        "west": {
          "uv": [
            7,
            7,
            7.375,
            8.25
          ],
          "texture": "#2"
        },
        "up": {
          "uv": [
            10.625,
            7.125,
            10.25,
            6.75
          ],
          "rotation": 270,
          "texture": "#2"
        },
        "down": {
          "uv": [
            10.625,
            7.25,
            10.25,
            7.625
          ],
          "rotation": 90,
          "texture": "#2"
        }
      }
    },
    {
      "from": [
        7.8,
        8.08327,
        3.81464
      ],
      "to": [
        8.2,
        20.58327,
        20.81464
      ],
      "rotation": {
        "angle": -45,
        "axis": "x",
        "origin": [
          8,
          8,
          8
        ]
      },
      "faces": {
        "north": {
          "uv": [
            6.25,
            5.5,
            6.5,
            8.625
          ],
          "texture": "#2"
        },
        "east": {
          "uv": [
            0,
            3.25,
            4.25,
            6.375
          ],
          "texture": "#2"
        },
        "south": {
          "uv": [
            0,
            6.5,
            0.25,
            9.625
          ],
          "texture": "#2"
        },
        "west": {
          "uv": [
            0,
            0,
            4.25,
            3.125
          ],
          "texture": "#2"
        },
        "up": {
          "uv": [
            10.5,
            4.25,
            6.25,
            4
          ],
          "rotation": 270,
          "texture": "#2"
        },
        "down": {
          "uv": [
            10.5,
            4.25,
            6.25,
            4.5
          ],
          "rotation": 90,
          "texture": "#2"
        }
      }
    },
    {
      "from": [
        7.55,
        8.9823,
        11.53251
      ],
      "to": [
        8.45,
        16.4823,
        21.53251
      ],
      "rotation": {
        "angle": -45,
        "axis": "x",
        "origin": [
          8,
          8,
          8
        ]
      },
      "faces": {
        "north": {
          "uv": [
            6.5,
            6.5,
            6.875,
            8.375
          ],
          "texture": "#2"
        },
        "east": {
          "uv": [
            4.25,
            2,
            6.75,
            3.875
          ],
          "texture": "#2"
        },
        "south": {
          "uv": [
            6.75,
            0,
            7.125,
            1.875
          ],
          "texture": "#2"
        },
        "west": {
          "uv": [
            4.25,
            0,
            6.75,
            1.875
          ],
          "texture": "#2"
        },
        "up": {
          "uv": [
            8.75,
            4.875,
            6.25,
            4.5
          ],
          "rotation": 270,
          "texture": "#2"
        },
        "down": {
          "uv": [
            8.75,
            5,
            6.25,
            5.375
          ],
          "rotation": 90,
          "texture": "#2"
        }
      }
    }
  ],
  "gui_light": "front",
  "display": {
    "thirdperson_righthand": {
      "rotation": [
        9,
        0,
        0
      ],
      "translation": [
        0,
        3.5,
        -1.25
      ],
      "scale": [
        0.77734,
        0.77734,
        0.77734
      ]
    },
    "thirdperson_lefthand": {
      "rotation": [
        9,
        0,
        0
      ],
      "translation": [
        0,
        3.5,
        -1.25
      ],
      "scale": [
        0.77734,
        0.77734,
        0.77734
      ]
    },
    "firstperson_righthand": {
      "rotation": [
        -21.02,
        -0.01,
        0
      ],
      "translation": [
        4.75,
        1.5,
        -4.25
      ],
      "scale": [
        0.86523,
        0.86523,
        0.86523
      ]
    },
    "firstperson_lefthand": {
      "rotation": [
        -21.02,
        -0.01,
        0
      ],
      "translation": [
        4.75,
        1.5,
        -4.25
      ],
      "scale": [
        0.86523,
        0.86523,
        0.86523
      ]
    },
    "ground": {
      "rotation": [
        0,
        0,
        -80
      ],
      "translation": [
        -0.25,
        -1,
        -1
      ],
      "scale": [
        0.62891,
        0.62891,
        0.62891
      ]
    },
    "gui": {
      "rotation": [
        90,
        50.25,
        -90
      ],
      "translation": [
        -1.25,
        0.5,
        0
      ],
      "scale": [
        0.51758,
        0.51758,
        0.51758
      ]
    },
    "head": {
      "rotation": [
        -90,
        57.5,
        90
      ],
      "translation": [
        -2.75,
        17.5,
        0
      ],
      "scale": [
        0.74805,
        0.74805,
        0.74805
      ]
    },
    "fixed": {
      "rotation": [
        0,
        90,
        0
      ],
      "translation": [
        -5.75,
        0.75,
        -2
      ],
      "scale": [
        1.63477,
        1.63477,
        1.63477
      ]
    }
  }
}