{"credit":"MadewithBlockbench","texture_size":[64,64],"textures":{"3":"garnet_pack:garnet_pack/spear_garnet"},"elements":[{"from":[7.75,19.19118,15.02516],"to":[8.25,20.19118,18.02516],"rotation":{"angle":-22.5,"axis":"x","origin":[8,8,8]},"faces":{"north":{"uv":[5.75,9.75,6,10],"texture":"#3"},"east":{"uv":[10.75,5.25,11.5,5.5],"texture":"#3"},"south":{"uv":[11.25,9.5,11.5,9.75],"texture":"#3"},"west":{"uv":[3,10.75,3.75,11],"texture":"#3"},"up":{"uv":[11.5,5.75,10.75,5.5],"rotation":270,"texture":"#3"},"down":{"uv":[11.5,6.75,10.75,7],"rotation":90,"texture":"#3"}}},{"from":[7.775,21.0655,15.28568],"to":[8.225,22.0655,18.28568],"rotation":{"angle":0,"axis":"z","origin":[8,8,8]},"faces":{"north":{"uv":[11.25,9.75,11.5,10],"texture":"#3"},"east":{"uv":[10.75,8.25,11.5,8.5],"texture":"#3"},"south":{"uv":[10,11.25,10.25,11.5],"texture":"#3"},"west":{"uv":[10.75,7,11.5,7.25],"texture":"#3"},"up":{"uv":[0.75,11.25,0,11],"rotation":270,"texture":"#3"},"down":{"uv":[11.75,0,11,0.25],"rotation":90,"texture":"#3"}}},{"from":[7.75,9.96563,24.51178],"to":[8.25,10.96563,28.01178],"rotation":{"angle":-45,"axis":"x","origin":[8,8,8]},"faces":{"north":{"uv":[11.25,10,11.5,10.25],"texture":"#3"},"east":{"uv":[10.75,1.75,11.625,2],"texture":"#3"},"south":{"uv":[10.25,11.25,10.5,11.5],"texture":"#3"},"west":{"uv":[10.5,5,11.375,5.25],"texture":"#3"},"up":{"uv":[11.625,3.25,10.75,3],"rotation":270,"texture":"#3"},"down":{"uv":[5.625,10.75,4.75,11],"rotation":90,"texture":"#3"}}},{"from":[7.75,16.65577,-0.57476],"to":[8.25,19.15577,0.42524],"rotation":{"angle":45,"axis":"x","origin":[8,8,8]},"faces":{"north":{"uv":[5.75,11,6,11.625],"texture":"#3"},"east":{"uv":[6,11,6.25,11.625],"texture":"#3"},"south":{"uv":[6.25,11,6.5,11.625],"texture":"#3"},"west":{"uv":[2.75,9,3,9.625],"texture":"#3"},"up":{"uv":[10.75,11.5,10.5,11.25],"rotation":270,"texture":"#3"},"down":{"uv":[11,11.25,10.75,11.5],"rotation":90,"texture":"#3"}}},{"from":[7.75,16.65576,-5.07477],"to":[8.25,17.65576,-0.57477],"rotation":{"angle":45,"axis":"x","origin":[8,8,8]},"faces":{"north":{"uv":[0.75,11.5,1,11.75],"texture":"#3"},"east":{"uv":[10,6,11.125,6.25],"texture":"#3"},"south":{"uv":[1,11.5,1.25,11.75],"texture":"#3"},"west":{"uv":[10,5.75,11.125,6],"texture":"#3"},"up":{"uv":[7.625,10.5,6.5,10.25],"rotation":270,"texture":"#3"},"down":{"uv":[8.875,10.25,7.75,10.5],"rotation":90,"texture":"#3"}}},{"from":[7.75,23.0729,0.08241],"to":[8.25,24.0729,5.58241],"rotation":{"angle":0,"axis":"z","origin":[8,8,8]},"faces":{"north":{"uv":[11.5,1.5,11.75,1.75],"texture":"#3"},"east":{"uv":[10,1.5,11.375,1.75],"texture":"#3"},"south":{"uv":[1.75,11.5,2,11.75],"texture":"#3"},"west":{"uv":[9.75,8,11.125,8.25],"texture":"#3"},"up":{"uv":[11.375,2.25,10,2],"rotation":270,"texture":"#3"},"down":{"uv":[11.375,3.25,10,3.5],"rotation":90,"texture":"#3"}}},{"from":[7.75,24.87936,-2.16407],"to":[8.25,25.87936,6.83593],"rotation":{"angle":-22.5,"axis":"x","origin":[8,8,8]},"faces":{"north":{"uv":[2,11.5,2.25,11.75],"texture":"#3"},"east":{"uv":[8.5,2.25,10.75,2.5],"texture":"#3"},"south":{"uv":[11.5,2,11.75,2.25],"texture":"#3"},"west":{"uv":[8.25,4,10.5,4.25],"texture":"#3"},"up":{"uv":[10.75,2.75,8.5,2.5],"rotation":270,"texture":"#3"},"down":{"uv":[10.75,2.75,8.5,3],"rotation":90,"texture":"#3"}}},{"from":[7.749,27.48412,5.06907],"to":[8.251,28.48412,13.56907],"rotation":{"angle":-45,"axis":"x","origin":[8,8,8]},"faces":{"north":{"uv":[2.5,11.5,2.75,11.75],"texture":"#3"},"east":{"uv":[8.75,8.5,10.875,8.75],"texture":"#3"},"south":{"uv":[2.75,11.5,3,11.75],"texture":"#3"},"west":{"uv":[8.5,3,10.625,3.25],"texture":"#3"},"up":{"uv":[11.125,6.5,9,6.25],"rotation":270,"texture":"#3"},"down":{"uv":[11.125,6.5,9,6.75],"rotation":90,"texture":"#3"}}},{"from":[7.75,28.05605,5.30623],"to":[8.25,29.05605,11.30623],"rotation":{"angle":-22.5,"axis":"x","origin":[8,8,8]},"faces":{"north":{"uv":[3,11.5,3.25,11.75],"texture":"#3"},"east":{"uv":[9.25,8.25,10.75,8.5],"texture":"#3"},"south":{"uv":[3.25,11.5,3.5,11.75],"texture":"#3"},"west":{"uv":[9.25,1.75,10.75,2],"texture":"#3"},"up":{"uv":[11,0.25,9.5,0],"rotation":270,"texture":"#3"},"down":{"uv":[11,0.25,9.5,0.5],"rotation":90,"texture":"#3"}}},{"from":[7.75,27.71849,2.99675],"to":[8.25,28.71849,8.99675],"rotation":{"angle":0,"axis":"z","origin":[8,8,8]},"faces":{"north":{"uv":[11.5,3.25,11.75,3.5],"texture":"#3"},"east":{"uv":[9.5,0.75,11,1],"texture":"#3"},"south":{"uv":[3.5,11.5,3.75,11.75],"texture":"#3"},"west":{"uv":[9.5,0.5,11,0.75],"texture":"#3"},"up":{"uv":[11,4.5,9.5,4.25],"rotation":270,"texture":"#3"},"down":{"uv":[4.25,9.75,2.75,10],"rotation":90,"texture":"#3"}}},{"from":[7.75,21.23827,22.64788],"to":[8.25,22.23827,25.64788],"rotation":{"angle":-45,"axis":"x","origin":[8,8,8]},"faces":{"north":{"uv":[11.5,3.5,11.75,3.75],"texture":"#3"},"east":{"uv":[11,0.5,11.75,0.75],"texture":"#3"},"south":{"uv":[3.75,11.5,4,11.75],"texture":"#3"},"west":{"uv":[11,0.25,11.75,0.5],"texture":"#3"},"up":{"uv":[11.75,1,11,0.75],"rotation":270,"texture":"#3"},"down":{"uv":[11.75,1,11,1.25],"rotation":90,"texture":"#3"}}},{"from":[7.775,28.75327,1.5991],"to":[8.225,29.75327,5.5991],"rotation":{"angle":22.5,"axis":"x","origin":[8,8,8]},"faces":{"north":{"uv":[11.5,3.75,11.75,4],"texture":"#3"},"east":{"uv":[1.75,10.5,2.75,10.75],"texture":"#3"},"south":{"uv":[4,11.5,4.25,11.75],"texture":"#3"},"west":{"uv":[1.75,10.25,2.75,10.5],"texture":"#3"},"up":{"uv":[3.75,10.75,2.75,10.5],"rotation":270,"texture":"#3"},"down":{"uv":[11.5,4,10.5,4.25],"rotation":90,"texture":"#3"}}},{"from":[7.25,26.07221,2.87772],"to":[8.75,27.07221,8.87772],"rotation":{"angle":0,"axis":"z","origin":[8,8,8]},"faces":{"north":{"uv":[5.5,9.5,6,9.75],"texture":"#3"},"east":{"uv":[9.75,7.25,11.25,7.5],"texture":"#3"},"south":{"uv":[6.5,10,7,10.25],"texture":"#3"},"west":{"uv":[4.25,9.75,5.75,10],"texture":"#3"},"up":{"uv":[8.5,1.5,7,1],"rotation":270,"texture":"#3"},"down":{"uv":[8.5,1.5,7,2],"rotation":90,"texture":"#3"}}},{"from":[7.25,24.36066,15.72684],"to":[8.75,25.36066,22.22684],"rotation":{"angle":-22.5,"axis":"x","origin":[8,8,8]},"faces":{"north":{"uv":[7.5,10,8,10.25],"texture":"#3"},"east":{"uv":[9,7,10.625,7.25],"texture":"#3"},"south":{"uv":[11,4.75,11.5,5],"texture":"#3"},"west":{"uv":[9,6.75,10.625,7],"texture":"#3"},"up":{"uv":[8.125,3.75,6.5,3.25],"rotation":270,"texture":"#3"},"down":{"uv":[8.125,3.75,6.5,4.25],"rotation":90,"texture":"#3"}}},{"from":[7.25,22.36066,21.22684],"to":[8.75,24.36066,22.22684],"rotation":{"angle":-22.5,"axis":"x","origin":[8,8,8]},"faces":{"north":{"uv":[0.5,10.5,1,11],"texture":"#3"},"east":{"uv":[0.5,10,0.75,10.5],"texture":"#3"},"south":{"uv":[10.5,4.5,11,5],"texture":"#3"},"west":{"uv":[9,9.25,9.25,9.75],"texture":"#3"},"up":{"uv":[1.25,11,1,10.5],"rotation":270,"texture":"#3"},"down":{"uv":[0.75,11.25,0.5,11.75],"rotation":90,"texture":"#3"}}},{"from":[7.25,27.50731,7.19826],"to":[8.75,28.50731,10.19826],"rotation":{"angle":22.5,"axis":"x","origin":[8,8,8]},"faces":{"north":{"uv":[11,8.5,11.5,8.75],"texture":"#3"},"east":{"uv":[3,11,3.75,11.25],"texture":"#3"},"south":{"uv":[1.75,11.25,2.25,11.5],"texture":"#3"},"west":{"uv":[11,1.25,11.75,1.5],"texture":"#3"},"up":{"uv":[0.75,10,0,9.5],"rotation":270,"texture":"#3"},"down":{"uv":[10.5,7.5,9.75,8],"rotation":90,"texture":"#3"}}},{"from":[7.25,25.18116,17.49606],"to":[8.75,26.18116,20.49606],"rotation":{"angle":0,"axis":"z","origin":[8,8,8]},"faces":{"north":{"uv":[11.25,2.25,11.75,2.5],"texture":"#3"},"east":{"uv":[11,4.25,11.75,4.5],"texture":"#3"},"south":{"uv":[11.25,2.5,11.75,2.75],"texture":"#3"},"west":{"uv":[3.75,11,4.5,11.25],"texture":"#3"},"up":{"uv":[10.5,9.25,9.75,8.75],"rotation":270,"texture":"#3"},"down":{"uv":[9.75,9.75,9,10.25],"rotation":90,"texture":"#3"}}},{"from":[7.225,28.618,3.98002],"to":[8.775,29.69207,7.04],"rotation":{"angle":45,"axis":"x","origin":[8,8,8]},"faces":{"north":{"uv":[11.25,2.75,11.75,3],"texture":"#3"},"east":{"uv":[11,4.5,11.75,4.75],"texture":"#3"},"south":{"uv":[3,11.25,3.5,11.5],"texture":"#3"},"west":{"uv":[4.5,11,5.25,11.25],"texture":"#3"},"up":{"uv":[10.5,9.75,9.75,9.25],"rotation":270,"texture":"#3"},"down":{"uv":[10.5,9.75,9.75,10.25],"rotation":90,"texture":"#3"}}},{"from":[7.25,23.25794,9.90031],"to":[8.75,24.25794,21.90031],"rotation":{"angle":0,"axis":"z","origin":[8,8,8]},"faces":{"north":{"uv":[3.5,11.25,4,11.5],"texture":"#3"},"east":{"uv":[7,2,10,2.25],"texture":"#3"},"south":{"uv":[4,11.25,4.5,11.5],"texture":"#3"},"west":{"uv":[6.5,4.25,9.5,4.5],"texture":"#3"},"up":{"uv":[9.5,0.5,6.5,0],"rotation":270,"texture":"#3"},"down":{"uv":[9.5,0.5,6.5,1],"rotation":90,"texture":"#3"}}},{"from":[7.275,21.29316,13.97731],"to":[8.725,22.29316,15.97731],"rotation":{"angle":-22.5,"axis":"x","origin":[8,8,8]},"faces":{"north":{"uv":[11.25,5.75,11.75,6],"texture":"#3"},"east":{"uv":[11.25,6,11.75,6.25],"texture":"#3"},"south":{"uv":[11.25,6.25,11.75,6.5],"texture":"#3"},"west":{"uv":[4.5,11.25,5,11.5],"texture":"#3"},"up":{"uv":[6.25,11,5.75,10.5],"rotation":270,"texture":"#3"},"down":{"uv":[6.75,10.5,6.25,11],"rotation":90,"texture":"#3"}}},{"from":[7.25,17.99386,18.60938],"to":[8.75,20.49386,19.60938],"rotation":{"angle":-45,"axis":"x","origin":[8,8,8]},"faces":{"north":{"uv":[4.75,10,5.25,10.625],"texture":"#3"},"east":{"uv":[6.75,11,7,11.625],"texture":"#3"},"south":{"uv":[5.25,10,5.75,10.625],"texture":"#3"},"west":{"uv":[6.5,11,6.75,11.625],"texture":"#3"},"up":{"uv":[2.5,11.75,2.25,11.25],"rotation":270,"texture":"#3"},"down":{"uv":[5.25,11.25,5,11.75],"rotation":90,"texture":"#3"}}},{"from":[7.25,22.50687,-1.1001],"to":[8.75,23.50687,0.8999],"rotation":{"angle":22.5,"axis":"x","origin":[8,8,8]},"faces":{"north":{"uv":[11.25,7.25,11.75,7.5],"texture":"#3"},"east":{"uv":[11.25,7.5,11.75,7.75],"texture":"#3"},"south":{"uv":[11.25,7.75,11.75,8],"texture":"#3"},"west":{"uv":[11.25,6.5,11.75,6.75],"texture":"#3"},"up":{"uv":[7.25,11,6.75,10.5],"rotation":270,"texture":"#3"},"down":{"uv":[7.75,10.5,7.25,11],"rotation":90,"texture":"#3"}}},{"from":[7.275,24.80894,0.02683],"to":[8.725,25.80894,5.52683],"rotation":{"angle":0,"axis":"z","origin":[8,8,8]},"faces":{"north":{"uv":[11.25,8,11.75,8.25],"texture":"#3"},"east":{"uv":[10,3.75,11.375,4],"texture":"#3"},"south":{"uv":[11.25,8.75,11.75,9],"texture":"#3"},"west":{"uv":[10,3.5,11.375,3.75],"texture":"#3"},"up":{"uv":[8.375,2.75,7,2.25],"rotation":270,"texture":"#3"},"down":{"uv":[8.375,2.75,7,3.25],"rotation":90,"texture":"#3"}}},{"from":[7.25,26.58064,6.06625],"to":[8.75,27.58064,10.56625],"rotation":{"angle":-22.5,"axis":"x","origin":[8,8,8]},"faces":{"north":{"uv":[11.25,9,11.75,9.25],"texture":"#3"},"east":{"uv":[10.25,10.25,11.375,10.5],"texture":"#3"},"south":{"uv":[11.25,9.25,11.75,9.5],"texture":"#3"},"west":{"uv":[9,10.25,10.125,10.5],"texture":"#3"},"up":{"uv":[9.125,9.25,8,8.75],"rotation":270,"texture":"#3"},"down":{"uv":[1.125,9,0,9.5],"rotation":90,"texture":"#3"}}},{"from":[7.8,20.5729,-6.41759],"to":[8.2,29.5729,19.58241],"rotation":{"angle":0,"axis":"z","origin":[8,8,8]},"faces":{"north":{"uv":[1.25,9,1.5,11.25],"texture":"#3"},"east":{"uv":[0,2.25,6.5,4.5],"texture":"#3"},"south":{"uv":[1.5,9,1.75,11.25],"texture":"#3"},"west":{"uv":[0,0,6.5,2.25],"texture":"#3"},"up":{"uv":[6.5,6.5,0,6.25],"rotation":270,"texture":"#3"},"down":{"uv":[6.5,6.5,0,6.75],"rotation":90,"texture":"#3"}}},{"from":[7.3,23.75794,1.90031],"to":[8.7,28.25794,21.90031],"rotation":{"angle":0,"axis":"z","origin":[8,8,8]},"faces":{"north":{"uv":[1.75,9,2.25,10.125],"texture":"#3"},"east":{"uv":[5,4.5,10,5.625],"texture":"#3"},"south":{"uv":[2.25,9,2.75,10.125],"texture":"#3"},"west":{"uv":[0,4.5,5,5.625],"texture":"#3"},"up":{"uv":[5,6.25,0,5.75],"rotation":270,"texture":"#3"},"down":{"uv":[10,5.75,5,6.25],"rotation":90,"texture":"#3"}}},{"from":[7.251,-5.52269,12.1052],"to":[8.749,3.47731,13.6052],"rotation":{"angle":0,"axis":"y","origin":[8,8,8]},"faces":{"north":{"uv":[6.5,6.25,6.875,8.5],"texture":"#3"},"east":{"uv":[0,6.75,0.375,9],"texture":"#3"},"south":{"uv":[0.5,6.75,0.875,9],"texture":"#3"},"west":{"uv":[6.5,1,6.875,3.25],"texture":"#3"},"up":{"uv":[7.375,11.375,7,11],"rotation":270,"texture":"#3"},"down":{"uv":[7.875,11,7.5,11.375],"rotation":90,"texture":"#3"}}},{"from":[7.252,1.67656,9.94777],"to":[8.748,7.67656,11.44777],"rotation":{"angle":-22.5,"axis":"x","origin":[8,8,8]},"faces":{"north":{"uv":[6,8.5,6.375,10],"texture":"#3"},"east":{"uv":[6.5,8.5,6.875,10],"texture":"#3"},"south":{"uv":[7,8.75,7.375,10.25],"texture":"#3"},"west":{"uv":[5.5,8,5.875,9.5],"texture":"#3"},"up":{"uv":[8.375,11.375,8,11],"rotation":270,"texture":"#3"},"down":{"uv":[8.875,11,8.5,11.375],"rotation":90,"texture":"#3"}}},{"from":[7.253,8.44656,9.92328],"to":[8.747,15.44656,11.42328],"rotation":{"angle":0,"axis":"z","origin":[8,8,8]},"faces":{"north":{"uv":[7.75,6.25,8.125,8],"texture":"#3"},"east":{"uv":[3,8,3.375,9.75],"texture":"#3"},"south":{"uv":[3.5,8,3.875,9.75],"texture":"#3"},"west":{"uv":[6,6.75,6.375,8.5],"texture":"#3"},"up":{"uv":[9.375,11.375,9,11],"rotation":270,"texture":"#3"},"down":{"uv":[9.875,11,9.5,11.375],"rotation":90,"texture":"#3"}}},{"from":[7.254,15.61573,6.9272],"to":[8.746,19.61573,8.4272],"rotation":{"angle":22.5,"axis":"x","origin":[8,8,8]},"faces":{"north":{"uv":[8,9.25,8.375,10.25],"texture":"#3"},"east":{"uv":[8.5,9.25,8.875,10.25],"texture":"#3"},"south":{"uv":[9.25,8.75,9.625,9.75],"texture":"#3"},"west":{"uv":[9.25,7.25,9.625,8.25],"texture":"#3"},"up":{"uv":[11.375,10.875,11,10.5],"rotation":270,"texture":"#3"},"down":{"uv":[11.375,11,11,11.375],"rotation":90,"texture":"#3"}}},{"from":[6.75,-12.22186,9.07918],"to":[9.25,-10.72186,11.57918],"rotation":{"angle":0,"axis":"y","origin":[8,8,8]},"faces":{"north":{"uv":[7.75,10.5,8.375,10.875],"texture":"#3"},"east":{"uv":[8.5,10.5,9.125,10.875],"texture":"#3"},"south":{"uv":[10.5,8.75,11.125,9.125],"texture":"#3"},"west":{"uv":[10.5,7.5,11.125,7.875],"texture":"#3"},"up":{"uv":[9.875,1.625,9.25,1],"rotation":270,"texture":"#3"},"down":{"uv":[9.875,3.25,9.25,3.875],"rotation":90,"texture":"#3"}}},{"from":[7.25,-11.34832,16.85343],"to":[8.75,-2.34832,18.35343],"rotation":{"angle":22.5,"axis":"x","origin":[8,8,8]},"faces":{"north":{"uv":[1.5,6.75,1.875,9],"texture":"#3"},"east":{"uv":[2,6.75,2.375,9],"texture":"#3"},"south":{"uv":[2.5,6.75,2.875,9],"texture":"#3"},"west":{"uv":[1,6.75,1.375,9],"texture":"#3"},"up":{"uv":[0.375,11.625,0,11.25],"rotation":270,"texture":"#3"},"down":{"uv":[1.625,11.25,1.25,11.625],"rotation":90,"texture":"#3"}}},{"from":[7,-14.06962,8.31381],"to":[9,-12.56962,10.81381],"rotation":{"angle":0,"axis":"y","origin":[8,8,8]},"faces":{"north":{"uv":[0.75,11,1.25,11.375],"texture":"#3"},"east":{"uv":[10.5,9.25,11.125,9.625],"texture":"#3"},"south":{"uv":[5.25,11,5.75,11.375],"texture":"#3"},"west":{"uv":[9.25,10.5,9.875,10.875],"texture":"#3"},"up":{"uv":[10.625,5.75,10,5.25],"rotation":270,"texture":"#3"},"down":{"uv":[6.375,10,5.75,10.5],"rotation":90,"texture":"#3"}}},{"from":[6.751,19.08636,2.49806],"to":[9.249,23.70576,4.41147],"rotation":{"angle":45,"axis":"x","origin":[8,8,8]},"faces":{"north":{"uv":[7,6.25,7.625,7.375],"texture":"#3"},"east":{"uv":[7.5,8.75,8,9.875],"texture":"#3"},"south":{"uv":[7,7.5,7.625,8.625],"texture":"#3"},"west":{"uv":[8.75,7.25,9.25,8.375],"texture":"#3"},"up":{"uv":[8.75,7.875,8.25,7.25],"rotation":270,"texture":"#3"},"down":{"uv":[10.5,4.5,10,5.125],"rotation":90,"texture":"#3"}}},{"from":[6.75,19.61573,6.42719],"to":[9.25,24.61573,8.92719],"rotation":{"angle":22.5,"axis":"x","origin":[8,8,8]},"faces":{"north":{"uv":[3.75,6.75,4.375,8],"texture":"#3"},"east":{"uv":[4.5,6.75,5.125,8],"texture":"#3"},"south":{"uv":[5.25,6.75,5.875,8],"texture":"#3"},"west":{"uv":[3,6.75,3.625,8],"texture":"#3"},"up":{"uv":[4.625,9.625,4,9],"rotation":270,"texture":"#3"},"down":{"uv":[5.375,9,4.75,9.625],"rotation":90,"texture":"#3"}}},{"from":[6.752,17.3257,19.63696],"to":[9.248,21.3257,21.13696],"rotation":{"angle":-22.5,"axis":"x","origin":[8,8,8]},"faces":{"north":{"uv":[4,8,4.625,9],"texture":"#3"},"east":{"uv":[0,10,0.375,11],"texture":"#3"},"south":{"uv":[4.75,8,5.375,9],"texture":"#3"},"west":{"uv":[0.75,9.5,1.125,10.5],"texture":"#3"},"up":{"uv":[10.375,11.125,10,10.5],"rotation":270,"texture":"#3"},"down":{"uv":[10.875,10.5,10.5,11.125],"rotation":90,"texture":"#3"}}},{"from":[6.753,25.21193,3.86653],"to":[9.247,26.71193,7.86653],"rotation":{"angle":22.5,"axis":"x","origin":[8,8,8]},"faces":{"north":{"uv":[10.5,9.75,11.125,10.125],"texture":"#3"},"east":{"uv":[2.75,10,3.75,10.375],"texture":"#3"},"south":{"uv":[1.75,10.75,2.375,11.125],"texture":"#3"},"west":{"uv":[10,1,11,1.375],"texture":"#3"},"up":{"uv":[8.75,8.625,7.75,8],"rotation":270,"texture":"#3"},"down":{"uv":[9.25,3.25,8.25,3.875],"rotation":90,"texture":"#3"}}},{"from":[6.754,14.40554,22.31994],"to":[9.246,18.40554,23.81994],"rotation":{"angle":-45,"axis":"x","origin":[8,8,8]},"faces":{"north":{"uv":[8.25,6.25,8.875,7.25],"texture":"#3"},"east":{"uv":[4.25,10,4.625,11],"texture":"#3"},"south":{"uv":[8.5,1,9.125,2],"texture":"#3"},"west":{"uv":[3.75,10,4.125,11],"texture":"#3"},"up":{"uv":[11.125,2.875,10.75,2.25],"rotation":270,"texture":"#3"},"down":{"uv":[2.875,10.75,2.5,11.375],"rotation":90,"texture":"#3"}}}],"gui_light":"front","display":{"thirdperson_righthand":{"rotation":[18.75,0,0],"translation":[0,2,-1.25],"scale":[0.77734,0.77734,0.77734]},"thirdperson_lefthand":{"rotation":[18.75,0,0],"translation":[0,2,-1.25],"scale":[0.77734,0.77734,0.77734]},"firstperson_righthand":{"rotation":[-21.1,5.36,2.07],"translation":[3.75,-0.75,-2.25],"scale":[0.6582,0.6582,0.6582]},"firstperson_lefthand":{"rotation":[-21.1,5.36,2.07],"translation":[3.75,-0.75,-2.25],"scale":[0.6582,0.6582,0.6582]},"ground":{"rotation":[0,0,-80],"translation":[-1.75,-1,0],"scale":[0.62891,0.62891,0.62891]},"gui":{"rotation":[90,50.25,-90],"translation":[-1.5,-0.5,0],"scale":[0.39063,0.39063,0.39063]},"head":{"rotation":[-90,57.5,90],"translation":[0,17.5,0],"scale":[0.74805,0.74805,0.74805]},"fixed":{"rotation":[0,90,0],"translation":[-5.5,-0.75,-2],"scale":[1.47656,1.47656,1.47656]}}}