{
  "credit": "Made with Blockbench",
  "texture_size": [
    32,
    32
  ],
  "textures": {
    "1": "profession_cosmetics:miner_lamp",
    "particle": "profession_cosmetics:miner_lamp"
  },
  "elements": [
    {
      "from": [
        6,
        2,
        6
      ],
      "to": [
        10,
        8,
        10
      ],
      "faces": {
        "north": {
          "uv": [
            6,
            6,
            8,
            9
          ],
          "texture": "#1"
        },
        "east": {
          "uv": [
            0,
            6.5,
            2,
            9.5
          ],
          "texture": "#1"
        },
        "south": {
          "uv": [
            2,
            6.5,
            4,
            9.5
          ],
          "texture": "#1"
        },
        "west": {
          "uv": [
            4,
            6.5,
            6,
            9.5
          ],
          "texture": "#1"
        },
        "up": {
          "uv": [
            10,
            8,
            8,
            6
          ],
          "texture": "#1"
        },
        "down": {
          "uv": [
            10,
            8,
            8,
            10
          ],
          "texture": "#1"
        }
      }
    },
    {
      "from": [
        5,
        0,
        5
      ],
      "to": [
        11,
        2,
        11
      ],
      "faces": {
        "north": {
          "uv": [
            9,
            0,
            12,
            1
          ],
          "texture": "#1",
          "tintindex": 0
        },
        "east": {
          "uv": [
            9,
            1,
            12,
            2
          ],
          "texture": "#1",
          "tintindex": 0
        },
        "south": {
          "uv": [
            9,
            2,
            12,
            3
          ],
          "texture": "#1",
          "tintindex": 0
        },
        "west": {
          "uv": [
            9,
            3,
            12,
            4
          ],
          "texture": "#1",
          "tintindex": 0
        },
        "up": {
          "uv": [
            3,
            6.5,
            0,
            3.5
          ],
          "texture": "#1",
          "tintindex": 0
        },
        "down": {
          "uv": [
            6,
            3.5,
            3,
            6.5
          ],
          "texture": "#1",
          "tintindex": 0
        }
      }
    },
    {
      "from": [
        5,
        8,
        5
      ],
      "to": [
        11,
        10,
        11
      ],
      "faces": {
        "north": {
          "uv": [
            9,
            4,
            12,
            5
          ],
          "texture": "#1",
          "tintindex": 0
        },
        "east": {
          "uv": [
            9,
            5,
            12,
            6
          ],
          "texture": "#1",
          "tintindex": 0
        },
        "south": {
          "uv": [
            0,
            9.5,
            3,
            10.5
          ],
          "texture": "#1",
          "tintindex": 0
        },
        "west": {
          "uv": [
            3,
            9.5,
            6,
            10.5
          ],
          "texture": "#1",
          "tintindex": 0
        },
        "up": {
          "uv": [
            9,
            3,
            6,
            0
          ],
          "texture": "#1",
          "tintindex": 0
        },
        "down": {
          "uv": [
            9,
            3,
            6,
            6
          ],
          "texture": "#1",
          "tintindex": 0
        }
      }
    },
    {
      "from": [
        5,
        10,
        8
      ],
      "to": [
        11,
        17,
        8
      ],
      "faces": {
        "north": {
          "uv": [
            0,
            0,
            3,
            3.5
          ],
          "texture": "#1",
          "tintindex": 0
        },
        "east": {
          "uv": [
            0,
            0,
            0,
            3.5
          ],
          "texture": "#1",
          "tintindex": 0
        },
        "south": {
          "uv": [
            3,
            0,
            6,
            3.5
          ],
          "texture": "#1",
          "tintindex": 0
        },
        "west": {
          "uv": [
            0,
            0,
            0,
            3.5
          ],
          "texture": "#1",
          "tintindex": 0
        },
        "up": {
          "uv": [
            3,
            0,
            0,
            0
          ],
          "texture": "#1",
          "tintindex": 0
        },
        "down": {
          "uv": [
            3,
            0,
            0,
            0
          ],
          "texture": "#1",
          "tintindex": 0
        }
      }
    }
  ],
  "display": {
    "thirdperson_righthand": {
      "rotation": [
        96,
        -94,
        0
      ],
      "translation": [
        0.5,
        -1.25,
        -3
      ]
    },
    "thirdperson_lefthand": {
      "rotation": [
        96,
        -94,
        0
      ],
      "translation": [
        0.5,
        -1.2,
        -3
      ]
    },
    "firstperson_righthand": {
      "rotation": [
        0,
        90,
        0
      ],
      "translation": [
        0,
        1,
        0
      ],
      "scale": [
        0.7,
        0.7,
        0.7
      ]
    },
    "firstperson_lefthand": {
      "rotation": [
        0,
        90,
        0
      ],
      "translation": [
        0,
        1,
        0
      ],
      "scale": [
        0.7,
        0.7,
        0.7
      ]
    },
    "ground": {
      "scale": [
        0.8,
        0.8,
        0.8
      ]
    },
    "gui": {
      "rotation": [
        34,
        -143,
        0
      ],
      "translation": [
        0,
        1.75,
        0
      ]
    }
  },
  "groups": [
    0,
    {
      "name": "dyeable",
      "origin": [
        0,
        0,
        0
      ],
      "color": 0,
      "children": [
        1,
        2,
        3
      ]
    }
  ]
}