{
  "credit": "Made with Blockbench",
  "texture_size": [
    24,
    24
  ],
  "textures": {
    "0": "elitecreatures:zoo_cozy_cosmetic/bear_hat",
    "particle": "elitecreatures:zoo_cozy_cosmetic/bear_hat"
  },
  "elements": [
    {
      "from": [
        4.5,
        0,
        6.75
      ],
      "to": [
        11.5,
        3,
        10.75
      ],
      "rotation": {
        "angle": 0,
        "axis": "y",
        "origin": [
          4.5,
          0,
          3.75
        ]
      },
      "faces": {
        "north": {
          "uv": [
            9.33333,
            0,
            14,
            2
          ],
          "texture": "#0"
        },
        "east": {
          "uv": [
            9.33333,
            4,
            12,
            6
          ],
          "texture": "#0"
        },
        "south": {
          "uv": [
            9.33333,
            2,
            14,
            4
          ],
          "texture": "#0"
        },
        "west": {
          "uv": [
            9.33333,
            6,
            12,
            8
          ],
          "texture": "#0"
        },
        "down": {
          "uv": [
            9.33333,
            0,
            4.66667,
            2.66667
          ],
          "texture": "#0"
        }
      }
    },
    {
      "from": [
        4.5,
        3,
        3.75
      ],
      "to": [
        11.5,
        7,
        10.75
      ],
      "rotation": {
        "angle": 0,
        "axis": "y",
        "origin": [
          4.5,
          0,
          3.75
        ]
      },
      "faces": {
        "north": {
          "uv": [
            4.66667,
            2.66667,
            9.33333,
            5.33333
          ],
          "texture": "#0"
        },
        "east": {
          "uv": [
            4.66667,
            5.33333,
            9.33333,
            8
          ],
          "texture": "#0"
        },
        "south": {
          "uv": [
            4.66667,
            8,
            9.33333,
            10.66667
          ],
          "texture": "#0"
        },
        "west": {
          "uv": [
            0,
            9.33333,
            4.66667,
            12
          ],
          "texture": "#0"
        },
        "up": {
          "uv": [
            4.66667,
            4.66667,
            0,
            0
          ],
          "texture": "#0"
        },
        "down": {
          "uv": [
            4.66667,
            4.66667,
            0,
            9.33333
          ],
          "texture": "#0"
        }
      }
    },
    {
      "from": [
        10.5,
        7,
        5.625
      ],
      "to": [
        12.5,
        9,
        6.625
      ],
      "rotation": {
        "angle": -22.5,
        "axis": "z",
        "origin": [
          9.5,
          7,
          5.625
        ]
      },
      "faces": {
        "north": {
          "uv": [
            9.33333,
            8,
            10.66667,
            9.33333
          ],
          "texture": "#0"
        },
        "east": {
          "uv": [
            4.66667,
            10.66667,
            5.33333,
            12
          ],
          "texture": "#0"
        },
        "south": {
          "uv": [
            9.33333,
            9.33333,
            10.66667,
            10.66667
          ],
          "texture": "#0"
        },
        "west": {
          "uv": [
            5.33333,
            10.66667,
            6,
            12
          ],
          "texture": "#0"
        },
        "up": {
          "uv": [
            7.33333,
            11.33333,
            6,
            10.66667
          ],
          "texture": "#0"
        },
        "down": {
          "uv": [
            8.66667,
            10.66667,
            7.33333,
            11.33333
          ],
          "texture": "#0"
        }
      }
    },
    {
      "from": [
        3.5,
        7,
        5.625
      ],
      "to": [
        5.5,
        9,
        6.625
      ],
      "rotation": {
        "angle": 22.5,
        "axis": "z",
        "origin": [
          6.5,
          7,
          5.625
        ]
      },
      "faces": {
        "north": {
          "uv": [
            10.66667,
            8,
            9.33333,
            9.33333
          ],
          "texture": "#0"
        },
        "east": {
          "uv": [
            6,
            10.66667,
            5.33333,
            12
          ],
          "texture": "#0"
        },
        "south": {
          "uv": [
            10.66667,
            9.33333,
            9.33333,
            10.66667
          ],
          "texture": "#0"
        },
        "west": {
          "uv": [
            5.33333,
            10.66667,
            4.66667,
            12
          ],
          "texture": "#0"
        },
        "up": {
          "uv": [
            6,
            11.33333,
            7.33333,
            10.66667
          ],
          "texture": "#0"
        },
        "down": {
          "uv": [
            7.33333,
            10.66667,
            8.66667,
            11.33333
          ],
          "texture": "#0"
        }
      }
    }
  ],
  "gui_light": "front",
  "display": {
    "thirdperson_righthand": {
      "rotation": [
        50,
        0,
        0
      ],
      "translation": [
        0,
        3,
        2
      ],
      "scale": [
        0.64453,
        0.64453,
        0.64453
      ]
    },
    "thirdperson_lefthand": {
      "rotation": [
        50,
        0,
        0
      ],
      "translation": [
        0,
        3,
        2
      ],
      "scale": [
        0.64453,
        0.64453,
        0.64453
      ]
    },
    "firstperson_righthand": {
      "translation": [
        -3,
        7,
        4
      ],
      "scale": [
        0.67578,
        0.67578,
        0.67578
      ]
    },
    "firstperson_lefthand": {
      "rotation": [
        -7,
        180,
        0
      ],
      "translation": [
        -4,
        7.75,
        0.75
      ]
    },
    "ground": {
      "translation": [
        0,
        7,
        0
      ]
    },
    "gui": {
      "rotation": [
        34,
        135,
        1
      ],
      "translation": [
        0.75,
        4.5,
        0
      ],
      "scale": [
        1.39258,
        1.39258,
        1.39258
      ]
    },
    "head": {
      "translation": [
        0,
        10.5,
        1.5
      ],
      "scale": [
        2.14258,
        2.14258,
        2.14258
      ]
    },
    "fixed": {
      "rotation": [
        -90,
        0,
        0
      ],
      "translation": [
        0,
        0,
        -21.5
      ],
      "scale": [
        2.68359,
        2.68359,
        2.68359
      ]
    }
  },
  "groups": [
    {
      "name": "group",
      "origin": [
        6.5,
        7,
        5.625
      ],
      "color": 0,
      "children": [
        0,
        1,
        2,
        3
      ]
    }
  ]
}