{
  "credit": "Made with Blockbench",
  "texture_size": [
    24,
    24
  ],
  "textures": {
    "0": "elitecreatures:zoo_cozy_cosmetic/frog_hat",
    "particle": "elitecreatures:zoo_cozy_cosmetic/frog_hat"
  },
  "elements": [
    {
      "from": [
        4.5,
        3.45,
        7
      ],
      "to": [
        11.5,
        7.45,
        11
      ],
      "rotation": {
        "angle": 0,
        "axis": "y",
        "origin": [
          4.5,
          3.45,
          4
        ]
      },
      "faces": {
        "north": {
          "uv": [
            4.66667,
            0,
            9.33333,
            2.66667
          ],
          "texture": "#0"
        },
        "east": {
          "uv": [
            9.33333,
            4,
            12,
            6.66667
          ],
          "texture": "#0"
        },
        "south": {
          "uv": [
            4.66667,
            2.66667,
            9.33333,
            5.33333
          ],
          "texture": "#0"
        },
        "west": {
          "uv": [
            9.33333,
            6.66667,
            12,
            9.33333
          ],
          "texture": "#0"
        },
        "down": {
          "uv": [
            9.33333,
            5.33333,
            4.66667,
            8
          ],
          "texture": "#0"
        }
      }
    },
    {
      "from": [
        4.5,
        7.45,
        4
      ],
      "to": [
        11.5,
        10.45,
        11
      ],
      "rotation": {
        "angle": 0,
        "axis": "y",
        "origin": [
          4.5,
          3.45,
          4
        ]
      },
      "faces": {
        "north": {
          "uv": [
            4.66667,
            8,
            9.33333,
            10
          ],
          "texture": "#0"
        },
        "east": {
          "uv": [
            0,
            9.33333,
            4.66667,
            11.33333
          ],
          "texture": "#0"
        },
        "south": {
          "uv": [
            9.33333,
            0,
            14,
            2
          ],
          "texture": "#0"
        },
        "west": {
          "uv": [
            9.33333,
            2,
            14,
            4
          ],
          "texture": "#0"
        },
        "up": {
          "uv": [
            4.66667,
            4.66667,
            0,
            0
          ],
          "texture": "#0"
        },
        "down": {
          "uv": [
            4.66667,
            4.66667,
            0,
            9.33333
          ],
          "texture": "#0"
        }
      }
    },
    {
      "from": [
        10,
        10.2,
        6.5
      ],
      "to": [
        13,
        13.2,
        7.5
      ],
      "rotation": {
        "angle": 0,
        "axis": "y",
        "origin": [
          0,
          3.45,
          -0.5
        ]
      },
      "faces": {
        "north": {
          "uv": [
            9.33333,
            9.33333,
            11.33333,
            11.33333
          ],
          "texture": "#0"
        },
        "east": {
          "uv": [
            6.66667,
            10,
            7.33333,
            12
          ],
          "texture": "#0"
        },
        "south": {
          "uv": [
            4.66667,
            10,
            6.66667,
            12
          ],
          "texture": "#0"
        },
        "west": {
          "uv": [
            7.33333,
            10,
            8,
            12
          ],
          "texture": "#0"
        },
        "up": {
          "uv": [
            7.33333,
            12,
            6.66667,
            10
          ],
          "rotation": 90,
          "texture": "#0"
        },
        "down": {
          "uv": [
            6.66667,
            12,
            7.33333,
            10
          ],
          "rotation": 90,
          "texture": "#0"
        }
      }
    },
    {
      "from": [
        3,
        10.2,
        6.5
      ],
      "to": [
        6,
        13.2,
        7.5
      ],
      "rotation": {
        "angle": 0,
        "axis": "y",
        "origin": [
          16,
          3.45,
          -0.5
        ]
      },
      "faces": {
        "north": {
          "uv": [
            11.33333,
            9.33333,
            9.33333,
            11.33333
          ],
          "texture": "#0"
        },
        "east": {
          "uv": [
            8,
            10,
            7.33333,
            12
          ],
          "texture": "#0"
        },
        "south": {
          "uv": [
            6.66667,
            10,
            4.66667,
            12
          ],
          "texture": "#0"
        },
        "west": {
          "uv": [
            7.33333,
            10,
            6.66667,
            12
          ],
          "texture": "#0"
        },
        "up": {
          "uv": [
            7.33333,
            10,
            6.66667,
            12
          ],
          "rotation": 90,
          "texture": "#0"
        },
        "down": {
          "uv": [
            6.66667,
            10,
            7.33333,
            12
          ],
          "rotation": 90,
          "texture": "#0"
        }
      }
    }
  ],
  "gui_light": "front",
  "display": {
    "thirdperson_righthand": {
      "rotation": [
        50,
        0,
        0
      ],
      "translation": [
        0,
        1.5,
        0
      ],
      "scale": [
        0.64453,
        0.64453,
        0.64453
      ]
    },
    "thirdperson_lefthand": {
      "rotation": [
        50,
        0,
        0
      ],
      "translation": [
        0,
        1.5,
        0
      ],
      "scale": [
        0.64453,
        0.64453,
        0.64453
      ]
    },
    "firstperson_righthand": {
      "translation": [
        -3,
        7,
        4
      ],
      "scale": [
        0.67578,
        0.67578,
        0.67578
      ]
    },
    "firstperson_lefthand": {
      "translation": [
        -3,
        7,
        4
      ],
      "scale": [
        0.67578,
        0.67578,
        0.67578
      ]
    },
    "ground": {
      "translation": [
        0,
        5,
        0
      ]
    },
    "gui": {
      "rotation": [
        0,
        180,
        0
      ],
      "translation": [
        0,
        -0.5,
        0
      ],
      "scale": [
        1.47266,
        1.47266,
        1.47266
      ]
    },
    "head": {
      "translation": [
        0,
        2.75,
        1
      ],
      "scale": [
        2.1582,
        2.1582,
        2.1582
      ]
    },
    "fixed": {
      "rotation": [
        -90,
        0,
        0
      ],
      "translation": [
        0,
        0,
        -12
      ],
      "scale": [
        2.68359,
        2.68359,
        2.68359
      ]
    }
  },
  "groups": [
    {
      "name": "group",
      "origin": [
        16,
        3.45,
        -0.5
      ],
      "color": 0,
      "children": [
        0,
        1,
        2,
        3
      ]
    }
  ]
}