{
  "credit": "Made with Blockbench",
  "texture_size": [
    20,
    20
  ],
  "textures": {
    "0": "elitecreatures:zoo_cozy_cosmetic/frog_backpack",
    "particle": "elitecreatures:zoo_cozy_cosmetic/frog_backpack"
  },
  "elements": [
    {
      "from": [
        5,
        -15.7495,
        6
      ],
      "to": [
        11,
        -8.7495,
        10
      ],
      "rotation": {
        "angle": 0,
        "axis": "y",
        "origin": [
          8,
          7.50025,
          5.75
        ]
      },
      "faces": {
        "north": {
          "uv": [
            0,
            0,
            4.8,
            5.6
          ],
          "texture": "#0"
        },
        "east": {
          "uv": [
            0,
            5.6,
            3.2,
            11.2
          ],
          "texture": "#0"
        },
        "south": {
          "uv": [
            4.8,
            0,
            9.6,
            5.6
          ],
          "texture": "#0"
        },
        "west": {
          "uv": [
            3.2,
            5.6,
            6.4,
            11.2
          ],
          "texture": "#0"
        },
        "up": {
          "uv": [
            11.2,
            8.8,
            6.4,
            5.6
          ],
          "texture": "#0"
        },
        "down": {
          "uv": [
            11.2,
            8.8,
            6.4,
            12
          ],
          "texture": "#0"
        }
      }
    },
    {
      "from": [
        3.5,
        -8.9995,
        8
      ],
      "to": [
        6.5,
        -5.9995,
        9
      ],
      "rotation": {
        "angle": 0,
        "axis": "y",
        "origin": [
          8,
          7.50025,
          5.75
        ]
      },
      "faces": {
        "north": {
          "uv": [
            9.6,
            0,
            12,
            2.4
          ],
          "texture": "#0"
        },
        "east": {
          "uv": [
            4.8,
            11.2,
            4,
            13.6
          ],
          "texture": "#0"
        },
        "south": {
          "uv": [
            9.6,
            2.4,
            12,
            4.8
          ],
          "texture": "#0"
        },
        "west": {
          "uv": [
            4,
            11.2,
            4.8,
            13.6
          ],
          "texture": "#0"
        },
        "up": {
          "uv": [
            4,
            11.2,
            4.8,
            13.6
          ],
          "rotation": 90,
          "texture": "#0"
        },
        "down": {
          "uv": [
            4.8,
            11.2,
            4,
            13.6
          ],
          "rotation": 90,
          "texture": "#0"
        }
      }
    },
    {
      "from": [
        9.5,
        -8.9995,
        8
      ],
      "to": [
        12.5,
        -5.9995,
        9
      ],
      "rotation": {
        "angle": 0,
        "axis": "y",
        "origin": [
          8,
          7.50025,
          5.75
        ]
      },
      "faces": {
        "north": {
          "uv": [
            12,
            0,
            9.6,
            2.4
          ],
          "texture": "#0"
        },
        "east": {
          "uv": [
            4.8,
            11.2,
            4,
            13.6
          ],
          "texture": "#0"
        },
        "south": {
          "uv": [
            12,
            2.4,
            9.6,
            4.8
          ],
          "texture": "#0"
        },
        "west": {
          "uv": [
            4,
            11.2,
            4.8,
            13.6
          ],
          "texture": "#0"
        },
        "up": {
          "uv": [
            4,
            13.6,
            4.8,
            11.2
          ],
          "rotation": 90,
          "texture": "#0"
        },
        "down": {
          "uv": [
            4.8,
            13.6,
            4,
            11.2
          ],
          "rotation": 90,
          "texture": "#0"
        }
      }
    },
    {
      "from": [
        5.25,
        -12.7495,
        3
      ],
      "to": [
        6.25,
        -8.7495,
        3
      ],
      "rotation": {
        "angle": 0,
        "axis": "x",
        "origin": [
          8,
          7.50025,
          5.75
        ]
      },
      "faces": {
        "north": {
          "uv": [
            1.6,
            11.2,
            2.4,
            14.4
          ],
          "texture": "#0"
        },
        "east": {
          "uv": [
            0,
            0,
            0,
            3.2
          ],
          "texture": "#0"
        },
        "south": {
          "uv": [
            2.4,
            11.2,
            1.6,
            14.4
          ],
          "texture": "#0"
        },
        "west": {
          "uv": [
            0,
            0,
            0,
            3.2
          ],
          "texture": "#0"
        },
        "up": {
          "uv": [
            0.8,
            0,
            0,
            0
          ],
          "texture": "#0"
        },
        "down": {
          "uv": [
            0.8,
            0,
            0,
            0
          ],
          "texture": "#0"
        }
      }
    },
    {
      "from": [
        5.25,
        -8.7505,
        3
      ],
      "to": [
        6.25,
        -8.7505,
        6
      ],
      "rotation": {
        "angle": 0,
        "axis": "x",
        "origin": [
          8,
          7.50025,
          5.75
        ]
      },
      "faces": {
        "north": {
          "uv": [
            0,
            0,
            0.8,
            0
          ],
          "texture": "#0"
        },
        "east": {
          "uv": [
            0,
            0,
            2.4,
            0
          ],
          "texture": "#0"
        },
        "south": {
          "uv": [
            0,
            0,
            0.8,
            0
          ],
          "texture": "#0"
        },
        "west": {
          "uv": [
            0,
            0,
            2.4,
            0
          ],
          "texture": "#0"
        },
        "up": {
          "uv": [
            3.2,
            13.6,
            2.4,
            11.2
          ],
          "texture": "#0"
        },
        "down": {
          "uv": [
            3.2,
            11.2,
            2.4,
            13.6
          ],
          "texture": "#0"
        }
      }
    },
    {
      "from": [
        5.25,
        -12.7505,
        3
      ],
      "to": [
        6.25,
        -12.7505,
        6
      ],
      "rotation": {
        "angle": 0,
        "axis": "x",
        "origin": [
          8,
          7.50025,
          5.75
        ]
      },
      "faces": {
        "north": {
          "uv": [
            0,
            0,
            0.8,
            0
          ],
          "texture": "#0"
        },
        "east": {
          "uv": [
            0,
            0,
            2.4,
            0
          ],
          "texture": "#0"
        },
        "south": {
          "uv": [
            0,
            0,
            0.8,
            0
          ],
          "texture": "#0"
        },
        "west": {
          "uv": [
            0,
            0,
            2.4,
            0
          ],
          "texture": "#0"
        },
        "up": {
          "uv": [
            3.2,
            13.6,
            2.4,
            11.2
          ],
          "texture": "#0"
        },
        "down": {
          "uv": [
            3.2,
            11.2,
            2.4,
            13.6
          ],
          "texture": "#0"
        }
      }
    },
    {
      "from": [
        9.75,
        -8.7505,
        3
      ],
      "to": [
        10.75,
        -8.7505,
        6
      ],
      "rotation": {
        "angle": 0,
        "axis": "x",
        "origin": [
          8,
          7.50025,
          5.75
        ]
      },
      "faces": {
        "north": {
          "uv": [
            0.8,
            0,
            0,
            0
          ],
          "texture": "#0"
        },
        "east": {
          "uv": [
            2.4,
            0,
            0,
            0
          ],
          "texture": "#0"
        },
        "south": {
          "uv": [
            0.8,
            0,
            0,
            0
          ],
          "texture": "#0"
        },
        "west": {
          "uv": [
            2.4,
            0,
            0,
            0
          ],
          "texture": "#0"
        },
        "up": {
          "uv": [
            2.4,
            13.6,
            3.2,
            11.2
          ],
          "texture": "#0"
        },
        "down": {
          "uv": [
            2.4,
            11.2,
            3.2,
            13.6
          ],
          "texture": "#0"
        }
      }
    },
    {
      "from": [
        9.75,
        -12.7495,
        3
      ],
      "to": [
        10.75,
        -8.7495,
        3
      ],
      "rotation": {
        "angle": 0,
        "axis": "x",
        "origin": [
          8,
          7.50025,
          5.75
        ]
      },
      "faces": {
        "north": {
          "uv": [
            2.4,
            11.2,
            1.6,
            14.4
          ],
          "texture": "#0"
        },
        "east": {
          "uv": [
            0,
            0,
            0,
            3.2
          ],
          "texture": "#0"
        },
        "south": {
          "uv": [
            1.6,
            11.2,
            2.4,
            14.4
          ],
          "texture": "#0"
        },
        "west": {
          "uv": [
            0,
            0,
            0,
            3.2
          ],
          "texture": "#0"
        },
        "up": {
          "uv": [
            0,
            0,
            0.8,
            0
          ],
          "texture": "#0"
        },
        "down": {
          "uv": [
            0,
            0,
            0.8,
            0
          ],
          "texture": "#0"
        }
      }
    },
    {
      "from": [
        9.75,
        -12.7505,
        3
      ],
      "to": [
        10.75,
        -12.7505,
        6
      ],
      "rotation": {
        "angle": 0,
        "axis": "x",
        "origin": [
          8,
          7.50025,
          5.75
        ]
      },
      "faces": {
        "north": {
          "uv": [
            0.8,
            0,
            0,
            0
          ],
          "texture": "#0"
        },
        "east": {
          "uv": [
            2.4,
            0,
            0,
            0
          ],
          "texture": "#0"
        },
        "south": {
          "uv": [
            0.8,
            0,
            0,
            0
          ],
          "texture": "#0"
        },
        "west": {
          "uv": [
            2.4,
            0,
            0,
            0
          ],
          "texture": "#0"
        },
        "up": {
          "uv": [
            2.4,
            13.6,
            3.2,
            11.2
          ],
          "texture": "#0"
        },
        "down": {
          "uv": [
            2.4,
            11.2,
            3.2,
            13.6
          ],
          "texture": "#0"
        }
      }
    },
    {
      "from": [
        4,
        -15,
        7
      ],
      "to": [
        5,
        -12,
        9
      ],
      "rotation": {
        "angle": 0,
        "axis": "y",
        "origin": [
          8,
          7.50025,
          5.75
        ]
      },
      "faces": {
        "north": {
          "uv": [
            4.8,
            11.2,
            5.6,
            13.6
          ],
          "texture": "#0"
        },
        "south": {
          "uv": [
            5.6,
            11.2,
            6.4,
            13.6
          ],
          "texture": "#0"
        },
        "west": {
          "uv": [
            0,
            11.2,
            1.6,
            13.6
          ],
          "texture": "#0"
        },
        "up": {
          "uv": [
            12,
            8,
            11.2,
            6.4
          ],
          "texture": "#0"
        },
        "down": {
          "uv": [
            12,
            8,
            11.2,
            9.6
          ],
          "texture": "#0"
        }
      }
    },
    {
      "from": [
        11,
        -15,
        7
      ],
      "to": [
        12,
        -12,
        9
      ],
      "rotation": {
        "angle": 0,
        "axis": "y",
        "origin": [
          8,
          7.50025,
          5.75
        ]
      },
      "faces": {
        "north": {
          "uv": [
            5.6,
            11.2,
            4.8,
            13.6
          ],
          "texture": "#0"
        },
        "east": {
          "uv": [
            1.6,
            11.2,
            0,
            13.6
          ],
          "texture": "#0"
        },
        "south": {
          "uv": [
            6.4,
            11.2,
            5.6,
            13.6
          ],
          "texture": "#0"
        },
        "up": {
          "uv": [
            11.2,
            8,
            12,
            6.4
          ],
          "texture": "#0"
        },
        "down": {
          "uv": [
            11.2,
            8,
            12,
            9.6
          ],
          "texture": "#0"
        }
      }
    }
  ],
  "gui_light": "front",
  "display": {
    "thirdperson_righthand": {
      "rotation": [
        -119.75,
        0,
        -180
      ],
      "translation": [
        0,
        1.25,
        -0.75
      ],
      "scale": [
        0.73711,
        0.73711,
        0.73711
      ]
    },
    "thirdperson_lefthand": {
      "rotation": [
        -119.75,
        0,
        -180
      ],
      "translation": [
        0,
        1.25,
        -0.75
      ],
      "scale": [
        0.73711,
        0.73711,
        0.73711
      ]
    },
    "firstperson_righthand": {
      "rotation": [
        0,
        180,
        0
      ],
      "translation": [
        -1.25,
        2.75,
        2
      ],
      "scale": [
        1.10743,
        1.10352,
        1.10743
      ]
    },
    "firstperson_lefthand": {
      "rotation": [
        0,
        180,
        0
      ],
      "translation": [
        -1.25,
        2.75,
        2
      ],
      "scale": [
        1.10743,
        1.10352,
        1.10743
      ]
    },
    "ground": {
      "rotation": [
        -40,
        0,
        0
      ],
      "translation": [
        0,
        7,
        -0.75
      ],
      "scale": [
        1.49414,
        1.49414,
        1.49414
      ]
    },
    "gui": {
      "rotation": [
        35,
        -45,
        0
      ],
      "translation": [
        -1,
        1,
        0
      ],
      "scale": [
        1.23047,
        1.23047,
        1.23047
      ]
    },
    "head": {
      "translation": [
        0,
        -62.5,
        7.7
      ],
      "scale": [
        2.19141,
        2.19141,
        2.19141
      ]
    },
    "fixed": {
      "rotation": [
        -90,
        180,
        0
      ],
      "translation": [
        0,
        1,
        -17.25
      ],
      "scale": [
        3,
        3,
        3
      ]
    }
  },
  "groups": [
    {
      "name": "group",
      "origin": [
        16,
        0,
        0
      ],
      "color": 0,
      "children": [
        0,
        1,
        2,
        3,
        4,
        5,
        6,
        7,
        8,
        9,
        10
      ]
    }
  ]
}