{"credit":"MadewithBlockbench","texture_size":[32,32],"textures":{"1":"elitecreatures:new_year_tools/cp_glass"},"elements":[{"from":[6,0,5],"to":[9.5,1,8.5],"faces":{"north":{"uv":[2,9,3.75,9.5],"texture":"#1"},"east":{"uv":[9,4,10.75,4.5],"texture":"#1"},"south":{"uv":[9,4.5,10.75,5],"texture":"#1"},"west":{"uv":[9,5,10.75,5.5],"texture":"#1"},"up":{"uv":[7.75,8.25,6,6.5],"texture":"#1"},"down":{"uv":[1.75,7,0,8.75],"texture":"#1"}}},{"from":[7,1,6],"to":[8.5,4,7.5],"faces":{"north":{"uv":[8,4,8.75,5.5],"texture":"#1"},"east":{"uv":[8,5.5,8.75,7],"texture":"#1"},"south":{"uv":[8,7,8.75,8.5],"texture":"#1"},"west":{"uv":[6,8.5,6.75,10],"texture":"#1"},"up":{"uv":[9.75,8.25,9,7.5],"texture":"#1"},"down":{"uv":[9.75,8.5,9,9.25],"texture":"#1"}}},{"from":[6,4,5],"to":[9.5,11,8.5],"faces":{"north":{"uv":[0,0,1.75,3.5],"texture":"#1"},"east":{"uv":[2,0,3.75,3.5],"texture":"#1"},"south":{"uv":[0,3.5,1.75,7],"texture":"#1"},"west":{"uv":[2,3.5,3.75,7],"texture":"#1"},"up":{"uv":[3.75,8.75,2,7],"texture":"#1"},"down":{"uv":[5.75,7.5,4,9.25],"texture":"#1"}}},{"from":[2,0,9],"to":[5.5,1,12.5],"faces":{"north":{"uv":[9,5.5,10.75,6],"texture":"#1"},"east":{"uv":[9,6,10.75,6.5],"texture":"#1"},"south":{"uv":[9,6.5,10.75,7],"texture":"#1"},"west":{"uv":[9,7,10.75,7.5],"texture":"#1"},"up":{"uv":[9.75,1.75,8,0],"texture":"#1"},"down":{"uv":[9.75,2,8,3.75],"texture":"#1"}}},{"from":[3,1,10],"to":[4.5,4,11.5],"faces":{"north":{"uv":[7,8.5,7.75,10],"texture":"#1"},"east":{"uv":[8,8.5,8.75,10],"texture":"#1"},"south":{"uv":[0,9,0.75,10.5],"texture":"#1"},"west":{"uv":[1,9,1.75,10.5],"texture":"#1"},"up":{"uv":[2.75,10.25,2,9.5],"texture":"#1"},"down":{"uv":[3.75,9.5,3,10.25],"texture":"#1"}}},{"from":[2,3,9],"to":[5.5,8,12.5],"faces":{"north":{"uv":[4,0,5.75,2.5],"texture":"#1"},"east":{"uv":[4,0,5.75,2.5],"texture":"#1"},"south":{"uv":[4,0,5.75,2.5],"texture":"#1"},"west":{"uv":[4,0,5.75,2.5],"texture":"#1"},"up":{"uv":[3.75,8.75,2,7],"texture":"#1"},"down":{"uv":[7.75,4.5,6,6.25],"texture":"#1"}}}],"gui_light":"front","display":{"thirdperson_righthand":{"rotation":[75,45,0],"translation":[0,2.5,0],"scale":[0.375,0.375,0.375]},"thirdperson_lefthand":{"rotation":[75,45,0],"translation":[0,2.5,0],"scale":[0.375,0.375,0.375]},"firstperson_righthand":{"rotation":[0,45,0],"translation":[0,2.5,0],"scale":[0.4,0.4,0.4]},"firstperson_lefthand":{"rotation":[0,45,0],"translation":[0,2.5,0],"scale":[0.4,0.4,0.4]},"ground":{"translation":[0,2,0],"scale":[0.5,0.5,0.5]},"gui":{"rotation":[-148.75,50.83,-179.77],"translation":[-1,0,0],"scale":[0.625,0.625,0.625]},"head":{"translation":[0,-30.4,0],"scale":[1.6,1.6,1.6]},"fixed":{"rotation":[-90,180,0],"translation":[0,0,-16],"scale":[2.01,2.01,2.01]}}}