{"credit":"MadewithBlockbench","texture_size":[32,32],"textures":{"1":"elitecreatures:new_year_tools/champanges","2":"elitecreatures:new_year_tools/champagnes_animation01","particle":"elitecreatures:new_year_tools/champagnes_animation01"},"elements":[{"from":[5,0,5],"to":[11,12,11],"faces":{"north":{"uv":[0,0,3,6],"texture":"#1"},"east":{"uv":[9,0,6,6],"texture":"#1"},"south":{"uv":[3,0,0,6],"texture":"#1"},"west":{"uv":[6,0,9,6],"texture":"#1"},"up":{"uv":[6,9,3,6],"texture":"#1"},"down":{"uv":[9,6,6,9],"texture":"#1"}}},{"from":[0.98535,0,2.00835],"to":[3.98535,2,5.00835],"rotation":{"angle":0,"axis":"y","origin":[6.98535,22,13.00835]},"faces":{"north":{"uv":[1.5,12,3,13],"texture":"#1"},"east":{"uv":[13.5,12,12,13],"texture":"#1"},"south":{"uv":[3,12,1.5,13],"texture":"#1"},"west":{"uv":[12,12,13.5,13],"texture":"#1"},"up":{"uv":[12.5,4.5,11,3],"texture":"#1"},"down":{"uv":[6,11,4.5,12.5],"texture":"#1"}}},{"from":[1,0,8],"to":[4,3,9],"rotation":{"angle":-22.5,"axis":"y","origin":[3,1,9.25]},"faces":{"north":{"uv":[11,4.5,12.5,6],"texture":"#1"},"east":{"uv":[12.5,4.5,13,6],"texture":"#1"},"south":{"uv":[6,11,7.5,12.5],"texture":"#1"},"west":{"uv":[5.5,12.5,6,14],"texture":"#1"},"up":{"uv":[7.5,13,6,12.5],"texture":"#1"},"down":{"uv":[9,12.5,7.5,13],"texture":"#1"}}},{"from":[4,0,9],"to":[4,3,11],"rotation":{"angle":-22.5,"axis":"y","origin":[3,1,9.25]},"faces":{"north":{"uv":[0,0,0,1.5],"texture":"#1"},"east":{"uv":[12.5,0,13.5,1.5],"texture":"#1"},"south":{"uv":[0,0,0,1.5],"texture":"#1"},"west":{"uv":[12.5,1.5,13.5,3],"texture":"#1"},"up":{"uv":[0,1,0,0],"texture":"#1"},"down":{"uv":[0,0,0,1],"texture":"#1"}}},{"from":[1,0,9],"to":[1,3,11],"rotation":{"angle":-22.5,"axis":"y","origin":[3,1,9.25]},"faces":{"north":{"uv":[0,0,0,1.5],"texture":"#1"},"east":{"uv":[12.5,3,13.5,4.5],"texture":"#1"},"south":{"uv":[0,0,0,1.5],"texture":"#1"},"west":{"uv":[4.5,12.5,5.5,14],"texture":"#1"},"up":{"uv":[0,1,0,0],"texture":"#1"},"down":{"uv":[0,0,0,1],"texture":"#1"}}},{"from":[6,12,6],"to":[10,16,10],"faces":{"north":{"uv":[3,9,5,11],"texture":"#1"},"east":{"uv":[11,6,9,8],"texture":"#1"},"south":{"uv":[3,9,5,11],"texture":"#1"},"west":{"uv":[9,6,11,8],"texture":"#1"},"up":{"uv":[9,11,7,9],"texture":"#1"},"down":{"uv":[11,8,9,10],"texture":"#1"}}},{"from":[6.75,14,6.75],"to":[9.25,20,9.25],"faces":{"north":{"uv":[9,10,10.25,13],"texture":"#1"},"east":{"uv":[10.5,10,11.75,13],"texture":"#1"},"south":{"uv":[11,0,12.25,3],"texture":"#1"},"west":{"uv":[3,11,4.25,14],"texture":"#1"},"up":{"uv":[8.75,12.25,7.5,11],"texture":"#1"},"down":{"uv":[1.25,12,0,13.25],"texture":"#1"}}},{"from":[6,20,6],"to":[10,22,10],"faces":{"north":{"uv":[11,6,13,7],"texture":"#1"},"east":{"uv":[11,7,13,8],"texture":"#1"},"south":{"uv":[11,8,13,9],"texture":"#1"},"west":{"uv":[11,9,13,10],"texture":"#1"},"up":{"uv":[11,2,9,0],"texture":"#1"},"down":{"uv":[11,2,9,4],"texture":"#1"}}},{"from":[4,22,8],"to":[12,32,8],"rotation":{"angle":45,"axis":"y","origin":[8,27,8]},"faces":{"north":{"uv":[0,0,8,10],"texture":"#2"},"east":{"uv":[0,0,0,5],"texture":"#missing"},"south":{"uv":[8,0,0,10],"texture":"#2"},"west":{"uv":[0,0,0,5],"texture":"#missing"},"up":{"uv":[0,0,4,0],"texture":"#missing"},"down":{"uv":[0,0,4,0],"texture":"#missing"}}},{"from":[4,22,8],"to":[12,32,8],"rotation":{"angle":-45,"axis":"y","origin":[8,27,8]},"faces":{"north":{"uv":[0,0,8,10],"texture":"#2"},"east":{"uv":[0,0,0,5],"texture":"#missing"},"south":{"uv":[8,0,0,10],"texture":"#2"},"west":{"uv":[0,0,0,5],"texture":"#missing"},"up":{"uv":[0,0,4,0],"texture":"#missing"},"down":{"uv":[0,0,4,0],"texture":"#missing"}}}],"gui_light":"front","display":{"thirdperson_righthand":{"rotation":[168.04,70.64,-169.81],"translation":[0,0.75,0],"scale":[0.375,0.375,0.375]},"thirdperson_lefthand":{"rotation":[169.73,-75.24,175.27],"translation":[-0.25,0.75,0],"scale":[0.375,0.375,0.375]},"firstperson_righthand":{"rotation":[0,45,0],"scale":[0.4,0.4,0.4]},"firstperson_lefthand":{"rotation":[0,45,0],"scale":[0.4,0.4,0.4]},"ground":{"translation":[0,2,0],"scale":[0.5,0.5,0.5]},"gui":{"rotation":[30,45,0],"translation":[0,-2.1,0],"scale":[0.38,0.38,0.38]},"head":{"translation":[0,-30.4,0],"scale":[1.6,1.6,1.6]},"fixed":{"rotation":[-90,180,0],"translation":[0,0,-16],"scale":[2.01,2.01,2.01]}}}