{
	"credit": "Made with Blockbench",
	"texture_size": [32, 32],
	"textures": {
		"0": "elitecreatures:new_year_tools/cb_4",
		"1": "elitecreatures:new_year_tools/cb_4_a",
		"2": "elitecreatures:new_year_tools/cb_4_t",
		"particle": "elitecreatures:new_year_tools/cb_4"
	},
	"elements": [
		{
			"from": [6, 0, -1],
			"to": [10, 4, 14],
			"faces": {
				"north": {"uv": [7.5, 4, 9.5, 6], "texture": "#0"},
				"east": {"uv": [15, 0, 0, 4], "texture": "#1"},
				"south": {"uv": [8.5, 6, 10.5, 8], "texture": "#0"},
				"west": {"uv": [0, 0, 15, 4], "texture": "#1"},
				"up": {"uv": [2, 11.5, 0, 4], "texture": "#0"},
				"down": {"uv": [4, 4, 2, 11.5], "texture": "#0"}
			}
		},
		{
			"from": [6.75, -1, 1],
			"to": [9.25, 0, 9],
			"faces": {
				"north": {"uv": [11.5, 1, 12.75, 1.5], "texture": "#0"},
				"east": {"uv": [13.5, 5.5, 9.5, 6], "texture": "#0"},
				"south": {"uv": [3, 11.5, 4.25, 12], "texture": "#0"},
				"west": {"uv": [9.5, 5.5, 13.5, 6], "texture": "#0"},
				"up": {"uv": [8.25, 11, 7, 7], "texture": "#0"},
				"down": {"uv": [8.75, 0, 7.5, 4], "texture": "#0"}
			}
		},
		{
			"from": [7.025, -5.5, 6],
			"to": [8.975, -0.5, 8],
			"rotation": {"angle": -22.5, "axis": "x", "origin": [8, -0.5, 7]},
			"faces": {
				"north": {"uv": [8.5, 8, 9.5, 10.5], "texture": "#0"},
				"east": {"uv": [10.5, 8, 9.5, 10.5], "texture": "#0"},
				"south": {"uv": [9.5, 2.5, 10.5, 5], "texture": "#0"},
				"west": {"uv": [9.5, 8, 10.5, 10.5], "texture": "#0"},
				"up": {"uv": [1, 12.5, 0, 11.5], "texture": "#0"},
				"down": {"uv": [12.5, 0, 11.5, 1], "texture": "#0"}
			}
		},
		{
			"from": [7.5, -3, 6.3],
			"to": [8.5, -1, 6.8],
			"rotation": {"angle": 22.5, "axis": "x", "origin": [8, -0.5, 7]},
			"faces": {
				"north": {"uv": [9, 2.5, 9.5, 3.5], "texture": "#0"},
				"east": {"uv": [8, 11, 8.25, 12], "texture": "#0"},
				"south": {"uv": [10, 1.5, 10.5, 2.5], "texture": "#0"},
				"west": {"uv": [5.5, 11.5, 5.75, 12.5], "texture": "#0"},
				"up": {"uv": [12, 9.75, 11.5, 9.5], "texture": "#0"},
				"down": {"uv": [12, 10, 11.5, 10.25], "texture": "#0"}
			}
		},
		{
			"from": [7, -6.5, 6],
			"to": [9, -4.5, 10],
			"rotation": {"angle": 0, "axis": "y", "origin": [8, -0.5, 7]},
			"faces": {
				"north": {"uv": [1, 11.5, 2, 12.5], "texture": "#0"},
				"east": {"uv": [6, 10.5, 4, 11.5], "texture": "#0"},
				"south": {"uv": [2, 11.5, 3, 12.5], "texture": "#0"},
				"west": {"uv": [4, 10.5, 6, 11.5], "texture": "#0"},
				"up": {"uv": [7, 12.5, 6, 10.5], "texture": "#0"},
				"down": {"uv": [11.5, 6, 10.5, 8], "texture": "#0"}
			}
		},
		{
			"from": [7.5, -6, 2.5],
			"to": [8.5, -5, 7],
			"rotation": {"angle": 0, "axis": "y", "origin": [8, -0.5, 7]},
			"faces": {
				"north": {"uv": [9, 3.5, 9.5, 4], "texture": "#0"},
				"east": {"uv": [12.75, 4.5, 10.5, 5], "texture": "#0"},
				"south": {"uv": [11.5, 9, 12, 9.5], "texture": "#0"},
				"west": {"uv": [10.5, 4.5, 12.75, 5], "texture": "#0"},
				"up": {"uv": [7.5, 13.25, 7, 11], "texture": "#0"},
				"down": {"uv": [8, 11, 7.5, 13.25], "texture": "#0"}
			}
		},
		{
			"from": [6.5, -7, 10],
			"to": [9.5, -4, 17],
			"rotation": {"angle": -45, "axis": "z", "origin": [8, -5.5, 13.5]},
			"faces": {
				"north": {"uv": [10, 0, 11.5, 1.5], "texture": "#0"},
				"east": {"uv": [7, 10.5, 5.5, 7], "rotation": 90, "texture": "#0"},
				"south": {"uv": [10.5, 1.5, 12, 3], "texture": "#0"},
				"west": {"uv": [4, 5.5, 7.5, 7], "texture": "#0"},
				"up": {"uv": [5.5, 10.5, 4, 7], "texture": "#0"},
				"down": {"uv": [7, 7, 5.5, 10.5], "texture": "#0"}
			}
		},
		{
			"from": [7.25, -2, 2.25],
			"to": [8.75, -1, 3.75],
			"faces": {
				"north": {"uv": [11.5, 7, 12.25, 7.5], "texture": "#0"},
				"east": {"uv": [12.25, 8.5, 11.5, 9], "texture": "#0"},
				"south": {"uv": [11.5, 8, 12.25, 8.5], "texture": "#0"},
				"west": {"uv": [11.5, 8.5, 12.25, 9], "texture": "#0"},
				"up": {"uv": [5.25, 12.25, 4.5, 11.5], "texture": "#0"},
				"down": {"uv": [12.25, 6, 11.5, 6.75], "texture": "#0"}
			}
		},
		{
			"from": [7, -5, 2],
			"to": [9, -2, 4],
			"faces": {
				"north": {"uv": [10.5, 8, 11.5, 9.5], "texture": "#0"},
				"east": {"uv": [11.5, 9.5, 10.5, 11], "texture": "#0"},
				"south": {"uv": [9.5, 10.5, 10.5, 12], "texture": "#0"},
				"west": {"uv": [10.5, 9.5, 11.5, 11], "texture": "#0"},
				"up": {"uv": [8.5, 7, 7.5, 6], "texture": "#0"},
				"down": {"uv": [11.5, 11, 10.5, 12], "texture": "#0"}
			}
		},
		{
			"from": [6.5, 0.5, 4],
			"to": [9.5, 3.5, 9],
			"rotation": {"angle": 0, "axis": "y", "origin": [8, 2, -9]},
			"faces": {
				"north": {"uv": [0, 5, 1.5, 6.5], "texture": "#2"},
				"east": {"uv": [5, 3, 2.5, 1.5], "texture": "#2"},
				"south": {"uv": [5, 0, 6.5, 1.5], "texture": "#2"},
				"west": {"uv": [2.5, 1.5, 5, 3], "texture": "#2"},
				"up": {"uv": [2.5, 3, 5, 1.5], "rotation": 90, "texture": "#2"},
				"down": {"uv": [5, 1.5, 2.5, 3], "rotation": 90, "texture": "#2"}
			}
		},
		{
			"from": [7.5, 1.5, 9],
			"to": [8.5, 2.5, 12],
			"rotation": {"angle": 0, "axis": "y", "origin": [8, 2, -4]},
			"faces": {
				"north": {"uv": [6.5, 5, 7, 5.5], "texture": "#2"},
				"east": {"uv": [6.5, 2, 8, 2.5], "texture": "#2"},
				"south": {"uv": [5.5, 6.5, 6, 7], "texture": "#2"},
				"west": {"uv": [6.5, 2.5, 8, 3], "texture": "#2"},
				"up": {"uv": [1.5, 8, 1, 6.5], "texture": "#2"},
				"down": {"uv": [7, 3, 6.5, 4.5], "texture": "#2"}
			}
		},
		{
			"from": [6.5, 0.5, 1.5],
			"to": [9.5, 3.5, 2.5],
			"rotation": {"angle": 0, "axis": "y", "origin": [8, 2, -13.5]},
			"faces": {
				"north": {"uv": [5, 1.5, 6.5, 3], "texture": "#2"},
				"east": {"uv": [0, 6.5, 0.5, 8], "texture": "#2"},
				"south": {"uv": [1.5, 5.5, 3, 7], "texture": "#2"},
				"west": {"uv": [0.5, 6.5, 1, 8], "texture": "#2"},
				"up": {"uv": [8, 1.5, 6.5, 1], "texture": "#2"},
				"down": {"uv": [8, 1.5, 6.5, 2], "texture": "#2"}
			}
		},
		{
			"from": [7.5, 1.5, 0.5],
			"to": [8.5, 2.5, 1.5],
			"rotation": {"angle": 0, "axis": "y", "origin": [8, 2, -14.5]},
			"faces": {
				"north": {"uv": [1.5, 5, 2, 5.5], "texture": "#2"},
				"east": {"uv": [2, 5, 2.5, 5.5], "texture": "#2"},
				"south": {"uv": [4, 6.5, 4.5, 7], "texture": "#2"},
				"west": {"uv": [4.5, 6.5, 5, 7], "texture": "#2"},
				"up": {"uv": [7, 5, 6.5, 4.5], "texture": "#2"},
				"down": {"uv": [5.5, 6.5, 5, 7], "texture": "#2"}
			}
		},
		{
			"from": [5.5, -0.5, 2.5],
			"to": [10.5, 4.5, 4],
			"rotation": {"angle": 0, "axis": "y", "origin": [8, 2, -14]},
			"faces": {
				"north": {"uv": [0, 0, 2.5, 2.5], "texture": "#2"},
				"east": {"uv": [6.25, 3, 5.5, 5.5], "texture": "#2"},
				"south": {"uv": [0, 2.5, 2.5, 5], "texture": "#2"},
				"west": {"uv": [5.5, 3, 6.25, 5.5], "texture": "#2"},
				"up": {"uv": [5.5, 3, 6.25, 5.5], "rotation": 90, "texture": "#2"},
				"down": {"uv": [6.25, 3, 5.5, 5.5], "rotation": 90, "texture": "#2"}
			}
		},
		{
			"from": [6.5, 0.5, 4],
			"to": [9.5, 3.5, 9],
			"rotation": {"angle": 0, "axis": "y", "origin": [8, 2, -9]},
			"faces": {
				"north": {"uv": [0, 5, 1.5, 6.5], "texture": "#2"},
				"east": {"uv": [2.5, 0, 5, 1.5], "texture": "#2"},
				"south": {"uv": [5, 0, 6.5, 1.5], "texture": "#2"},
				"west": {"uv": [2.5, 1.5, 5, 3], "texture": "#2"},
				"up": {"uv": [4, 5.5, 2.5, 3], "texture": "#2"},
				"down": {"uv": [5.5, 3, 4, 5.5], "texture": "#2"}
			}
		}
	],
	"gui_light": "front",
	"display": {
		"thirdperson_righthand": {
			"translation": [0, 7.5, 1.5]
		},
		"thirdperson_lefthand": {
			"translation": [0, 7.5, 1.5]
		},
		"firstperson_righthand": {
			"translation": [0, 8.75, 0]
		},
		"firstperson_lefthand": {
			"translation": [0, 8.75, 0]
		},
		"ground": {
			"translation": [0, 3.25, 0],
			"scale": [0.4, 0.4, 0.4]
		},
		"gui": {
			"rotation": [30, 225, 0],
			"translation": [0, 4.25, 0],
			"scale": [0.625, 0.625, 0.625]
		},
		"head": {
			"translation": [0, -13.75, 0],
			"scale": [0, 0, 0]
		},
		"fixed": {
			"rotation": [90, 45, -90],
			"translation": [12.25, 12.75, -5],
			"scale": [2, 2, 2]
		}
	}
}