{"credit":"MadewithBlockbench","texture_size":[32,32],"textures":{"0":"elitecreatures:new_year_tools/new_year_set","particle":"elitecreatures:new_year_tools/new_year_set"},"elements":[{"from":[6,0,6],"to":[10,14,10],"rotation":{"angle":0,"axis":"y","origin":[7,0,7]},"faces":{"north":{"uv":[4,0,6,7],"texture":"#0"},"east":{"uv":[6,0,8,7],"texture":"#0"},"south":{"uv":[4,0,6,7],"texture":"#0"},"west":{"uv":[6,0,8,7],"texture":"#0"},"up":{"uv":[3.5,10,1.5,8],"texture":"#0"},"down":{"uv":[10,3,8,5],"texture":"#0"}}},{"from":[4,0,4],"to":[12,1,12],"rotation":{"angle":0,"axis":"y","origin":[7,0,7]},"faces":{"north":{"uv":[8,5,12,5.5],"texture":"#0"},"east":{"uv":[8,5,12,5.5],"texture":"#0"},"south":{"uv":[8,5,12,5.5],"texture":"#0"},"west":{"uv":[8,5,12,5.5],"texture":"#0"},"up":{"uv":[4,4,0,0],"texture":"#0"},"down":{"uv":[4,4,0,8],"texture":"#0"}}},{"from":[0.675,-0.425,0.8],"to":[1.675,2.075,3.3],"rotation":{"angle":22.5,"axis":"y","origin":[7.05,-0.175,0.05]},"faces":{"north":{"uv":[3.5,8,4,9.25],"texture":"#0"},"east":{"uv":[8,7,9.25,8.25],"texture":"#0"},"south":{"uv":[8,11.5,8.5,12.75],"texture":"#0"},"west":{"uv":[8,8.5,9.25,9.75],"texture":"#0"},"up":{"uv":[9,12.75,8.5,11.5],"texture":"#0"},"down":{"uv":[9.5,11.5,9,12.75],"texture":"#0"}}},{"from":[0.175,0.075,1.3],"to":[0.675,1.575,2.8],"rotation":{"angle":22.5,"axis":"y","origin":[7.05,-0.175,0.05]},"faces":{"north":{"uv":[2.5,13,2.75,13.75],"texture":"#0"},"east":{"uv":[2,12,2.75,12.75],"texture":"#0"},"south":{"uv":[13,6.5,13.25,7.25],"texture":"#0"},"west":{"uv":[12,5.5,12.75,6.25],"texture":"#0"},"up":{"uv":[13.25,8.25,13,7.5],"texture":"#0"},"down":{"uv":[8.25,13,8,13.75],"texture":"#0"}}},{"from":[-0.325,0.575,1.8],"to":[8.175,1.075,2.3],"rotation":{"angle":22.5,"axis":"y","origin":[7.05,-0.175,0.05]},"faces":{"north":{"uv":[8,11,12.25,11.25],"texture":"#0"},"east":{"uv":[3.5,9.5,3.75,9.75],"texture":"#0"},"south":{"uv":[11,8.5,15.25,8.75],"texture":"#0"},"west":{"uv":[1.5,12.5,1.75,12.75],"texture":"#0"},"up":{"uv":[15.25,9.25,11,9],"texture":"#0"},"down":{"uv":[15.25,9.5,11,9.75],"texture":"#0"}}},{"from":[1.675,0.075,1.3],"to":[4.675,1.575,2.8],"rotation":{"angle":22.5,"axis":"y","origin":[7.05,-0.175,0.05]},"faces":{"north":{"uv":[1.5,10,3,10.75],"texture":"#0"},"east":{"uv":[12,6.5,12.75,7.25],"texture":"#0"},"south":{"uv":[3,10.75,1.5,10],"texture":"#0"},"west":{"uv":[12,7.5,12.75,8.25],"texture":"#0"},"up":{"uv":[11.5,4.75,10,4],"texture":"#0"},"down":{"uv":[11.5,4.75,10,4],"texture":"#0"}}},{"from":[0.075,-0.025,3.6],"to":[1.075,2.475,6.1],"rotation":{"angle":22.5,"axis":"y","origin":[6.45,0.225,2.85]},"faces":{"north":{"uv":[9.5,11.5,10,12.75],"texture":"#0"},"east":{"uv":[9.5,0,10.75,1.25],"texture":"#0"},"south":{"uv":[10,11.5,10.5,12.75],"texture":"#0"},"west":{"uv":[9.5,1.5,10.75,2.75],"texture":"#0"},"up":{"uv":[11,12.75,10.5,11.5],"texture":"#0"},"down":{"uv":[11.5,11.5,11,12.75],"texture":"#0"}}},{"from":[-0.425,0.475,4.1],"to":[0.075,1.975,5.6],"rotation":{"angle":22.5,"axis":"y","origin":[6.45,0.225,2.85]},"faces":{"north":{"uv":[8.5,13,8.75,13.75],"texture":"#0"},"east":{"uv":[12,11.5,12.75,12.25],"texture":"#0"},"south":{"uv":[9,13,9.25,13.75],"texture":"#0"},"west":{"uv":[12.5,0,13.25,0.75],"texture":"#0"},"up":{"uv":[9.75,13.75,9.5,13],"texture":"#0"},"down":{"uv":[10.25,13,10,13.75],"texture":"#0"}}},{"from":[-0.925,0.975,4.6],"to":[7.575,1.475,5.1],"rotation":{"angle":22.5,"axis":"y","origin":[6.45,0.225,2.85]},"faces":{"north":{"uv":[11,10,15.25,10.25],"texture":"#0"},"east":{"uv":[11.5,13,11.75,13.25],"texture":"#0"},"south":{"uv":[11,10.5,15.25,10.75],"texture":"#0"},"west":{"uv":[13,12,13.25,12.25],"texture":"#0"},"up":{"uv":[15.75,3.25,11.5,3],"texture":"#0"},"down":{"uv":[15.75,3.5,11.5,3.75],"texture":"#0"}}},{"from":[1.075,0.475,4.1],"to":[4.075,1.975,5.6],"rotation":{"angle":22.5,"axis":"y","origin":[6.45,0.225,2.85]},"faces":{"north":{"uv":[9.5,10,11,10.75],"texture":"#0"},"east":{"uv":[0.5,12.5,1.25,13.25],"texture":"#0"},"south":{"uv":[11,10.75,9.5,10],"texture":"#0"},"west":{"uv":[12.5,1,13.25,1.75],"texture":"#0"},"up":{"uv":[12.5,0.75,11,0],"texture":"#0"},"down":{"uv":[12.5,0.75,11,0],"texture":"#0"}}},{"from":[10.9,-0.525,7.475],"to":[13.4,1.975,8.475],"rotation":{"angle":-22.5,"axis":"y","origin":[10.15,1.725,13.85]},"faces":{"north":{"uv":[9.5,7,10.75,8.25],"texture":"#0"},"east":{"uv":[11.5,11.5,12,12.75],"texture":"#0"},"south":{"uv":[9.5,8.5,10.75,9.75],"texture":"#0"},"west":{"uv":[0,12,0.5,13.25],"texture":"#0"},"up":{"uv":[1.75,12.5,0.5,12],"texture":"#0"},"down":{"uv":[13.25,5,12,5.5],"texture":"#0"}}},{"from":[11.4,-0.025,6.975],"to":[12.9,1.475,7.475],"rotation":{"angle":-22.5,"axis":"y","origin":[10.15,1.725,13.85]},"faces":{"north":{"uv":[12.5,2,13.25,2.75],"texture":"#0"},"east":{"uv":[10.5,13,10.75,13.75],"texture":"#0"},"south":{"uv":[12,12.5,12.75,13.25],"texture":"#0"},"west":{"uv":[11,13,11.25,13.75],"texture":"#0"},"up":{"uv":[13.25,11.25,12.5,11],"texture":"#0"},"down":{"uv":[13.75,11.5,13,11.75],"texture":"#0"}}},{"from":[11.9,0.475,6.475],"to":[12.4,0.975,14.975],"rotation":{"angle":-22.5,"axis":"y","origin":[10.15,1.725,13.85]},"faces":{"north":{"uv":[13,12.5,13.25,12.75],"texture":"#0"},"east":{"uv":[11.5,4,15.75,4.25],"texture":"#0"},"south":{"uv":[13,13,13.25,13.25],"texture":"#0"},"west":{"uv":[11.5,4.5,15.75,4.75],"texture":"#0"},"up":{"uv":[3.25,15.75,3,11.5],"texture":"#0"},"down":{"uv":[3.75,11.5,3.5,15.75],"texture":"#0"}}},{"from":[11.4,-0.025,8.475],"to":[12.9,1.475,11.475],"rotation":{"angle":-22.5,"axis":"y","origin":[10.15,1.725,13.85]},"faces":{"north":{"uv":[1.5,13,2.25,13.75],"texture":"#0"},"east":{"uv":[1.5,11,3,11.75],"texture":"#0"},"south":{"uv":[13,5.5,13.75,6.25],"texture":"#0"},"west":{"uv":[3,11.75,1.5,11],"texture":"#0"},"up":{"uv":[3.75,11.5,3,10],"texture":"#0"},"down":{"uv":[3,10,3.75,11.5],"texture":"#0"}}},{"from":[3,1,8],"to":[6,7,8],"rotation":{"angle":0,"axis":"y","origin":[4,1,7]},"faces":{"north":{"uv":[0,8,1.5,11],"texture":"#0"},"east":{"uv":[0,0,0,3],"texture":"#0"},"south":{"uv":[1.5,8,0,11],"texture":"#0"},"west":{"uv":[0,0,0,3],"texture":"#0"},"up":{"uv":[1.5,0,0,0],"texture":"#0"},"down":{"uv":[1.5,0,0,0],"texture":"#0"}}},{"from":[10,1,8],"to":[13,7,8],"rotation":{"angle":0,"axis":"y","origin":[12,1,7]},"faces":{"north":{"uv":[1.5,8,0,11],"texture":"#0"},"east":{"uv":[0,0,0,3],"texture":"#0"},"south":{"uv":[0,8,1.5,11],"texture":"#0"},"west":{"uv":[0,0,0,3],"texture":"#0"},"up":{"uv":[0,0,1.5,0],"texture":"#0"},"down":{"uv":[0,0,1.5,0],"texture":"#0"}}}],"gui_light":"front","display":{"thirdperson_righthand":{"rotation":[75,45,0],"translation":[0,2.5,0],"scale":[0.375,0.375,0.375]},"thirdperson_lefthand":{"rotation":[75,45,0],"translation":[0,2.5,0],"scale":[0.375,0.375,0.375]},"firstperson_righthand":{"rotation":[0,-45,0],"translation":[0,4.25,0],"scale":[0.4,0.4,0.4]},"firstperson_lefthand":{"rotation":[0,-45,0],"translation":[0,4.25,0],"scale":[0.4,0.4,0.4]},"ground":{"translation":[0,2,0],"scale":[0.5,0.5,0.5]},"gui":{"rotation":[30,45,0],"translation":[0,0.15,0],"scale":[0.65,0.65,0.65]},"head":{"translation":[0,-30.4,0],"scale":[1.6,1.6,1.6]},"fixed":{"rotation":[-90,180,0],"translation":[0,0,-16],"scale":[2.01,2.01,2.01]}},"groups":[0,1,{"name":"group","origin":[10.25,9.625,9.15],"color":0,"children":[2,3,4,5]},{"name":"group","origin":[10.25,9.625,9.15],"color":0,"children":[6,7,8,9]},{"name":"group","origin":[10.25,9.625,9.15],"color":0,"children":[10,11,12,13]},14,15]}