{"credit":"MadewithBlockbench","textures":{"0":"elitecreatures:new_year_tools/glasses","1":"elitecreatures:new_year_tools/glasses_animation1","2":"elitecreatures:new_year_tools/partyhat_animation2","3":"elitecreatures:new_year_tools/2023partyhat_animation5","4":"elitecreatures:new_year_tools/partyhat_animation3","5":"elitecreatures:new_year_tools/partyhat_animation4","particle":"elitecreatures:new_year_tools/glasses"},"elements":[{"from":[4,4.5,4],"to":[12,8.5,12],"faces":{"north":{"uv":[0,0,16,8],"texture":"#1"},"east":{"uv":[0,8,16,16],"texture":"#1"},"south":{"uv":[0,0,16,8],"texture":"#1"},"west":{"uv":[0,8,16,16],"texture":"#1"}}},{"from":[4,0,4],"to":[12,8,12],"faces":{"north":{"uv":[0,0,8,8],"texture":"#0"},"east":{"uv":[16,0,8,8],"texture":"#0"},"west":{"uv":[8,0,16,8],"texture":"#0"}}},{"from":[1.5,2.5,3.525],"to":[4.5,4.5,3.525],"rotation":{"angle":45,"axis":"y","origin":[4.5,3.5,3.5]},"faces":{"north":{"uv":[0,14,3,16],"texture":"#0"},"east":{"uv":[0,14,0,16],"texture":"#0"},"south":{"uv":[3,14,0,16],"texture":"#0"},"west":{"uv":[0,14,0,16],"texture":"#0"},"up":{"uv":[0,14,3,14],"texture":"#0"},"down":{"uv":[0,14,3,14],"texture":"#0"}}},{"from":[11.5,2.5,3.525],"to":[14.5,4.5,3.525],"rotation":{"angle":-45,"axis":"y","origin":[11.5,3.5,3.5]},"faces":{"north":{"uv":[3,14,0,16],"texture":"#0"},"east":{"uv":[0,14,0,16],"texture":"#0"},"south":{"uv":[0,14,3,16],"texture":"#0"},"west":{"uv":[0,14,0,16],"texture":"#0"},"up":{"uv":[3,14,0,14],"texture":"#0"},"down":{"uv":[3,14,0,14],"texture":"#0"}}},{"from":[0.5,5,2],"to":[7,11.5,2],"rotation":{"angle":0,"axis":"y","origin":[8.75,4.25,2.5]},"faces":{"north":{"uv":[0,0,13,13],"texture":"#3"},"east":{"uv":[0,0,0,6.5],"texture":"#3"},"south":{"uv":[0,0,13,13],"texture":"#3"},"west":{"uv":[0,0,0,6.5],"texture":"#3"},"up":{"uv":[0,0,6.5,0],"texture":"#3"},"down":{"uv":[0,0,6.5,0],"texture":"#3"}}},{"from":[-1.5,-1,1],"to":[5,5.5,1],"rotation":{"angle":0,"axis":"y","origin":[8.75,4.25,2.5]},"faces":{"north":{"uv":[0,0,13,13],"texture":"#5"},"east":{"uv":[0,0,0,6.5],"texture":"#5"},"south":{"uv":[0,0,13,13],"texture":"#5"},"west":{"uv":[0,0,0,6.5],"texture":"#5"},"up":{"uv":[0,0,6.5,0],"texture":"#5"},"down":{"uv":[0,0,6.5,0],"texture":"#5"}}},{"from":[10.5,4,1],"to":[17,10.5,1],"rotation":{"angle":0,"axis":"y","origin":[8.75,4.25,2.5]},"faces":{"north":{"uv":[0,0,13,13],"texture":"#2"},"east":{"uv":[0,0,0,6.5],"texture":"#2"},"south":{"uv":[0,0,13,13],"texture":"#2"},"west":{"uv":[0,0,0,6.5],"texture":"#2"},"up":{"uv":[0,0,6.5,0],"texture":"#2"},"down":{"uv":[0,0,6.5,0],"texture":"#2"}}},{"from":[8.5,0,0],"to":[15,6.5,0],"rotation":{"angle":0,"axis":"y","origin":[8.75,4.25,2.5]},"faces":{"north":{"uv":[0,0,13,13],"texture":"#4"},"east":{"uv":[0,0,0,6.5],"texture":"#4"},"south":{"uv":[0,0,13,13],"texture":"#4"},"west":{"uv":[0,0,0,6.5],"texture":"#4"},"up":{"uv":[0,0,6.5,0],"texture":"#4"},"down":{"uv":[0,0,6.5,0],"texture":"#4"}}},{"from":[5,1.5,3.5],"to":[7,2,4],"faces":{"north":{"uv":[5,6,7,6.5],"texture":"#0"},"east":{"uv":[5,6,5.5,6.5],"texture":"#0"},"south":{"uv":[5,6,7,6.5],"texture":"#0"},"west":{"uv":[5,6,5.5,6.5],"texture":"#0"},"up":{"uv":[5,6,7,6.5],"texture":"#0"},"down":{"uv":[5,6,7,6.5],"texture":"#0"}}},{"from":[9,1.5,3.5],"to":[11,2,4],"faces":{"north":{"uv":[5,6,7,6.5],"texture":"#0"},"east":{"uv":[5,6,5.5,6.5],"texture":"#0"},"south":{"uv":[5,6,7,6.5],"texture":"#0"},"west":{"uv":[5,6,5.5,6.5],"texture":"#0"},"up":{"uv":[5,6,7,6.5],"texture":"#0"},"down":{"uv":[5,6,7,6.5],"texture":"#0"}}},{"from":[7,2,3.5],"to":[7.5,4,4],"faces":{"north":{"uv":[7,4,7.5,6],"texture":"#0"},"east":{"uv":[7,4,7.5,6],"texture":"#0"},"south":{"uv":[7,4,7.5,6],"texture":"#0"},"west":{"uv":[7,4,7.5,6],"texture":"#0"},"up":{"uv":[7,4,7.5,4.5],"texture":"#0"},"down":{"uv":[7,5.5,7.5,6],"texture":"#0"}}},{"from":[4.5,2,3.5],"to":[5,4,4],"faces":{"north":{"uv":[7,4,7.5,6],"texture":"#0"},"east":{"uv":[7,4,7.5,6],"texture":"#0"},"south":{"uv":[7,4,7.5,6],"texture":"#0"},"west":{"uv":[7,4,7.5,6],"texture":"#0"},"up":{"uv":[7,4,7.5,4.5],"texture":"#0"},"down":{"uv":[7,5.5,7.5,6],"texture":"#0"}}},{"from":[11,2,3.5],"to":[11.5,4,4],"faces":{"north":{"uv":[7,4,7.5,6],"texture":"#0"},"east":{"uv":[7,4,7.5,6],"texture":"#0"},"south":{"uv":[7,4,7.5,6],"texture":"#0"},"west":{"uv":[7,4,7.5,6],"texture":"#0"},"up":{"uv":[7,4,7.5,4.5],"texture":"#0"},"down":{"uv":[7,5.5,7.5,6],"texture":"#0"}}},{"from":[8.5,2,3.5],"to":[9,4,4],"faces":{"north":{"uv":[7,4,7.5,6],"texture":"#0"},"east":{"uv":[7,4,7.5,6],"texture":"#0"},"south":{"uv":[7,4,7.5,6],"texture":"#0"},"west":{"uv":[7,4,7.5,6],"texture":"#0"},"up":{"uv":[7,4,7.5,4.5],"texture":"#0"},"down":{"uv":[7,5.5,7.5,6],"texture":"#0"}}},{"from":[8.5,4,3.5],"to":[11.5,4.5,4],"rotation":{"angle":0,"axis":"y","origin":[16,0,0]},"faces":{"north":{"uv":[7.5,3.5,4.5,4],"texture":"#0"},"east":{"uv":[5,3.5,4.5,4],"texture":"#0"},"south":{"uv":[4.5,3.5,7.5,4],"texture":"#0"},"west":{"uv":[5,3.5,4.5,4],"texture":"#0"},"up":{"uv":[4.5,3.5,7.5,4],"texture":"#0"},"down":{"uv":[4.5,3.5,7.5,4],"texture":"#0"}}},{"from":[4.5,4,3.5],"to":[7.5,4.5,4],"faces":{"north":{"uv":[4.5,3.5,7.5,4],"texture":"#0"},"east":{"uv":[4.5,3.5,5,4],"texture":"#0"},"south":{"uv":[7.5,3.5,4.5,4],"texture":"#0"},"west":{"uv":[4.5,3.5,5,4],"texture":"#0"},"up":{"uv":[7.5,3.5,4.5,4],"texture":"#0"},"down":{"uv":[7.5,3.5,4.5,4],"texture":"#0"}}}],"gui_light":"front","display":{"thirdperson_righthand":{"translation":[0,3,1],"scale":[0.55,0.55,0.55]},"thirdperson_lefthand":{"translation":[0,3,1],"scale":[0.55,0.55,0.55]},"firstperson_righthand":{"rotation":[-178.28,64.97,175.43],"translation":[0,6.5,0],"scale":[0.68,0.68,0.68]},"firstperson_lefthand":{"rotation":[-178.28,64.97,175.43],"translation":[0,6.5,0],"scale":[0.68,0.68,0.68]},"ground":{"translation":[0,2,0],"scale":[0.5,0.5,0.5]},"gui":{"rotation":[-151.25,-45,-180],"translation":[-1.25,3.5,0],"scale":[1.15,1.15,1.15]},"head":{"translation":[0,9.75,1.5],"scale":[2,2,2]},"fixed":{"rotation":[-90,0,0],"translation":[0,3,-15.75],"scale":[2.46,2.46,2.46]}}}