{"credit":"Made with Blockbench","textures":{"0":"meowmi:meowmi/meowmi_ears","particle":"meowmi:meowmi/meowmi_ears"},"elements":[{"from":[10.5,5.75,7.5],"to":[11,8.75,8.5],"rotation":{"angle":0,"axis":"y","origin":[8,8,8]},"faces":{"north":{"uv":[4,6,4.5,9],"texture":"#0"},"east":{"uv":[4,2,5,5],"texture":"#0"},"south":{"uv":[5,6,5.5,9],"texture":"#0"},"west":{"uv":[5,2,6,5],"texture":"#0"},"up":{"uv":[6.5,4,6,3],"texture":"#0"},"down":{"uv":[6.5,4,6,5],"texture":"#0"}}},{"from":[5,5.75,7.5],"to":[5.5,8.75,8.5],"rotation":{"angle":0,"axis":"y","origin":[8,8,8]},"faces":{"north":{"uv":[4.5,6,4,9],"texture":"#0"},"east":{"uv":[6,2,5,5],"texture":"#0"},"south":{"uv":[5.5,6,5,9],"texture":"#0"},"west":{"uv":[5,2,4,5],"texture":"#0"},"up":{"uv":[6,4,6.5,3],"texture":"#0"},"down":{"uv":[6,4,6.5,5],"texture":"#0"}}},{"from":[5.5,8.25,7.5],"to":[10.5,8.75,8.5],"rotation":{"angle":0,"axis":"z","origin":[8,8,8]},"faces":{"north":{"uv":[4,5,9,5.5],"texture":"#0"},"east":{"uv":[6,6,7,6.5],"texture":"#0"},"south":{"uv":[6,2,11,2.5],"texture":"#0"},"west":{"uv":[7,3,8,3.5],"texture":"#0"},"up":{"uv":[9,1,4,0],"texture":"#0"},"down":{"uv":[9,1,4,2],"texture":"#0"}}},{"from":[8,6.75,8],"to":[12,10.75,8],"rotation":{"angle":0,"axis":"y","origin":[8,8,8]},"faces":{"north":{"uv":[0,0,4,4],"texture":"#0"},"south":{"uv":[4,0,0,4],"texture":"#0"}}},{"from":[4,6.75,8],"to":[8,10.75,8],"rotation":{"angle":0,"axis":"y","origin":[8,8,8]},"faces":{"north":{"uv":[4,0,0,4],"texture":"#0"},"south":{"uv":[0,0,4,4],"texture":"#0"}}}],"gui_light":"front","display":{"thirdperson_righthand":{"rotation":[63,0,0]},"thirdperson_lefthand":{"rotation":[63,0,0]},"firstperson_righthand":{"translation":[-1.5,4,2],"scale":[1.33789,1.33789,1.33789]},"firstperson_lefthand":{"translation":[-1.5,4,2],"scale":[1.33789,1.33789,1.33789]},"ground":{"rotation":[40,0,0],"translation":[0,-2.5,0],"scale":[0.7,0.7,0.7]},"gui":{"translation":[0,-0.5,-0.75],"scale":[1.77344,1.77344,1.77344]},"head":{"translation":[0,5.5,0],"scale":[2.5,2.5,2.5]},"fixed":{"translation":[0,-0.5,-1.75],"scale":[2.80664,2.80664,2.80664]}}}