{"credit":"Made with Blockbench","texture_size":[32,32],"textures":{"0":"meowmi:meowmi/meowmi_sword","particle":"meowmi:meowmi/meowmi_sword"},"elements":[{"from":[7.5,0,7.5],"to":[8.5,1,8.5],"rotation":{"angle":0,"axis":"y","origin":[7.5,0,7.5]},"faces":{"north":{"uv":[12.5,4,13,4.5],"texture":"#0"},"east":{"uv":[12.5,9,13,9.5],"texture":"#0"},"south":{"uv":[12.5,9.5,13,10],"texture":"#0"},"west":{"uv":[9.5,13,10,13.5],"texture":"#0"},"up":{"uv":[10.5,13.5,10,13],"texture":"#0"},"down":{"uv":[13.5,10,13,10.5],"texture":"#0"}}},{"from":[7.5,3,7.5],"to":[8.5,4,8.5],"rotation":{"angle":0,"axis":"y","origin":[7.5,3,7.5]},"faces":{"north":{"uv":[2,13.5,2.5,14],"texture":"#0"},"east":{"uv":[13.5,2,14,2.5],"texture":"#0"},"south":{"uv":[13.5,2.5,14,3],"texture":"#0"},"west":{"uv":[13.5,3,14,3.5],"texture":"#0"},"up":{"uv":[14,4,13.5,3.5],"texture":"#0"},"down":{"uv":[14,4,13.5,4.5],"texture":"#0"}}},{"from":[7.5,6,7.5],"to":[8.5,7,8.5],"rotation":{"angle":0,"axis":"y","origin":[7.5,6,7.5]},"faces":{"north":{"uv":[0.5,13.5,1,14],"texture":"#0"},"east":{"uv":[13.5,0.5,14,1],"texture":"#0"},"south":{"uv":[1,13.5,1.5,14],"texture":"#0"},"west":{"uv":[13.5,1,14,1.5],"texture":"#0"},"up":{"uv":[2,14,1.5,13.5],"texture":"#0"},"down":{"uv":[14,1.5,13.5,2],"texture":"#0"}}},{"from":[7.45,6.9,7],"to":[8.55,8.9,9],"rotation":{"angle":-45,"axis":"x","origin":[8.05,7.9,8]},"faces":{"north":{"uv":[10,12,10.5,13],"texture":"#0"},"east":{"uv":[8,5,9,6],"texture":"#0"},"south":{"uv":[10.5,12,11,13],"texture":"#0"},"west":{"uv":[10.5,11,11.5,12],"texture":"#0"},"up":{"uv":[11.5,13,11,12],"texture":"#0"},"down":{"uv":[12,12,11.5,13],"texture":"#0"}}},{"from":[7.55,7.6,7],"to":[8.45,10.6,10],"rotation":{"angle":-45,"axis":"x","origin":[8.05,8.6,8]},"faces":{"north":{"uv":[2.5,11.5,3,13],"texture":"#0"},"east":{"uv":[9,9,10.5,10.5],"texture":"#0"},"south":{"uv":[3,11.5,3.5,13],"texture":"#0"},"west":{"uv":[10,0,11.5,1.5],"texture":"#0"},"up":{"uv":[4,13,3.5,11.5],"texture":"#0"},"down":{"uv":[4.5,11.5,4,13],"texture":"#0"}}},{"from":[7.7625,13.90711,6.5],"to":[8.2375,16.75711,9.35],"rotation":{"angle":-45,"axis":"x","origin":[7.7875,15.40711,8]},"faces":{"north":{"uv":[8.5,12.5,8.75,14],"texture":"#0"},"east":{"uv":[10,1.5,11.5,3],"texture":"#0"},"south":{"uv":[12.5,11,12.75,12.5],"texture":"#0"},"west":{"uv":[10,3,11.5,4.5],"texture":"#0"},"up":{"uv":[12.75,14,12.5,12.5],"texture":"#0"},"down":{"uv":[13.25,0,13,1.5],"texture":"#0"}}},{"from":[7.7625,21.90711,6.5],"to":[8.2375,24.75711,9.35],"rotation":{"angle":-45,"axis":"x","origin":[7.7875,23.40711,8]},"faces":{"north":{"uv":[3,13,3.25,14.5],"texture":"#0"},"east":{"uv":[6,10,7.5,11.5],"texture":"#0"},"south":{"uv":[3.5,13,3.75,14.5],"texture":"#0"},"west":{"uv":[7.5,10,9,11.5],"texture":"#0"},"up":{"uv":[4.25,14.5,4,13],"texture":"#0"},"down":{"uv":[13.25,4,13,5.5],"texture":"#0"}}},{"from":[7.7625,26.90711,6.5],"to":[8.2375,29.75711,9.35],"rotation":{"angle":-45,"axis":"x","origin":[7.7875,28.40711,8]},"faces":{"north":{"uv":[13,5.5,13.25,7],"texture":"#0"},"east":{"uv":[9,10.5,10.5,12],"texture":"#0"},"south":{"uv":[13,7,13.25,8.5],"texture":"#0"},"west":{"uv":[10.5,9,12,10.5],"texture":"#0"},"up":{"uv":[13.25,10,13,8.5],"texture":"#0"},"down":{"uv":[9.25,13,9,14.5],"texture":"#0"}}},{"from":[7.775,9.30711,6],"to":[8.225,15.30711,10],"rotation":{"angle":0,"axis":"x","origin":[7.775,12.80711,8.5]},"faces":{"north":{"uv":[4.5,11.5,4.75,14.5],"texture":"#0"},"east":{"uv":[6,0,8,3],"texture":"#0"},"south":{"uv":[5,11.5,5.25,14.5],"texture":"#0"},"west":{"uv":[6,3,8,6],"texture":"#0"},"up":{"uv":[7.25,14.5,7,12.5],"texture":"#0"},"down":{"uv":[12.75,7,12.5,9],"texture":"#0"}}},{"from":[7.775,23.30711,6],"to":[8.225,28.30711,10],"rotation":{"angle":0,"axis":"x","origin":[7.775,26.80711,8.5]},"faces":{"north":{"uv":[6,11.5,6.25,14],"texture":"#0"},"east":{"uv":[8,0,10,2.5],"texture":"#0"},"south":{"uv":[6.5,11.5,6.75,14],"texture":"#0"},"west":{"uv":[8,2.5,10,5],"texture":"#0"},"up":{"uv":[7.75,14.5,7.5,12.5],"texture":"#0"},"down":{"uv":[8.25,12.5,8,14.5],"texture":"#0"}}},{"from":[7.775,15.30711,6.5],"to":[8.225,23.30711,9.5],"rotation":{"angle":0,"axis":"x","origin":[7.775,18.80711,9]},"faces":{"north":{"uv":[0,11.5,0.25,15.5],"texture":"#0"},"east":{"uv":[6,6,7.5,10],"texture":"#0"},"south":{"uv":[11.5,0,11.75,4],"texture":"#0"},"west":{"uv":[7.5,6,9,10],"texture":"#0"},"up":{"uv":[13.25,3,13,1.5],"texture":"#0"},"down":{"uv":[2.75,13,2.5,14.5],"texture":"#0"}}},{"from":[7.6,1,7.6],"to":[8.4,3,8.4],"rotation":{"angle":0,"axis":"y","origin":[7.5,1,7.5]},"faces":{"north":{"uv":[12,2,12.5,3],"texture":"#0"},"east":{"uv":[12,3,12.5,4],"texture":"#0"},"south":{"uv":[12,5,12.5,6],"texture":"#0"},"west":{"uv":[12,6,12.5,7],"texture":"#0"},"up":{"uv":[11,13.5,10.5,13],"texture":"#0"},"down":{"uv":[11.5,13,11,13.5],"texture":"#0"}}},{"from":[7.6,4,7.6],"to":[8.4,6,8.4],"rotation":{"angle":0,"axis":"y","origin":[7.5,4,7.5]},"faces":{"north":{"uv":[12,7,12.5,8],"texture":"#0"},"east":{"uv":[9,12,9.5,13],"texture":"#0"},"south":{"uv":[12,9,12.5,10],"texture":"#0"},"west":{"uv":[9.5,12,10,13],"texture":"#0"},"up":{"uv":[13.5,11.5,13,11],"texture":"#0"},"down":{"uv":[12,13,11.5,13.5],"texture":"#0"}}},{"from":[7.37,-0.93,7.37],"to":[8.63,0.33,8.63],"rotation":{"angle":-45,"axis":"x","origin":[8,-0.3,8]},"faces":{"north":{"uv":[7,11.5,7.75,12.25],"texture":"#0"},"east":{"uv":[8,11.5,8.75,12.25],"texture":"#0"},"south":{"uv":[11.5,8,12.25,8.75],"texture":"#0"},"west":{"uv":[11.5,11,12.25,11.75],"texture":"#0"},"up":{"uv":[12.75,0.75,12,0],"texture":"#0"},"down":{"uv":[12.75,1,12,1.75],"texture":"#0"}}},{"from":[7.5,7.6,5.4],"to":[8.5,8.6,7.4],"rotation":{"angle":22.5,"axis":"x","origin":[7.5,7.6,6.4]},"faces":{"north":{"uv":[13,11.5,13.5,12],"texture":"#0"},"east":{"uv":[11.5,4,12.5,4.5],"texture":"#0"},"south":{"uv":[12,13,12.5,13.5],"texture":"#0"},"west":{"uv":[12,10,13,10.5],"texture":"#0"},"up":{"uv":[12.5,13,12,12],"texture":"#0"},"down":{"uv":[13,2,12.5,3],"texture":"#0"}}},{"from":[7.45,7.90656,3.8588],"to":[8.55,8.90656,5.8588],"rotation":{"angle":0,"axis":"x","origin":[7.45,7.90656,4.8588]},"faces":{"north":{"uv":[13,12,13.5,12.5],"texture":"#0"},"east":{"uv":[12.5,3,13.5,3.5],"texture":"#0"},"south":{"uv":[13,12.5,13.5,13],"texture":"#0"},"west":{"uv":[12.5,3.5,13.5,4],"texture":"#0"},"up":{"uv":[13,6,12.5,5],"texture":"#0"},"down":{"uv":[13,6,12.5,7],"texture":"#0"}}},{"from":[7.775,8.48156,2.7338],"to":[8.225,9.68156,8.1338],"rotation":{"angle":22.5,"axis":"x","origin":[7.775,8.68156,5.0338]},"faces":{"north":{"uv":[13.5,4.5,13.75,5],"texture":"#0"},"east":{"uv":[10,4.5,12.75,5],"texture":"#0"},"south":{"uv":[13.5,5,13.75,5.5],"texture":"#0"},"west":{"uv":[10.5,10.5,13.25,11],"texture":"#0"},"up":{"uv":[11.75,7.75,11.5,5],"texture":"#0"},"down":{"uv":[5.75,11.5,5.5,14.25],"texture":"#0"}}},{"from":[7.4,7.30656,3.1588],"to":[8.6,10.60656,4.1588],"rotation":{"angle":-22.5,"axis":"x","origin":[7.5,8.30656,3.1588]},"faces":{"north":{"uv":[0.5,11.5,1,13.25],"texture":"#0"},"east":{"uv":[1,11.5,1.5,13.25],"texture":"#0"},"south":{"uv":[1.5,11.5,2,13.25],"texture":"#0"},"west":{"uv":[2,11.5,2.5,13.25],"texture":"#0"},"up":{"uv":[13.5,13.5,13,13],"texture":"#0"},"down":{"uv":[14,0,13.5,0.5],"texture":"#0"}}},{"from":[8,7.3,-1.2],"to":[8,11.3,3.8],"rotation":{"angle":0,"axis":"y","origin":[8,7.3,-0.2]},"faces":{"north":{"uv":[0,0,0,2],"texture":"#0"},"east":{"uv":[9,5,11.5,7],"texture":"#0"},"south":{"uv":[0,0,0,2],"texture":"#0"},"west":{"uv":[9,7,11.5,9],"texture":"#0"},"up":{"uv":[0,2.5,0,0],"texture":"#0"},"down":{"uv":[0,0,0,2.5],"texture":"#0"}}},{"from":[7.775,8.48156,7.8662],"to":[8.225,9.68156,13.2662],"rotation":{"angle":-22.5,"axis":"x","origin":[7.775,8.68156,10.9662]},"faces":{"north":{"uv":[13.75,5,13.5,5.5],"texture":"#0"},"east":{"uv":[12.75,4.5,10,5],"texture":"#0"},"south":{"uv":[13.75,4.5,13.5,5],"texture":"#0"},"west":{"uv":[13.25,10.5,10.5,11],"texture":"#0"},"up":{"uv":[11.75,5,11.5,7.75],"texture":"#0"},"down":{"uv":[5.75,14.25,5.5,11.5],"texture":"#0"}}},{"from":[7.45,7.90656,10.1412],"to":[8.55,8.90656,12.1412],"rotation":{"angle":0,"axis":"x","origin":[7.45,7.90656,11.1412]},"faces":{"north":{"uv":[13.5,12.5,13,13],"texture":"#0"},"east":{"uv":[13.5,3,12.5,3.5],"texture":"#0"},"south":{"uv":[13.5,12,13,12.5],"texture":"#0"},"west":{"uv":[13.5,3.5,12.5,4],"texture":"#0"},"up":{"uv":[13,5,12.5,6],"texture":"#0"},"down":{"uv":[13,7,12.5,6],"texture":"#0"}}},{"from":[7.5,7.6,8.6],"to":[8.5,8.6,10.6],"rotation":{"angle":-22.5,"axis":"x","origin":[7.5,7.6,9.6]},"faces":{"north":{"uv":[12.5,13,12,13.5],"texture":"#0"},"east":{"uv":[12.5,4,11.5,4.5],"texture":"#0"},"south":{"uv":[13.5,11.5,13,12],"texture":"#0"},"west":{"uv":[13,10,12,10.5],"texture":"#0"},"up":{"uv":[12.5,12,12,13],"texture":"#0"},"down":{"uv":[13,3,12.5,2],"texture":"#0"}}},{"from":[7.4,7.30656,11.8412],"to":[8.6,10.60656,12.8412],"rotation":{"angle":22.5,"axis":"x","origin":[7.5,8.30656,12.8412]},"faces":{"north":{"uv":[2,11.5,1.5,13.25],"texture":"#0"},"east":{"uv":[1.5,11.5,1,13.25],"texture":"#0"},"south":{"uv":[1,11.5,0.5,13.25],"texture":"#0"},"west":{"uv":[2.5,11.5,2,13.25],"texture":"#0"},"up":{"uv":[13.5,13,13,13.5],"texture":"#0"},"down":{"uv":[14,0.5,13.5,0],"texture":"#0"}}},{"from":[8,7.3,12.2],"to":[8,11.3,17.2],"rotation":{"angle":0,"axis":"y","origin":[8,7.3,16.2]},"faces":{"north":{"uv":[0,0,0,2],"texture":"#0"},"east":{"uv":[11.5,5,9,7],"texture":"#0"},"south":{"uv":[0,0,0,2],"texture":"#0"},"west":{"uv":[11.5,7,9,9],"texture":"#0"},"up":{"uv":[0,0,0,2.5],"texture":"#0"},"down":{"uv":[0,2.5,0,0],"texture":"#0"}}},{"from":[8,9.4,5],"to":[8,32,11],"rotation":{"angle":0,"axis":"y","origin":[8,9.4,6]},"faces":{"north":{"uv":[0,0,0,11.25],"texture":"#0"},"east":{"uv":[0,0,3,11.25],"texture":"#0"},"south":{"uv":[0,0,0,11.25],"texture":"#0"},"west":{"uv":[3,0,6,11.25],"texture":"#0"},"up":{"uv":[0,3,0,0],"texture":"#0"},"down":{"uv":[0,0,0,3],"texture":"#0"}}}],"gui_light":"front","display":{"thirdperson_righthand":{"translation":[0,1.5,1.5],"scale":[0.89063,0.89063,0.89063]},"thirdperson_lefthand":{"translation":[0,1.5,1.5],"scale":[0.89063,0.89063,0.89063]},"firstperson_righthand":{"rotation":[-13.75,0,0],"translation":[2.5,0.25,0],"scale":[0.75195,0.75195,0.75195]},"firstperson_lefthand":{"rotation":[-13.75,0,0],"translation":[2.5,0.25,0],"scale":[0.75195,0.75195,0.75195]},"ground":{"translation":[0,0.5,0],"scale":[0.5,0.5,0.5]},"gui":{"rotation":[90,-135,90],"translation":[-3.25,-3.25,-0.5],"scale":[0.6043,0.6043,0.6043]},"head":{"scale":[0,0,0]},"fixed":{"rotation":[90,-45,90],"translation":[8.25,-9,-1.5],"scale":[1.72734,1.72734,1.72734]}}}