{
  "credit": "Made with Blockbench",
  "texture_size": [
    64,
    64
  ],
  "textures": {
    "2": "whiscey:items/deadmau5",
    "particle": "whiscey:items/deadmau5"
  },
  "elements": [
    {
      "from": [
        10,
        4,
        2
      ],
      "to": [
        14,
        8,
        6
      ],
      "faces": {
        "north": {
          "uv": [
            0.5,
            10.5,
            1.5,
            11.5
          ],
          "texture": "#2"
        },
        "east": {
          "uv": [
            1.5,
            10.5,
            2.5,
            11.5
          ],
          "texture": "#2"
        },
        "south": {
          "uv": [
            2.5,
            10.5,
            3.5,
            11.5
          ],
          "texture": "#2"
        },
        "west": {
          "uv": [
            10.5,
            2.75,
            11.5,
            3.75
          ],
          "texture": "#2"
        },
        "up": {
          "uv": [
            4.5,
            11.5,
            3.5,
            10.5
          ],
          "texture": "#2"
        },
        "down": {
          "uv": [
            11.5,
            3.75,
            10.5,
            4.75
          ],
          "texture": "#2"
        }
      }
    },
    {
      "from": [
        2,
        4,
        2
      ],
      "to": [
        6,
        8,
        6
      ],
      "faces": {
        "north": {
          "uv": [
            4.5,
            10.5,
            5.5,
            11.5
          ],
          "texture": "#2"
        },
        "east": {
          "uv": [
            10.5,
            4.75,
            11.5,
            5.75
          ],
          "texture": "#2"
        },
        "south": {
          "uv": [
            5.5,
            10.5,
            6.5,
            11.5
          ],
          "texture": "#2"
        },
        "west": {
          "uv": [
            10.5,
            5.75,
            11.5,
            6.75
          ],
          "texture": "#2"
        },
        "up": {
          "uv": [
            7.5,
            11.5,
            6.5,
            10.5
          ],
          "texture": "#2"
        },
        "down": {
          "uv": [
            11.5,
            6.75,
            10.5,
            7.75
          ],
          "texture": "#2"
        }
      }
    },
    {
      "from": [
        3,
        0,
        3
      ],
      "to": [
        13,
        10,
        13
      ],
      "faces": {
        "north": {
          "uv": [
            7.5,
            7.5,
            10,
            10
          ],
          "texture": "#2"
        },
        "east": {
          "uv": [
            0,
            8,
            2.5,
            10.5
          ],
          "texture": "#2"
        },
        "south": {
          "uv": [
            8,
            0,
            10.5,
            2.5
          ],
          "texture": "#2"
        },
        "west": {
          "uv": [
            2.5,
            8,
            5,
            10.5
          ],
          "texture": "#2"
        },
        "up": {
          "uv": [
            10.5,
            5,
            8,
            2.5
          ],
          "texture": "#2"
        },
        "down": {
          "uv": [
            7.5,
            8,
            5,
            10.5
          ],
          "texture": "#2"
        }
      }
    },
    {
      "from": [
        3,
        0,
        3
      ],
      "to": [
        13,
        10,
        13
      ],
      "faces": {
        "north": {
          "uv": [
            0,
            5.5,
            2.5,
            8
          ],
          "texture": "#2",
          "tintindex": 0
        },
        "east": {
          "uv": [
            5.5,
            0,
            8,
            2.5
          ],
          "texture": "#2",
          "tintindex": 0
        },
        "south": {
          "uv": [
            2.5,
            5.5,
            5,
            8
          ],
          "texture": "#2",
          "tintindex": 0
        },
        "west": {
          "uv": [
            5.5,
            2.5,
            8,
            5
          ],
          "texture": "#2",
          "tintindex": 0
        },
        "up": {
          "uv": [
            7.5,
            8,
            5,
            5.5
          ],
          "texture": "#2",
          "tintindex": 0
        },
        "down": {
          "uv": [
            10,
            5,
            7.5,
            7.5
          ],
          "texture": "#2",
          "tintindex": 0
        }
      }
    },
    {
      "from": [
        -5,
        7,
        7.5
      ],
      "to": [
        6,
        18,
        9.5
      ],
      "faces": {
        "north": {
          "uv": [
            2.75,
            0,
            5.5,
            2.75
          ],
          "texture": "#2",
          "tintindex": 0
        },
        "east": {
          "uv": [
            0,
            10.5,
            0.5,
            13.25
          ],
          "texture": "#2",
          "tintindex": 0
        },
        "south": {
          "uv": [
            2.75,
            2.75,
            5.5,
            5.5
          ],
          "texture": "#2",
          "tintindex": 0
        },
        "west": {
          "uv": [
            10.5,
            0,
            11,
            2.75
          ],
          "texture": "#2",
          "tintindex": 0
        },
        "up": {
          "uv": [
            12.75,
            8.75,
            10,
            8.25
          ],
          "texture": "#2",
          "tintindex": 0
        },
        "down": {
          "uv": [
            12.75,
            8.75,
            10,
            9.25
          ],
          "texture": "#2",
          "tintindex": 0
        }
      }
    },
    {
      "from": [
        10,
        7,
        7.5
      ],
      "to": [
        21,
        18,
        9.5
      ],
      "faces": {
        "north": {
          "uv": [
            0,
            0,
            2.75,
            2.75
          ],
          "texture": "#2",
          "tintindex": 0
        },
        "east": {
          "uv": [
            10,
            5,
            10.5,
            7.75
          ],
          "texture": "#2",
          "tintindex": 0
        },
        "south": {
          "uv": [
            0,
            2.75,
            2.75,
            5.5
          ],
          "texture": "#2",
          "tintindex": 0
        },
        "west": {
          "uv": [
            7.5,
            10,
            8,
            12.75
          ],
          "texture": "#2",
          "tintindex": 0
        },
        "up": {
          "uv": [
            12.75,
            8.25,
            10,
            7.75
          ],
          "texture": "#2",
          "tintindex": 0
        },
        "down": {
          "uv": [
            10.75,
            10,
            8,
            10.5
          ],
          "texture": "#2",
          "tintindex": 0
        }
      }
    }
  ],
  "display": {
    "thirdperson_righthand": {
      "rotation": [
        40,
        40,
        0
      ],
      "translation": [
        0,
        0,
        -0.25
      ],
      "scale": [
        0.3,
        0.3,
        0.3
      ]
    },
    "thirdperson_lefthand": {
      "rotation": [
        40,
        40,
        0
      ],
      "translation": [
        0,
        0,
        -0.25
      ],
      "scale": [
        0.3,
        0.3,
        0.3
      ]
    },
    "firstperson_righthand": {
      "rotation": [
        0,
        129,
        0
      ],
      "translation": [
        4,
        0,
        -4
      ],
      "scale": [
        0.4,
        0.4,
        0.4
      ]
    },
    "firstperson_lefthand": {
      "rotation": [
        0,
        129,
        0
      ],
      "translation": [
        4,
        0,
        -4
      ],
      "scale": [
        0.4,
        0.4,
        0.4
      ]
    },
    "ground": {
      "scale": [
        0.5,
        0.5,
        0.5
      ]
    },
    "gui": {
      "rotation": [
        35,
        -155,
        0
      ],
      "translation": [
        0.25,
        -0.25,
        0
      ],
      "scale": [
        0.6,
        0.6,
        0.6
      ]
    },
    "head": {
      "translation": [
        0,
        4.5,
        0
      ],
      "scale": [
        1.4,
        1.4,
        1.4
      ]
    }
  },
  "groups": [
    0,
    1,
    2,
    {
      "name": "dyeable",
      "origin": [
        0,
        0,
        0
      ],
      "color": 0,
      "children": [
        3,
        4,
        5
      ]
    }
  ]
}