{
  "credit": "Made with Blockbench",
  "texture_size": [
    128,
    128
  ],
  "textures": {
    "1": "whiscey:items/deadmau5_big"
  },
  "elements": [
    {
      "from": [
        10,
        4,
        2
      ],
      "to": [
        14,
        8,
        6
      ],
      "faces": {
        "north": {
          "uv": [
            4.5,
            3.75,
            5,
            4.25
          ],
          "texture": "#1"
        },
        "east": {
          "uv": [
            3,
            6,
            3.5,
            6.5
          ],
          "texture": "#1"
        },
        "south": {
          "uv": [
            3.5,
            6,
            4,
            6.5
          ],
          "texture": "#1"
        },
        "west": {
          "uv": [
            4,
            6,
            4.5,
            6.5
          ],
          "texture": "#1"
        },
        "up": {
          "uv": [
            5,
            6.5,
            4.5,
            6
          ],
          "texture": "#1"
        },
        "down": {
          "uv": [
            6.75,
            1.75,
            6.25,
            2.25
          ],
          "texture": "#1"
        }
      }
    },
    {
      "from": [
        2,
        4,
        2
      ],
      "to": [
        6,
        8,
        6
      ],
      "faces": {
        "north": {
          "uv": [
            6.25,
            2.25,
            6.75,
            2.75
          ],
          "texture": "#1"
        },
        "east": {
          "uv": [
            6.25,
            2.75,
            6.75,
            3.25
          ],
          "texture": "#1"
        },
        "south": {
          "uv": [
            6.25,
            3.75,
            6.75,
            4.25
          ],
          "texture": "#1"
        },
        "west": {
          "uv": [
            6.25,
            4.25,
            6.75,
            4.75
          ],
          "texture": "#1"
        },
        "up": {
          "uv": [
            6.75,
            5.25,
            6.25,
            4.75
          ],
          "texture": "#1"
        },
        "down": {
          "uv": [
            5.5,
            6.25,
            5,
            6.75
          ],
          "texture": "#1"
        }
      }
    },
    {
      "from": [
        3,
        0,
        3
      ],
      "to": [
        13,
        10,
        13
      ],
      "faces": {
        "north": {
          "uv": [
            3.75,
            4.5,
            5,
            5.75
          ],
          "texture": "#1"
        },
        "east": {
          "uv": [
            5,
            3.75,
            6.25,
            5
          ],
          "texture": "#1"
        },
        "south": {
          "uv": [
            5,
            5,
            6.25,
            6.25
          ],
          "texture": "#1"
        },
        "west": {
          "uv": [
            0,
            5.75,
            1.25,
            7
          ],
          "texture": "#1"
        },
        "up": {
          "uv": [
            7,
            1.25,
            5.75,
            0
          ],
          "texture": "#1"
        },
        "down": {
          "uv": [
            2.5,
            5.75,
            1.25,
            7
          ],
          "texture": "#1"
        }
      }
    },
    {
      "from": [
        3,
        0,
        3
      ],
      "to": [
        13,
        10,
        13
      ],
      "faces": {
        "north": {
          "uv": [
            0,
            4.5,
            1.25,
            5.75
          ],
          "texture": "#1",
          "tintindex": 0
        },
        "east": {
          "uv": [
            4.5,
            0,
            5.75,
            1.25
          ],
          "texture": "#1",
          "tintindex": 0
        },
        "south": {
          "uv": [
            1.25,
            4.5,
            2.5,
            5.75
          ],
          "texture": "#1",
          "tintindex": 0
        },
        "west": {
          "uv": [
            4.5,
            1.25,
            5.75,
            2.5
          ],
          "texture": "#1",
          "tintindex": 0
        },
        "up": {
          "uv": [
            3.75,
            5.75,
            2.5,
            4.5
          ],
          "texture": "#1",
          "tintindex": 0
        },
        "down": {
          "uv": [
            5.75,
            2.5,
            4.5,
            3.75
          ],
          "texture": "#1",
          "tintindex": 0
        }
      }
    },
    {
      "from": [
        -12,
        7,
        7.5
      ],
      "to": [
        6,
        25,
        9.5
      ],
      "faces": {
        "north": {
          "uv": [
            2.25,
            0,
            4.5,
            2.25
          ],
          "texture": "#1",
          "tintindex": 0
        },
        "east": {
          "uv": [
            6,
            1.25,
            6.25,
            3.5
          ],
          "texture": "#1",
          "tintindex": 0
        },
        "south": {
          "uv": [
            2.25,
            2.25,
            4.5,
            4.5
          ],
          "texture": "#1",
          "tintindex": 0
        },
        "west": {
          "uv": [
            2.75,
            6,
            3,
            8.25
          ],
          "texture": "#1",
          "tintindex": 0
        },
        "up": {
          "uv": [
            8.5,
            1.5,
            6.25,
            1.25
          ],
          "texture": "#1",
          "tintindex": 0
        },
        "down": {
          "uv": [
            8.5,
            1.5,
            6.25,
            1.75
          ],
          "texture": "#1",
          "tintindex": 0
        }
      }
    },
    {
      "from": [
        10,
        7,
        7.5
      ],
      "to": [
        28,
        25,
        9.5
      ],
      "faces": {
        "north": {
          "uv": [
            0,
            0,
            2.25,
            2.25
          ],
          "texture": "#1",
          "tintindex": 0
        },
        "east": {
          "uv": [
            5.75,
            1.25,
            6,
            3.5
          ],
          "texture": "#1",
          "tintindex": 0
        },
        "south": {
          "uv": [
            0,
            2.25,
            2.25,
            4.5
          ],
          "texture": "#1",
          "tintindex": 0
        },
        "west": {
          "uv": [
            2.5,
            5.75,
            2.75,
            8
          ],
          "texture": "#1",
          "tintindex": 0
        },
        "up": {
          "uv": [
            5,
            6,
            2.75,
            5.75
          ],
          "texture": "#1",
          "tintindex": 0
        },
        "down": {
          "uv": [
            8,
            3.5,
            5.75,
            3.75
          ],
          "texture": "#1",
          "tintindex": 0
        }
      }
    }
  ],
  "display": {
    "thirdperson_righthand": {
      "rotation": [
        40,
        40,
        0
      ],
      "translation": [
        0,
        0,
        -0.25
      ],
      "scale": [
        0.3,
        0.3,
        0.3
      ]
    },
    "thirdperson_lefthand": {
      "rotation": [
        40,
        40,
        0
      ],
      "translation": [
        0,
        0,
        -0.25
      ],
      "scale": [
        0.3,
        0.3,
        0.3
      ]
    },
    "firstperson_righthand": {
      "rotation": [
        0,
        129,
        0
      ],
      "translation": [
        4,
        0,
        -4
      ],
      "scale": [
        0.4,
        0.4,
        0.4
      ]
    },
    "firstperson_lefthand": {
      "rotation": [
        0,
        129,
        0
      ],
      "translation": [
        4,
        0,
        -4
      ],
      "scale": [
        0.4,
        0.4,
        0.4
      ]
    },
    "ground": {
      "scale": [
        0.5,
        0.5,
        0.5
      ]
    },
    "gui": {
      "rotation": [
        35,
        -155,
        0
      ],
      "translation": [
        0.25,
        -0.75,
        0
      ],
      "scale": [
        0.4,
        0.4,
        0.4
      ]
    },
    "head": {
      "translation": [
        0,
        4.5,
        0
      ],
      "scale": [
        1.4,
        1.4,
        1.4
      ]
    }
  },
  "groups": [
    0,
    1,
    2,
    {
      "name": "dyeable",
      "origin": [
        0,
        0,
        0
      ],
      "color": 0,
      "children": [
        3,
        4,
        5
      ]
    }
  ]
}