{
  "credit": "MadewithBlockbench",
  "texture_size": [
    128,
    128
  ],
  "textures": {
    "0": "elitecreatures:diablo_weapon_set/diablo_texture",
    "1": "elitecreatures:diablo_weapon_set/animation",
    "particle": "elitecreatures:diablo_weapon_set/diablo_texture"
  },
  "elements": [
    {
      "from": [
        6.875,
        11,
        6.875
      ],
      "to": [
        9.125,
        21.5,
        9.125
      ],
      "rotation": {
        "angle": 0,
        "axis": "y",
        "origin": [
          20,
          30.5,
          -4
        ]
      },
      "faces": {
        "north": {
          "uv": [
            5.9375,
            1.125,
            5.625,
            2.4375
          ],
          "texture": "#0"
        },
        "east": {
          "uv": [
            1.8125,
            5.75,
            1.5,
            7.0625
          ],
          "texture": "#0"
        },
        "south": {
          "uv": [
            1.4375,
            5.75,
            1.125,
            7.0625
          ],
          "texture": "#0"
        },
        "west": {
          "uv": [
            3.4375,
            5.625,
            3.125,
            6.9375
          ],
          "texture": "#0"
        },
        "up": {
          "uv": [
            7.375,
            6.4375,
            7.6875,
            6.125
          ],
          "texture": "#0"
        },
        "down": {
          "uv": [
            6.25,
            7.375,
            6.5625,
            7.6875
          ],
          "texture": "#0"
        }
      }
    },
    {
      "from": [
        6.775,
        -10,
        6.775
      ],
      "to": [
        9.275,
        8.75,
        9.275
      ],
      "rotation": {
        "angle": 0,
        "axis": "y",
        "origin": [
          -4,
          9.5,
          -4
        ]
      },
      "faces": {
        "north": {
          "uv": [
            0,
            3.625,
            0.3125,
            5.9375
          ],
          "texture": "#0"
        },
        "east": {
          "uv": [
            0.375,
            3.625,
            0.6875,
            5.9375
          ],
          "texture": "#0"
        },
        "south": {
          "uv": [
            0.75,
            3.625,
            1.0625,
            5.9375
          ],
          "texture": "#0"
        },
        "west": {
          "uv": [
            3.75,
            0,
            4.0625,
            2.3125
          ],
          "texture": "#0"
        },
        "up": {
          "uv": [
            3.3125,
            7.8125,
            3,
            7.5
          ],
          "texture": "#0"
        },
        "down": {
          "uv": [
            7.8125,
            3.25,
            7.5,
            3.5625
          ],
          "texture": "#0"
        }
      }
    },
    {
      "from": [
        5.375,
        23,
        5.375
      ],
      "to": [
        10.625,
        26,
        10.625
      ],
      "rotation": {
        "angle": 0,
        "axis": "y",
        "origin": [
          20,
          30.5,
          -4
        ]
      },
      "faces": {
        "north": {
          "uv": [
            7.0625,
            3.125,
            6.375,
            3.5
          ],
          "texture": "#0"
        },
        "east": {
          "uv": [
            7.0625,
            4.25,
            6.375,
            4.625
          ],
          "texture": "#0"
        },
        "south": {
          "uv": [
            7.0625,
            3.875,
            6.375,
            4.25
          ],
          "texture": "#0"
        },
        "west": {
          "uv": [
            7.0625,
            3.5,
            6.375,
            3.875
          ],
          "texture": "#0"
        },
        "up": {
          "uv": [
            4.875,
            1.6875,
            5.5625,
            1
          ],
          "texture": "#0"
        },
        "down": {
          "uv": [
            4.875,
            1.75,
            5.5625,
            2.4375
          ],
          "texture": "#0"
        }
      }
    },
    {
      "from": [
        6.125,
        21.5,
        6.125
      ],
      "to": [
        9.875,
        23,
        9.875
      ],
      "rotation": {
        "angle": 0,
        "axis": "y",
        "origin": [
          20,
          30.5,
          -4
        ]
      },
      "faces": {
        "north": {
          "uv": [
            8,
            4.75,
            7.5,
            4.9375
          ],
          "texture": "#0"
        },
        "east": {
          "uv": [
            8,
            7,
            7.5,
            7.1875
          ],
          "texture": "#0"
        },
        "south": {
          "uv": [
            8,
            6.75,
            7.5,
            6.9375
          ],
          "texture": "#0"
        },
        "west": {
          "uv": [
            5.375,
            7.5,
            4.875,
            7.6875
          ],
          "texture": "#0"
        },
        "up": {
          "uv": [
            6.5,
            1.5,
            7,
            1
          ],
          "texture": "#0"
        },
        "down": {
          "uv": [
            4.5,
            6.5,
            5,
            7
          ],
          "texture": "#0"
        }
      }
    },
    {
      "from": [
        6.125,
        -12.25,
        6.125
      ],
      "to": [
        9.875,
        -10,
        9.875
      ],
      "rotation": {
        "angle": 0,
        "axis": "y",
        "origin": [
          -4,
          9.5,
          -4
        ]
      },
      "faces": {
        "north": {
          "uv": [
            7,
            2.75,
            7.5,
            3.0625
          ],
          "texture": "#0"
        },
        "east": {
          "uv": [
            4.5,
            7,
            5,
            7.3125
          ],
          "texture": "#0"
        },
        "south": {
          "uv": [
            7,
            4.625,
            7.5,
            4.9375
          ],
          "texture": "#0"
        },
        "west": {
          "uv": [
            7,
            6.875,
            7.5,
            7.1875
          ],
          "texture": "#0"
        },
        "up": {
          "uv": [
            7,
            0.5,
            6.5,
            0
          ],
          "texture": "#0"
        },
        "down": {
          "uv": [
            7,
            0.5,
            6.5,
            1
          ],
          "texture": "#0"
        }
      }
    },
    {
      "from": [
        6.125,
        8.75,
        6.125
      ],
      "to": [
        9.875,
        11,
        9.875
      ],
      "rotation": {
        "angle": 0,
        "axis": "y",
        "origin": [
          -4,
          30.5,
          -4
        ]
      },
      "faces": {
        "north": {
          "uv": [
            7,
            2.75,
            7.5,
            3.0625
          ],
          "texture": "#0"
        },
        "east": {
          "uv": [
            4.5,
            7,
            5,
            7.3125
          ],
          "texture": "#0"
        },
        "south": {
          "uv": [
            7,
            4.625,
            7.5,
            4.9375
          ],
          "texture": "#0"
        },
        "west": {
          "uv": [
            7,
            6.875,
            7.5,
            7.1875
          ],
          "texture": "#0"
        },
        "up": {
          "uv": [
            7,
            0.5,
            6.5,
            0
          ],
          "texture": "#0"
        },
        "down": {
          "uv": [
            7,
            0.5,
            6.5,
            1
          ],
          "texture": "#0"
        }
      }
    },
    {
      "from": [
        9,
        10,
        8
      ],
      "to": [
        19,
        26,
        8
      ],
      "rotation": {
        "angle": 0,
        "axis": "y",
        "origin": [
          20,
          35.75,
          -4
        ]
      },
      "faces": {
        "north": {
          "uv": [
            1.25,
            8.1875,
            0,
            10.1875
          ],
          "texture": "#0"
        },
        "east": {
          "uv": [
            0,
            0,
            0,
            1.375
          ],
          "texture": "#0"
        },
        "south": {
          "uv": [
            0,
            8.1875,
            1.25,
            10.1875
          ],
          "texture": "#0"
        },
        "west": {
          "uv": [
            0,
            0,
            0,
            1.375
          ],
          "texture": "#0"
        },
        "up": {
          "uv": [
            0,
            0,
            1.25,
            0
          ],
          "texture": "#0"
        },
        "down": {
          "uv": [
            0,
            0,
            1.25,
            0
          ],
          "texture": "#0"
        }
      }
    },
    {
      "from": [
        -1,
        4.5,
        8
      ],
      "to": [
        8,
        22.5,
        8
      ],
      "rotation": {
        "angle": 45,
        "axis": "z",
        "origin": [
          -1,
          14.5,
          8
        ]
      },
      "faces": {
        "north": {
          "uv": [
            7,
            0,
            16,
            4.5
          ],
          "rotation": 270,
          "texture": "#1"
        },
        "east": {
          "uv": [
            0,
            0,
            4,
            0
          ],
          "rotation": 90,
          "texture": "#missing"
        },
        "south": {
          "uv": [
            16,
            0,
            7,
            4.5
          ],
          "rotation": 90,
          "texture": "#1"
        },
        "west": {
          "uv": [
            0,
            0,
            4,
            0
          ],
          "rotation": 90,
          "texture": "#missing"
        },
        "up": {
          "uv": [
            0,
            0,
            0,
            4
          ],
          "rotation": 90,
          "texture": "#missing"
        },
        "down": {
          "uv": [
            0,
            0,
            0,
            4
          ],
          "rotation": 90,
          "texture": "#missing"
        }
      }
    },
    {
      "from": [
        6.29114,
        24.63556,
        5.75
      ],
      "to": [
        8.54114,
        28.38556,
        10.25
      ],
      "rotation": {
        "angle": -22.5,
        "axis": "z",
        "origin": [
          11.375,
          23.75,
          8
        ]
      },
      "faces": {
        "north": {
          "uv": [
            7.4375,
            3.5,
            7.125,
            3.9375
          ],
          "texture": "#0"
        },
        "east": {
          "uv": [
            6.0625,
            6.625,
            5.5,
            7.0625
          ],
          "texture": "#0"
        },
        "south": {
          "uv": [
            3.9375,
            7.125,
            3.625,
            7.5625
          ],
          "texture": "#0"
        },
        "west": {
          "uv": [
            4.0625,
            6.625,
            3.5,
            7.0625
          ],
          "texture": "#0"
        },
        "up": {
          "uv": [
            6.625,
            7.4375,
            6.9375,
            6.875
          ],
          "texture": "#0"
        },
        "down": {
          "uv": [
            7,
            0,
            7.3125,
            0.5625
          ],
          "texture": "#0"
        }
      }
    },
    {
      "from": [
        10.82323,
        25.51709,
        5.375
      ],
      "to": [
        14.94823,
        28.14209,
        10.625
      ],
      "rotation": {
        "angle": 45,
        "axis": "z",
        "origin": [
          11.375,
          23.75,
          8
        ]
      },
      "faces": {
        "north": {
          "uv": [
            1.625,
            7.125,
            1.125,
            7.4375
          ],
          "texture": "#0"
        },
        "east": {
          "uv": [
            7.3125,
            6.125,
            6.625,
            6.4375
          ],
          "texture": "#0"
        },
        "south": {
          "uv": [
            3.625,
            7.125,
            3.125,
            7.4375
          ],
          "texture": "#0"
        },
        "west": {
          "uv": [
            7.3125,
            5.75,
            6.625,
            6.0625
          ],
          "texture": "#0"
        },
        "up": {
          "uv": [
            5.875,
            3.1875,
            6.375,
            2.5
          ],
          "texture": "#0"
        },
        "down": {
          "uv": [
            2.625,
            5.875,
            3.125,
            6.5625
          ],
          "texture": "#0"
        }
      }
    },
    {
      "from": [
        9.875,
        23.75,
        5
      ],
      "to": [
        14.375,
        26.75,
        11
      ],
      "rotation": {
        "angle": 22.5,
        "axis": "z",
        "origin": [
          11.375,
          23.75,
          8
        ]
      },
      "faces": {
        "north": {
          "uv": [
            7.1875,
            6.5,
            6.625,
            6.875
          ],
          "texture": "#0"
        },
        "east": {
          "uv": [
            6.75,
            1.875,
            6,
            2.25
          ],
          "texture": "#0"
        },
        "south": {
          "uv": [
            7.3125,
            1.5,
            6.75,
            1.875
          ],
          "texture": "#0"
        },
        "west": {
          "uv": [
            6.75,
            1.5,
            6,
            1.875
          ],
          "texture": "#0"
        },
        "up": {
          "uv": [
            3.125,
            5.625,
            3.6875,
            4.875
          ],
          "texture": "#0"
        },
        "down": {
          "uv": [
            4.75,
            5,
            5.3125,
            5.75
          ],
          "texture": "#0"
        }
      }
    },
    {
      "from": [
        3.125,
        25.875,
        6.875
      ],
      "to": [
        5.375,
        28.875,
        9.125
      ],
      "rotation": {
        "angle": 22.5,
        "axis": "z",
        "origin": [
          5.375,
          25.875,
          8
        ]
      },
      "faces": {
        "north": {
          "uv": [
            7.375,
            0.625,
            7.6875,
            0.25
          ],
          "texture": "#0"
        },
        "east": {
          "uv": [
            7.375,
            1.75,
            7.6875,
            1.375
          ],
          "texture": "#0"
        },
        "south": {
          "uv": [
            7.375,
            2.5,
            7.6875,
            2.125
          ],
          "texture": "#0"
        },
        "west": {
          "uv": [
            2.25,
            7.75,
            2.5625,
            7.375
          ],
          "texture": "#0"
        },
        "up": {
          "uv": [
            7.8125,
            2.0625,
            7.5,
            1.75
          ],
          "texture": "#0"
        },
        "down": {
          "uv": [
            1.4375,
            7.5,
            1.125,
            7.8125
          ],
          "texture": "#0"
        }
      }
    },
    {
      "from": [
        4.27305,
        28.64664,
        7.25
      ],
      "to": [
        6.52305,
        31.64664,
        8.75
      ],
      "rotation": {
        "angle": 45,
        "axis": "z",
        "origin": [
          5.375,
          25.875,
          8
        ]
      },
      "faces": {
        "north": {
          "uv": [
            2.625,
            7.75,
            2.9375,
            7.375
          ],
          "texture": "#0"
        },
        "east": {
          "uv": [
            3.625,
            8,
            3.8125,
            7.625
          ],
          "texture": "#0"
        },
        "south": {
          "uv": [
            7.375,
            4.375,
            7.6875,
            4
          ],
          "texture": "#0"
        },
        "west": {
          "uv": [
            4.125,
            8,
            4.3125,
            7.625
          ],
          "texture": "#0"
        },
        "up": {
          "uv": [
            4.8125,
            7.9375,
            4.5,
            7.75
          ],
          "texture": "#0"
        },
        "down": {
          "uv": [
            8.0625,
            4,
            7.75,
            4.1875
          ],
          "texture": "#0"
        }
      }
    },
    {
      "from": [
        -2.51796,
        26.89437,
        7.475
      ],
      "to": [
        0.48204,
        29.14437,
        8.6
      ],
      "rotation": {
        "angle": -22.5,
        "axis": "z",
        "origin": [
          5.375,
          25.875,
          8
        ]
      },
      "faces": {
        "north": {
          "uv": [
            4.5,
            7.6875,
            4.875,
            7.375
          ],
          "texture": "#0"
        },
        "east": {
          "uv": [
            1,
            8.0625,
            1.125,
            7.75
          ],
          "texture": "#0"
        },
        "south": {
          "uv": [
            7.375,
            6.0625,
            7.75,
            5.75
          ],
          "texture": "#0"
        },
        "west": {
          "uv": [
            4,
            8.0625,
            4.125,
            7.75
          ],
          "texture": "#0"
        },
        "up": {
          "uv": [
            3.5,
            7.125,
            3.125,
            7
          ],
          "texture": "#0"
        },
        "down": {
          "uv": [
            7.375,
            1.375,
            7,
            1.5
          ],
          "texture": "#0"
        }
      }
    },
    {
      "from": [
        7.625,
        -16,
        7.625
      ],
      "to": [
        8.375,
        -13.75,
        8.375
      ],
      "rotation": {
        "angle": 0,
        "axis": "y",
        "origin": [
          -4,
          9.5,
          -4
        ]
      },
      "faces": {
        "north": {
          "uv": [
            6,
            7.75,
            6.125,
            8.0625
          ],
          "texture": "#0"
        },
        "east": {
          "uv": [
            6.25,
            7.75,
            6.375,
            8.0625
          ],
          "texture": "#0"
        },
        "south": {
          "uv": [
            7.75,
            6.25,
            7.875,
            6.5625
          ],
          "texture": "#0"
        },
        "west": {
          "uv": [
            6.375,
            7.75,
            6.5,
            8.0625
          ],
          "texture": "#0"
        },
        "up": {
          "uv": [
            1.25,
            4.5,
            1.125,
            4.375
          ],
          "texture": "#0"
        },
        "down": {
          "uv": [
            7,
            4.625,
            6.875,
            4.75
          ],
          "texture": "#0"
        }
      }
    },
    {
      "from": [
        7.25,
        -13.75,
        7.25
      ],
      "to": [
        8.75,
        -12.25,
        8.75
      ],
      "rotation": {
        "angle": 0,
        "axis": "y",
        "origin": [
          -4,
          9.5,
          -4
        ]
      },
      "faces": {
        "north": {
          "uv": [
            6.5,
            7.75,
            6.6875,
            7.9375
          ],
          "texture": "#0"
        },
        "east": {
          "uv": [
            6.75,
            7.75,
            6.9375,
            7.9375
          ],
          "texture": "#0"
        },
        "south": {
          "uv": [
            7,
            7.75,
            7.1875,
            7.9375
          ],
          "texture": "#0"
        },
        "west": {
          "uv": [
            7.25,
            7.75,
            7.4375,
            7.9375
          ],
          "texture": "#0"
        },
        "up": {
          "uv": [
            7.6875,
            7.9375,
            7.5,
            7.75
          ],
          "texture": "#0"
        },
        "down": {
          "uv": [
            7.9375,
            7.75,
            7.75,
            7.9375
          ],
          "texture": "#0"
        }
      }
    },
    {
      "from": [
        7.625,
        5,
        7.625
      ],
      "to": [
        8.375,
        7.25,
        8.375
      ],
      "rotation": {
        "angle": 0,
        "axis": "y",
        "origin": [
          -4,
          30.5,
          -4
        ]
      },
      "faces": {
        "north": {
          "uv": [
            6,
            7.75,
            6.125,
            8.0625
          ],
          "texture": "#0"
        },
        "east": {
          "uv": [
            6.25,
            7.75,
            6.375,
            8.0625
          ],
          "texture": "#0"
        },
        "south": {
          "uv": [
            7.75,
            6.25,
            7.875,
            6.5625
          ],
          "texture": "#0"
        },
        "west": {
          "uv": [
            6.375,
            7.75,
            6.5,
            8.0625
          ],
          "texture": "#0"
        },
        "up": {
          "uv": [
            1.25,
            4.5,
            1.125,
            4.375
          ],
          "texture": "#0"
        },
        "down": {
          "uv": [
            7,
            4.625,
            6.875,
            4.75
          ],
          "texture": "#0"
        }
      }
    },
    {
      "from": [
        7.25,
        7.25,
        7.25
      ],
      "to": [
        8.75,
        8.75,
        8.75
      ],
      "rotation": {
        "angle": 0,
        "axis": "y",
        "origin": [
          -4,
          30.5,
          -4
        ]
      },
      "faces": {
        "north": {
          "uv": [
            6.5,
            7.75,
            6.6875,
            7.9375
          ],
          "texture": "#0"
        },
        "east": {
          "uv": [
            6.75,
            7.75,
            6.9375,
            7.9375
          ],
          "texture": "#0"
        },
        "south": {
          "uv": [
            7,
            7.75,
            7.1875,
            7.9375
          ],
          "texture": "#0"
        },
        "west": {
          "uv": [
            7.25,
            7.75,
            7.4375,
            7.9375
          ],
          "texture": "#0"
        },
        "up": {
          "uv": [
            7.6875,
            7.9375,
            7.5,
            7.75
          ],
          "texture": "#0"
        },
        "down": {
          "uv": [
            7.9375,
            7.75,
            7.75,
            7.9375
          ],
          "texture": "#0"
        }
      }
    },
    {
      "from": [
        0.59427,
        20.42268,
        5.75
      ],
      "to": [
        2.84427,
        22.67268,
        10.25
      ],
      "rotation": {
        "angle": 45,
        "axis": "z",
        "origin": [
          5.375,
          26.375,
          8
        ]
      },
      "faces": {
        "north": {
          "uv": [
            7.8125,
            2.5,
            7.5,
            2.8125
          ],
          "texture": "#0"
        },
        "east": {
          "uv": [
            7.5625,
            1,
            7,
            1.3125
          ],
          "texture": "#0"
        },
        "south": {
          "uv": [
            7.8125,
            2.875,
            7.5,
            3.1875
          ],
          "texture": "#0"
        },
        "west": {
          "uv": [
            7.5625,
            0.625,
            7,
            0.9375
          ],
          "texture": "#0"
        },
        "up": {
          "uv": [
            1.875,
            7.5625,
            2.1875,
            7
          ],
          "texture": "#0"
        },
        "down": {
          "uv": [
            7,
            2.125,
            7.3125,
            2.6875
          ],
          "texture": "#0"
        }
      }
    },
    {
      "from": [
        2.375,
        21.125,
        5
      ],
      "to": [
        6.125,
        26.375,
        11
      ],
      "rotation": {
        "angle": 22.5,
        "axis": "z",
        "origin": [
          5.375,
          26.375,
          8
        ]
      },
      "faces": {
        "north": {
          "uv": [
            6.375,
            3.25,
            5.875,
            3.9375
          ],
          "texture": "#0"
        },
        "east": {
          "uv": [
            5.5,
            4.25,
            4.75,
            4.9375
          ],
          "texture": "#0"
        },
        "south": {
          "uv": [
            6.375,
            4,
            5.875,
            4.6875
          ],
          "texture": "#0"
        },
        "west": {
          "uv": [
            5.5,
            3.5,
            4.75,
            4.1875
          ],
          "texture": "#0"
        },
        "up": {
          "uv": [
            3,
            2.125,
            3.5,
            1.375
          ],
          "texture": "#0"
        },
        "down": {
          "uv": [
            5.125,
            0,
            5.625,
            0.75
          ],
          "texture": "#0"
        }
      }
    },
    {
      "from": [
        7.25,
        -9.04657,
        5.79657
      ],
      "to": [
        8.75,
        -7.54657,
        7.29657
      ],
      "rotation": {
        "angle": -45,
        "axis": "x",
        "origin": [
          7.875,
          -10.375,
          10.125
        ]
      },
      "faces": {
        "north": {
          "uv": [
            7.875,
            0,
            8.0625,
            0.1875
          ],
          "texture": "#0"
        },
        "east": {
          "uv": [
            1.125,
            7.875,
            1.3125,
            8.0625
          ],
          "texture": "#0"
        },
        "south": {
          "uv": [
            1.75,
            7.875,
            1.9375,
            8.0625
          ],
          "texture": "#0"
        },
        "west": {
          "uv": [
            7.875,
            1.75,
            8.0625,
            1.9375
          ],
          "texture": "#0"
        },
        "up": {
          "uv": [
            2.1875,
            8.0625,
            2,
            7.875
          ],
          "texture": "#0"
        },
        "down": {
          "uv": [
            8.0625,
            2.5,
            7.875,
            2.6875
          ],
          "texture": "#0"
        }
      }
    },
    {
      "from": [
        7.625,
        -8.67157,
        4.29657
      ],
      "to": [
        8.375,
        -7.92157,
        5.79657
      ],
      "rotation": {
        "angle": -45,
        "axis": "x",
        "origin": [
          7.875,
          -10.375,
          10.125
        ]
      },
      "faces": {
        "north": {
          "uv": [
            7.375,
            1.75,
            7.5,
            1.875
          ],
          "texture": "#0"
        },
        "east": {
          "uv": [
            7.25,
            6.75,
            7.4375,
            6.875
          ],
          "texture": "#0"
        },
        "south": {
          "uv": [
            3,
            7.375,
            3.125,
            7.5
          ],
          "texture": "#0"
        },
        "west": {
          "uv": [
            7.75,
            5.125,
            7.9375,
            5.25
          ],
          "texture": "#0"
        },
        "up": {
          "uv": [
            8,
            3.9375,
            7.875,
            3.75
          ],
          "texture": "#0"
        },
        "down": {
          "uv": [
            8,
            4.375,
            7.875,
            4.5625
          ],
          "texture": "#0"
        }
      }
    },
    {
      "from": [
        7.625,
        -11.5,
        11.375
      ],
      "to": [
        8.375,
        -10.75,
        12.875
      ],
      "rotation": {
        "angle": 45,
        "axis": "x",
        "origin": [
          7.875,
          -10.375,
          9.875
        ]
      },
      "faces": {
        "north": {
          "uv": [
            3.125,
            7.375,
            3,
            7.5
          ],
          "texture": "#0"
        },
        "east": {
          "uv": [
            7.4375,
            6.75,
            7.25,
            6.875
          ],
          "texture": "#0"
        },
        "south": {
          "uv": [
            7.5,
            1.75,
            7.375,
            1.875
          ],
          "texture": "#0"
        },
        "west": {
          "uv": [
            7.9375,
            5.125,
            7.75,
            5.25
          ],
          "texture": "#0"
        },
        "up": {
          "uv": [
            8,
            3.75,
            7.875,
            3.9375
          ],
          "texture": "#0"
        },
        "down": {
          "uv": [
            8,
            4.5625,
            7.875,
            4.375
          ],
          "texture": "#0"
        }
      }
    },
    {
      "from": [
        7.25,
        -11.875,
        9.875
      ],
      "to": [
        8.75,
        -10.375,
        11.375
      ],
      "rotation": {
        "angle": 45,
        "axis": "x",
        "origin": [
          7.875,
          -10.375,
          9.875
        ]
      },
      "faces": {
        "north": {
          "uv": [
            1.9375,
            7.875,
            1.75,
            8.0625
          ],
          "texture": "#0"
        },
        "east": {
          "uv": [
            1.3125,
            7.875,
            1.125,
            8.0625
          ],
          "texture": "#0"
        },
        "south": {
          "uv": [
            8.0625,
            0,
            7.875,
            0.1875
          ],
          "texture": "#0"
        },
        "west": {
          "uv": [
            8.0625,
            1.75,
            7.875,
            1.9375
          ],
          "texture": "#0"
        },
        "up": {
          "uv": [
            2.1875,
            7.875,
            2,
            8.0625
          ],
          "texture": "#0"
        },
        "down": {
          "uv": [
            8.0625,
            2.6875,
            7.875,
            2.5
          ],
          "texture": "#0"
        }
      }
    },
    {
      "from": [
        9.875,
        -11.875,
        7.25
      ],
      "to": [
        11.375,
        -10.375,
        8.75
      ],
      "rotation": {
        "angle": -45,
        "axis": "z",
        "origin": [
          9.875,
          -10.375,
          8
        ]
      },
      "faces": {
        "north": {
          "uv": [
            7.875,
            1.75,
            8.0625,
            1.9375
          ],
          "texture": "#0"
        },
        "east": {
          "uv": [
            7.875,
            0,
            8.0625,
            0.1875
          ],
          "texture": "#0"
        },
        "south": {
          "uv": [
            1.125,
            7.875,
            1.3125,
            8.0625
          ],
          "texture": "#0"
        },
        "west": {
          "uv": [
            1.75,
            7.875,
            1.9375,
            8.0625
          ],
          "texture": "#0"
        },
        "up": {
          "uv": [
            2.1875,
            8.0625,
            2,
            7.875
          ],
          "rotation": 90,
          "texture": "#0"
        },
        "down": {
          "uv": [
            8.0625,
            2.5,
            7.875,
            2.6875
          ],
          "rotation": 270,
          "texture": "#0"
        }
      }
    },
    {
      "from": [
        11.375,
        -11.5,
        7.625
      ],
      "to": [
        12.875,
        -10.75,
        8.375
      ],
      "rotation": {
        "angle": -45,
        "axis": "z",
        "origin": [
          9.875,
          -10.375,
          6
        ]
      },
      "faces": {
        "north": {
          "uv": [
            7.75,
            5.125,
            7.9375,
            5.25
          ],
          "texture": "#0"
        },
        "east": {
          "uv": [
            7.375,
            1.75,
            7.5,
            1.875
          ],
          "texture": "#0"
        },
        "south": {
          "uv": [
            7.25,
            6.75,
            7.4375,
            6.875
          ],
          "texture": "#0"
        },
        "west": {
          "uv": [
            3,
            7.375,
            3.125,
            7.5
          ],
          "texture": "#0"
        },
        "up": {
          "uv": [
            8,
            3.9375,
            7.875,
            3.75
          ],
          "rotation": 90,
          "texture": "#0"
        },
        "down": {
          "uv": [
            8,
            4.375,
            7.875,
            4.5625
          ],
          "rotation": 270,
          "texture": "#0"
        }
      }
    },
    {
      "from": [
        4.22335,
        -8.84835,
        7.625
      ],
      "to": [
        5.72335,
        -8.09835,
        8.375
      ],
      "rotation": {
        "angle": 45,
        "axis": "z",
        "origin": [
          9.875,
          -10.375,
          8
        ]
      },
      "faces": {
        "north": {
          "uv": [
            7.9375,
            5.125,
            7.75,
            5.25
          ],
          "texture": "#0"
        },
        "east": {
          "uv": [
            3.125,
            7.375,
            3,
            7.5
          ],
          "texture": "#0"
        },
        "south": {
          "uv": [
            7.4375,
            6.75,
            7.25,
            6.875
          ],
          "texture": "#0"
        },
        "west": {
          "uv": [
            7.5,
            1.75,
            7.375,
            1.875
          ],
          "texture": "#0"
        },
        "up": {
          "uv": [
            8,
            3.75,
            7.875,
            3.9375
          ],
          "rotation": 90,
          "texture": "#0"
        },
        "down": {
          "uv": [
            8,
            4.5625,
            7.875,
            4.375
          ],
          "rotation": 270,
          "texture": "#0"
        }
      }
    },
    {
      "from": [
        4.625,
        -11.875,
        7.25
      ],
      "to": [
        6.125,
        -10.375,
        8.75
      ],
      "rotation": {
        "angle": 45,
        "axis": "z",
        "origin": [
          6.125,
          -10.375,
          8
        ]
      },
      "faces": {
        "north": {
          "uv": [
            8.0625,
            1.75,
            7.875,
            1.9375
          ],
          "texture": "#0"
        },
        "east": {
          "uv": [
            1.9375,
            7.875,
            1.75,
            8.0625
          ],
          "texture": "#0"
        },
        "south": {
          "uv": [
            1.3125,
            7.875,
            1.125,
            8.0625
          ],
          "texture": "#0"
        },
        "west": {
          "uv": [
            8.0625,
            0,
            7.875,
            0.1875
          ],
          "texture": "#0"
        },
        "up": {
          "uv": [
            2.1875,
            7.875,
            2,
            8.0625
          ],
          "rotation": 90,
          "texture": "#0"
        },
        "down": {
          "uv": [
            8.0625,
            2.6875,
            7.875,
            2.5
          ],
          "rotation": 270,
          "texture": "#0"
        }
      }
    },
    {
      "from": [
        7.625,
        12.32843,
        4.29657
      ],
      "to": [
        8.375,
        13.07843,
        5.79657
      ],
      "rotation": {
        "angle": -45,
        "axis": "x",
        "origin": [
          7.875,
          10.625,
          10.125
        ]
      },
      "faces": {
        "north": {
          "uv": [
            7.375,
            1.75,
            7.5,
            1.875
          ],
          "texture": "#0"
        },
        "east": {
          "uv": [
            7.25,
            6.75,
            7.4375,
            6.875
          ],
          "texture": "#0"
        },
        "south": {
          "uv": [
            3,
            7.375,
            3.125,
            7.5
          ],
          "texture": "#0"
        },
        "west": {
          "uv": [
            7.75,
            5.125,
            7.9375,
            5.25
          ],
          "texture": "#0"
        },
        "up": {
          "uv": [
            8,
            3.9375,
            7.875,
            3.75
          ],
          "texture": "#0"
        },
        "down": {
          "uv": [
            8,
            4.375,
            7.875,
            4.5625
          ],
          "texture": "#0"
        }
      }
    },
    {
      "from": [
        7.25,
        11.95343,
        5.79657
      ],
      "to": [
        8.75,
        13.45343,
        7.29657
      ],
      "rotation": {
        "angle": -45,
        "axis": "x",
        "origin": [
          7.875,
          10.625,
          10.125
        ]
      },
      "faces": {
        "north": {
          "uv": [
            7.875,
            0,
            8.0625,
            0.1875
          ],
          "texture": "#0"
        },
        "east": {
          "uv": [
            1.125,
            7.875,
            1.3125,
            8.0625
          ],
          "texture": "#0"
        },
        "south": {
          "uv": [
            1.75,
            7.875,
            1.9375,
            8.0625
          ],
          "texture": "#0"
        },
        "west": {
          "uv": [
            7.875,
            1.75,
            8.0625,
            1.9375
          ],
          "texture": "#0"
        },
        "up": {
          "uv": [
            2.1875,
            8.0625,
            2,
            7.875
          ],
          "texture": "#0"
        },
        "down": {
          "uv": [
            8.0625,
            2.5,
            7.875,
            2.6875
          ],
          "texture": "#0"
        }
      }
    },
    {
      "from": [
        7.625,
        9.5,
        11.375
      ],
      "to": [
        8.375,
        10.25,
        12.875
      ],
      "rotation": {
        "angle": 45,
        "axis": "x",
        "origin": [
          7.875,
          10.625,
          9.875
        ]
      },
      "faces": {
        "north": {
          "uv": [
            3.125,
            7.375,
            3,
            7.5
          ],
          "texture": "#0"
        },
        "east": {
          "uv": [
            7.4375,
            6.75,
            7.25,
            6.875
          ],
          "texture": "#0"
        },
        "south": {
          "uv": [
            7.5,
            1.75,
            7.375,
            1.875
          ],
          "texture": "#0"
        },
        "west": {
          "uv": [
            7.9375,
            5.125,
            7.75,
            5.25
          ],
          "texture": "#0"
        },
        "up": {
          "uv": [
            8,
            3.75,
            7.875,
            3.9375
          ],
          "texture": "#0"
        },
        "down": {
          "uv": [
            8,
            4.5625,
            7.875,
            4.375
          ],
          "texture": "#0"
        }
      }
    },
    {
      "from": [
        7.25,
        9.125,
        9.875
      ],
      "to": [
        8.75,
        10.625,
        11.375
      ],
      "rotation": {
        "angle": 45,
        "axis": "x",
        "origin": [
          7.875,
          10.625,
          9.875
        ]
      },
      "faces": {
        "north": {
          "uv": [
            1.9375,
            7.875,
            1.75,
            8.0625
          ],
          "texture": "#0"
        },
        "east": {
          "uv": [
            1.3125,
            7.875,
            1.125,
            8.0625
          ],
          "texture": "#0"
        },
        "south": {
          "uv": [
            8.0625,
            0,
            7.875,
            0.1875
          ],
          "texture": "#0"
        },
        "west": {
          "uv": [
            8.0625,
            1.75,
            7.875,
            1.9375
          ],
          "texture": "#0"
        },
        "up": {
          "uv": [
            2.1875,
            7.875,
            2,
            8.0625
          ],
          "texture": "#0"
        },
        "down": {
          "uv": [
            8.0625,
            2.6875,
            7.875,
            2.5
          ],
          "texture": "#0"
        }
      }
    },
    {
      "from": [
        4.625,
        9.125,
        7.25
      ],
      "to": [
        6.125,
        10.625,
        8.75
      ],
      "rotation": {
        "angle": 45,
        "axis": "z",
        "origin": [
          6.125,
          10.625,
          8
        ]
      },
      "faces": {
        "north": {
          "uv": [
            8.0625,
            1.75,
            7.875,
            1.9375
          ],
          "texture": "#0"
        },
        "east": {
          "uv": [
            1.9375,
            7.875,
            1.75,
            8.0625
          ],
          "texture": "#0"
        },
        "south": {
          "uv": [
            1.3125,
            7.875,
            1.125,
            8.0625
          ],
          "texture": "#0"
        },
        "west": {
          "uv": [
            8.0625,
            0,
            7.875,
            0.1875
          ],
          "texture": "#0"
        },
        "up": {
          "uv": [
            2.1875,
            7.875,
            2,
            8.0625
          ],
          "rotation": 90,
          "texture": "#0"
        },
        "down": {
          "uv": [
            8.0625,
            2.6875,
            7.875,
            2.5
          ],
          "rotation": 270,
          "texture": "#0"
        }
      }
    },
    {
      "from": [
        4.22335,
        12.15165,
        7.625
      ],
      "to": [
        5.72335,
        12.90165,
        8.375
      ],
      "rotation": {
        "angle": 45,
        "axis": "z",
        "origin": [
          9.875,
          10.625,
          8
        ]
      },
      "faces": {
        "north": {
          "uv": [
            7.9375,
            5.125,
            7.75,
            5.25
          ],
          "texture": "#0"
        },
        "east": {
          "uv": [
            3.125,
            7.375,
            3,
            7.5
          ],
          "texture": "#0"
        },
        "south": {
          "uv": [
            7.4375,
            6.75,
            7.25,
            6.875
          ],
          "texture": "#0"
        },
        "west": {
          "uv": [
            7.5,
            1.75,
            7.375,
            1.875
          ],
          "texture": "#0"
        },
        "up": {
          "uv": [
            8,
            3.75,
            7.875,
            3.9375
          ],
          "rotation": 90,
          "texture": "#0"
        },
        "down": {
          "uv": [
            8,
            4.5625,
            7.875,
            4.375
          ],
          "rotation": 270,
          "texture": "#0"
        }
      }
    },
    {
      "from": [
        11.375,
        9.5,
        7.625
      ],
      "to": [
        12.875,
        10.25,
        8.375
      ],
      "rotation": {
        "angle": -45,
        "axis": "z",
        "origin": [
          9.875,
          10.625,
          6
        ]
      },
      "faces": {
        "north": {
          "uv": [
            7.75,
            5.125,
            7.9375,
            5.25
          ],
          "texture": "#0"
        },
        "east": {
          "uv": [
            7.375,
            1.75,
            7.5,
            1.875
          ],
          "texture": "#0"
        },
        "south": {
          "uv": [
            7.25,
            6.75,
            7.4375,
            6.875
          ],
          "texture": "#0"
        },
        "west": {
          "uv": [
            3,
            7.375,
            3.125,
            7.5
          ],
          "texture": "#0"
        },
        "up": {
          "uv": [
            8,
            3.9375,
            7.875,
            3.75
          ],
          "rotation": 90,
          "texture": "#0"
        },
        "down": {
          "uv": [
            8,
            4.375,
            7.875,
            4.5625
          ],
          "rotation": 270,
          "texture": "#0"
        }
      }
    },
    {
      "from": [
        9.875,
        9.125,
        7.25
      ],
      "to": [
        11.375,
        10.625,
        8.75
      ],
      "rotation": {
        "angle": -45,
        "axis": "z",
        "origin": [
          9.875,
          10.625,
          8
        ]
      },
      "faces": {
        "north": {
          "uv": [
            7.875,
            1.75,
            8.0625,
            1.9375
          ],
          "texture": "#0"
        },
        "east": {
          "uv": [
            7.875,
            0,
            8.0625,
            0.1875
          ],
          "texture": "#0"
        },
        "south": {
          "uv": [
            1.125,
            7.875,
            1.3125,
            8.0625
          ],
          "texture": "#0"
        },
        "west": {
          "uv": [
            1.75,
            7.875,
            1.9375,
            8.0625
          ],
          "texture": "#0"
        },
        "up": {
          "uv": [
            2.1875,
            8.0625,
            2,
            7.875
          ],
          "rotation": 90,
          "texture": "#0"
        },
        "down": {
          "uv": [
            8.0625,
            2.5,
            7.875,
            2.6875
          ],
          "rotation": 270,
          "texture": "#0"
        }
      }
    },
    {
      "from": [
        3.625,
        23.375,
        6.875
      ],
      "to": [
        5.875,
        26.375,
        9.125
      ],
      "rotation": {
        "angle": 45,
        "axis": "z",
        "origin": [
          5.875,
          23.375,
          8
        ]
      },
      "faces": {
        "north": {
          "uv": [
            7.375,
            0.625,
            7.6875,
            0.25
          ],
          "texture": "#0"
        },
        "east": {
          "uv": [
            7.375,
            1.75,
            7.6875,
            1.375
          ],
          "texture": "#0"
        },
        "south": {
          "uv": [
            7.375,
            2.5,
            7.6875,
            2.125
          ],
          "texture": "#0"
        },
        "west": {
          "uv": [
            2.25,
            7.75,
            2.5625,
            7.375
          ],
          "texture": "#0"
        },
        "up": {
          "uv": [
            7.8125,
            2.0625,
            7.5,
            1.75
          ],
          "texture": "#0"
        },
        "down": {
          "uv": [
            1.4375,
            7.5,
            1.125,
            7.8125
          ],
          "texture": "#0"
        }
      }
    },
    {
      "from": [
        0.10336,
        22.27305,
        7.25
      ],
      "to": [
        3.10336,
        24.52305,
        8.75
      ],
      "rotation": {
        "angle": -22.5,
        "axis": "z",
        "origin": [
          5.875,
          23.375,
          8
        ]
      },
      "faces": {
        "north": {
          "uv": [
            2.625,
            7.75,
            2.9375,
            7.375
          ],
          "rotation": 90,
          "texture": "#0"
        },
        "east": {
          "uv": [
            8.0625,
            4,
            7.75,
            4.1875
          ],
          "rotation": 270,
          "texture": "#0"
        },
        "south": {
          "uv": [
            7.375,
            4.375,
            7.6875,
            4
          ],
          "rotation": 270,
          "texture": "#0"
        },
        "west": {
          "uv": [
            4.8125,
            7.9375,
            4.5,
            7.75
          ],
          "rotation": 270,
          "texture": "#0"
        },
        "up": {
          "uv": [
            3.625,
            8,
            3.8125,
            7.625
          ],
          "rotation": 270,
          "texture": "#0"
        },
        "down": {
          "uv": [
            4.125,
            8,
            4.3125,
            7.625
          ],
          "rotation": 270,
          "texture": "#0"
        }
      }
    },
    {
      "from": [
        -2.01796,
        24.39437,
        7.475
      ],
      "to": [
        0.98204,
        26.64437,
        8.6
      ],
      "rotation": {
        "angle": 0,
        "axis": "y",
        "origin": [
          5.875,
          23.375,
          8
        ]
      },
      "faces": {
        "north": {
          "uv": [
            4.5,
            7.6875,
            4.875,
            7.375
          ],
          "texture": "#0"
        },
        "east": {
          "uv": [
            1,
            8.0625,
            1.125,
            7.75
          ],
          "texture": "#0"
        },
        "south": {
          "uv": [
            7.375,
            6.0625,
            7.75,
            5.75
          ],
          "texture": "#0"
        },
        "west": {
          "uv": [
            4,
            8.0625,
            4.125,
            7.75
          ],
          "texture": "#0"
        },
        "up": {
          "uv": [
            3.5,
            7.125,
            3.125,
            7
          ],
          "texture": "#0"
        },
        "down": {
          "uv": [
            7.375,
            1.375,
            7,
            1.5
          ],
          "texture": "#0"
        }
      }
    }
  ],
  "gui_light": "front",
  "display": {
    "thirdperson_righthand": {
      "rotation": [
        0,
        90,
        0
      ],
      "translation": [
        0,
        5.25,
        1.5
      ],
      "scale": [
        0.6,
        0.6,
        0.6
      ]
    },
    "thirdperson_lefthand": {
      "rotation": [
        0,
        -90,
        0
      ],
      "translation": [
        0,
        5.25,
        1.5
      ],
      "scale": [
        0.6,
        0.6,
        0.6
      ]
    },
    "firstperson_righthand": {
      "rotation": [
        0,
        90,
        0
      ],
      "translation": [
        -0.87,
        3.95,
        1.13
      ],
      "scale": [
        0.4,
        0.4,
        0.4
      ]
    },
    "firstperson_lefthand": {
      "rotation": [
        0,
        -90,
        0
      ],
      "translation": [
        -0.87,
        3.95,
        1.13
      ],
      "scale": [
        0.4,
        0.4,
        0.4
      ]
    },
    "ground": {
      "rotation": [
        0,
        0,
        45
      ],
      "translation": [
        0,
        7,
        0
      ],
      "scale": [
        0.4,
        0.4,
        0.4
      ]
    },
    "gui": {
      "rotation": [
        0,
        0,
        -45
      ],
      "translation": [
        -0.25,
        -1,
        -0.25
      ],
      "scale": [
        0.36523,
        0.36523,
        0.36523
      ]
    },
    "head": {
      "translation": [
        0,
        26.75,
        0
      ],
      "scale": [
        0,
        0,
        0
      ]
    },
    "fixed": {
      "translation": [
        0,
        5.75,
        -1.75
      ],
      "scale": [
        1.45,
        1.45,
        1.45
      ]
    }
  },
  "groups": [
    0,
    1,
    2,
    3,
    4,
    5,
    {
      "name": "group",
      "origin": [
        8,
        4,
        8
      ],
      "color": 0,
      "children": [
        6,
        7
      ]
    },
    {
      "name": "group",
      "origin": [
        8.75,
        -5,
        8
      ],
      "color": 0,
      "children": [
        {
          "name": "group",
          "origin": [
            8.75,
            -5,
            8
          ],
          "color": 0,
          "children": [
            8,
            9
          ]
        },
        10
      ]
    },
    {
      "name": "group",
      "origin": [
        0,
        0,
        0
      ],
      "color": 0,
      "children": [
        11,
        {
          "name": "group",
          "origin": [
            0,
            0,
            0
          ],
          "color": 0,
          "children": [
            12,
            13
          ]
        }
      ]
    },
    {
      "name": "group",
      "origin": [
        0,
        1,
        0
      ],
      "color": 0,
      "children": [
        14,
        15,
        16,
        17
      ]
    },
    {
      "name": "group",
      "origin": [
        0,
        1,
        0
      ],
      "color": 0,
      "children": [
        18,
        19
      ]
    },
    {
      "name": "group",
      "origin": [
        -0.5,
        10,
        17
      ],
      "color": 0,
      "children": []
    },
    {
      "name": "group",
      "origin": [
        0,
        1,
        0
      ],
      "color": 0,
      "children": [
        20,
        21,
        22,
        23,
        24,
        25,
        26,
        27,
        28,
        29,
        30,
        31,
        32,
        33,
        34,
        35
      ]
    },
    {
      "name": "group",
      "origin": [
        0,
        0,
        0
      ],
      "color": 0,
      "children": [
        36,
        {
          "name": "group",
          "origin": [
            0,
            0,
            0
          ],
          "color": 0,
          "children": [
            37,
            38
          ]
        }
      ]
    }
  ]
}