{"credit":"MadewithBlockbench","texture_size":[128,128],"textures":{"0":"elitecreatures:diablo_weapon_set/diablo_texture","1":"elitecreatures:diablo_weapon_set/animation","particle":"elitecreatures:diablo_weapon_set/diablo_texture"},"elements":[{"from":[6.875,-7,6.875],"to":[9.125,3.5,9.125],"rotation":{"angle":0,"axis":"y","origin":[-4,9.5,-4]},"faces":{"north":{"uv":[5.625,1.125,5.9375,2.4375],"texture":"#0"},"east":{"uv":[3.125,5.625,3.4375,6.9375],"texture":"#0"},"south":{"uv":[1.125,5.75,1.4375,7.0625],"texture":"#0"},"west":{"uv":[1.5,5.75,1.8125,7.0625],"texture":"#0"},"up":{"uv":[7.6875,6.4375,7.375,6.125],"texture":"#0"},"down":{"uv":[6.5625,7.375,6.25,7.6875],"texture":"#0"}}},{"from":[5.5,2,5.5],"to":[10.5,5,10.5],"rotation":{"angle":0,"axis":"y","origin":[-4,9.5,-4]},"faces":{"north":{"uv":[10.25,6.1875,10.875,6.5625],"texture":"#0"},"east":{"uv":[10.25,6.1875,10.875,6.5625],"texture":"#0"},"south":{"uv":[10.25,6.1875,10.875,6.5625],"texture":"#0"},"west":{"uv":[10.25,6.1875,10.875,6.5625],"texture":"#0"},"up":{"uv":[8.9375,13.125,9.5625,13.75],"texture":"#0"},"down":{"uv":[10.25,6.1875,10.875,6.8125],"texture":"#0"}}},{"from":[6.125,0.5,6.125],"to":[9.875,2,9.875],"rotation":{"angle":0,"axis":"y","origin":[-4,9.5,-4]},"faces":{"north":{"uv":[7.5,4.75,8,4.9375],"texture":"#0"},"east":{"uv":[4.875,7.5,5.375,7.6875],"texture":"#0"},"south":{"uv":[7.5,6.75,8,6.9375],"texture":"#0"},"west":{"uv":[7.5,7,8,7.1875],"texture":"#0"},"up":{"uv":[7,1.5,6.5,1],"texture":"#0"},"down":{"uv":[5,6.5,4.5,7],"texture":"#0"}}},{"from":[6.125,-9.25,6.125],"to":[9.875,-7,9.875],"rotation":{"angle":0,"axis":"y","origin":[-4,12.5,-4]},"faces":{"north":{"uv":[7,2.75,7.5,3.0625],"texture":"#0"},"east":{"uv":[4.5,7,5,7.3125],"texture":"#0"},"south":{"uv":[7,4.625,7.5,4.9375],"texture":"#0"},"west":{"uv":[7,6.875,7.5,7.1875],"texture":"#0"},"up":{"uv":[7,0.5,6.5,0],"texture":"#0"},"down":{"uv":[7,0.5,6.5,1],"texture":"#0"}}},{"from":[7.625,-13,7.625],"to":[8.375,-10.75,8.375],"rotation":{"angle":0,"axis":"y","origin":[-4,12.5,-4]},"faces":{"north":{"uv":[6,7.75,6.125,8.0625],"texture":"#0"},"east":{"uv":[6.25,7.75,6.375,8.0625],"texture":"#0"},"south":{"uv":[7.75,6.25,7.875,6.5625],"texture":"#0"},"west":{"uv":[6.375,7.75,6.5,8.0625],"texture":"#0"},"up":{"uv":[1.25,4.5,1.125,4.375],"texture":"#0"},"down":{"uv":[7,4.625,6.875,4.75],"texture":"#0"}}},{"from":[7.25,-10.75,7.25],"to":[8.75,-9.25,8.75],"rotation":{"angle":0,"axis":"y","origin":[-4,12.5,-4]},"faces":{"north":{"uv":[6.5,7.75,6.6875,7.9375],"texture":"#0"},"east":{"uv":[6.75,7.75,6.9375,7.9375],"texture":"#0"},"south":{"uv":[7,7.75,7.1875,7.9375],"texture":"#0"},"west":{"uv":[7.25,7.75,7.4375,7.9375],"texture":"#0"},"up":{"uv":[7.6875,7.9375,7.5,7.75],"texture":"#0"},"down":{"uv":[7.9375,7.75,7.75,7.9375],"texture":"#0"}}},{"from":[7.25,-6.04657,5.79657],"to":[8.75,-4.54657,7.29657],"rotation":{"angle":-45,"axis":"x","origin":[7.875,-7.375,10.125]},"faces":{"north":{"uv":[7.875,0,8.0625,0.1875],"texture":"#0"},"east":{"uv":[1.125,7.875,1.3125,8.0625],"texture":"#0"},"south":{"uv":[1.75,7.875,1.9375,8.0625],"texture":"#0"},"west":{"uv":[7.875,1.75,8.0625,1.9375],"texture":"#0"},"up":{"uv":[2.1875,8.0625,2,7.875],"texture":"#0"},"down":{"uv":[8.0625,2.5,7.875,2.6875],"texture":"#0"}}},{"from":[7.625,-5.67157,4.29657],"to":[8.375,-4.92157,5.79657],"rotation":{"angle":-45,"axis":"x","origin":[7.875,-7.375,10.125]},"faces":{"north":{"uv":[7.375,1.75,7.5,1.875],"texture":"#0"},"east":{"uv":[7.25,6.75,7.4375,6.875],"texture":"#0"},"south":{"uv":[3,7.375,3.125,7.5],"texture":"#0"},"west":{"uv":[7.75,5.125,7.9375,5.25],"texture":"#0"},"up":{"uv":[8,3.9375,7.875,3.75],"texture":"#0"},"down":{"uv":[8,4.375,7.875,4.5625],"texture":"#0"}}},{"from":[7.625,-8.5,11.375],"to":[8.375,-7.75,12.875],"rotation":{"angle":45,"axis":"x","origin":[7.875,-7.375,9.875]},"faces":{"north":{"uv":[3.125,7.375,3,7.5],"texture":"#0"},"east":{"uv":[7.4375,6.75,7.25,6.875],"texture":"#0"},"south":{"uv":[7.5,1.75,7.375,1.875],"texture":"#0"},"west":{"uv":[7.9375,5.125,7.75,5.25],"texture":"#0"},"up":{"uv":[8,3.75,7.875,3.9375],"texture":"#0"},"down":{"uv":[8,4.5625,7.875,4.375],"texture":"#0"}}},{"from":[7.25,-8.875,9.875],"to":[8.75,-7.375,11.375],"rotation":{"angle":45,"axis":"x","origin":[7.875,-7.375,9.875]},"faces":{"north":{"uv":[1.9375,7.875,1.75,8.0625],"texture":"#0"},"east":{"uv":[1.3125,7.875,1.125,8.0625],"texture":"#0"},"south":{"uv":[8.0625,0,7.875,0.1875],"texture":"#0"},"west":{"uv":[8.0625,1.75,7.875,1.9375],"texture":"#0"},"up":{"uv":[2.1875,7.875,2,8.0625],"texture":"#0"},"down":{"uv":[8.0625,2.6875,7.875,2.5],"texture":"#0"}}},{"from":[9.875,-8.875,7.25],"to":[11.375,-7.375,8.75],"rotation":{"angle":-45,"axis":"z","origin":[9.875,-7.375,8]},"faces":{"north":{"uv":[7.875,1.75,8.0625,1.9375],"texture":"#0"},"east":{"uv":[7.875,0,8.0625,0.1875],"texture":"#0"},"south":{"uv":[1.125,7.875,1.3125,8.0625],"texture":"#0"},"west":{"uv":[1.75,7.875,1.9375,8.0625],"texture":"#0"},"up":{"uv":[2.1875,8.0625,2,7.875],"rotation":90,"texture":"#0"},"down":{"uv":[8.0625,2.5,7.875,2.6875],"rotation":270,"texture":"#0"}}},{"from":[11.375,-8.5,7.625],"to":[12.875,-7.75,8.375],"rotation":{"angle":-45,"axis":"z","origin":[9.875,-7.375,6]},"faces":{"north":{"uv":[7.75,5.125,7.9375,5.25],"texture":"#0"},"east":{"uv":[7.375,1.75,7.5,1.875],"texture":"#0"},"south":{"uv":[7.25,6.75,7.4375,6.875],"texture":"#0"},"west":{"uv":[3,7.375,3.125,7.5],"texture":"#0"},"up":{"uv":[8,3.9375,7.875,3.75],"rotation":90,"texture":"#0"},"down":{"uv":[8,4.375,7.875,4.5625],"rotation":270,"texture":"#0"}}},{"from":[4.22335,-5.84835,7.625],"to":[5.72335,-5.09835,8.375],"rotation":{"angle":45,"axis":"z","origin":[9.875,-7.375,8]},"faces":{"north":{"uv":[7.9375,5.125,7.75,5.25],"texture":"#0"},"east":{"uv":[3.125,7.375,3,7.5],"texture":"#0"},"south":{"uv":[7.4375,6.75,7.25,6.875],"texture":"#0"},"west":{"uv":[7.5,1.75,7.375,1.875],"texture":"#0"},"up":{"uv":[8,3.75,7.875,3.9375],"rotation":90,"texture":"#0"},"down":{"uv":[8,4.5625,7.875,4.375],"rotation":270,"texture":"#0"}}},{"from":[4.625,-8.875,7.25],"to":[6.125,-7.375,8.75],"rotation":{"angle":45,"axis":"z","origin":[6.125,-7.375,8]},"faces":{"north":{"uv":[8.0625,1.75,7.875,1.9375],"texture":"#0"},"east":{"uv":[1.9375,7.875,1.75,8.0625],"texture":"#0"},"south":{"uv":[1.3125,7.875,1.125,8.0625],"texture":"#0"},"west":{"uv":[8.0625,0,7.875,0.1875],"texture":"#0"},"up":{"uv":[2.1875,7.875,2,8.0625],"rotation":90,"texture":"#0"},"down":{"uv":[8.0625,2.6875,7.875,2.5],"rotation":270,"texture":"#0"}}},{"from":[7.29114,3.63556,5.75],"to":[9.54114,7.38556,10.25],"rotation":{"angle":-22.5,"axis":"z","origin":[12.375,2.75,8]},"faces":{"north":{"uv":[7.4375,3.5,7.125,3.9375],"texture":"#0"},"east":{"uv":[6.0625,6.625,5.5,7.0625],"texture":"#0"},"south":{"uv":[3.9375,7.125,3.625,7.5625],"texture":"#0"},"west":{"uv":[4.0625,6.625,3.5,7.0625],"texture":"#0"},"up":{"uv":[6.625,7.4375,6.9375,6.875],"texture":"#0"},"down":{"uv":[7,0,7.3125,0.5625],"texture":"#0"}}},{"from":[11.82323,4.51709,5.375],"to":[15.94823,7.14209,10.625],"rotation":{"angle":45,"axis":"z","origin":[12.375,2.75,8]},"faces":{"north":{"uv":[1.625,7.125,1.125,7.4375],"texture":"#0"},"east":{"uv":[7.3125,6.125,6.625,6.4375],"texture":"#0"},"south":{"uv":[3.625,7.125,3.125,7.4375],"texture":"#0"},"west":{"uv":[7.3125,5.75,6.625,6.0625],"texture":"#0"},"up":{"uv":[5.875,3.1875,6.375,2.5],"texture":"#0"},"down":{"uv":[2.625,5.875,3.125,6.5625],"texture":"#0"}}},{"from":[10.875,2.75,5],"to":[15.375,5.75,11],"rotation":{"angle":22.5,"axis":"z","origin":[12.375,2.75,8]},"faces":{"north":{"uv":[7.1875,6.5,6.625,6.875],"texture":"#0"},"east":{"uv":[6.75,1.875,6,2.25],"texture":"#0"},"south":{"uv":[7.3125,1.5,6.75,1.875],"texture":"#0"},"west":{"uv":[6.75,1.5,6,1.875],"texture":"#0"},"up":{"uv":[3.125,5.625,3.6875,4.875],"texture":"#0"},"down":{"uv":[4.75,5,5.3125,5.75],"texture":"#0"}}},{"from":[3,5,8],"to":[11,23,8],"faces":{"north":{"uv":[10.3125,0,11.3125,2.25],"texture":"#0"},"east":{"uv":[11.125,6.3125,11.125,8.5625],"texture":"#0"},"south":{"uv":[11.3125,0,10.3125,2.25],"texture":"#0"},"west":{"uv":[11.125,6.3125,11.125,8.5625],"texture":"#0"},"up":{"uv":[12.125,6.3125,11.125,6.3125],"texture":"#0"},"down":{"uv":[12.125,6.3125,11.125,6.3125],"texture":"#0"}}},{"from":[-2.3744,3.55865,7.4375],"to":[0.6256,5.80865,8.5625],"rotation":{"angle":-22.5,"axis":"z","origin":[6,-3.89096,8.01875]},"faces":{"north":{"uv":[7.375,5.75,7.75,6.0625],"rotation":180,"texture":"#0"},"east":{"uv":[1,7.75,1.125,8.0625],"rotation":180,"texture":"#0"},"south":{"uv":[4.5,7.375,4.875,7.6875],"rotation":180,"texture":"#0"},"west":{"uv":[4,7.75,4.125,8.0625],"rotation":180,"texture":"#0"},"up":{"uv":[3.5,7,3.125,7.125],"texture":"#0"},"down":{"uv":[7.375,1.5,7,1.375],"texture":"#0"}}},{"from":[10.65457,1.78622,7.2875],"to":[12.90457,4.78622,8.7875],"rotation":{"angle":45,"axis":"z","origin":[6,-3.89096,8.01875]},"faces":{"north":{"uv":[7.375,4,7.6875,4.375],"rotation":180,"texture":"#0"},"east":{"uv":[3.625,7.625,3.8125,8],"rotation":180,"texture":"#0"},"south":{"uv":[2.625,7.375,2.9375,7.75],"rotation":180,"texture":"#0"},"west":{"uv":[4.125,7.625,4.3125,8],"rotation":180,"texture":"#0"},"up":{"uv":[4.8125,7.75,4.5,7.9375],"texture":"#0"},"down":{"uv":[8.0625,4.1875,7.75,4],"texture":"#0"}}},{"from":[7.95644,0.99633,6.9125],"to":[10.20644,3.99633,9.1625],"rotation":{"angle":22.5,"axis":"z","origin":[6,-3.89096,8.01875]},"faces":{"north":{"uv":[7.375,2.125,7.6875,2.5],"rotation":180,"texture":"#0"},"east":{"uv":[7.375,1.375,7.6875,1.75],"rotation":180,"texture":"#0"},"south":{"uv":[7.375,0.25,7.6875,0.625],"rotation":180,"texture":"#0"},"west":{"uv":[2.25,7.375,2.5625,7.75],"rotation":180,"texture":"#0"},"up":{"uv":[7.8125,1.75,7.5,2.0625],"texture":"#0"},"down":{"uv":[1.4375,7.8125,1.125,7.5],"texture":"#0"}}},{"from":[-4,5,7.75],"to":[17,26,7.75],"faces":{"north":{"uv":[4,5.5,14.5,16],"texture":"#1"},"east":{"uv":[0,0,0,4],"texture":"#missing"},"south":{"uv":[14.5,5.5,4,16],"texture":"#1"},"west":{"uv":[0,0,0,4],"texture":"#missing"},"up":{"uv":[0,0,4,0],"texture":"#missing"},"down":{"uv":[0,0,4,0],"texture":"#missing"}}}],"gui_light":"front","display":{"thirdperson_righthand":{"rotation":[0,-90,0],"translation":[0,5,1.5],"scale":[0.6,0.6,0.6]},"thirdperson_lefthand":{"rotation":[0,90,0],"translation":[0,5.25,1.5],"scale":[0.6,0.6,0.6]},"firstperson_righthand":{"rotation":[0,90,0],"translation":[-0.87,5.95,1.13],"scale":[0.5,0.5,0.5]},"firstperson_lefthand":{"rotation":[0,-90,0],"translation":[-0.87,5.95,1.13],"scale":[0.5,0.5,0.5]},"ground":{"rotation":[0,0,45],"translation":[0,7,0],"scale":[0.4,0.4,0.4]},"gui":{"rotation":[0,0,-45],"translation":[1.25,0.75,-0.25],"scale":[0.53516,0.53516,0.53516]},"head":{"translation":[0,26.75,0],"scale":[0,0,0]},"fixed":{"translation":[0,5.75,-1.75],"scale":[1.45,1.45,1.45]}},"groups":[0,1,2,3,{"name":"group","origin":[0,1,0],"color":0,"children":[4,5]},{"name":"group","origin":[0,1,0],"color":0,"children":[]},{"name":"group","origin":[-0.5,10,17],"color":0,"children":[]},{"name":"group","origin":[0,1,0],"color":0,"children":[6,7,8,9,10,11,12,13]},{"name":"group","origin":[8.75,-5,8],"color":0,"children":[{"name":"group","origin":[8.75,-5,8],"color":0,"children":[14,15]},16,17]},18,19,20,21]}