{
  "credit": "MadewithBlockbench",
  "texture_size": [
    128,
    128
  ],
  "textures": {
    "0": "elitecreatures:diablo_weapon_set/diablo_texture",
    "1": "elitecreatures:diablo_weapon_set/animation",
    "particle": "elitecreatures:diablo_weapon_set/diablo_texture"
  },
  "elements": [
    {
      "from": [
        5.25,
        3,
        7.25
      ],
      "to": [
        6.75,
        4.5,
        8.75
      ],
      "rotation": {
        "angle": 22.5,
        "axis": "z",
        "origin": [
          6.75,
          2.9375,
          8
        ]
      },
      "faces": {
        "north": {
          "uv": [
            6.5,
            7.9375,
            6.6875,
            7.75
          ],
          "texture": "#0"
        },
        "east": {
          "uv": [
            6.75,
            7.9375,
            6.9375,
            7.75
          ],
          "texture": "#0"
        },
        "south": {
          "uv": [
            7,
            7.9375,
            7.1875,
            7.75
          ],
          "texture": "#0"
        },
        "west": {
          "uv": [
            7.25,
            7.9375,
            7.4375,
            7.75
          ],
          "texture": "#0"
        },
        "up": {
          "uv": [
            7.9375,
            7.9375,
            7.75,
            7.75
          ],
          "texture": "#0"
        },
        "down": {
          "uv": [
            7.6875,
            7.75,
            7.5,
            7.9375
          ],
          "texture": "#0"
        }
      }
    },
    {
      "from": [
        5.625,
        4.5,
        7.625
      ],
      "to": [
        6.375,
        6.75,
        8.375
      ],
      "rotation": {
        "angle": 22.5,
        "axis": "z",
        "origin": [
          6.75,
          2.9375,
          8
        ]
      },
      "faces": {
        "north": {
          "uv": [
            6,
            8.0625,
            6.125,
            7.75
          ],
          "texture": "#0"
        },
        "east": {
          "uv": [
            6.25,
            8.0625,
            6.375,
            7.75
          ],
          "texture": "#0"
        },
        "south": {
          "uv": [
            7.75,
            6.5625,
            7.875,
            6.25
          ],
          "texture": "#0"
        },
        "west": {
          "uv": [
            6.375,
            8.0625,
            6.5,
            7.75
          ],
          "texture": "#0"
        },
        "up": {
          "uv": [
            7,
            4.75,
            6.875,
            4.625
          ],
          "texture": "#0"
        },
        "down": {
          "uv": [
            1.25,
            4.375,
            1.125,
            4.5
          ],
          "texture": "#0"
        }
      }
    },
    {
      "from": [
        9.25,
        2.75,
        7.25
      ],
      "to": [
        10.75,
        4.25,
        8.75
      ],
      "rotation": {
        "angle": -22.5,
        "axis": "z",
        "origin": [
          9.25,
          2.9375,
          8
        ]
      },
      "faces": {
        "north": {
          "uv": [
            6.5,
            7.9375,
            6.6875,
            7.75
          ],
          "texture": "#0"
        },
        "east": {
          "uv": [
            6.75,
            7.9375,
            6.9375,
            7.75
          ],
          "texture": "#0"
        },
        "south": {
          "uv": [
            7,
            7.9375,
            7.1875,
            7.75
          ],
          "texture": "#0"
        },
        "west": {
          "uv": [
            7.25,
            7.9375,
            7.4375,
            7.75
          ],
          "texture": "#0"
        },
        "up": {
          "uv": [
            7.9375,
            7.9375,
            7.75,
            7.75
          ],
          "texture": "#0"
        },
        "down": {
          "uv": [
            7.6875,
            7.75,
            7.5,
            7.9375
          ],
          "texture": "#0"
        }
      }
    },
    {
      "from": [
        9.625,
        4.25,
        7.625
      ],
      "to": [
        10.375,
        6.5,
        8.375
      ],
      "rotation": {
        "angle": -22.5,
        "axis": "z",
        "origin": [
          9.25,
          2.9375,
          8
        ]
      },
      "faces": {
        "north": {
          "uv": [
            6,
            8.0625,
            6.125,
            7.75
          ],
          "texture": "#0"
        },
        "east": {
          "uv": [
            6.25,
            8.0625,
            6.375,
            7.75
          ],
          "texture": "#0"
        },
        "south": {
          "uv": [
            7.75,
            6.5625,
            7.875,
            6.25
          ],
          "texture": "#0"
        },
        "west": {
          "uv": [
            6.375,
            8.0625,
            6.5,
            7.75
          ],
          "texture": "#0"
        },
        "up": {
          "uv": [
            7,
            4.75,
            6.875,
            4.625
          ],
          "texture": "#0"
        },
        "down": {
          "uv": [
            1.25,
            4.375,
            1.125,
            4.5
          ],
          "texture": "#0"
        }
      }
    },
    {
      "from": [
        7,
        11,
        7
      ],
      "to": [
        9,
        18,
        9
      ],
      "rotation": {
        "angle": 0,
        "axis": "y",
        "origin": [
          0,
          7,
          0
        ]
      },
      "faces": {
        "north": {
          "uv": [
            8.75,
            11.4375,
            9,
            12.3125
          ],
          "texture": "#0"
        },
        "east": {
          "uv": [
            9.5,
            11.4375,
            9.75,
            12.3125
          ],
          "texture": "#0"
        },
        "south": {
          "uv": [
            9.25,
            11.4375,
            9.5,
            12.3125
          ],
          "texture": "#0"
        },
        "west": {
          "uv": [
            9,
            11.4375,
            9.25,
            12.3125
          ],
          "texture": "#0"
        },
        "up": {
          "uv": [
            9,
            11.1875,
            9.25,
            11.4375
          ],
          "texture": "#0"
        },
        "down": {
          "uv": [
            8.75,
            11.1875,
            9,
            11.4375
          ],
          "texture": "#0"
        }
      }
    },
    {
      "from": [
        7,
        3,
        7
      ],
      "to": [
        9,
        6,
        9
      ],
      "rotation": {
        "angle": 0,
        "axis": "y",
        "origin": [
          0,
          7,
          0
        ]
      },
      "faces": {
        "north": {
          "uv": [
            10.75,
            14.125,
            11,
            14.5
          ],
          "texture": "#0"
        },
        "east": {
          "uv": [
            11.5,
            14.125,
            11.75,
            14.5
          ],
          "texture": "#0"
        },
        "south": {
          "uv": [
            11.25,
            14.125,
            11.5,
            14.5
          ],
          "texture": "#0"
        },
        "west": {
          "uv": [
            11,
            14.125,
            11.25,
            14.5
          ],
          "texture": "#0"
        },
        "up": {
          "uv": [
            11,
            13.875,
            11.25,
            14.125
          ],
          "texture": "#0"
        },
        "down": {
          "uv": [
            10.75,
            13.875,
            11,
            14.125
          ],
          "texture": "#0"
        }
      }
    },
    {
      "from": [
        6.75,
        6,
        6.75
      ],
      "to": [
        9.25,
        11,
        9.25
      ],
      "rotation": {
        "angle": 0,
        "axis": "y",
        "origin": [
          0,
          7,
          0
        ]
      },
      "faces": {
        "north": {
          "uv": [
            10.75,
            13.25,
            11.0625,
            13.875
          ],
          "texture": "#0"
        },
        "east": {
          "uv": [
            11.0625,
            12.625,
            11.375,
            13.25
          ],
          "texture": "#0"
        },
        "south": {
          "uv": [
            10.75,
            12.625,
            11.0625,
            13.25
          ],
          "texture": "#0"
        },
        "west": {
          "uv": [
            11.0625,
            13.25,
            11.375,
            13.875
          ],
          "texture": "#0"
        },
        "up": {
          "uv": [
            11.0625,
            12.3125,
            11.375,
            12.625
          ],
          "texture": "#0"
        },
        "down": {
          "uv": [
            10.75,
            12.3125,
            11.0625,
            12.625
          ],
          "texture": "#0"
        }
      }
    },
    {
      "from": [
        9,
        15,
        7.5
      ],
      "to": [
        13,
        17,
        8.5
      ],
      "rotation": {
        "angle": 0,
        "axis": "y",
        "origin": [
          0,
          7,
          0
        ]
      },
      "faces": {
        "north": {
          "uv": [
            9.8125,
            11.875,
            10.3125,
            12.125
          ],
          "texture": "#0"
        },
        "east": {
          "uv": [
            10.9375,
            11.875,
            11.0625,
            12.125
          ],
          "texture": "#0"
        },
        "south": {
          "uv": [
            10.3125,
            11.875,
            10.8125,
            12.125
          ],
          "texture": "#0"
        },
        "west": {
          "uv": [
            10.8125,
            11.875,
            10.9375,
            12.125
          ],
          "texture": "#0"
        },
        "up": {
          "uv": [
            10.3125,
            12.125,
            10.8125,
            12.25
          ],
          "texture": "#0"
        },
        "down": {
          "uv": [
            9.8125,
            12.125,
            10.3125,
            12.25
          ],
          "texture": "#0"
        }
      }
    },
    {
      "from": [
        9,
        12,
        7.5
      ],
      "to": [
        12,
        14,
        8.5
      ],
      "rotation": {
        "angle": 0,
        "axis": "y",
        "origin": [
          0,
          7,
          0
        ]
      },
      "faces": {
        "north": {
          "uv": [
            9.8125,
            11.4375,
            10.1875,
            11.6875
          ],
          "texture": "#0"
        },
        "east": {
          "uv": [
            10.6875,
            11.4375,
            10.8125,
            11.6875
          ],
          "texture": "#0"
        },
        "south": {
          "uv": [
            10.1875,
            11.4375,
            10.5625,
            11.6875
          ],
          "texture": "#0"
        },
        "west": {
          "uv": [
            10.5625,
            11.4375,
            10.6875,
            11.6875
          ],
          "texture": "#0"
        },
        "up": {
          "uv": [
            10.1875,
            11.6875,
            10.5625,
            11.8125
          ],
          "texture": "#0"
        },
        "down": {
          "uv": [
            9.8125,
            11.6875,
            10.1875,
            11.8125
          ],
          "texture": "#0"
        }
      }
    },
    {
      "from": [
        5.625,
        -2.97732,
        4.21927
      ],
      "to": [
        10.125,
        -0.72732,
        6.46927
      ],
      "rotation": {
        "angle": -22.5,
        "axis": "x",
        "origin": [
          7.875,
          2.975,
          9
        ]
      },
      "faces": {
        "north": {
          "uv": [
            7.5625,
            0.625,
            7,
            0.9375
          ],
          "texture": "#0"
        },
        "east": {
          "uv": [
            7.8125,
            2.5,
            7.5,
            2.8125
          ],
          "texture": "#0"
        },
        "south": {
          "uv": [
            7.5625,
            1,
            7,
            1.3125
          ],
          "texture": "#0"
        },
        "west": {
          "uv": [
            7.8125,
            2.875,
            7.5,
            3.1875
          ],
          "texture": "#0"
        },
        "up": {
          "uv": [
            1.875,
            7.5625,
            2.1875,
            7
          ],
          "rotation": 90,
          "texture": "#0"
        },
        "down": {
          "uv": [
            7,
            2.125,
            7.3125,
            2.6875
          ],
          "rotation": 270,
          "texture": "#0"
        }
      }
    },
    {
      "from": [
        4.875,
        -2.275,
        6
      ],
      "to": [
        10.875,
        2.975,
        9.75
      ],
      "rotation": {
        "angle": 0,
        "axis": "y",
        "origin": [
          7.875,
          2.975,
          9
        ]
      },
      "faces": {
        "north": {
          "uv": [
            5.5,
            3.5,
            4.75,
            4.1875
          ],
          "texture": "#0"
        },
        "east": {
          "uv": [
            6.375,
            3.25,
            5.875,
            3.9375
          ],
          "texture": "#0"
        },
        "south": {
          "uv": [
            5.5,
            4.25,
            4.75,
            4.9375
          ],
          "texture": "#0"
        },
        "west": {
          "uv": [
            6.375,
            4,
            5.875,
            4.6875
          ],
          "texture": "#0"
        },
        "up": {
          "uv": [
            3,
            2.125,
            3.5,
            1.375
          ],
          "rotation": 90,
          "texture": "#0"
        },
        "down": {
          "uv": [
            5.125,
            0,
            5.625,
            0.75
          ],
          "rotation": 270,
          "texture": "#0"
        }
      }
    },
    {
      "from": [
        -2,
        -5,
        8
      ],
      "to": [
        19,
        16,
        8
      ],
      "faces": {
        "north": {
          "uv": [
            4,
            5.5,
            14.5,
            16
          ],
          "texture": "#1"
        },
        "east": {
          "uv": [
            0,
            0,
            0,
            4
          ],
          "texture": "#missing"
        },
        "south": {
          "uv": [
            14.5,
            5.5,
            4,
            16
          ],
          "texture": "#1"
        },
        "west": {
          "uv": [
            0,
            0,
            0,
            4
          ],
          "texture": "#missing"
        },
        "up": {
          "uv": [
            0,
            0,
            4,
            0
          ],
          "texture": "#missing"
        },
        "down": {
          "uv": [
            0,
            0,
            4,
            0
          ],
          "texture": "#missing"
        }
      }
    }
  ],
  "gui_light": "front",
  "display": {
    "thirdperson_righthand": {
      "rotation": [
        0,
        90,
        0
      ],
      "translation": [
        0,
        3.25,
        2
      ],
      "scale": [
        0.41055,
        0.41055,
        0.41055
      ]
    },
    "thirdperson_lefthand": {
      "rotation": [
        0,
        -90,
        0
      ],
      "translation": [
        0,
        3.25,
        2
      ],
      "scale": [
        0.41055,
        0.41055,
        0.41055
      ]
    },
    "firstperson_righthand": {
      "rotation": [
        -90,
        90,
        0
      ],
      "translation": [
        -1.12,
        3.2,
        -0.12
      ],
      "scale": [
        0.5332,
        0.5332,
        0.5332
      ]
    },
    "firstperson_lefthand": {
      "rotation": [
        -90,
        -90,
        0
      ],
      "translation": [
        -1.12,
        3.2,
        -0.12
      ],
      "scale": [
        0.5332,
        0.5332,
        0.5332
      ]
    },
    "ground": {
      "rotation": [
        0,
        0,
        45
      ],
      "translation": [
        0,
        7,
        0
      ],
      "scale": [
        0.6,
        0.6,
        0.6
      ]
    },
    "gui": {
      "rotation": [
        0,
        180,
        45
      ],
      "translation": [
        1,
        0.5,
        -0.25
      ],
      "scale": [
        0.64063,
        0.64063,
        0.64063
      ]
    },
    "head": {
      "translation": [
        0,
        16.5,
        0
      ],
      "scale": [
        0,
        0,
        0
      ]
    },
    "fixed": {
      "translation": [
        0,
        1.5,
        -1.25
      ],
      "scale": [
        1.45,
        1.45,
        1.45
      ]
    }
  },
  "groups": [
    {
      "name": "group",
      "origin": [
        0,
        1,
        0
      ],
      "color": 0,
      "children": [
        0,
        1,
        2,
        3
      ]
    },
    4,
    5,
    6,
    7,
    8,
    {
      "name": "group",
      "origin": [
        0,
        1,
        0
      ],
      "color": 0,
      "children": [
        9,
        10
      ]
    },
    11
  ]
}