{
	"credit": "MadewithBlockbench",
	"texture_size": [128, 128],
	"textures": {
		"0": "elitecreatures:diablo_weapon_set/diablo_texture",
		"1": "elitecreatures:diablo_weapon_set/animation",
		"particle": "elitecreatures:diablo_weapon_set/diablo_texture"
	},
	"elements": [
		{
			"from": [6.875, 0, 6.875],
			"to": [9.125, 10.5, 9.125],
			"rotation": {"angle": 0, "axis": "y", "origin": [20, 30.5, -21]},
			"faces": {
				"north": {"uv": [5.9375, 1.125, 5.625, 2.4375], "texture": "#0"},
				"east": {"uv": [1.8125, 5.75, 1.5, 7.0625], "texture": "#0"},
				"south": {"uv": [1.4375, 5.75, 1.125, 7.0625], "texture": "#0"},
				"west": {"uv": [3.4375, 5.625, 3.125, 6.9375], "texture": "#0"},
				"up": {"uv": [7.375, 6.4375, 7.6875, 6.125], "texture": "#0"},
				"down": {"uv": [6.25, 7.375, 6.5625, 7.6875], "texture": "#0"}
			}
		},
		{
			"from": [2, -3, 11],
			"to": [14, 15, 13],
			"rotation": {"angle": 0, "axis": "y", "origin": [8, 6, 12]},
			"faces": {
				"north": {"uv": [0, 0, 1.5, 2.25], "texture": "#0"},
				"east": {"uv": [2.375, 4.5, 2.625, 6.75], "texture": "#0"},
				"south": {"uv": [1.5, 0, 3, 2.25], "texture": "#0"},
				"west": {"uv": [4.5, 3.5, 4.75, 5.75], "texture": "#0"},
				"up": {"uv": [7, 5, 5.5, 4.75], "texture": "#0"},
				"down": {"uv": [7.25, 5, 5.75, 5.25], "texture": "#0"}
			}
		},
		{
			"from": [7.5, -1.75, 7.5],
			"to": [8.5, 3.25, 8.5],
			"rotation": {"angle": -45, "axis": "x", "origin": [8, 3.25, 7.5]},
			"faces": {
				"north": {"uv": [1.5, 7.5, 1.625, 8.125], "texture": "#0"},
				"east": {"uv": [3.375, 7.5, 3.5, 8.125], "texture": "#0"},
				"south": {"uv": [3.5, 7.5, 3.625, 8.125], "texture": "#0"},
				"west": {"uv": [5.375, 7.5, 5.5, 8.125], "texture": "#0"},
				"up": {"uv": [5.125, 8, 5, 7.875], "texture": "#0"},
				"down": {"uv": [5.25, 7.875, 5.125, 8], "texture": "#0"}
			}
		},
		{
			"from": [7.5, 10.5, 8],
			"to": [8.5, 11.5, 11],
			"rotation": {"angle": -22.5, "axis": "x", "origin": [8, 12, 13]},
			"faces": {
				"north": {"uv": [7.375, 4.375, 7.5, 4.5], "texture": "#0"},
				"east": {"uv": [7.125, 4.5, 7.5, 4.625], "texture": "#0"},
				"south": {"uv": [4.875, 7.375, 5, 7.5], "texture": "#0"},
				"west": {"uv": [7.75, 5, 8.125, 5.125], "texture": "#0"},
				"up": {"uv": [2.75, 4.875, 2.625, 4.5], "texture": "#0"},
				"down": {"uv": [4, 7.625, 3.875, 8], "texture": "#0"}
			}
		},
		{
			"from": [7, 2, 10],
			"to": [9, 8, 14],
			"rotation": {"angle": -22.5, "axis": "x", "origin": [8, 8, 13]},
			"faces": {
				"north": {"uv": [2.625, 6.625, 2.875, 7.375], "texture": "#0"},
				"east": {"uv": [4.5, 5.75, 5, 6.5], "texture": "#0"},
				"south": {"uv": [2.875, 6.625, 3.125, 7.375], "texture": "#0"},
				"west": {"uv": [5.75, 5.25, 6.25, 6], "texture": "#0"},
				"up": {"uv": [5.75, 6.625, 5.5, 6.125], "texture": "#0"},
				"down": {"uv": [7.375, 4, 7.125, 4.5], "texture": "#0"}
			}
		},
		{
			"from": [4, -7, 11.1],
			"to": [12, 1, 12.85],
			"rotation": {"angle": -45, "axis": "z", "origin": [8, -3, 12]},
			"faces": {
				"north": {"uv": [2.75, 3.875, 3.75, 4.875], "texture": "#0"},
				"east": {"uv": [3.5, 5.625, 3.75, 6.625], "texture": "#0"},
				"south": {"uv": [4.125, 0, 5.125, 1], "texture": "#0"},
				"west": {"uv": [1.875, 5.75, 2.125, 6.75], "texture": "#0"},
				"up": {"uv": [7.625, 5.5, 6.625, 5.25], "texture": "#0"},
				"down": {"uv": [7.625, 5.5, 6.625, 5.75], "texture": "#0"}
			}
		},
		{
			"from": [2, 7, 13],
			"to": [5, 9, 15],
			"rotation": {"angle": 0, "axis": "y", "origin": [5, 9, 13]},
			"faces": {
				"north": {"uv": [6, 2.25, 6.375, 2.5], "texture": "#0"},
				"east": {"uv": [6.75, 2.875, 7, 3.125], "texture": "#0"},
				"south": {"uv": [6.625, 7.5, 7, 7.75], "texture": "#0"},
				"west": {"uv": [0.25, 7.75, 0.5, 8], "texture": "#0"},
				"up": {"uv": [7.875, 7.5, 7.5, 7.25], "texture": "#0"},
				"down": {"uv": [7.875, 7.5, 7.5, 7.75], "texture": "#0"}
			}
		},
		{
			"from": [3, 2, 12],
			"to": [7, 4, 14],
			"rotation": {"angle": 45, "axis": "x", "origin": [5.5, 3, 13]},
			"faces": {
				"north": {"uv": [5.125, 0.75, 5.625, 1], "texture": "#0"},
				"east": {"uv": [2.5, 7.75, 2.75, 8], "texture": "#0"},
				"south": {"uv": [7.25, 5, 7.75, 5.25], "texture": "#0"},
				"west": {"uv": [2.75, 7.75, 3, 8], "texture": "#0"},
				"up": {"uv": [7.75, 6.75, 7.25, 6.5], "texture": "#0"},
				"down": {"uv": [7.875, 0, 7.375, 0.25], "texture": "#0"}
			}
		},
		{
			"from": [5, 7, 13],
			"to": [8, 9, 15],
			"rotation": {"angle": -22.5, "axis": "z", "origin": [5, 9, 14]},
			"faces": {
				"north": {"uv": [7.625, 0.625, 8, 0.875], "texture": "#0"},
				"east": {"uv": [7.75, 0.25, 8, 0.5], "texture": "#0"},
				"south": {"uv": [7.625, 0.875, 8, 1.125], "texture": "#0"},
				"west": {"uv": [0.5, 7.75, 0.75, 8], "texture": "#0"},
				"up": {"uv": [8, 1.375, 7.625, 1.125], "texture": "#0"},
				"down": {"uv": [2.25, 7.625, 1.875, 7.875], "texture": "#0"}
			}
		},
		{
			"from": [8, 7, 13],
			"to": [11, 9, 15],
			"rotation": {"angle": 22.5, "axis": "z", "origin": [11, 9, 14]},
			"faces": {
				"north": {"uv": [8, 0.625, 7.625, 0.875], "texture": "#0"},
				"east": {"uv": [0.75, 7.75, 0.5, 8], "texture": "#0"},
				"south": {"uv": [8, 0.875, 7.625, 1.125], "texture": "#0"},
				"west": {"uv": [8, 0.25, 7.75, 0.5], "texture": "#0"},
				"up": {"uv": [7.625, 1.375, 8, 1.125], "texture": "#0"},
				"down": {"uv": [1.875, 7.625, 2.25, 7.875], "texture": "#0"}
			}
		},
		{
			"from": [11, 7, 13],
			"to": [14, 9, 15],
			"rotation": {"angle": 0, "axis": "y", "origin": [11, 9, 13]},
			"faces": {
				"north": {"uv": [6.375, 2.25, 6, 2.5], "texture": "#0"},
				"east": {"uv": [0.5, 7.75, 0.25, 8], "texture": "#0"},
				"south": {"uv": [7, 7.5, 6.625, 7.75], "texture": "#0"},
				"west": {"uv": [7, 2.875, 6.75, 3.125], "texture": "#0"},
				"up": {"uv": [7.5, 7.5, 7.875, 7.25], "texture": "#0"},
				"down": {"uv": [7.5, 7.5, 7.875, 7.75], "texture": "#0"}
			}
		},
		{
			"from": [9, 2, 12],
			"to": [13, 4, 14],
			"rotation": {"angle": 45, "axis": "x", "origin": [10.5, 3, 13]},
			"faces": {
				"north": {"uv": [5.625, 0.75, 5.125, 1], "texture": "#0"},
				"east": {"uv": [3, 7.75, 2.75, 8], "texture": "#0"},
				"south": {"uv": [7.75, 5, 7.25, 5.25], "texture": "#0"},
				"west": {"uv": [2.75, 7.75, 2.5, 8], "texture": "#0"},
				"up": {"uv": [7.25, 6.75, 7.75, 6.5], "texture": "#0"},
				"down": {"uv": [7.375, 0, 7.875, 0.25], "texture": "#0"}
			}
		},
		{
			"from": [5.375, 13, 9.375],
			"to": [10.625, 16, 14.625],
			"rotation": {"angle": 0, "axis": "y", "origin": [20, 20.5, 24]},
			"faces": {
				"north": {"uv": [6.375, 3.875, 7.0625, 4.25], "texture": "#0"},
				"east": {"uv": [6.375, 4.25, 7.0625, 4.625], "texture": "#0"},
				"south": {"uv": [6.375, 3.125, 7.0625, 3.5], "texture": "#0"},
				"west": {"uv": [6.375, 3.5, 7.0625, 3.875], "texture": "#0"},
				"up": {"uv": [4.875, 1, 5.5625, 1.6875], "texture": "#0"},
				"down": {"uv": [4.875, 2.4375, 5.5625, 1.75], "texture": "#0"}
			}
		},
		{
			"from": [6.125, 11.5, 10.125],
			"to": [9.875, 13, 13.875],
			"rotation": {"angle": 0, "axis": "y", "origin": [20, 20.5, 24]},
			"faces": {
				"north": {"uv": [7.5, 6.75, 8, 6.9375], "texture": "#0"},
				"east": {"uv": [7.5, 7, 8, 7.1875], "texture": "#0"},
				"south": {"uv": [7.5, 4.75, 8, 4.9375], "texture": "#0"},
				"west": {"uv": [4.875, 7.5, 5.375, 7.6875], "texture": "#0"},
				"up": {"uv": [6.5, 1, 7, 1.5], "texture": "#0"},
				"down": {"uv": [4.5, 7, 5, 6.5], "texture": "#0"}
			}
		},
		{
			"from": [7.29114, 14.63556, 9.75],
			"to": [9.54114, 18.38556, 14.25],
			"rotation": {"angle": -22.5, "axis": "z", "origin": [12.375, 13.75, 12]},
			"faces": {
				"north": {"uv": [3.625, 7.125, 3.9375, 7.5625], "texture": "#0"},
				"east": {"uv": [5.5, 6.625, 6.0625, 7.0625], "texture": "#0"},
				"south": {"uv": [7.125, 3.5, 7.4375, 3.9375], "texture": "#0"},
				"west": {"uv": [3.5, 6.625, 4.0625, 7.0625], "texture": "#0"},
				"up": {"uv": [6.625, 6.875, 6.9375, 7.4375], "texture": "#0"},
				"down": {"uv": [7, 0.5625, 7.3125, 0], "texture": "#0"}
			}
		},
		{
			"from": [11.82323, 15.51709, 9.375],
			"to": [15.94823, 18.14209, 14.625],
			"rotation": {"angle": 45, "axis": "z", "origin": [12.375, 13.75, 12]},
			"faces": {
				"north": {"uv": [3.125, 7.125, 3.625, 7.4375], "texture": "#0"},
				"east": {"uv": [6.625, 6.125, 7.3125, 6.4375], "texture": "#0"},
				"south": {"uv": [1.125, 7.125, 1.625, 7.4375], "texture": "#0"},
				"west": {"uv": [6.625, 5.75, 7.3125, 6.0625], "texture": "#0"},
				"up": {"uv": [5.875, 2.5, 6.375, 3.1875], "texture": "#0"},
				"down": {"uv": [2.625, 6.5625, 3.125, 5.875], "texture": "#0"}
			}
		},
		{
			"from": [10.875, 13.75, 9],
			"to": [15.375, 16.75, 15],
			"rotation": {"angle": 22.5, "axis": "z", "origin": [12.375, 13.75, 12]},
			"faces": {
				"north": {"uv": [6.75, 1.5, 7.3125, 1.875], "texture": "#0"},
				"east": {"uv": [6, 1.875, 6.75, 2.25], "texture": "#0"},
				"south": {"uv": [6.625, 6.5, 7.1875, 6.875], "texture": "#0"},
				"west": {"uv": [6, 1.5, 6.75, 1.875], "texture": "#0"},
				"up": {"uv": [3.125, 4.875, 3.6875, 5.625], "texture": "#0"},
				"down": {"uv": [4.75, 5.75, 5.3125, 5], "texture": "#0"}
			}
		},
		{
			"from": [7.25, 16.25, 11.25],
			"to": [8.75, 17.75, 12.75],
			"rotation": {"angle": 0, "axis": "y", "origin": [-4, -3.5, 24]},
			"faces": {
				"north": {"uv": [7.1875, 7.9375, 7, 7.75], "texture": "#0"},
				"east": {"uv": [6.9375, 7.9375, 6.75, 7.75], "texture": "#0"},
				"south": {"uv": [6.6875, 7.9375, 6.5, 7.75], "texture": "#0"},
				"west": {"uv": [7.4375, 7.9375, 7.25, 7.75], "texture": "#0"},
				"up": {"uv": [7.9375, 7.75, 7.75, 7.9375], "texture": "#0"},
				"down": {"uv": [7.6875, 7.9375, 7.5, 7.75], "texture": "#0"}
			}
		},
		{
			"from": [7.625, 17.75, 11.625],
			"to": [8.375, 20, 12.375],
			"rotation": {"angle": 0, "axis": "y", "origin": [-4, -3.5, 24]},
			"faces": {
				"north": {"uv": [7.875, 6.5625, 7.75, 6.25], "texture": "#0"},
				"east": {"uv": [6.375, 8.0625, 6.25, 7.75], "texture": "#0"},
				"south": {"uv": [6.125, 8.0625, 6, 7.75], "texture": "#0"},
				"west": {"uv": [6.5, 8.0625, 6.375, 7.75], "texture": "#0"},
				"up": {"uv": [7, 4.625, 6.875, 4.75], "texture": "#0"},
				"down": {"uv": [1.25, 4.5, 1.125, 4.375], "texture": "#0"}
			}
		},
		{
			"from": [7.25, 18.25, 11.25],
			"to": [8.75, 19.75, 12.75],
			"rotation": {"angle": 0, "axis": "y", "origin": [-4, -3.5, 24]},
			"faces": {
				"north": {"uv": [7.1875, 7.9375, 7, 7.75], "texture": "#0"},
				"east": {"uv": [6.9375, 7.9375, 6.75, 7.75], "texture": "#0"},
				"south": {"uv": [6.6875, 7.9375, 6.5, 7.75], "texture": "#0"},
				"west": {"uv": [7.4375, 7.9375, 7.25, 7.75], "texture": "#0"},
				"up": {"uv": [7.9375, 7.75, 7.75, 7.9375], "texture": "#0"},
				"down": {"uv": [7.6875, 7.9375, 7.5, 7.75], "texture": "#0"}
			}
		},
		{
			"from": [7.625, 19.75, 11.625],
			"to": [8.375, 22, 12.375],
			"rotation": {"angle": 0, "axis": "y", "origin": [-4, -3.5, 24]},
			"faces": {
				"north": {"uv": [7.875, 6.5625, 7.75, 6.25], "texture": "#0"},
				"east": {"uv": [6.375, 8.0625, 6.25, 7.75], "texture": "#0"},
				"south": {"uv": [6.125, 8.0625, 6, 7.75], "texture": "#0"},
				"west": {"uv": [6.5, 8.0625, 6.375, 7.75], "texture": "#0"},
				"up": {"uv": [7, 4.625, 6.875, 4.75], "texture": "#0"},
				"down": {"uv": [1.25, 4.5, 1.125, 4.375], "texture": "#0"}
			}
		},
		{
			"from": [5.625, 10.67268, 16.53073],
			"to": [10.125, 12.92268, 18.78073],
			"rotation": {"angle": 45, "axis": "x", "origin": [7.875, 16.625, 14]},
			"faces": {
				"north": {"uv": [7, 1, 7.5625, 1.3125], "texture": "#0"},
				"east": {"uv": [7.5, 2.5, 7.8125, 2.8125], "texture": "#0"},
				"south": {"uv": [7, 0.625, 7.5625, 0.9375], "texture": "#0"},
				"west": {"uv": [7.5, 2.875, 7.8125, 3.1875], "texture": "#0"},
				"up": {"uv": [2.1875, 7.5625, 1.875, 7], "rotation": 90, "texture": "#0"},
				"down": {"uv": [7.3125, 2.125, 7, 2.6875], "rotation": 270, "texture": "#0"}
			}
		},
		{
			"from": [4.875, 11.375, 13.25],
			"to": [10.875, 16.625, 17],
			"rotation": {"angle": 22.5, "axis": "x", "origin": [7.875, 16.625, 14]},
			"faces": {
				"north": {"uv": [4.75, 4.25, 5.5, 4.9375], "texture": "#0"},
				"east": {"uv": [5.875, 3.25, 6.375, 3.9375], "texture": "#0"},
				"south": {"uv": [4.75, 3.5, 5.5, 4.1875], "texture": "#0"},
				"west": {"uv": [5.875, 4, 6.375, 4.6875], "texture": "#0"},
				"up": {"uv": [3.5, 2.125, 3, 1.375], "rotation": 90, "texture": "#0"},
				"down": {"uv": [5.625, 0, 5.125, 0.75], "rotation": 270, "texture": "#0"}
			}
		},
		{
			"from": [6.45886, 14.63556, 9.75],
			"to": [8.70886, 18.38556, 14.25],
			"rotation": {"angle": 22.5, "axis": "z", "origin": [3.625, 13.75, 12]},
			"faces": {
				"north": {"uv": [3.9375, 7.125, 3.625, 7.5625], "texture": "#0"},
				"east": {"uv": [4.0625, 6.625, 3.5, 7.0625], "texture": "#0"},
				"south": {"uv": [7.4375, 3.5, 7.125, 3.9375], "texture": "#0"},
				"west": {"uv": [6.0625, 6.625, 5.5, 7.0625], "texture": "#0"},
				"up": {"uv": [6.9375, 6.875, 6.625, 7.4375], "texture": "#0"},
				"down": {"uv": [7.3125, 0.5625, 7, 0], "texture": "#0"}
			}
		},
		{
			"from": [0.05177, 15.51709, 9.375],
			"to": [4.17677, 18.14209, 14.625],
			"rotation": {"angle": -45, "axis": "z", "origin": [3.625, 13.75, 12]},
			"faces": {
				"north": {"uv": [3.625, 7.125, 3.125, 7.4375], "texture": "#0"},
				"east": {"uv": [7.3125, 5.75, 6.625, 6.0625], "texture": "#0"},
				"south": {"uv": [1.625, 7.125, 1.125, 7.4375], "texture": "#0"},
				"west": {"uv": [7.3125, 6.125, 6.625, 6.4375], "texture": "#0"},
				"up": {"uv": [6.375, 2.5, 5.875, 3.1875], "texture": "#0"},
				"down": {"uv": [3.125, 6.5625, 2.625, 5.875], "texture": "#0"}
			}
		},
		{
			"from": [0.625, 13.75, 9],
			"to": [5.125, 16.75, 15],
			"rotation": {"angle": -22.5, "axis": "z", "origin": [3.625, 13.75, 12]},
			"faces": {
				"north": {"uv": [7.3125, 1.5, 6.75, 1.875], "texture": "#0"},
				"east": {"uv": [6.75, 1.5, 6, 1.875], "texture": "#0"},
				"south": {"uv": [7.1875, 6.5, 6.625, 6.875], "texture": "#0"},
				"west": {"uv": [6.75, 1.875, 6, 2.25], "texture": "#0"},
				"up": {"uv": [3.6875, 4.875, 3.125, 5.625], "texture": "#0"},
				"down": {"uv": [5.3125, 5.75, 4.75, 5], "texture": "#0"}
			}
		},
		{
			"from": [-2.75, -3, 8.75],
			"to": [3.25, 15, 10.75],
			"rotation": {"angle": -22.5, "axis": "y", "origin": [-2.75, 6, 8.75]},
			"faces": {
				"north": {"uv": [1.25, 2.25, 2, 4.5], "texture": "#0"},
				"east": {"uv": [3.5, 0, 3.75, 2.25], "texture": "#0"},
				"south": {"uv": [2, 2.25, 2.75, 4.5], "texture": "#0"},
				"west": {"uv": [2.125, 4.5, 2.375, 6.75], "texture": "#0"},
				"up": {"uv": [2.625, 7, 1.875, 6.75], "texture": "#0"},
				"down": {"uv": [7.5, 1.875, 6.75, 2.125], "texture": "#0"}
			}
		},
		{
			"from": [-5.75, -4, 8.25],
			"to": [-2.75, 16, 11.25],
			"rotation": {"angle": 22.5, "axis": "z", "origin": [-5.75, 16, 9.75]},
			"faces": {
				"north": {"uv": [4.125, 1, 4.5, 3.5], "texture": "#0"},
				"east": {"uv": [4.125, 3.5, 4.5, 6], "texture": "#0"},
				"south": {"uv": [3.75, 4.125, 4.125, 6.625], "texture": "#0"},
				"west": {"uv": [4.5, 1, 4.875, 3.5], "texture": "#0"},
				"up": {"uv": [5.375, 6.125, 5, 5.75], "texture": "#0"},
				"down": {"uv": [2.625, 7, 2.25, 7.375], "texture": "#0"}
			}
		},
		{
			"from": [-3.25, 1, 8.275],
			"to": [-0.25, 10, 11.225],
			"rotation": {"angle": -22.5, "axis": "z", "origin": [-3.25, 10, 9.75]},
			"faces": {
				"north": {"uv": [5.375, 5, 5.75, 6.125], "texture": "#0"},
				"east": {"uv": [5.5, 2.5, 5.875, 3.625], "texture": "#0"},
				"south": {"uv": [5.5, 3.625, 5.875, 4.75], "texture": "#0"},
				"west": {"uv": [5.625, 0, 6, 1.125], "texture": "#0"},
				"up": {"uv": [6.625, 7.375, 6.25, 7], "texture": "#0"},
				"down": {"uv": [7.5, 3.125, 7.125, 3.5], "texture": "#0"}
			}
		},
		{
			"from": [-6.04976, -9.79119, 9],
			"to": [-4.54976, -6.79119, 10.5],
			"rotation": {"angle": 45, "axis": "z", "origin": [-4.75, -3, 9.75]},
			"faces": {
				"north": {"uv": [7.625, 5.25, 7.8125, 5.625], "texture": "#0"},
				"east": {"uv": [5.5, 7.625, 5.6875, 8], "texture": "#0"},
				"south": {"uv": [5.75, 7.625, 5.9375, 8], "texture": "#0"},
				"west": {"uv": [0, 7.75, 0.1875, 8.125], "texture": "#0"},
				"up": {"uv": [8.0625, 2.9375, 7.875, 2.75], "texture": "#0"},
				"down": {"uv": [3.1875, 7.875, 3, 8.0625], "texture": "#0"}
			}
		},
		{
			"from": [-4.75, -7, 8.75],
			"to": [-2.75, -3, 10.75],
			"rotation": {"angle": 22.5, "axis": "z", "origin": [-4.75, -3, 9.75]},
			"faces": {
				"north": {"uv": [5.5, 7.125, 5.75, 7.625], "texture": "#0"},
				"east": {"uv": [5.75, 7.125, 6, 7.625], "texture": "#0"},
				"south": {"uv": [7, 7.25, 7.25, 7.75], "texture": "#0"},
				"west": {"uv": [7.25, 7.25, 7.5, 7.75], "texture": "#0"},
				"up": {"uv": [1, 8, 0.75, 7.75], "texture": "#0"},
				"down": {"uv": [8, 1.375, 7.75, 1.625], "texture": "#0"}
			}
		},
		{
			"from": [-5, -3, 8.5],
			"to": [-2.5, 4, 11],
			"rotation": {"angle": 0, "axis": "y", "origin": [-3.25, 11, 9.75]},
			"faces": {
				"north": {"uv": [4.125, 6, 4.4375, 6.875], "texture": "#0"},
				"east": {"uv": [6.25, 5.25, 6.5625, 6.125], "texture": "#0"},
				"south": {"uv": [6.25, 6.125, 6.5625, 7], "texture": "#0"},
				"west": {"uv": [6.375, 2.25, 6.6875, 3.125], "texture": "#0"},
				"up": {"uv": [7.8125, 3.9375, 7.5, 3.625], "texture": "#0"},
				"down": {"uv": [7.8125, 4.375, 7.5, 4.6875], "texture": "#0"}
			}
		},
		{
			"from": [12.75, -3, 8.75],
			"to": [18.75, 15, 10.75],
			"rotation": {"angle": 22.5, "axis": "y", "origin": [18.75, 6, 8.75]},
			"faces": {
				"north": {"uv": [2, 2.25, 1.25, 4.5], "texture": "#0"},
				"east": {"uv": [2.375, 4.5, 2.125, 6.75], "texture": "#0"},
				"south": {"uv": [2.75, 2.25, 2, 4.5], "texture": "#0"},
				"west": {"uv": [3.75, 0, 3.5, 2.25], "texture": "#0"},
				"up": {"uv": [1.875, 7, 2.625, 6.75], "texture": "#0"},
				"down": {"uv": [6.75, 1.875, 7.5, 2.125], "texture": "#0"}
			}
		},
		{
			"from": [18.75, -4, 8.25],
			"to": [21.75, 16, 11.25],
			"rotation": {"angle": -22.5, "axis": "z", "origin": [21.75, 16, 9.75]},
			"faces": {
				"north": {"uv": [4.5, 1, 4.125, 3.5], "texture": "#0"},
				"east": {"uv": [4.875, 1, 4.5, 3.5], "texture": "#0"},
				"south": {"uv": [4.125, 4.125, 3.75, 6.625], "texture": "#0"},
				"west": {"uv": [4.5, 3.5, 4.125, 6], "texture": "#0"},
				"up": {"uv": [5, 6.125, 5.375, 5.75], "texture": "#0"},
				"down": {"uv": [2.25, 7, 2.625, 7.375], "texture": "#0"}
			}
		},
		{
			"from": [16.25, 1, 8.275],
			"to": [19.25, 10, 11.225],
			"rotation": {"angle": 22.5, "axis": "z", "origin": [19.25, 10, 9.75]},
			"faces": {
				"north": {"uv": [5.75, 5, 5.375, 6.125], "texture": "#0"},
				"east": {"uv": [6, 0, 5.625, 1.125], "texture": "#0"},
				"south": {"uv": [5.875, 3.625, 5.5, 4.75], "texture": "#0"},
				"west": {"uv": [5.875, 2.5, 5.5, 3.625], "texture": "#0"},
				"up": {"uv": [6.25, 7.375, 6.625, 7], "texture": "#0"},
				"down": {"uv": [7.125, 3.125, 7.5, 3.5], "texture": "#0"}
			}
		},
		{
			"from": [20.54976, -9.79119, 9],
			"to": [22.04976, -6.79119, 10.5],
			"rotation": {"angle": -45, "axis": "z", "origin": [20.75, -3, 9.75]},
			"faces": {
				"north": {"uv": [7.8125, 5.25, 7.625, 5.625], "texture": "#0"},
				"east": {"uv": [0.1875, 7.75, 0, 8.125], "texture": "#0"},
				"south": {"uv": [5.9375, 7.625, 5.75, 8], "texture": "#0"},
				"west": {"uv": [5.6875, 7.625, 5.5, 8], "texture": "#0"},
				"up": {"uv": [7.875, 2.9375, 8.0625, 2.75], "texture": "#0"},
				"down": {"uv": [3, 7.875, 3.1875, 8.0625], "texture": "#0"}
			}
		},
		{
			"from": [18.75, -7, 8.75],
			"to": [20.75, -3, 10.75],
			"rotation": {"angle": -22.5, "axis": "z", "origin": [20.75, -3, 9.75]},
			"faces": {
				"north": {"uv": [5.75, 7.125, 5.5, 7.625], "texture": "#0"},
				"east": {"uv": [7.5, 7.25, 7.25, 7.75], "texture": "#0"},
				"south": {"uv": [7.25, 7.25, 7, 7.75], "texture": "#0"},
				"west": {"uv": [6, 7.125, 5.75, 7.625], "texture": "#0"},
				"up": {"uv": [0.75, 8, 1, 7.75], "texture": "#0"},
				"down": {"uv": [7.75, 1.375, 8, 1.625], "texture": "#0"}
			}
		},
		{
			"from": [18.5, -3, 8.5],
			"to": [21, 4, 11],
			"rotation": {"angle": 0, "axis": "y", "origin": [19.25, 11, 9.75]},
			"faces": {
				"north": {"uv": [4.4375, 6, 4.125, 6.875], "texture": "#0"},
				"east": {"uv": [6.6875, 2.25, 6.375, 3.125], "texture": "#0"},
				"south": {"uv": [6.5625, 6.125, 6.25, 7], "texture": "#0"},
				"west": {"uv": [6.5625, 5.25, 6.25, 6.125], "texture": "#0"},
				"up": {"uv": [7.5, 3.9375, 7.8125, 3.625], "texture": "#0"},
				"down": {"uv": [7.5, 4.375, 7.8125, 4.6875], "texture": "#0"}
			}
		},
		{
			"from": [-2.5, 11, 11],
			"to": [18.5, 32, 11],
			"faces": {
				"north": {"uv": [4, 5.5, 14.5, 16], "texture": "#1"},
				"east": {"uv": [0, 0, 0, 4], "texture": "#missing"},
				"south": {"uv": [14.5, 5.5, 4, 16], "texture": "#1"},
				"west": {"uv": [0, 0, 0, 4], "texture": "#missing"},
				"up": {"uv": [0, 0, 4, 0], "texture": "#missing"},
				"down": {"uv": [0, 0, 4, 0], "texture": "#missing"}
			}
		},
		{
			"from": [3, -16, 13.25],
			"to": [5, 4, 13.25],
			"faces": {
				"north": {"uv": [0, 6, 1, 16], "texture": "#1"},
				"east": {"uv": [0, 6, 0, 4], "texture": "#missing"},
				"south": {"uv": [1, 6, 0, 16], "texture": "#1"},
				"west": {"uv": [0, 6, 0, 4], "texture": "#missing"},
				"up": {"uv": [0, 0, 4, 0], "texture": "#missing"},
				"down": {"uv": [0, 0, 4, 0], "texture": "#missing"}
			}
		},
		{
			"from": [11, -16, 13.25],
			"to": [13, 4, 13.25],
			"rotation": {"angle": 0, "axis": "y", "origin": [16, 0, 0]},
			"faces": {
				"north": {"uv": [1, 0, 0, 10], "texture": "#1"},
				"east": {"uv": [0, 6, 0, 4], "texture": "#missing"},
				"south": {"uv": [0, 0, 1, 10], "texture": "#1"},
				"west": {"uv": [0, 6, 0, 4], "texture": "#missing"},
				"up": {"uv": [4, 0, 0, 0], "texture": "#missing"},
				"down": {"uv": [4, 0, 0, 0], "texture": "#missing"}
			}
		}
	],
	"gui_light": "front",
	"display": {
		"thirdperson_righthand": {
			"rotation": [-146.25, 0, 180],
			"translation": [0.25, -0.5, 1.5],
			"scale": [0.6, 0.6, 0.6]
		},
		"thirdperson_lefthand": {
			"rotation": [-146.25, 0, 180],
			"translation": [0.25, -0.5, 1.5],
			"scale": [0.6, 0.6, 0.6]
		},
		"firstperson_righthand": {
			"rotation": [180, 0, 156.5],
			"translation": [-8.5, 4, 1.5],
			"scale": [0.43516, 0.43516, 0.43516]
		},
		"firstperson_lefthand": {
			"rotation": [180, 0, 156.5],
			"translation": [-8.5, 4, 1.5],
			"scale": [0.43516, 0.43516, 0.43516]
		},
		"ground": {
			"translation": [0, 7, 0],
			"scale": [0.4, 0.4, 0.4]
		},
		"gui": {
			"translation": [0, 0.5, -0.25],
			"scale": [0.48242, 0.48242, 0.48242]
		},
		"head": {
			"rotation": [0, 180, 0],
			"translation": [0, 1.5, -2.5],
			"scale": [0, 0, 0]
		},
		"fixed": {
			"rotation": [0, 180, 0],
			"translation": [0, 4.25, 0.5],
			"scale": [1.7, 1.7, 1.7]
		}
	},
	"groups": [
		0,
		1,
		2,
		3,
		4,
		5,
		6,
		7,
		8,
		9,
		10,
		11,
		12,
		13,
		{
			"name": "group",
			"origin": [8.75, -5, 8],
			"color": 0,
			"children": [
				{
					"name": "group",
					"origin": [8.75, -5, 8],
					"color": 0,
					"children": [14, 15]
				},
				16
			]
		},
		{
			"name": "group",
			"origin": [0, 1, 0],
			"color": 0,
			"children": [17, 18, 19, 20]
		},
		{
			"name": "group",
			"origin": [0, 1, 0],
			"color": 0,
			"children": [21, 22]
		},
		{
			"name": "group",
			"origin": [8.75, -5, 8],
			"color": 0,
			"children": [
				{
					"name": "group",
					"origin": [8.75, -5, 8],
					"color": 0,
					"children": [23, 24]
				},
				25
			]
		},
		{
			"name": "group",
			"origin": [-3.25, 10, 9.75],
			"color": 0,
			"children": [
				26,
				27,
				28,
				{
					"name": "group",
					"origin": [-0.5, 10, 17],
					"color": 0,
					"children": [29, 30, 31]
				}
			]
		},
		{
			"name": "group",
			"origin": [-3.25, 10, 9.75],
			"color": 0,
			"children": [
				32,
				33,
				34,
				{
					"name": "group",
					"origin": [-0.5, 10, 17],
					"color": 0,
					"children": [35, 36, 37]
				}
			]
		},
		38,
		39,
		40
	]
}