{"credit":"MadewithBlockbench","texture_size":[64,64],"textures":{"1":"elitecreatures:new_year_tools/ballon"},"elements":[{"from":[18,23,9],"to":[26,26,11],"rotation":{"angle":0,"axis":"y","origin":[-4,0,-3]},"faces":{"north":{"uv":[7,6.5,9,7.25],"texture":"#1"},"east":{"uv":[11,6.75,11.5,7.5],"texture":"#1"},"south":{"uv":[9,6.5,7,7.25],"texture":"#1"},"west":{"uv":[9,11,9.5,11.75],"texture":"#1"},"up":{"uv":[8.5,10,6.5,9.5],"texture":"#1"},"down":{"uv":[10.5,9.5,8.5,10],"texture":"#1"}}},{"from":[23,17,9],"to":[26,18,11],"rotation":{"angle":0,"axis":"y","origin":[-4,0,-3]},"faces":{"north":{"uv":[6,7.75,6.75,8],"texture":"#1"},"east":{"uv":[12,6.5,12.5,6.75],"texture":"#1"},"south":{"uv":[6.75,7.75,6,8],"texture":"#1"},"west":{"uv":[0,12.25,0.5,12.5],"texture":"#1"},"up":{"uv":[8.75,5,8,4.5],"texture":"#1"},"down":{"uv":[11.75,7.5,11,8],"texture":"#1"}}},{"from":[18,18,9],"to":[26,21,11],"rotation":{"angle":0,"axis":"y","origin":[-4,0,-3]},"faces":{"north":{"uv":[0,7.75,2,8.5],"texture":"#1"},"east":{"uv":[9.5,11,10,11.75],"texture":"#1"},"south":{"uv":[2,7.75,0,8.5],"texture":"#1"},"west":{"uv":[10,11,10.5,11.75],"texture":"#1"},"up":{"uv":[12,0.5,10,0],"texture":"#1"},"down":{"uv":[12,0.5,10,1],"texture":"#1"}}},{"from":[18,21,9],"to":[21,23,11],"rotation":{"angle":0,"axis":"y","origin":[-4,0,-3]},"faces":{"north":{"uv":[11,10.5,11.75,11],"texture":"#1"},"east":{"uv":[12,9,12.5,9.5],"texture":"#1"},"south":{"uv":[11.75,10.5,11,11],"texture":"#1"},"west":{"uv":[10.25,12,10.75,12.5],"texture":"#1"},"up":{"uv":[5.25,11.75,4.5,11.25],"texture":"#1"},"down":{"uv":[6,11.25,5.25,11.75],"texture":"#1"}}},{"from":[18,14,9],"to":[26,17,11],"rotation":{"angle":0,"axis":"y","origin":[-4,0,-3]},"faces":{"north":{"uv":[4,7.75,6,8.5],"texture":"#1"},"east":{"uv":[6,11.25,6.5,12],"texture":"#1"},"south":{"uv":[6,7.75,4,8.5],"texture":"#1"},"west":{"uv":[6.5,11.25,7,12],"texture":"#1"},"up":{"uv":[12,1.5,10,1],"texture":"#1"},"down":{"uv":[12,1.5,10,2],"texture":"#1"}}},{"from":[9,17,7],"to":[17,20,9],"rotation":{"angle":0,"axis":"y","origin":[-4,0,-3]},"faces":{"north":{"uv":[8,0.75,10,1.5],"texture":"#1"},"east":{"uv":[11.5,5.25,12,6],"texture":"#1"},"south":{"uv":[10,0.75,8,1.5],"texture":"#1"},"west":{"uv":[11.5,5.25,12,6],"texture":"#1"},"up":{"uv":[12,2.5,10,2],"texture":"#1"},"down":{"uv":[12,2.5,10,3],"texture":"#1"}}},{"from":[14,20,7],"to":[17,26,9],"rotation":{"angle":0,"axis":"y","origin":[-4,0,-3]},"faces":{"north":{"uv":[0,9.25,0.75,10.75],"texture":"#1"},"east":{"uv":[10.5,10.5,11,12],"texture":"#1"},"south":{"uv":[0.75,9.25,0,10.75],"texture":"#1"},"west":{"uv":[0,10.75,0.5,12.25],"texture":"#1"},"up":{"uv":[12.25,7.25,11.5,6.75],"texture":"#1"},"down":{"uv":[11.75,11.5,11,12],"texture":"#1"}}},{"from":[9,26,7],"to":[17,29,9],"rotation":{"angle":0,"axis":"y","origin":[-4,0,-3]},"faces":{"north":{"uv":[8,2.25,10,3],"texture":"#1"},"east":{"uv":[4.5,11.75,5,12.5],"texture":"#1"},"south":{"uv":[10,2.25,8,3],"texture":"#1"},"west":{"uv":[4.5,11.75,5,12.5],"texture":"#1"},"up":{"uv":[12,3.5,10,3],"texture":"#1"},"down":{"uv":[12,3.5,10,4],"texture":"#1"}}},{"from":[9,20,7],"to":[12,26,9],"rotation":{"angle":0,"axis":"y","origin":[-4,0,-3]},"faces":{"north":{"uv":[1.5,9.25,2.25,10.75],"texture":"#1"},"east":{"uv":[0.5,10.75,1,12.25],"texture":"#1"},"south":{"uv":[2.25,9.25,1.5,10.75],"texture":"#1"},"west":{"uv":[10.5,10.5,11,12],"texture":"#1"},"up":{"uv":[12.5,7.75,11.75,7.25],"texture":"#1"},"down":{"uv":[9.75,11.75,9,12.25],"texture":"#1"}}},{"from":[-1,23,5],"to":[7,26,7],"rotation":{"angle":0,"axis":"y","origin":[-4,0,-3]},"faces":{"north":{"uv":[8,3.75,10,4.5],"texture":"#1"},"east":{"uv":[5.5,11.75,6,12.5],"texture":"#1"},"south":{"uv":[10,3.75,8,4.5],"texture":"#1"},"west":{"uv":[5.5,11.75,6,12.5],"texture":"#1"},"up":{"uv":[12,4.5,10,4],"texture":"#1"},"down":{"uv":[6.5,10,4.5,10.5],"texture":"#1"}}},{"from":[4,17,5],"to":[7,18,7],"rotation":{"angle":0,"axis":"y","origin":[-4,0,-3]},"faces":{"north":{"uv":[5.25,9.25,6,9.5],"texture":"#1"},"east":{"uv":[0.5,12.25,1,12.5],"texture":"#1"},"south":{"uv":[6,9.25,5.25,9.5],"texture":"#1"},"west":{"uv":[0.5,12.25,1,12.5],"texture":"#1"},"up":{"uv":[12.5,11,11.75,10.5],"texture":"#1"},"down":{"uv":[12.5,11,11.75,11.5],"texture":"#1"}}},{"from":[-1,18,5],"to":[7,21,7],"rotation":{"angle":0,"axis":"y","origin":[-4,0,-3]},"faces":{"north":{"uv":[8,8,10,8.75],"texture":"#1"},"east":{"uv":[11.75,11.5,12.25,12.25],"texture":"#1"},"south":{"uv":[10,8,8,8.75],"texture":"#1"},"west":{"uv":[11.75,11.5,12.25,12.25],"texture":"#1"},"up":{"uv":[8.5,10.5,6.5,10],"texture":"#1"},"down":{"uv":[12,8,10,8.5],"texture":"#1"}}},{"from":[-1,21,5],"to":[2,23,7],"rotation":{"angle":0,"axis":"y","origin":[-4,0,-3]},"faces":{"north":{"uv":[12,0.75,12.75,1.25],"texture":"#1"},"east":{"uv":[10.75,12,11.25,12.5],"texture":"#1"},"south":{"uv":[12.75,0.75,12,1.25],"texture":"#1"},"west":{"uv":[10.75,12,11.25,12.5],"texture":"#1"},"up":{"uv":[12.75,2.25,12,1.75],"texture":"#1"},"down":{"uv":[12.75,2.25,12,2.75],"texture":"#1"}}},{"from":[-1,14,5],"to":[7,17,7],"rotation":{"angle":0,"axis":"y","origin":[-4,0,-3]},"faces":{"north":{"uv":[7,5,9,5.75],"texture":"#1"},"east":{"uv":[11,5.25,11.5,6],"texture":"#1"},"south":{"uv":[9,5,7,5.75],"texture":"#1"},"west":{"uv":[11,5.25,11.5,6],"texture":"#1"},"up":{"uv":[11,8,9,7.5],"texture":"#1"},"down":{"uv":[6.5,9.5,4.5,10],"texture":"#1"}}},{"from":[10.51872,-0.60646,8],"to":[11.01872,20.39354,8.5],"rotation":{"angle":-22.5,"axis":"z","origin":[10.76872,11.64354,8.25]},"faces":{"north":{"uv":[2.5,10.75,2.625,16],"texture":"#1"},"east":{"uv":[2.75,10.75,2.875,16],"texture":"#1"},"south":{"uv":[3,10.75,3.125,16],"texture":"#1"},"west":{"uv":[3.25,10.75,3.375,16],"texture":"#1"},"up":{"uv":[6.875,7.875,6.75,7.75],"texture":"#1"},"down":{"uv":[8.875,4.5,8.75,4.625],"texture":"#1"}}},{"from":[-1.6,10.95,7.75],"to":[-1.1,31.95,8.25],"rotation":{"angle":45,"axis":"z","origin":[12.86872,17.34354,8.25]},"faces":{"north":{"uv":[3.5,10.75,3.625,16],"texture":"#1"},"east":{"uv":[3.75,10.75,3.875,16],"texture":"#1"},"south":{"uv":[4,10.75,4.125,16],"texture":"#1"},"west":{"uv":[4.25,10.75,4.375,16],"texture":"#1"},"up":{"uv":[1.625,12.375,1.5,12.25],"texture":"#1"},"down":{"uv":[1.875,12.25,1.75,12.375],"texture":"#1"}}},{"from":[4.6,0.25,5.75],"to":[5.1,16.25,6.25],"rotation":{"angle":22.5,"axis":"z","origin":[2.12458,9.11282,6]},"faces":{"north":{"uv":[8,11,8.125,15],"texture":"#1"},"east":{"uv":[8.25,11,8.375,15],"texture":"#1"},"south":{"uv":[8.5,11,8.625,15],"texture":"#1"},"west":{"uv":[8.75,11,8.875,15],"texture":"#1"},"up":{"uv":[11.875,7.875,11.75,7.75],"texture":"#1"},"down":{"uv":[10.375,11.75,10.25,11.875],"texture":"#1"}}},{"from":[1,0,4],"to":[15,3,12],"rotation":{"angle":0,"axis":"y","origin":[14.46872,1.64354,8.25]},"faces":{"north":{"uv":[0,7,3.5,7.75],"texture":"#1"},"east":{"uv":[9,6,11,6.75],"texture":"#1"},"south":{"uv":[3.5,7,0,7.75],"texture":"#1"},"west":{"uv":[11,6,9,6.75],"texture":"#1"},"up":{"uv":[3.5,7,0,5],"texture":"#1"},"down":{"uv":[7,5,3.5,7],"texture":"#1"}}},{"from":[0,3,3],"to":[16,4,13],"rotation":{"angle":0,"axis":"y","origin":[14.46872,1.64354,8.25]},"faces":{"north":{"uv":[10.5,9.5,14.5,9.75],"texture":"#1"},"east":{"uv":[4.5,11,7,11.25],"texture":"#1"},"south":{"uv":[14.5,9.5,10.5,9.75],"texture":"#1"},"west":{"uv":[7,11,4.5,11.25],"texture":"#1"},"up":{"uv":[4,2.5,0,0],"texture":"#1"},"down":{"uv":[4,2.5,0,5],"texture":"#1"}}},{"from":[0,0,3],"to":[16,1,13],"rotation":{"angle":0,"axis":"y","origin":[14.46872,1.64354,8.25]},"faces":{"north":{"uv":[10.5,10,14.5,10.25],"texture":"#1"},"east":{"uv":[11,4.75,13.5,5],"texture":"#1"},"south":{"uv":[14.5,10,10.5,10.25],"texture":"#1"},"west":{"uv":[13.5,4.75,11,5],"texture":"#1"},"up":{"uv":[8,2.5,4,0],"texture":"#1"},"down":{"uv":[8,2.5,4,5],"texture":"#1"}}},{"from":[15.26408,-3.6421,10],"to":[15.76408,14.3579,10.5],"rotation":{"angle":-45,"axis":"z","origin":[19.51408,8.3579,10.25]},"faces":{"north":{"uv":[7,11,7.125,15.5],"texture":"#1"},"east":{"uv":[7.25,11,7.375,15.5],"texture":"#1"},"south":{"uv":[7.5,11,7.625,15.5],"texture":"#1"},"west":{"uv":[7.75,11,7.875,15.5],"texture":"#1"},"up":{"uv":[8.875,4.875,8.75,4.75],"texture":"#1"},"down":{"uv":[11.625,7.25,11.5,7.375],"texture":"#1"}}},{"from":[-11,26,7],"to":[-3,29,9],"rotation":{"angle":0,"axis":"y","origin":[-4,0,-3]},"faces":{"north":{"uv":[2,8.5,4,9.25],"texture":"#1"},"east":{"uv":[12,2.75,12.5,3.5],"texture":"#1"},"south":{"uv":[4,8.5,2,9.25],"texture":"#1"},"west":{"uv":[12,3.5,12.5,4.25],"texture":"#1"},"up":{"uv":[10.5,10.5,8.5,10],"texture":"#1"},"down":{"uv":[12,8.5,10,9],"texture":"#1"}}},{"from":[-11,22,7],"to":[-3,25,9],"rotation":{"angle":0,"axis":"y","origin":[-4,0,-3]},"faces":{"north":{"uv":[6,8.75,8,9.5],"texture":"#1"},"east":{"uv":[12,5.25,12.5,6],"texture":"#1"},"south":{"uv":[8,8.75,6,9.5],"texture":"#1"},"west":{"uv":[6,12,6.5,12.75],"texture":"#1"},"up":{"uv":[12,9.5,10,9],"texture":"#1"},"down":{"uv":[6.5,10.5,4.5,11],"texture":"#1"}}},{"from":[-11.01,20,7.02],"to":[-8.01,26,8.99],"rotation":{"angle":0,"axis":"y","origin":[-4,0,-3]},"faces":{"north":{"uv":[3,9.25,3.75,10.75],"texture":"#1"},"east":{"uv":[1.5,10.75,2,12.25],"texture":"#1"},"south":{"uv":[3.75,9.25,3,10.75],"texture":"#1"},"west":{"uv":[2,10.75,2.5,12.25],"texture":"#1"},"up":{"uv":[12.75,6.5,12,6],"texture":"#1"},"down":{"uv":[12.75,7.75,12,8.25],"texture":"#1"}}},{"from":[-11,17,7],"to":[-3,20,9],"rotation":{"angle":0,"axis":"y","origin":[-4,0,-3]},"faces":{"north":{"uv":[9,4.5,11,5.25],"texture":"#1"},"east":{"uv":[6.5,12,7,12.75],"texture":"#1"},"south":{"uv":[11,4.5,9,5.25],"texture":"#1"},"west":{"uv":[12,8.25,12.5,9],"texture":"#1"},"up":{"uv":[8.5,11,6.5,10.5],"texture":"#1"},"down":{"uv":[10.5,10.5,8.5,11],"texture":"#1"}}}],"gui_light":"front","display":{"thirdperson_righthand":{"rotation":[75,45,0],"translation":[0,2.5,0],"scale":[0.375,0.375,0.375]},"thirdperson_lefthand":{"rotation":[75,45,0],"translation":[0,2.5,0],"scale":[0.375,0.375,0.375]},"firstperson_righthand":{"rotation":[-180,62.25,-180],"translation":[-1.25,1.5,0],"scale":[0.24,0.24,0.24]},"firstperson_lefthand":{"rotation":[-180,62.25,-180],"translation":[-1.25,1.5,0],"scale":[0.24,0.24,0.24]},"ground":{"translation":[0,2,0],"scale":[0.5,0.5,0.5]},"gui":{"rotation":[30,225,0],"translation":[-0.25,-2.75,0],"scale":[0.4,0.4,0.4]},"head":{"rotation":[0,180,0],"translation":[0,-30.4,0],"scale":[1.6,1.6,1.6]},"fixed":{"rotation":[-90,180,0],"translation":[0,0,-16],"scale":[2.01,2.01,2.01]}},"groups":[{"name":"group","origin":[0,0,0],"color":0,"children":[0,1,2,3,4]},{"name":"group","origin":[0,0,0],"color":0,"children":[5,6,7,8]},{"name":"group","origin":[0,0,0],"color":0,"children":[9,10,11,12,13,14,15,16,17,18,19,20]},{"name":"group","origin":[0,0,0],"color":0,"children":[21,22,23,24]}]}