{"credit":"MadewithBlockbench","texture_size":[64,64],"textures":{"0":"elitecreatures:new_year_tools/firework_box","particle":"elitecreatures:new_year_tools/firework_box"},"elements":[{"from":[3,0,3],"to":[13,10,13],"faces":{"north":{"uv":[0,0,2.5,2.5],"texture":"#0"},"east":{"uv":[2.5,0,0,2.5],"texture":"#0"},"south":{"uv":[0,0,2.5,2.5],"texture":"#0"},"west":{"uv":[2.5,0,0,2.5],"texture":"#0"},"up":{"uv":[2.5,7.5,0,5],"texture":"#0"},"down":{"uv":[7.5,0,5,2.5],"texture":"#0"}}},{"from":[5,12.5,9.9],"to":[7.5,13.5,12.4],"rotation":{"angle":22.5,"axis":"x","origin":[10.25,9.625,9.15]},"faces":{"north":{"uv":[10.5,8,11.125,8.25],"texture":"#0"},"east":{"uv":[10.5,8,11.125,8.25],"texture":"#0"},"south":{"uv":[10.5,8,11.125,8.25],"texture":"#0"},"west":{"uv":[10.5,8,11.125,8.25],"texture":"#0"},"up":{"uv":[6.625,5.375,6,4.75],"texture":"#0"},"down":{"uv":[4.625,5,4,5.625],"texture":"#0"}}},{"from":[5.5,13.5,10.4],"to":[7,14,11.9],"rotation":{"angle":22.5,"axis":"x","origin":[10.25,9.625,9.15]},"faces":{"north":{"uv":[4.75,6.75,5.125,6.875],"texture":"#0"},"east":{"uv":[11.5,2,11.875,2.125],"texture":"#0"},"south":{"uv":[0.5,12.75,0.875,12.875],"texture":"#0"},"west":{"uv":[1,12.75,1.375,12.875],"texture":"#0"},"up":{"uv":[4.875,11.125,4.5,10.75],"texture":"#0"},"down":{"uv":[4.875,11.25,4.5,11.625],"texture":"#0"}}},{"from":[6,14,10.9],"to":[6.5,14.5,11.4],"rotation":{"angle":22.5,"axis":"x","origin":[10.25,9.625,9.15]},"faces":{"north":{"uv":[4.75,5,4.875,5.125],"texture":"#0"},"east":{"uv":[4.75,5.25,4.875,5.375],"texture":"#0"},"south":{"uv":[4.75,5.5,4.875,5.625],"texture":"#0"},"west":{"uv":[4.75,5.75,4.875,5.875],"texture":"#0"},"up":{"uv":[4.875,6.125,4.75,6],"texture":"#0"},"down":{"uv":[4.875,6.25,4.75,6.375],"texture":"#0"}}},{"from":[5.5,9.5,10.4],"to":[7,12.5,11.9],"rotation":{"angle":22.5,"axis":"x","origin":[10.25,9.625,9.15]},"faces":{"north":{"uv":[4.25,8,4.625,8.75],"texture":"#0"},"east":{"uv":[3.75,8,4.125,8.75],"texture":"#0"},"south":{"uv":[4.25,8,4.625,8.75],"texture":"#0"},"west":{"uv":[3.75,8,4.125,8.75],"texture":"#0"},"up":{"uv":[11.625,11.125,11.25,10.75],"texture":"#0"},"down":{"uv":[11.875,0,11.5,0.375],"texture":"#0"}}},{"from":[9.5,11.5,9.9],"to":[12,12.5,12.4],"rotation":{"angle":22.5,"axis":"x","origin":[10.25,9.625,9.15]},"faces":{"north":{"uv":[10.5,3.75,11.125,4],"texture":"#0"},"east":{"uv":[10.5,3.75,11.125,4],"texture":"#0"},"south":{"uv":[10.5,3.75,11.125,4],"texture":"#0"},"west":{"uv":[10.5,3.75,11.125,4],"texture":"#0"},"up":{"uv":[5.875,3.125,5.25,2.5],"texture":"#0"},"down":{"uv":[5.875,3.25,5.25,3.875],"texture":"#0"}}},{"from":[10,12.5,10.4],"to":[11.5,13,11.9],"rotation":{"angle":22.5,"axis":"x","origin":[10.25,9.625,9.15]},"faces":{"north":{"uv":[1.5,12.75,1.875,12.875],"texture":"#0"},"east":{"uv":[4.25,12.75,4.625,12.875],"texture":"#0"},"south":{"uv":[4.75,12.75,5.125,12.875],"texture":"#0"},"west":{"uv":[5.25,12.75,5.625,12.875],"texture":"#0"},"up":{"uv":[11.875,0.875,11.5,0.5],"texture":"#0"},"down":{"uv":[11.875,1,11.5,1.375],"texture":"#0"}}},{"from":[10.5,13,10.9],"to":[11,13.5,11.4],"rotation":{"angle":22.5,"axis":"x","origin":[10.25,9.625,9.15]},"faces":{"north":{"uv":[4.75,6.5,4.875,6.625],"texture":"#0"},"east":{"uv":[2.25,7.5,2.375,7.625],"texture":"#0"},"south":{"uv":[7.5,6.75,7.625,6.875],"texture":"#0"},"west":{"uv":[2.25,7.75,2.375,7.875],"texture":"#0"},"up":{"uv":[2.375,8.125,2.25,8],"texture":"#0"},"down":{"uv":[3.125,9.25,3,9.375],"texture":"#0"}}},{"from":[10,8.5,10.4],"to":[11.5,11.5,11.9],"rotation":{"angle":22.5,"axis":"x","origin":[10.25,9.625,9.15]},"faces":{"north":{"uv":[9.25,4.5,9.625,5.25],"texture":"#0"},"east":{"uv":[4.75,9.25,5.125,10],"texture":"#0"},"south":{"uv":[9.25,4.5,9.625,5.25],"texture":"#0"},"west":{"uv":[4.75,9.25,5.125,10],"texture":"#0"},"up":{"uv":[11.875,1.875,11.5,1.5],"texture":"#0"},"down":{"uv":[2.625,11.5,2.25,11.875],"texture":"#0"}}},{"from":[7.5,12.5,8.9],"to":[10,13.5,11.4],"rotation":{"angle":22.5,"axis":"x","origin":[10.25,9.625,9.15]},"faces":{"north":{"uv":[10.75,1,11.375,1.25],"texture":"#0"},"east":{"uv":[10.75,1,11.375,1.25],"texture":"#0"},"south":{"uv":[10.75,1,11.375,1.25],"texture":"#0"},"west":{"uv":[10.75,1,11.375,1.25],"texture":"#0"},"up":{"uv":[7.375,4.625,6.75,4],"texture":"#0"},"down":{"uv":[5.875,4.75,5.25,5.375],"texture":"#0"}}},{"from":[8,13.5,9.4],"to":[9.5,14,10.9],"rotation":{"angle":22.5,"axis":"x","origin":[10.25,9.625,9.15]},"faces":{"north":{"uv":[5.75,12.75,6.125,12.875],"texture":"#0"},"east":{"uv":[6.25,12.75,6.625,12.875],"texture":"#0"},"south":{"uv":[6.75,12.75,7.125,12.875],"texture":"#0"},"west":{"uv":[12.75,10.5,13.125,10.625],"texture":"#0"},"up":{"uv":[8.125,11.875,7.75,11.5],"texture":"#0"},"down":{"uv":[8.625,11.5,8.25,11.875],"texture":"#0"}}},{"from":[8.5,14,9.9],"to":[9,14.5,10.4],"rotation":{"angle":22.5,"axis":"x","origin":[10.25,9.625,9.15]},"faces":{"north":{"uv":[4.5,9.5,4.625,9.625],"texture":"#0"},"east":{"uv":[4.5,9.75,4.625,9.875],"texture":"#0"},"south":{"uv":[10,6.75,10.125,6.875],"texture":"#0"},"west":{"uv":[10,7,10.125,7.125],"texture":"#0"},"up":{"uv":[10.125,7.375,10,7.25],"texture":"#0"},"down":{"uv":[10.125,7.5,10,7.625],"texture":"#0"}}},{"from":[8,9.5,9.4],"to":[9.5,12.5,10.9],"rotation":{"angle":22.5,"axis":"x","origin":[10.25,9.625,9.15]},"faces":{"north":{"uv":[8.25,4.5,8.625,5.25],"texture":"#0"},"east":{"uv":[8.25,5.25,8.625,6],"texture":"#0"},"south":{"uv":[8.25,4.5,8.625,5.25],"texture":"#0"},"west":{"uv":[8.25,5.25,8.625,6],"texture":"#0"},"up":{"uv":[9.125,11.875,8.75,11.5],"texture":"#0"},"down":{"uv":[9.625,11.5,9.25,11.875],"texture":"#0"}}},{"from":[6.5,13.5,6.9],"to":[9,14.5,9.4],"rotation":{"angle":22.5,"axis":"x","origin":[10.25,9.625,9.15]},"faces":{"north":{"uv":[10.5,3.75,11.125,4],"texture":"#0"},"east":{"uv":[10.5,3.75,11.125,4],"texture":"#0"},"south":{"uv":[10.5,3.75,11.125,4],"texture":"#0"},"west":{"uv":[10.5,3.75,11.125,4],"texture":"#0"},"up":{"uv":[5.875,3.125,5.25,2.5],"texture":"#0"},"down":{"uv":[8.125,6,7.5,6.625],"texture":"#0"}}},{"from":[7,14.5,7.4],"to":[8.5,15,8.9],"rotation":{"angle":22.5,"axis":"x","origin":[10.25,9.625,9.15]},"faces":{"north":{"uv":[13,9.75,13.375,9.875],"texture":"#0"},"east":{"uv":[10,13,10.375,13.125],"texture":"#0"},"south":{"uv":[13,10,13.375,10.125],"texture":"#0"},"west":{"uv":[13,10.25,13.375,10.375],"texture":"#0"},"up":{"uv":[7.875,12.875,7.5,12.5],"texture":"#0"},"down":{"uv":[12.875,7.5,12.5,7.875],"texture":"#0"}}},{"from":[7.5,15,7.9],"to":[8,15.5,8.4],"rotation":{"angle":22.5,"axis":"x","origin":[10.25,9.625,9.15]},"faces":{"north":{"uv":[0,13.5,0.125,13.625],"texture":"#0"},"east":{"uv":[13.5,0,13.625,0.125],"texture":"#0"},"south":{"uv":[0.25,13.5,0.375,13.625],"texture":"#0"},"west":{"uv":[13.5,0.25,13.625,0.375],"texture":"#0"},"up":{"uv":[0.625,13.625,0.5,13.5],"texture":"#0"},"down":{"uv":[13.625,0.5,13.5,0.625],"texture":"#0"}}},{"from":[7,10.5,7.4],"to":[8.5,13.5,8.9],"rotation":{"angle":22.5,"axis":"x","origin":[10.25,9.625,9.15]},"faces":{"north":{"uv":[9.25,4.5,9.625,5.25],"texture":"#0"},"east":{"uv":[4.75,9.25,5.125,10],"texture":"#0"},"south":{"uv":[9.25,4.5,9.625,5.25],"texture":"#0"},"west":{"uv":[4.75,9.25,5.125,10],"texture":"#0"},"up":{"uv":[8.375,12.875,8,12.5],"texture":"#0"},"down":{"uv":[12.875,8,12.5,8.375],"texture":"#0"}}},{"from":[6.5,13.5,6.6],"to":[9,14.5,9.1],"rotation":{"angle":-22.5,"axis":"x","origin":[10.25,9.625,6.85]},"faces":{"north":{"uv":[10.5,3.75,11.125,4],"texture":"#0"},"east":{"uv":[10.5,3.75,11.125,4],"texture":"#0"},"south":{"uv":[10.5,3.75,11.125,4],"texture":"#0"},"west":{"uv":[10.5,3.75,11.125,4],"texture":"#0"},"up":{"uv":[5.875,3.125,5.25,2.5],"texture":"#0"},"down":{"uv":[6.125,7.75,5.5,8.375],"texture":"#0"}}},{"from":[7,14.5,7.1],"to":[8.5,15,8.6],"rotation":{"angle":-22.5,"axis":"x","origin":[10.25,9.625,6.85]},"faces":{"north":{"uv":[10.5,13,10.875,13.125],"texture":"#0"},"east":{"uv":[11,13,11.375,13.125],"texture":"#0"},"south":{"uv":[11.5,13,11.875,13.125],"texture":"#0"},"west":{"uv":[12,13,12.375,13.125],"texture":"#0"},"up":{"uv":[8.875,12.875,8.5,12.5],"texture":"#0"},"down":{"uv":[12.875,8.5,12.5,8.875],"texture":"#0"}}},{"from":[7.5,15,7.6],"to":[8,15.5,8.1],"rotation":{"angle":-22.5,"axis":"x","origin":[10.25,9.625,6.85]},"faces":{"north":{"uv":[0.75,13.5,0.875,13.625],"texture":"#0"},"east":{"uv":[13.5,0.75,13.625,0.875],"texture":"#0"},"south":{"uv":[1,13.5,1.125,13.625],"texture":"#0"},"west":{"uv":[13.5,1,13.625,1.125],"texture":"#0"},"up":{"uv":[1.375,13.625,1.25,13.5],"texture":"#0"},"down":{"uv":[13.625,1.25,13.5,1.375],"texture":"#0"}}},{"from":[7,10.5,7.1],"to":[8.5,13.5,8.6],"rotation":{"angle":-22.5,"axis":"x","origin":[10.25,9.625,6.85]},"faces":{"north":{"uv":[9.25,4.5,9.625,5.25],"texture":"#0"},"east":{"uv":[4.75,9.25,5.125,10],"texture":"#0"},"south":{"uv":[9.25,4.5,9.625,5.25],"texture":"#0"},"west":{"uv":[4.75,9.25,5.125,10],"texture":"#0"},"up":{"uv":[9.375,12.875,9,12.5],"texture":"#0"},"down":{"uv":[12.875,9,12.5,9.375],"texture":"#0"}}},{"from":[6,13.5,7.1],"to":[8.5,14.5,9.6],"rotation":{"angle":-22.5,"axis":"z","origin":[10.25,9.625,6.85]},"faces":{"north":{"uv":[10.75,1,11.375,1.25],"texture":"#0"},"east":{"uv":[10.75,1,11.375,1.25],"texture":"#0"},"south":{"uv":[10.75,1,11.375,1.25],"texture":"#0"},"west":{"uv":[10.75,1,11.375,1.25],"texture":"#0"},"up":{"uv":[7.375,4.625,6.75,4],"texture":"#0"},"down":{"uv":[8.375,6.75,7.75,7.375],"texture":"#0"}}},{"from":[6.5,14.5,7.6],"to":[8,15,9.1],"rotation":{"angle":-22.5,"axis":"z","origin":[10.25,9.625,6.85]},"faces":{"north":{"uv":[12.5,13,12.875,13.125],"texture":"#0"},"east":{"uv":[13,13,13.375,13.125],"texture":"#0"},"south":{"uv":[0,13.25,0.375,13.375],"texture":"#0"},"west":{"uv":[0.5,13.25,0.875,13.375],"texture":"#0"},"up":{"uv":[9.875,12.875,9.5,12.5],"texture":"#0"},"down":{"uv":[12.875,9.5,12.5,9.875],"texture":"#0"}}},{"from":[7,15,8.1],"to":[7.5,15.5,8.6],"rotation":{"angle":-22.5,"axis":"z","origin":[10.25,9.625,6.85]},"faces":{"north":{"uv":[1.5,13.5,1.625,13.625],"texture":"#0"},"east":{"uv":[13.5,1.5,13.625,1.625],"texture":"#0"},"south":{"uv":[1.75,13.5,1.875,13.625],"texture":"#0"},"west":{"uv":[13.5,1.75,13.625,1.875],"texture":"#0"},"up":{"uv":[2.125,13.625,2,13.5],"texture":"#0"},"down":{"uv":[13.625,2,13.5,2.125],"texture":"#0"}}},{"from":[6.5,10.5,7.6],"to":[8,13.5,9.1],"rotation":{"angle":-22.5,"axis":"z","origin":[10.25,9.625,6.85]},"faces":{"north":{"uv":[8.25,5.25,8.625,6],"texture":"#0"},"east":{"uv":[8.25,4.5,8.625,5.25],"texture":"#0"},"south":{"uv":[8.25,5.25,8.625,6],"texture":"#0"},"west":{"uv":[8.25,4.5,8.625,5.25],"texture":"#0"},"up":{"uv":[10.375,12.875,10,12.5],"texture":"#0"},"down":{"uv":[12.875,10,12.5,10.375],"texture":"#0"}}},{"from":[8,15.5,6.1],"to":[10.5,16.5,8.6],"rotation":{"angle":22.5,"axis":"z","origin":[5.75,9.625,6.85]},"faces":{"north":{"uv":[10.5,8,11.125,8.25],"texture":"#0"},"east":{"uv":[10.5,8,11.125,8.25],"texture":"#0"},"south":{"uv":[10.5,8,11.125,8.25],"texture":"#0"},"west":{"uv":[10.5,8,11.125,8.25],"texture":"#0"},"up":{"uv":[6.625,5.375,6,4.75],"texture":"#0"},"down":{"uv":[8.375,7.5,7.75,8.125],"texture":"#0"}}},{"from":[8.5,16.5,6.6],"to":[10,17,8.1],"rotation":{"angle":22.5,"axis":"z","origin":[5.75,9.625,6.85]},"faces":{"north":{"uv":[1,13.25,1.375,13.375],"texture":"#0"},"east":{"uv":[1.5,13.25,1.875,13.375],"texture":"#0"},"south":{"uv":[2,13.25,2.375,13.375],"texture":"#0"},"west":{"uv":[2.5,13.25,2.875,13.375],"texture":"#0"},"up":{"uv":[10.875,12.875,10.5,12.5],"texture":"#0"},"down":{"uv":[11.375,12.5,11,12.875],"texture":"#0"}}},{"from":[9,1,7.1],"to":[9.5,17.5,7.6],"rotation":{"angle":22.5,"axis":"z","origin":[5.75,9.625,6.85]},"faces":{"north":{"uv":[2.5,5,2.625,9.125],"texture":"#0"},"east":{"uv":[5,2.5,5.125,6.625],"texture":"#0"},"south":{"uv":[2.75,5,2.875,9.125],"texture":"#0"},"west":{"uv":[3,5,3.125,9.125],"texture":"#0"},"up":{"uv":[2.375,13.625,2.25,13.5],"texture":"#0"},"down":{"uv":[13.625,2.25,13.5,2.375],"texture":"#0"}}},{"from":[8.5,12.5,6.6],"to":[10,15.5,8.1],"rotation":{"angle":22.5,"axis":"z","origin":[5.75,9.625,6.85]},"faces":{"north":{"uv":[4.25,8,4.625,8.75],"texture":"#0"},"east":{"uv":[3.75,8,4.125,8.75],"texture":"#0"},"south":{"uv":[4.25,8,4.625,8.75],"texture":"#0"},"west":{"uv":[3.75,8,4.125,8.75],"texture":"#0"},"up":{"uv":[12.625,12.875,12.25,12.5],"texture":"#0"},"down":{"uv":[0.375,12.75,0,13.125],"texture":"#0"}}},{"from":[4,14.5,7.9],"to":[6.5,15.5,10.4],"rotation":{"angle":22.5,"axis":"x","origin":[10.25,9.625,9.15]},"faces":{"north":{"uv":[10.75,1,11.375,1.25],"texture":"#0"},"east":{"uv":[10.75,1,11.375,1.25],"texture":"#0"},"south":{"uv":[10.75,1,11.375,1.25],"texture":"#0"},"west":{"uv":[10.75,1,11.375,1.25],"texture":"#0"},"up":{"uv":[7.375,4.625,6.75,4],"texture":"#0"},"down":{"uv":[3.875,5.75,3.25,6.375],"texture":"#0"}}},{"from":[4.5,15.5,8.4],"to":[6,16,9.9],"rotation":{"angle":22.5,"axis":"x","origin":[10.25,9.625,9.15]},"faces":{"north":{"uv":[12.75,11.25,13.125,11.375],"texture":"#0"},"east":{"uv":[12.75,11.25,13.125,11.375],"texture":"#0"},"south":{"uv":[12.75,11.25,13.125,11.375],"texture":"#0"},"west":{"uv":[12.75,11.25,13.125,11.375],"texture":"#0"},"up":{"uv":[10.125,11.875,9.75,11.5],"texture":"#0"},"down":{"uv":[10.625,11.5,10.25,11.875],"texture":"#0"}}},{"from":[5,8,8.9],"to":[5.5,16.5,9.4],"rotation":{"angle":22.5,"axis":"x","origin":[10.25,9.625,9.15]},"faces":{"north":{"uv":[5,10,5.125,12.125],"texture":"#0"},"east":{"uv":[5.25,10,5.375,12.125],"texture":"#0"},"south":{"uv":[5.5,10,5.625,12.125],"texture":"#0"},"west":{"uv":[5.75,10,5.875,12.125],"texture":"#0"},"up":{"uv":[10.125,7.875,10,7.75],"texture":"#0"},"down":{"uv":[10.125,8,10,8.125],"texture":"#0"}}},{"from":[4.5,11.5,8.4],"to":[6,14.5,9.9],"rotation":{"angle":22.5,"axis":"x","origin":[10.25,9.625,9.15]},"faces":{"north":{"uv":[8.25,4.5,8.625,5.25],"texture":"#0"},"east":{"uv":[8.25,5.25,8.625,6],"texture":"#0"},"south":{"uv":[8.25,4.5,8.625,5.25],"texture":"#0"},"west":{"uv":[8.25,5.25,8.625,6],"texture":"#0"},"up":{"uv":[11.125,11.875,10.75,11.5],"texture":"#0"},"down":{"uv":[11.625,11.5,11.25,11.875],"texture":"#0"}}},{"from":[9,14.5,7.9],"to":[11.5,15.5,10.4],"rotation":{"angle":22.5,"axis":"x","origin":[10.25,9.625,9.15]},"faces":{"north":{"uv":[10.5,8,11.125,8.25],"texture":"#0"},"east":{"uv":[10.5,8,11.125,8.25],"texture":"#0"},"south":{"uv":[10.5,8,11.125,8.25],"texture":"#0"},"west":{"uv":[10.5,8,11.125,8.25],"texture":"#0"},"up":{"uv":[6.625,5.375,6,4.75],"texture":"#0"},"down":{"uv":[6.625,2.5,6,3.125],"texture":"#0"}}},{"from":[9.5,15.5,8.4],"to":[11,16,9.9],"rotation":{"angle":22.5,"axis":"x","origin":[10.25,9.625,9.15]},"faces":{"north":{"uv":[12.75,11.5,13.125,11.625],"texture":"#0"},"east":{"uv":[12.75,11.75,13.125,11.875],"texture":"#0"},"south":{"uv":[12.75,12,13.125,12.125],"texture":"#0"},"west":{"uv":[12.75,12.25,13.125,12.375],"texture":"#0"},"up":{"uv":[4.875,12.125,4.5,11.75],"texture":"#0"},"down":{"uv":[12.125,10.75,11.75,11.125],"texture":"#0"}}},{"from":[10,8,8.9],"to":[10.5,16.5,9.4],"rotation":{"angle":22.5,"axis":"x","origin":[10.25,9.625,9.15]},"faces":{"north":{"uv":[6,10,6.125,12.125],"texture":"#0"},"east":{"uv":[6.25,10,6.375,12.125],"texture":"#0"},"south":{"uv":[6.5,10,6.625,12.125],"texture":"#0"},"west":{"uv":[6.75,10,6.875,12.125],"texture":"#0"},"up":{"uv":[2.375,10.625,2.25,10.5],"texture":"#0"},"down":{"uv":[10.125,10.5,10,10.625],"texture":"#0"}}},{"from":[9.5,11.5,8.4],"to":[11,14.5,9.9],"rotation":{"angle":22.5,"axis":"x","origin":[10.25,9.625,9.15]},"faces":{"north":{"uv":[4.25,8,4.625,8.75],"texture":"#0"},"east":{"uv":[3.75,8,4.125,8.75],"texture":"#0"},"south":{"uv":[4.25,8,4.625,8.75],"texture":"#0"},"west":{"uv":[3.75,8,4.125,8.75],"texture":"#0"},"up":{"uv":[12.125,11.625,11.75,11.25],"texture":"#0"},"down":{"uv":[12.125,11.75,11.75,12.125],"texture":"#0"}}},{"from":[5,12.5,3.6],"to":[7.5,13.5,6.1],"rotation":{"angle":-22.5,"axis":"x","origin":[10.25,9.625,6.85]},"faces":{"north":{"uv":[10.5,8,11.125,8.25],"texture":"#0"},"east":{"uv":[10.5,8,11.125,8.25],"texture":"#0"},"south":{"uv":[10.5,8,11.125,8.25],"texture":"#0"},"west":{"uv":[10.5,8,11.125,8.25],"texture":"#0"},"up":{"uv":[6.625,5.375,6,4.75],"texture":"#0"},"down":{"uv":[6.625,4,6,4.625],"texture":"#0"}}},{"from":[5.5,13.5,4.1],"to":[7,14,5.6],"rotation":{"angle":-22.5,"axis":"x","origin":[10.25,9.625,6.85]},"faces":{"north":{"uv":[12.75,12.5,13.125,12.625],"texture":"#0"},"east":{"uv":[12.75,12.75,13.125,12.875],"texture":"#0"},"south":{"uv":[13,0,13.375,0.125],"texture":"#0"},"west":{"uv":[13,0.25,13.375,0.375],"texture":"#0"},"up":{"uv":[12.375,0.375,12,0],"texture":"#0"},"down":{"uv":[12.375,0.5,12,0.875],"texture":"#0"}}},{"from":[6,14,4.6],"to":[6.5,14.5,5.1],"rotation":{"angle":-22.5,"axis":"x","origin":[10.25,9.625,6.85]},"faces":{"north":{"uv":[10,10.75,10.125,10.875],"texture":"#0"},"east":{"uv":[10,11,10.125,11.125],"texture":"#0"},"south":{"uv":[2.75,11.5,2.875,11.625],"texture":"#0"},"west":{"uv":[11.5,11.25,11.625,11.375],"texture":"#0"},"up":{"uv":[2.875,11.875,2.75,11.75],"texture":"#0"},"down":{"uv":[2.875,12,2.75,12.125],"texture":"#0"}}},{"from":[5.5,9.5,4.1],"to":[7,12.5,5.6],"rotation":{"angle":-22.5,"axis":"x","origin":[10.25,9.625,6.85]},"faces":{"north":{"uv":[4.25,8,4.625,8.75],"texture":"#0"},"east":{"uv":[3.75,8,4.125,8.75],"texture":"#0"},"south":{"uv":[4.25,8,4.625,8.75],"texture":"#0"},"west":{"uv":[3.75,8,4.125,8.75],"texture":"#0"},"up":{"uv":[12.375,1.375,12,1],"texture":"#0"},"down":{"uv":[12.375,1.5,12,1.875],"texture":"#0"}}},{"from":[9.5,11.5,3.6],"to":[12,12.5,6.1],"rotation":{"angle":-22.5,"axis":"x","origin":[10.25,9.625,6.85]},"faces":{"north":{"uv":[10.5,8,11.125,8.25],"texture":"#0"},"east":{"uv":[10.5,8,11.125,8.25],"texture":"#0"},"south":{"uv":[10.5,8,11.125,8.25],"texture":"#0"},"west":{"uv":[10.5,8,11.125,8.25],"texture":"#0"},"up":{"uv":[6.625,5.375,6,4.75],"texture":"#0"},"down":{"uv":[6.625,5.5,6,6.125],"texture":"#0"}}},{"from":[10,12.5,4.1],"to":[11.5,13,5.6],"rotation":{"angle":-22.5,"axis":"x","origin":[10.25,9.625,6.85]},"faces":{"north":{"uv":[0.5,13,0.875,13.125],"texture":"#0"},"east":{"uv":[13,0.5,13.375,0.625],"texture":"#0"},"south":{"uv":[13,0.75,13.375,0.875],"texture":"#0"},"west":{"uv":[1,13,1.375,13.125],"texture":"#0"},"up":{"uv":[12.375,2.375,12,2],"texture":"#0"},"down":{"uv":[2.625,12,2.25,12.375],"texture":"#0"}}},{"from":[10.5,13,4.6],"to":[11,13.5,5.1],"rotation":{"angle":-22.5,"axis":"x","origin":[10.25,9.625,6.85]},"faces":{"north":{"uv":[12,10.5,12.125,10.625],"texture":"#0"},"east":{"uv":[2.75,12.25,2.875,12.375],"texture":"#0"},"south":{"uv":[7.5,12.25,7.625,12.375],"texture":"#0"},"west":{"uv":[4.25,12.5,4.375,12.625],"texture":"#0"},"up":{"uv":[11.625,12.625,11.5,12.5],"texture":"#0"},"down":{"uv":[2.125,12.75,2,12.875],"texture":"#0"}}},{"from":[10,8.5,4.1],"to":[11.5,11.5,5.6],"rotation":{"angle":-22.5,"axis":"x","origin":[10.25,9.625,6.85]},"faces":{"north":{"uv":[4.25,8,4.625,8.75],"texture":"#0"},"east":{"uv":[3.75,8,4.125,8.75],"texture":"#0"},"south":{"uv":[4.25,8,4.625,8.75],"texture":"#0"},"west":{"uv":[3.75,8,4.125,8.75],"texture":"#0"},"up":{"uv":[12.375,2.875,12,2.5],"texture":"#0"},"down":{"uv":[12.375,3,12,3.375],"texture":"#0"}}},{"from":[7.5,12.5,4.6],"to":[10,13.5,7.1],"rotation":{"angle":-22.5,"axis":"x","origin":[10.25,9.625,6.85]},"faces":{"north":{"uv":[10.5,3.75,11.125,4],"texture":"#0"},"east":{"uv":[10.5,3.75,11.125,4],"texture":"#0"},"south":{"uv":[10.5,3.75,11.125,4],"texture":"#0"},"west":{"uv":[10.5,3.75,11.125,4],"texture":"#0"},"up":{"uv":[5.875,3.125,5.25,2.5],"texture":"#0"},"down":{"uv":[6.625,6.25,6,6.875],"texture":"#0"}}},{"from":[8,13.5,5.1],"to":[9.5,14,6.6],"rotation":{"angle":-22.5,"axis":"x","origin":[10.25,9.625,6.85]},"faces":{"north":{"uv":[13,1,13.375,1.125],"texture":"#0"},"east":{"uv":[13,1.25,13.375,1.375],"texture":"#0"},"south":{"uv":[1.5,13,1.875,13.125],"texture":"#0"},"west":{"uv":[13,1.5,13.375,1.625],"texture":"#0"},"up":{"uv":[12.375,3.875,12,3.5],"texture":"#0"},"down":{"uv":[12.375,4,12,4.375],"texture":"#0"}}},{"from":[8.5,14,5.6],"to":[9,14.5,6.1],"rotation":{"angle":-22.5,"axis":"x","origin":[10.25,9.625,6.85]},"faces":{"north":{"uv":[7.25,12.75,7.375,12.875],"texture":"#0"},"east":{"uv":[12,12.75,12.125,12.875],"texture":"#0"},"south":{"uv":[3,13.25,3.125,13.375],"texture":"#0"},"west":{"uv":[3.25,13.25,3.375,13.375],"texture":"#0"},"up":{"uv":[3.625,13.375,3.5,13.25],"texture":"#0"},"down":{"uv":[3.875,13.25,3.75,13.375],"texture":"#0"}}},{"from":[8,9.5,5.1],"to":[9.5,12.5,6.6],"rotation":{"angle":-22.5,"axis":"x","origin":[10.25,9.625,6.85]},"faces":{"north":{"uv":[9.25,4.5,9.625,5.25],"texture":"#0"},"east":{"uv":[4.75,9.25,5.125,10],"texture":"#0"},"south":{"uv":[9.25,4.5,9.625,5.25],"texture":"#0"},"west":{"uv":[4.75,9.25,5.125,10],"texture":"#0"},"up":{"uv":[12.375,4.875,12,4.5],"texture":"#0"},"down":{"uv":[12.375,5,12,5.375],"texture":"#0"}}},{"from":[5.7,14.5,4.9],"to":[8.2,15.5,7.4],"rotation":{"angle":-22.5,"axis":"x","origin":[10.25,9.625,6.85]},"faces":{"north":{"uv":[10.5,8,11.125,8.25],"texture":"#0"},"east":{"uv":[10.5,8,11.125,8.25],"texture":"#0"},"south":{"uv":[10.5,8,11.125,8.25],"texture":"#0"},"west":{"uv":[10.5,8,11.125,8.25],"texture":"#0"},"up":{"uv":[6.625,5.375,6,4.75],"texture":"#0"},"down":{"uv":[4.625,6.5,4,7.125],"texture":"#0"}}},{"from":[6.2,15.5,5.4],"to":[7.7,16,6.9],"rotation":{"angle":-22.5,"axis":"x","origin":[10.25,9.625,6.85]},"faces":{"north":{"uv":[13,1.75,13.375,1.875],"texture":"#0"},"east":{"uv":[2,13,2.375,13.125],"texture":"#0"},"south":{"uv":[13,2,13.375,2.125],"texture":"#0"},"west":{"uv":[13,2.25,13.375,2.375],"texture":"#0"},"up":{"uv":[12.375,5.875,12,5.5],"texture":"#0"},"down":{"uv":[12.375,6,12,6.375],"texture":"#0"}}},{"from":[6.7,8,5.9],"to":[7.2,16.5,6.4],"rotation":{"angle":-22.5,"axis":"x","origin":[10.25,9.625,6.85]},"faces":{"north":{"uv":[7,10,7.125,12.125],"texture":"#0"},"east":{"uv":[7.25,10,7.375,12.125],"texture":"#0"},"south":{"uv":[7.5,10,7.625,12.125],"texture":"#0"},"west":{"uv":[10.25,0,10.375,2.125],"texture":"#0"},"up":{"uv":[4.125,13.375,4,13.25],"texture":"#0"},"down":{"uv":[4.375,13.25,4.25,13.375],"texture":"#0"}}},{"from":[6.2,11.5,5.4],"to":[7.7,14.5,6.9],"rotation":{"angle":-22.5,"axis":"x","origin":[10.25,9.625,6.85]},"faces":{"north":{"uv":[4.25,8,4.625,8.75],"texture":"#0"},"east":{"uv":[3.75,8,4.125,8.75],"texture":"#0"},"south":{"uv":[4.25,8,4.625,8.75],"texture":"#0"},"west":{"uv":[3.75,8,4.125,8.75],"texture":"#0"},"up":{"uv":[12.375,6.875,12,6.5],"texture":"#0"},"down":{"uv":[12.375,7,12,7.375],"texture":"#0"}}},{"from":[9,15.5,5.6],"to":[11.5,16.5,8.1],"rotation":{"angle":-22.5,"axis":"x","origin":[10.25,9.625,6.85]},"faces":{"north":{"uv":[10.75,1,11.375,1.25],"texture":"#0"},"east":{"uv":[10.75,1,11.375,1.25],"texture":"#0"},"south":{"uv":[10.75,1,11.375,1.25],"texture":"#0"},"west":{"uv":[10.75,1,11.375,1.25],"texture":"#0"},"up":{"uv":[7.375,4.625,6.75,4],"texture":"#0"},"down":{"uv":[7.375,3.25,6.75,3.875],"texture":"#0"}}},{"from":[9.5,16.5,6.1],"to":[11,17,7.6],"rotation":{"angle":-22.5,"axis":"x","origin":[10.25,9.625,6.85]},"faces":{"north":{"uv":[2.5,13,2.875,13.125],"texture":"#0"},"east":{"uv":[13,2.5,13.375,2.625],"texture":"#0"},"south":{"uv":[13,2.75,13.375,2.875],"texture":"#0"},"west":{"uv":[3,13,3.375,13.125],"texture":"#0"},"up":{"uv":[12.375,7.875,12,7.5],"texture":"#0"},"down":{"uv":[8.125,12,7.75,12.375],"texture":"#0"}}},{"from":[10,9,6.6],"to":[10.5,17.5,7.1],"rotation":{"angle":-22.5,"axis":"x","origin":[10.25,9.625,6.85]},"faces":{"north":{"uv":[10.25,2.25,10.375,4.375],"texture":"#0"},"east":{"uv":[3,10.25,3.125,12.375],"texture":"#0"},"south":{"uv":[3.25,10.25,3.375,12.375],"texture":"#0"},"west":{"uv":[3.5,10.25,3.625,12.375],"texture":"#0"},"up":{"uv":[4.625,13.375,4.5,13.25],"texture":"#0"},"down":{"uv":[4.875,13.25,4.75,13.375],"texture":"#0"}}},{"from":[9.5,12.5,6.1],"to":[11,15.5,7.6],"rotation":{"angle":-22.5,"axis":"x","origin":[10.25,9.625,6.85]},"faces":{"north":{"uv":[8.25,4.5,8.625,5.25],"texture":"#0"},"east":{"uv":[8.25,5.25,8.625,6],"texture":"#0"},"south":{"uv":[8.25,4.5,8.625,5.25],"texture":"#0"},"west":{"uv":[8.25,5.25,8.625,6],"texture":"#0"},"up":{"uv":[12.375,8.375,12,8],"texture":"#0"},"down":{"uv":[8.625,12,8.25,12.375],"texture":"#0"}}},{"from":[10,12.5,4.6],"to":[12.5,13.5,7.1],"rotation":{"angle":-22.5,"axis":"z","origin":[10.25,9.625,6.85]},"faces":{"north":{"uv":[10.75,1,11.375,1.25],"texture":"#0"},"east":{"uv":[10.75,1,11.375,1.25],"texture":"#0"},"south":{"uv":[10.75,1,11.375,1.25],"texture":"#0"},"west":{"uv":[10.75,1,11.375,1.25],"texture":"#0"},"up":{"uv":[7.375,4.625,6.75,4],"texture":"#0"},"down":{"uv":[7.375,4.75,6.75,5.375],"texture":"#0"}}},{"from":[10.5,13.5,5.1],"to":[12,14,6.6],"rotation":{"angle":-22.5,"axis":"z","origin":[10.25,9.625,6.85]},"faces":{"north":{"uv":[13,3,13.375,3.125],"texture":"#0"},"east":{"uv":[13,3.25,13.375,3.375],"texture":"#0"},"south":{"uv":[3.5,13,3.875,13.125],"texture":"#0"},"west":{"uv":[13,3.5,13.375,3.625],"texture":"#0"},"up":{"uv":[12.375,8.875,12,8.5],"texture":"#0"},"down":{"uv":[9.125,12,8.75,12.375],"texture":"#0"}}},{"from":[11,14,5.6],"to":[11.5,14.5,6.1],"rotation":{"angle":-22.5,"axis":"z","origin":[10.25,9.625,6.85]},"faces":{"north":{"uv":[5,13.25,5.125,13.375],"texture":"#0"},"east":{"uv":[5.25,13.25,5.375,13.375],"texture":"#0"},"south":{"uv":[5.5,13.25,5.625,13.375],"texture":"#0"},"west":{"uv":[5.75,13.25,5.875,13.375],"texture":"#0"},"up":{"uv":[6.125,13.375,6,13.25],"texture":"#0"},"down":{"uv":[6.375,13.25,6.25,13.375],"texture":"#0"}}},{"from":[10.5,9.5,5.1],"to":[12,12.5,6.6],"rotation":{"angle":-22.5,"axis":"z","origin":[10.25,9.625,6.85]},"faces":{"north":{"uv":[8.25,5.25,8.625,6],"texture":"#0"},"east":{"uv":[8.25,4.5,8.625,5.25],"texture":"#0"},"south":{"uv":[8.25,5.25,8.625,6],"texture":"#0"},"west":{"uv":[8.25,4.5,8.625,5.25],"texture":"#0"},"up":{"uv":[12.375,9.375,12,9],"texture":"#0"},"down":{"uv":[9.625,12,9.25,12.375],"texture":"#0"}}},{"from":[10,12,9.3],"to":[12.5,13,11.8],"rotation":{"angle":-22.5,"axis":"z","origin":[10.25,9.625,6.85]},"faces":{"north":{"uv":[10.5,8,11.125,8.25],"texture":"#0"},"east":{"uv":[10.5,8,11.125,8.25],"texture":"#0"},"south":{"uv":[10.5,8,11.125,8.25],"texture":"#0"},"west":{"uv":[10.5,8,11.125,8.25],"texture":"#0"},"up":{"uv":[6.625,5.375,6,4.75],"texture":"#0"},"down":{"uv":[7.375,6.25,6.75,6.875],"texture":"#0"}}},{"from":[10.5,13,9.8],"to":[12,13.5,11.3],"rotation":{"angle":-22.5,"axis":"z","origin":[10.25,9.625,6.85]},"faces":{"north":{"uv":[13,3.75,13.375,3.875],"texture":"#0"},"east":{"uv":[4,13,4.375,13.125],"texture":"#0"},"south":{"uv":[13,4,13.375,4.125],"texture":"#0"},"west":{"uv":[13,4.25,13.375,4.375],"texture":"#0"},"up":{"uv":[12.375,9.875,12,9.5],"texture":"#0"},"down":{"uv":[10.125,12,9.75,12.375],"texture":"#0"}}},{"from":[11,13.5,10.3],"to":[11.5,14,10.8],"rotation":{"angle":-22.5,"axis":"z","origin":[10.25,9.625,6.85]},"faces":{"north":{"uv":[6.5,13.25,6.625,13.375],"texture":"#0"},"east":{"uv":[6.75,13.25,6.875,13.375],"texture":"#0"},"south":{"uv":[7,13.25,7.125,13.375],"texture":"#0"},"west":{"uv":[7.25,13.25,7.375,13.375],"texture":"#0"},"up":{"uv":[7.625,13.375,7.5,13.25],"texture":"#0"},"down":{"uv":[7.875,13.25,7.75,13.375],"texture":"#0"}}},{"from":[10.5,9,9.6],"to":[12,12,11.1],"rotation":{"angle":-22.5,"axis":"z","origin":[10.25,9.625,6.85]},"faces":{"north":{"uv":[3.75,8,4.125,8.75],"texture":"#0"},"east":{"uv":[4.25,8,4.625,8.75],"texture":"#0"},"south":{"uv":[3.75,8,4.125,8.75],"texture":"#0"},"west":{"uv":[4.25,8,4.625,8.75],"texture":"#0"},"up":{"uv":[12.375,10.375,12,10],"texture":"#0"},"down":{"uv":[10.625,12,10.25,12.375],"texture":"#0"}}},{"from":[9,11.5,7.1],"to":[11.5,12.5,9.6],"rotation":{"angle":-22.5,"axis":"z","origin":[10.25,9.625,6.85]},"faces":{"north":{"uv":[10.5,3.75,11.125,4],"texture":"#0"},"east":{"uv":[10.5,3.75,11.125,4],"texture":"#0"},"south":{"uv":[10.5,3.75,11.125,4],"texture":"#0"},"west":{"uv":[10.5,3.75,11.125,4],"texture":"#0"},"up":{"uv":[5.875,3.125,5.25,2.5],"texture":"#0"},"down":{"uv":[6.125,7,5.5,7.625],"texture":"#0"}}},{"from":[9.5,12.5,7.6],"to":[11,13,9.1],"rotation":{"angle":-22.5,"axis":"z","origin":[10.25,9.625,6.85]},"faces":{"north":{"uv":[4.5,13,4.875,13.125],"texture":"#0"},"east":{"uv":[13,4.5,13.375,4.625],"texture":"#0"},"south":{"uv":[13,4.75,13.375,4.875],"texture":"#0"},"west":{"uv":[5,13,5.375,13.125],"texture":"#0"},"up":{"uv":[11.125,12.375,10.75,12],"texture":"#0"},"down":{"uv":[11.625,12,11.25,12.375],"texture":"#0"}}},{"from":[10,13,8.1],"to":[10.5,13.5,8.6],"rotation":{"angle":-22.5,"axis":"z","origin":[10.25,9.625,6.85]},"faces":{"north":{"uv":[8,13.25,8.125,13.375],"texture":"#0"},"east":{"uv":[8.25,13.25,8.375,13.375],"texture":"#0"},"south":{"uv":[8.5,13.25,8.625,13.375],"texture":"#0"},"west":{"uv":[8.75,13.25,8.875,13.375],"texture":"#0"},"up":{"uv":[9.125,13.375,9,13.25],"texture":"#0"},"down":{"uv":[9.375,13.25,9.25,13.375],"texture":"#0"}}},{"from":[9.5,8.5,7.6],"to":[11,11.5,9.1],"rotation":{"angle":-22.5,"axis":"z","origin":[10.25,9.625,6.85]},"faces":{"north":{"uv":[4.75,9.25,5.125,10],"texture":"#0"},"east":{"uv":[9.25,4.5,9.625,5.25],"texture":"#0"},"south":{"uv":[4.75,9.25,5.125,10],"texture":"#0"},"west":{"uv":[9.25,4.5,9.625,5.25],"texture":"#0"},"up":{"uv":[4.875,12.625,4.5,12.25],"texture":"#0"},"down":{"uv":[5.375,12.25,5,12.625],"texture":"#0"}}},{"from":[8,14.5,4.6],"to":[10.5,15.5,7.1],"rotation":{"angle":-22.5,"axis":"z","origin":[10.25,9.625,6.85]},"faces":{"north":{"uv":[10.5,8,11.125,8.25],"texture":"#0"},"east":{"uv":[10.5,8,11.125,8.25],"texture":"#0"},"south":{"uv":[10.5,8,11.125,8.25],"texture":"#0"},"west":{"uv":[10.5,8,11.125,8.25],"texture":"#0"},"up":{"uv":[6.625,5.375,6,4.75],"texture":"#0"},"down":{"uv":[7.625,7,7,7.625],"texture":"#0"}}},{"from":[8.5,15.5,5.1],"to":[10,16,6.6],"rotation":{"angle":-22.5,"axis":"z","origin":[10.25,9.625,6.85]},"faces":{"north":{"uv":[13,5,13.375,5.125],"texture":"#0"},"east":{"uv":[13,5.25,13.375,5.375],"texture":"#0"},"south":{"uv":[5.5,13,5.875,13.125],"texture":"#0"},"west":{"uv":[13,5.5,13.375,5.625],"texture":"#0"},"up":{"uv":[5.875,12.625,5.5,12.25],"texture":"#0"},"down":{"uv":[6.375,12.25,6,12.625],"texture":"#0"}}},{"from":[9,8,5.6],"to":[9.5,16.5,6.1],"rotation":{"angle":-22.5,"axis":"z","origin":[10.25,9.625,6.85]},"faces":{"north":{"uv":[3.75,10.25,3.875,12.375],"texture":"#0"},"east":{"uv":[4,10.25,4.125,12.375],"texture":"#0"},"south":{"uv":[4.25,10.25,4.375,12.375],"texture":"#0"},"west":{"uv":[10.25,4.5,10.375,6.625],"texture":"#0"},"up":{"uv":[9.625,13.375,9.5,13.25],"texture":"#0"},"down":{"uv":[9.875,13.25,9.75,13.375],"texture":"#0"}}},{"from":[8.5,11.5,5.1],"to":[10,14.5,6.6],"rotation":{"angle":-22.5,"axis":"z","origin":[10.25,9.625,6.85]},"faces":{"north":{"uv":[3.75,8,4.125,8.75],"texture":"#0"},"east":{"uv":[4.25,8,4.625,8.75],"texture":"#0"},"south":{"uv":[3.75,8,4.125,8.75],"texture":"#0"},"west":{"uv":[4.25,8,4.625,8.75],"texture":"#0"},"up":{"uv":[6.875,12.625,6.5,12.25],"texture":"#0"},"down":{"uv":[7.375,12.25,7,12.625],"texture":"#0"}}},{"from":[8,15,7.6],"to":[10.5,16,10.1],"rotation":{"angle":-22.5,"axis":"z","origin":[10.25,9.625,6.85]},"faces":{"north":{"uv":[10.5,3.75,11.125,4],"texture":"#0"},"east":{"uv":[10.5,3.75,11.125,4],"texture":"#0"},"south":{"uv":[10.5,3.75,11.125,4],"texture":"#0"},"west":{"uv":[10.5,3.75,11.125,4],"texture":"#0"},"up":{"uv":[5.875,3.125,5.25,2.5],"texture":"#0"},"down":{"uv":[4.625,7.25,4,7.875],"texture":"#0"}}},{"from":[8.5,16,8.1],"to":[10,16.5,9.6],"rotation":{"angle":-22.5,"axis":"z","origin":[10.25,9.625,6.85]},"faces":{"north":{"uv":[13,5.75,13.375,5.875],"texture":"#0"},"east":{"uv":[6,13,6.375,13.125],"texture":"#0"},"south":{"uv":[13,6,13.375,6.125],"texture":"#0"},"west":{"uv":[13,6.25,13.375,6.375],"texture":"#0"},"up":{"uv":[12.625,10.875,12.25,10.5],"texture":"#0"},"down":{"uv":[12.625,11,12.25,11.375],"texture":"#0"}}},{"from":[9,8.5,8.6],"to":[9.5,17,9.1],"rotation":{"angle":-22.5,"axis":"z","origin":[10.25,9.625,6.85]},"faces":{"north":{"uv":[10.25,6.75,10.375,8.875],"texture":"#0"},"east":{"uv":[10.25,9,10.375,11.125],"texture":"#0"},"south":{"uv":[0,10.5,0.125,12.625],"texture":"#0"},"west":{"uv":[10.5,0,10.625,2.125],"texture":"#0"},"up":{"uv":[10.125,13.375,10,13.25],"texture":"#0"},"down":{"uv":[10.375,13.25,10.25,13.375],"texture":"#0"}}},{"from":[8.5,12,8.1],"to":[10,15,9.6],"rotation":{"angle":-22.5,"axis":"z","origin":[10.25,9.625,6.85]},"faces":{"north":{"uv":[4.75,9.25,5.125,10],"texture":"#0"},"east":{"uv":[9.25,4.5,9.625,5.25],"texture":"#0"},"south":{"uv":[4.75,9.25,5.125,10],"texture":"#0"},"west":{"uv":[9.25,4.5,9.625,5.25],"texture":"#0"},"up":{"uv":[12.625,11.875,12.25,11.5],"texture":"#0"},"down":{"uv":[12.125,12.25,11.75,12.625],"texture":"#0"}}},{"from":[3.5,12.5,4.6],"to":[6,13.5,7.1],"rotation":{"angle":22.5,"axis":"z","origin":[5.75,9.625,6.85]},"faces":{"north":{"uv":[10.5,8,11.125,8.25],"texture":"#0"},"east":{"uv":[10.5,8,11.125,8.25],"texture":"#0"},"south":{"uv":[10.5,8,11.125,8.25],"texture":"#0"},"west":{"uv":[10.5,8,11.125,8.25],"texture":"#0"},"up":{"uv":[6.625,5.375,6,4.75],"texture":"#0"},"down":{"uv":[8.125,0,7.5,0.625],"texture":"#0"}}},{"from":[4,13.5,5.1],"to":[5.5,14,6.6],"rotation":{"angle":22.5,"axis":"z","origin":[5.75,9.625,6.85]},"faces":{"north":{"uv":[6.5,13,6.875,13.125],"texture":"#0"},"east":{"uv":[13,6.5,13.375,6.625],"texture":"#0"},"south":{"uv":[13,6.75,13.375,6.875],"texture":"#0"},"west":{"uv":[7,13,7.375,13.125],"texture":"#0"},"up":{"uv":[12.625,12.375,12.25,12],"texture":"#0"},"down":{"uv":[12.875,0,12.5,0.375],"texture":"#0"}}},{"from":[4.5,14,5.6],"to":[5,14.5,6.1],"rotation":{"angle":22.5,"axis":"z","origin":[5.75,9.625,6.85]},"faces":{"north":{"uv":[10.5,13.25,10.625,13.375],"texture":"#0"},"east":{"uv":[13.25,10.5,13.375,10.625],"texture":"#0"},"south":{"uv":[10.75,13.25,10.875,13.375],"texture":"#0"},"west":{"uv":[13.25,10.75,13.375,10.875],"texture":"#0"},"up":{"uv":[11.125,13.375,11,13.25],"texture":"#0"},"down":{"uv":[13.375,11,13.25,11.125],"texture":"#0"}}},{"from":[4,9.5,5.1],"to":[5.5,12.5,6.6],"rotation":{"angle":22.5,"axis":"z","origin":[5.75,9.625,6.85]},"faces":{"north":{"uv":[4.25,8,4.625,8.75],"texture":"#0"},"east":{"uv":[3.75,8,4.125,8.75],"texture":"#0"},"south":{"uv":[4.25,8,4.625,8.75],"texture":"#0"},"west":{"uv":[3.75,8,4.125,8.75],"texture":"#0"},"up":{"uv":[12.875,0.875,12.5,0.5],"texture":"#0"},"down":{"uv":[12.875,1,12.5,1.375],"texture":"#0"}}},{"from":[3.5,11.5,9.1],"to":[6,12.5,11.6],"rotation":{"angle":22.5,"axis":"z","origin":[5.75,9.625,6.85]},"faces":{"north":{"uv":[10.5,3.75,11.125,4],"texture":"#0"},"east":{"uv":[10.5,3.75,11.125,4],"texture":"#0"},"south":{"uv":[10.5,3.75,11.125,4],"texture":"#0"},"west":{"uv":[10.5,3.75,11.125,4],"texture":"#0"},"up":{"uv":[5.875,3.125,5.25,2.5],"texture":"#0"},"down":{"uv":[8.125,0.75,7.5,1.375],"texture":"#0"}}},{"from":[4,12.5,9.6],"to":[5.5,13,11.1],"rotation":{"angle":22.5,"axis":"z","origin":[5.75,9.625,6.85]},"faces":{"north":{"uv":[13,7,13.375,7.125],"texture":"#0"},"east":{"uv":[13,7.25,13.375,7.375],"texture":"#0"},"south":{"uv":[7.5,13,7.875,13.125],"texture":"#0"},"west":{"uv":[13,7.5,13.375,7.625],"texture":"#0"},"up":{"uv":[12.875,1.875,12.5,1.5],"texture":"#0"},"down":{"uv":[12.875,2,12.5,2.375],"texture":"#0"}}},{"from":[4.5,13,10.1],"to":[5,13.5,10.6],"rotation":{"angle":22.5,"axis":"z","origin":[5.75,9.625,6.85]},"faces":{"north":{"uv":[11.25,13.25,11.375,13.375],"texture":"#0"},"east":{"uv":[13.25,11.25,13.375,11.375],"texture":"#0"},"south":{"uv":[11.5,13.25,11.625,13.375],"texture":"#0"},"west":{"uv":[13.25,11.5,13.375,11.625],"texture":"#0"},"up":{"uv":[11.875,13.375,11.75,13.25],"texture":"#0"},"down":{"uv":[13.375,11.75,13.25,11.875],"texture":"#0"}}},{"from":[4,8.5,9.6],"to":[5.5,11.5,11.1],"rotation":{"angle":22.5,"axis":"z","origin":[5.75,9.625,6.85]},"faces":{"north":{"uv":[4.75,9.25,5.125,10],"texture":"#0"},"east":{"uv":[9.25,4.5,9.625,5.25],"texture":"#0"},"south":{"uv":[4.75,9.25,5.125,10],"texture":"#0"},"west":{"uv":[9.25,4.5,9.625,5.25],"texture":"#0"},"up":{"uv":[2.625,12.875,2.25,12.5],"texture":"#0"},"down":{"uv":[12.875,2.5,12.5,2.875],"texture":"#0"}}},{"from":[4.5,11.7,7.1],"to":[7,12.7,9.6],"rotation":{"angle":22.5,"axis":"z","origin":[5.75,9.625,6.85]},"faces":{"north":{"uv":[10.75,1,11.375,1.25],"texture":"#0"},"east":{"uv":[10.75,1,11.375,1.25],"texture":"#0"},"south":{"uv":[10.75,1,11.375,1.25],"texture":"#0"},"west":{"uv":[10.75,1,11.375,1.25],"texture":"#0"},"up":{"uv":[2.125,8.125,1.5,7.5],"texture":"#0"},"down":{"uv":[8.125,1.5,7.5,2.125],"texture":"#0"}}},{"from":[5,12.7,7.6],"to":[6.5,13.2,9.1],"rotation":{"angle":22.5,"axis":"z","origin":[5.75,9.625,6.85]},"faces":{"north":{"uv":[13,7.75,13.375,7.875],"texture":"#0"},"east":{"uv":[8,13,8.375,13.125],"texture":"#0"},"south":{"uv":[13,8,13.375,8.125],"texture":"#0"},"west":{"uv":[13,8.25,13.375,8.375],"texture":"#0"},"up":{"uv":[3.125,12.875,2.75,12.5],"texture":"#0"},"down":{"uv":[12.875,3,12.5,3.375],"texture":"#0"}}},{"from":[5.5,13.2,8.1],"to":[6,13.7,8.6],"rotation":{"angle":22.5,"axis":"z","origin":[5.75,9.625,6.85]},"faces":{"north":{"uv":[12,13.25,12.125,13.375],"texture":"#0"},"east":{"uv":[13.25,12,13.375,12.125],"texture":"#0"},"south":{"uv":[12.25,13.25,12.375,13.375],"texture":"#0"},"west":{"uv":[13.25,12.25,13.375,12.375],"texture":"#0"},"up":{"uv":[12.625,13.375,12.5,13.25],"texture":"#0"},"down":{"uv":[13.375,12.5,13.25,12.625],"texture":"#0"}}},{"from":[5,8.7,7.6],"to":[6.5,11.7,9.1],"rotation":{"angle":22.5,"axis":"z","origin":[5.75,9.625,6.85]},"faces":{"north":{"uv":[8.25,5.25,8.625,6],"texture":"#0"},"east":{"uv":[8.25,4.5,8.625,5.25],"texture":"#0"},"south":{"uv":[8.25,5.25,8.625,6],"texture":"#0"},"west":{"uv":[8.25,4.5,8.625,5.25],"texture":"#0"},"up":{"uv":[3.625,12.875,3.25,12.5],"texture":"#0"},"down":{"uv":[12.875,3.5,12.5,3.875],"texture":"#0"}}},{"from":[5.5,14.5,4.6],"to":[8,15.5,7.1],"rotation":{"angle":22.5,"axis":"z","origin":[5.75,9.625,6.85]},"faces":{"north":{"uv":[10.75,1,11.375,1.25],"texture":"#0"},"east":{"uv":[10.75,1,11.375,1.25],"texture":"#0"},"south":{"uv":[10.75,1,11.375,1.25],"texture":"#0"},"west":{"uv":[10.75,1,11.375,1.25],"texture":"#0"},"up":{"uv":[7.375,4.625,6.75,4],"texture":"#0"},"down":{"uv":[8.125,3,7.5,3.625],"texture":"#0"}}},{"from":[6,15.5,5.1],"to":[7.5,16,6.6],"rotation":{"angle":22.5,"axis":"z","origin":[5.75,9.625,6.85]},"faces":{"north":{"uv":[8.5,13,8.875,13.125],"texture":"#0"},"east":{"uv":[13,8.5,13.375,8.625],"texture":"#0"},"south":{"uv":[12.75,11.25,13.125,11.375],"texture":"#0"},"west":{"uv":[12.75,11.25,13.125,11.375],"texture":"#0"},"up":{"uv":[4.125,12.875,3.75,12.5],"texture":"#0"},"down":{"uv":[12.875,4,12.5,4.375],"texture":"#0"}}},{"from":[6.5,8,5.6],"to":[7,16.5,6.1],"rotation":{"angle":22.5,"axis":"z","origin":[5.75,9.625,6.85]},"faces":{"north":{"uv":[0.25,10.5,0.375,12.625],"texture":"#0"},"east":{"uv":[0.5,10.5,0.625,12.625],"texture":"#0"},"south":{"uv":[0.75,10.5,0.875,12.625],"texture":"#0"},"west":{"uv":[1,10.5,1.125,12.625],"texture":"#0"},"up":{"uv":[12.875,13.375,12.75,13.25],"texture":"#0"},"down":{"uv":[13.375,12.75,13.25,12.875],"texture":"#0"}}},{"from":[6,11.5,5.1],"to":[7.5,14.5,6.6],"rotation":{"angle":22.5,"axis":"z","origin":[5.75,9.625,6.85]},"faces":{"north":{"uv":[8.25,5.25,8.625,6],"texture":"#0"},"east":{"uv":[8.25,4.5,8.625,5.25],"texture":"#0"},"south":{"uv":[8.25,5.25,8.625,6],"texture":"#0"},"west":{"uv":[8.25,4.5,8.625,5.25],"texture":"#0"},"up":{"uv":[12.875,4.875,12.5,4.5],"texture":"#0"},"down":{"uv":[12.875,5,12.5,5.375],"texture":"#0"}}},{"from":[5.5,15,7.6],"to":[8,16,10.1],"rotation":{"angle":22.5,"axis":"z","origin":[5.75,9.625,6.85]},"faces":{"north":{"uv":[10.5,8,11.125,8.25],"texture":"#0"},"east":{"uv":[10.5,8,11.125,8.25],"texture":"#0"},"south":{"uv":[10.5,8,11.125,8.25],"texture":"#0"},"west":{"uv":[10.5,8,11.125,8.25],"texture":"#0"},"up":{"uv":[6.625,5.375,6,4.75],"texture":"#0"},"down":{"uv":[8.125,4.5,7.5,5.125],"texture":"#0"}}},{"from":[6,16,8.1],"to":[7.5,16.5,9.6],"rotation":{"angle":22.5,"axis":"z","origin":[5.75,9.625,6.85]},"faces":{"north":{"uv":[13,9,13.375,9.125],"texture":"#0"},"east":{"uv":[13,9.25,13.375,9.375],"texture":"#0"},"south":{"uv":[9.5,13,9.875,13.125],"texture":"#0"},"west":{"uv":[13,9.5,13.375,9.625],"texture":"#0"},"up":{"uv":[12.875,5.875,12.5,5.5],"texture":"#0"},"down":{"uv":[12.875,6,12.5,6.375],"texture":"#0"}}},{"from":[6.5,8.5,8.6],"to":[7,17,9.1],"rotation":{"angle":22.5,"axis":"z","origin":[5.75,9.625,6.85]},"faces":{"north":{"uv":[1.25,10.5,1.375,12.625],"texture":"#0"},"east":{"uv":[1.5,10.5,1.625,12.625],"texture":"#0"},"south":{"uv":[1.75,10.5,1.875,12.625],"texture":"#0"},"west":{"uv":[2,10.5,2.125,12.625],"texture":"#0"},"up":{"uv":[13.125,13.375,13,13.25],"texture":"#0"},"down":{"uv":[13.375,13.25,13.25,13.375],"texture":"#0"}}},{"from":[6,12,8.1],"to":[7.5,15,9.6],"rotation":{"angle":22.5,"axis":"z","origin":[5.75,9.625,6.85]},"faces":{"north":{"uv":[3.75,8,4.125,8.75],"texture":"#0"},"east":{"uv":[4.25,8,4.625,8.75],"texture":"#0"},"south":{"uv":[3.75,8,4.125,8.75],"texture":"#0"},"west":{"uv":[4.25,8,4.625,8.75],"texture":"#0"},"up":{"uv":[12.875,6.875,12.5,6.5],"texture":"#0"},"down":{"uv":[12.875,7,12.5,7.375],"texture":"#0"}}},{"from":[9.5,11.5,9.9],"to":[12,12.5,12.4],"rotation":{"angle":22.5,"axis":"x","origin":[10.25,9.625,9.15]},"faces":{"north":{"uv":[10.5,3.25,11.125,3.5],"texture":"#0"},"east":{"uv":[10.5,3.5,11.125,3.75],"texture":"#0"},"south":{"uv":[10.5,3.75,11.125,4],"texture":"#0"},"west":{"uv":[10.5,4,11.125,4.25],"texture":"#0"},"up":{"uv":[5.875,3.125,5.25,2.5],"texture":"#0"},"down":{"uv":[5.875,3.25,5.25,3.875],"texture":"#0"}}}],"gui_light":"front","display":{"thirdperson_righthand":{"rotation":[75,45,0],"translation":[0,2.5,0],"scale":[0.375,0.375,0.375]},"thirdperson_lefthand":{"rotation":[75,45,0],"translation":[0,2.5,0],"scale":[0.375,0.375,0.375]},"firstperson_righthand":{"rotation":[0,45,0],"translation":[-5,1.5,0],"scale":[0.4,0.4,0.4]},"firstperson_lefthand":{"rotation":[0,45,0],"translation":[-5,1.5,0],"scale":[0.4,0.4,0.4]},"ground":{"translation":[0,2,0],"scale":[0.5,0.5,0.5]},"gui":{"rotation":[30,45,0],"translation":[0,-0.6,0],"scale":[0.5,0.5,0.5]},"head":{"translation":[0,-30.4,0],"scale":[1.6,1.6,1.6]},"fixed":{"rotation":[-90,180,0],"translation":[0,0,-16],"scale":[2,2,2]}},"groups":[0,{"name":"group","origin":[8,8,8],"color":0,"children":[{"name":"group","origin":[10.25,9.625,9.15],"color":0,"children":[1,2,3,4]},{"name":"group","origin":[10.25,9.625,9.15],"color":0,"children":[5,6,7,8]},{"name":"group","origin":[10.25,9.625,9.15],"color":0,"children":[9,10,11,12]},{"name":"group","origin":[10.25,9.625,9.15],"color":0,"children":[13,14,15,16]},{"name":"group","origin":[10.25,9.625,9.15],"color":0,"children":[17,18,19,20]},{"name":"group","origin":[10.25,9.625,9.15],"color":0,"children":[21,22,23,24]},{"name":"group","origin":[10.25,9.625,9.15],"color":0,"children":[25,26,27,28]},{"name":"group","origin":[10.25,9.625,9.15],"color":0,"children":[29,30,31,32]},{"name":"group","origin":[10.25,9.625,9.15],"color":0,"children":[33,34,35,36]}]},{"name":"group","origin":[8,8,8],"color":0,"children":[{"name":"group","origin":[10.25,9.625,9.15],"color":0,"children":[37,38,39,40]},{"name":"group","origin":[10.25,9.625,9.15],"color":0,"children":[41,42,43,44]},{"name":"group","origin":[10.25,9.625,9.15],"color":0,"children":[45,46,47,48]},{"name":"group","origin":[10.25,9.625,9.15],"color":0,"children":[49,50,51,52]},{"name":"group","origin":[10.25,9.625,9.15],"color":0,"children":[53,54,55,56]}]},{"name":"group","origin":[8,8,8],"color":0,"children":[{"name":"group","origin":[10.25,9.625,9.15],"color":0,"children":[57,58,59,60]},{"name":"group","origin":[10.25,9.625,9.15],"color":0,"children":[61,62,63,64]},{"name":"group","origin":[10.25,9.625,9.15],"color":0,"children":[65,66,67,68]},{"name":"group","origin":[10.25,9.625,9.15],"color":0,"children":[69,70,71,72]},{"name":"group","origin":[10.25,9.625,9.15],"color":0,"children":[73,74,75,76]}]},{"name":"group","origin":[8,8,8],"color":0,"children":[{"name":"group","origin":[10.25,9.625,9.15],"color":0,"children":[77,78,79,80]},{"name":"group","origin":[10.25,9.625,9.15],"color":0,"children":[81,82,83,84]},{"name":"group","origin":[10.25,9.625,9.15],"color":0,"children":[85,86,87,88]},{"name":"group","origin":[10.25,9.625,9.15],"color":0,"children":[89,90,91,92]},{"name":"group","origin":[10.25,9.625,9.15],"color":0,"children":[93,94,95,96]}]},97]}