{"credit":"MadewithBlockbench","texture_size":[64,64],"textures":{"0":"elitecreatures:new_year_tools/backpack","1":"elitecreatures:new_year_tools/sparkler_animation1","2":"elitecreatures:new_year_tools/backpacks","particle":"elitecreatures:new_year_tools/backpacks"},"elements":[{"from":[4.5,0,10],"to":[11.5,6,11],"faces":{"north":{"uv":[0,2.25,1.75,3.75],"texture":"#0"},"east":{"uv":[4.25,5.5,4,7],"texture":"#0"},"south":{"uv":[1.75,2.25,3.5,3.75],"texture":"#0"},"west":{"uv":[4,5.5,4.25,7],"texture":"#0"},"up":{"uv":[6.75,5.25,5,5],"texture":"#0"},"down":{"uv":[7,0,5.25,0.25],"texture":"#0"}}},{"from":[4.525,6,10],"to":[11.475,9,11],"rotation":{"angle":45,"axis":"x","origin":[8,6,10]},"faces":{"north":{"uv":[0.75,4.75,2.5,5.5],"texture":"#0"},"east":{"uv":[6.75,0.75,7,1.5],"texture":"#0"},"south":{"uv":[2.5,4.75,4.25,5.5],"texture":"#0"},"west":{"uv":[7,0.75,6.75,1.5],"texture":"#0"},"up":{"uv":[7,0.5,5.25,0.25],"texture":"#0"},"down":{"uv":[7,0.5,5.25,0.75],"texture":"#0"}}},{"from":[4.5,0,7],"to":[11.5,9,10],"faces":{"north":{"uv":[0,0,1.75,2.25],"texture":"#0"},"east":{"uv":[0.75,3.75,0,6],"texture":"#0"},"south":{"uv":[1.75,0,3.5,2.25],"texture":"#0"},"west":{"uv":[0,3.75,0.75,6],"texture":"#0"},"up":{"uv":[6,4.25,4.25,3.5],"texture":"#0"},"down":{"uv":[6,4.25,4.25,5],"texture":"#0"}}},{"from":[8,-5,7],"to":[8,0,14],"rotation":{"angle":0,"axis":"y","origin":[-0.5,-9,0]},"faces":{"north":{"uv":[0,0,0,1.25],"texture":"#0"},"east":{"uv":[5.25,1.25,3.5,2.5],"texture":"#0"},"south":{"uv":[0,0,0,1.25],"texture":"#0"},"west":{"uv":[3.5,1.25,5.25,2.5],"texture":"#0"},"up":{"uv":[0,1.75,0,0],"texture":"#0"},"down":{"uv":[0,0,0,1.75],"texture":"#0"}}},{"from":[10.5,4,6],"to":[11.5,9,7],"faces":{"north":{"uv":[5.75,5.25,6,6.5],"texture":"#0"},"east":{"uv":[0,6,0.25,7.25],"texture":"#0"},"south":{"uv":[0.25,6,0.5,7.25],"texture":"#0"},"west":{"uv":[0.5,6,0.75,7.25],"texture":"#0"},"up":{"uv":[6.25,2.25,6,2],"texture":"#0"},"down":{"uv":[6.25,4.75,6,5],"texture":"#0"}}},{"from":[10.5,4,4],"to":[11.5,5,6],"rotation":{"angle":0,"axis":"y","origin":[0,0,-1]},"faces":{"north":{"uv":[7.25,3.25,7.5,3.5],"texture":"#0"},"east":{"uv":[3,4.5,3.5,4.75],"texture":"#0"},"south":{"uv":[1.5,7.5,1.75,7.75],"texture":"#0"},"west":{"uv":[5.25,2.25,5.75,2.5],"texture":"#0"},"up":{"uv":[0.75,7.75,0.5,7.25],"texture":"#0"},"down":{"uv":[3.75,7.25,3.5,7.75],"texture":"#0"}}},{"from":[10.5,8,4],"to":[11.5,9,6],"rotation":{"angle":0,"axis":"y","origin":[0,4,-1]},"faces":{"north":{"uv":[7.5,1.5,7.75,1.75],"texture":"#0"},"east":{"uv":[7,4.25,7.5,4.5],"texture":"#0"},"south":{"uv":[1.75,7.5,2,7.75],"texture":"#0"},"west":{"uv":[7,5.75,7.5,6],"texture":"#0"},"up":{"uv":[6.75,7.75,6.5,7.25],"texture":"#0"},"down":{"uv":[7.5,7,7.25,7.5],"texture":"#0"}}},{"from":[10.5,4,3],"to":[11.5,9,4],"rotation":{"angle":0,"axis":"y","origin":[0,0,-3.1]},"faces":{"north":{"uv":[6,0.75,6.25,2],"texture":"#0"},"east":{"uv":[6,3.5,6.25,4.75],"texture":"#0"},"south":{"uv":[4.25,6,4.5,7.25],"texture":"#0"},"west":{"uv":[4.5,6,4.75,7.25],"texture":"#0"},"up":{"uv":[5.75,7,5.5,6.75],"texture":"#0"},"down":{"uv":[7.25,2.75,7,3],"texture":"#0"}}},{"from":[3.25,2,8.5],"to":[3.75,3.5,9.5],"rotation":{"angle":-45,"axis":"z","origin":[4.5,3,9]},"faces":{"north":{"uv":[3.625,3.75,3.5,4.125],"texture":"#0"},"east":{"uv":[5,5,4.25,6],"texture":"#0"},"south":{"uv":[3.5,3.75,3.375,4.125],"texture":"#0"},"west":{"uv":[3.625,3.75,3.375,4.125],"texture":"#0"},"up":{"uv":[3.5,4,3.375,3.75],"texture":"#0"},"down":{"uv":[3.625,3.75,3.5,4],"texture":"#0"}}},{"from":[3.5,0.5,7.5],"to":[4.5,3,10.5],"rotation":{"angle":0,"axis":"y","origin":[16,0,0]},"faces":{"north":{"uv":[3.75,6.625,3.5,7.25],"texture":"#0"},"east":{"uv":[5,5.375,4.25,6],"texture":"#0"},"south":{"uv":[6,6.875,5.75,7.5],"texture":"#0"},"west":{"uv":[3,4.125,2.25,4.75],"texture":"#0"},"up":{"uv":[7.75,7.5,8,6.75],"texture":"#0"},"down":{"uv":[0.75,7.125,1,7.875],"texture":"#0"}}},{"from":[3.5,3,7.5],"to":[4.5,4.5,10.5],"rotation":{"angle":-45,"axis":"z","origin":[4.5,3,9]},"faces":{"north":{"uv":[3.75,6.25,3.5,6.625],"texture":"#0"},"east":{"uv":[5,5,4.25,5.375],"texture":"#0"},"south":{"uv":[6,6.5,5.75,6.875],"texture":"#0"},"west":{"uv":[3,3.75,2.25,4.125],"texture":"#0"},"up":{"uv":[6.5,7.25,6.75,6.5],"texture":"#0"},"down":{"uv":[0.75,6.75,1,7.5],"texture":"#0"}}},{"from":[11.5,0.5,7.5],"to":[12.5,3,10.5],"faces":{"north":{"uv":[3.5,6.625,3.75,7.25],"texture":"#0"},"east":{"uv":[2.25,4.125,3,4.75],"texture":"#0"},"south":{"uv":[5.75,6.875,6,7.5],"texture":"#0"},"west":{"uv":[4.25,5.375,5,6],"texture":"#0"},"up":{"uv":[8,7.5,7.75,6.75],"texture":"#0"},"down":{"uv":[1,7.125,0.75,7.875],"texture":"#0"}}},{"from":[12.25,2,8.5],"to":[12.75,3.5,9.5],"rotation":{"angle":45,"axis":"z","origin":[11.5,3,9]},"faces":{"north":{"uv":[3.5,3.75,3.625,4.125],"texture":"#0"},"east":{"uv":[3.375,3.75,3.625,4.125],"texture":"#0"},"south":{"uv":[3.375,3.75,3.5,4.125],"texture":"#0"},"west":{"uv":[4.25,5,5,6],"texture":"#0"},"up":{"uv":[3.375,4,3.5,3.75],"texture":"#0"},"down":{"uv":[3.5,3.75,3.625,4],"texture":"#0"}}},{"from":[11.5,3,7.5],"to":[12.5,4.5,10.5],"rotation":{"angle":45,"axis":"z","origin":[11.5,3,9]},"faces":{"north":{"uv":[3.5,6.25,3.75,6.625],"texture":"#0"},"east":{"uv":[2.25,3.75,3,4.125],"texture":"#0"},"south":{"uv":[5.75,6.5,6,6.875],"texture":"#0"},"west":{"uv":[4.25,5,5,5.375],"texture":"#0"},"up":{"uv":[6.75,7.25,6.5,6.5],"texture":"#0"},"down":{"uv":[1,6.75,0.75,7.5],"texture":"#0"}}},{"from":[4.5,4,6],"to":[5.5,9,7],"rotation":{"angle":0,"axis":"y","origin":[16,0,0]},"faces":{"north":{"uv":[6,5.25,5.75,6.5],"texture":"#0"},"east":{"uv":[0.75,6,0.5,7.25],"texture":"#0"},"south":{"uv":[0.5,6,0.25,7.25],"texture":"#0"},"west":{"uv":[0.25,6,0,7.25],"texture":"#0"},"up":{"uv":[6,2.25,6.25,2],"texture":"#0"},"down":{"uv":[6,4.75,6.25,5],"texture":"#0"}}},{"from":[4.5,4,4],"to":[5.5,5,6],"rotation":{"angle":0,"axis":"y","origin":[16,0,-1]},"faces":{"north":{"uv":[7.5,3.25,7.25,3.5],"texture":"#0"},"east":{"uv":[5.75,2.25,5.25,2.5],"texture":"#0"},"south":{"uv":[1.75,7.5,1.5,7.75],"texture":"#0"},"west":{"uv":[3.5,4.5,3,4.75],"texture":"#0"},"up":{"uv":[0.5,7.75,0.75,7.25],"texture":"#0"},"down":{"uv":[3.5,7.25,3.75,7.75],"texture":"#0"}}},{"from":[4.5,8,4],"to":[5.5,9,6],"rotation":{"angle":0,"axis":"y","origin":[16,4,-1]},"faces":{"north":{"uv":[7.75,1.5,7.5,1.75],"texture":"#0"},"east":{"uv":[7.5,5.75,7,6],"texture":"#0"},"south":{"uv":[2,7.5,1.75,7.75],"texture":"#0"},"west":{"uv":[7.5,4.25,7,4.5],"texture":"#0"},"up":{"uv":[6.5,7.75,6.75,7.25],"texture":"#0"},"down":{"uv":[7.25,7,7.5,7.5],"texture":"#0"}}},{"from":[4.5,4,3],"to":[5.5,9,4],"rotation":{"angle":0,"axis":"y","origin":[16,0,-3.1]},"faces":{"north":{"uv":[6.25,0.75,6,2],"texture":"#0"},"east":{"uv":[4.75,6,4.5,7.25],"texture":"#0"},"south":{"uv":[4.5,6,4.25,7.25],"texture":"#0"},"west":{"uv":[6.25,3.5,6,4.75],"texture":"#0"},"up":{"uv":[5.5,7,5.75,6.75],"texture":"#0"},"down":{"uv":[7,2.75,7.25,3],"texture":"#0"}}},{"from":[5,0.5,11],"to":[11,4.5,12],"faces":{"north":{"uv":[0.75,3.75,2.25,4.75],"texture":"#0"},"east":{"uv":[6,6.5,6.25,7.5],"texture":"#0"},"south":{"uv":[4.25,2.5,5.75,3.5],"texture":"#0"},"west":{"uv":[6.25,6.5,6.5,7.5],"texture":"#0"},"up":{"uv":[7.25,3.25,5.75,3],"texture":"#0"},"down":{"uv":[7.25,3.25,5.75,3.5],"texture":"#0"}}},{"from":[7.5,2,11.75],"to":[8.5,3.5,12.25],"rotation":{"angle":0,"axis":"y","origin":[0,0,0.75]},"faces":{"north":{"uv":[0.75,3.75,2.25,4.75],"texture":"#0"},"east":{"uv":[5,2.75,5.125,3.125],"texture":"#0"},"south":{"uv":[4.875,2.75,5.125,3.125],"texture":"#0"},"west":{"uv":[4.875,2.75,5,3.125],"texture":"#0"},"up":{"uv":[4.875,2.75,5.125,2.875],"texture":"#0"},"down":{"uv":[4.875,3,5.125,3.125],"texture":"#0"}}},{"from":[6.5,7.375,6.625],"to":[7,7.875,7.625],"rotation":{"angle":-45,"axis":"x","origin":[7.75,9.625,9.75]},"faces":{"north":{"uv":[0.5,7.75,0.625,7.875],"texture":"#0"},"east":{"uv":[5.5,7.5,5.75,7.625],"texture":"#0"},"south":{"uv":[7.75,0.5,7.875,0.625],"texture":"#0"},"west":{"uv":[7.5,5.5,7.75,5.625],"texture":"#0"},"up":{"uv":[5.875,7.75,5.75,7.5],"texture":"#0"},"down":{"uv":[7.625,5.75,7.5,6],"texture":"#0"}}},{"from":[6,6.875,7.625],"to":[7.5,8.375,10.625],"rotation":{"angle":-45,"axis":"x","origin":[7.75,9.625,9.75]},"faces":{"north":{"uv":[3,7,3.375,7.375],"texture":"#0"},"east":{"uv":[6,6,6.75,6.375],"texture":"#0"},"south":{"uv":[3.75,7,4.125,7.375],"texture":"#0"},"west":{"uv":[0.75,6.25,1.5,6.625],"texture":"#0"},"up":{"uv":[6.625,1.5,6.25,0.75],"texture":"#0"},"down":{"uv":[1.875,6.25,1.5,7],"texture":"#0"}}},{"from":[5.5,6.375,10.625],"to":[8,8.875,11.625],"rotation":{"angle":-45,"axis":"x","origin":[7.75,9.625,9.75]},"faces":{"north":{"uv":[5,5.25,5.625,5.875],"texture":"#0"},"east":{"uv":[1.25,6.75,1.5,7.375],"texture":"#0"},"south":{"uv":[0.75,5.5,1.375,6.125],"texture":"#0"},"west":{"uv":[6.75,3.75,7,4.375],"texture":"#0"},"up":{"uv":[7.375,4.75,6.75,4.5],"texture":"#0"},"down":{"uv":[5.375,6.75,4.75,7],"texture":"#0"}}},{"from":[6,6.875,11.625],"to":[7.5,8.375,12.125],"rotation":{"angle":-45,"axis":"x","origin":[7.75,9.625,9.75]},"faces":{"north":{"uv":[7,2.25,7.375,2.625],"texture":"#0"},"east":{"uv":[2.5,7.5,2.625,7.875],"texture":"#0"},"south":{"uv":[2.5,7,2.875,7.375],"texture":"#0"},"west":{"uv":[2.75,7.5,2.875,7.875],"texture":"#0"},"up":{"uv":[7.875,2.625,7.5,2.5],"texture":"#0"},"down":{"uv":[3.375,7.5,3,7.625],"texture":"#0"}}},{"from":[6.5,7.375,12.125],"to":[7,7.875,12.625],"rotation":{"angle":-45,"axis":"x","origin":[7.75,9.625,9.75]},"faces":{"north":{"uv":[7.75,0.75,7.875,0.875],"texture":"#0"},"east":{"uv":[7.75,1,7.875,1.125],"texture":"#0"},"south":{"uv":[7.75,1.25,7.875,1.375],"texture":"#0"},"west":{"uv":[1.5,7.75,1.625,7.875],"texture":"#0"},"up":{"uv":[7.875,1.625,7.75,1.5],"texture":"#0"},"down":{"uv":[1.875,7.75,1.75,7.875],"texture":"#0"}}},{"from":[7.5,2.5,10],"to":[8,3.5,10.5],"rotation":{"angle":22.5,"axis":"z","origin":[0,0,0]},"faces":{"north":{"uv":[7.5,4.75,7.625,5],"texture":"#0"},"east":{"uv":[7.5,5,7.625,5.25],"texture":"#0"},"south":{"uv":[5.25,7.5,5.375,7.75],"texture":"#0"},"west":{"uv":[7.5,5.25,7.625,5.5],"texture":"#0"},"up":{"uv":[7.625,7.125,7.5,7],"texture":"#0"},"down":{"uv":[7.375,7.5,7.25,7.625],"texture":"#0"}}},{"from":[6.5,6.5,9],"to":[9,7.5,11.5],"rotation":{"angle":22.5,"axis":"z","origin":[0,0,0]},"faces":{"north":{"uv":[6.75,1.5,7.375,1.75],"texture":"#0"},"east":{"uv":[6.75,1.75,7.375,2],"texture":"#0"},"south":{"uv":[6.75,2,7.375,2.25],"texture":"#0"},"west":{"uv":[6.75,3.5,7.375,3.75],"texture":"#0"},"up":{"uv":[5.875,1.375,5.25,0.75],"texture":"#0"},"down":{"uv":[5.875,1.5,5.25,2.125],"texture":"#0"}}},{"from":[7,7.5,9.5],"to":[8.5,8,11],"rotation":{"angle":22.5,"axis":"z","origin":[0,0,0]},"faces":{"north":{"uv":[7.5,1.75,7.875,1.875],"texture":"#0"},"east":{"uv":[2,7.5,2.375,7.625],"texture":"#0"},"south":{"uv":[7.5,2,7.875,2.125],"texture":"#0"},"west":{"uv":[7.5,2.25,7.875,2.375],"texture":"#0"},"up":{"uv":[1.875,7.375,1.5,7],"texture":"#0"},"down":{"uv":[2.375,7,2,7.375],"texture":"#0"}}},{"from":[7.5,8,10],"to":[8,8.5,10.5],"rotation":{"angle":22.5,"axis":"z","origin":[0,0,0]},"faces":{"north":{"uv":[7.5,7.25,7.625,7.375],"texture":"#0"},"east":{"uv":[7.5,7.5,7.625,7.625],"texture":"#0"},"south":{"uv":[0,7.75,0.125,7.875],"texture":"#0"},"west":{"uv":[7.75,0,7.875,0.125],"texture":"#0"},"up":{"uv":[0.375,7.875,0.25,7.75],"texture":"#0"},"down":{"uv":[7.875,0.25,7.75,0.375],"texture":"#0"}}},{"from":[7,3.5,9.5],"to":[8.5,6.5,11],"rotation":{"angle":22.5,"axis":"z","origin":[0,0,0]},"faces":{"north":{"uv":[3,3.75,3.375,4.5],"texture":"#0"},"east":{"uv":[4.75,6,5.125,6.75],"texture":"#0"},"south":{"uv":[5.25,6,5.625,6.75],"texture":"#0"},"west":{"uv":[6,5.25,6.375,6],"texture":"#0"},"up":{"uv":[7.375,0.875,7,0.5],"texture":"#0"},"down":{"uv":[7.375,1,7,1.375],"texture":"#0"}}},{"from":[7.5,3.5,9.5],"to":[9,6.5,11],"rotation":{"angle":-22.5,"axis":"z","origin":[16,0,0]},"faces":{"north":{"uv":[3.375,3.75,3,4.5],"texture":"#0"},"east":{"uv":[6.375,5.25,6,6],"texture":"#0"},"south":{"uv":[5.625,6,5.25,6.75],"texture":"#0"},"west":{"uv":[5.125,6,4.75,6.75],"texture":"#0"},"up":{"uv":[7,0.875,7.375,0.5],"texture":"#0"},"down":{"uv":[7,1,7.375,1.375],"texture":"#0"}}},{"from":[7,6.5,9],"to":[9.5,7.5,11.5],"rotation":{"angle":-22.5,"axis":"z","origin":[16,0,0]},"faces":{"north":{"uv":[7.375,1.5,6.75,1.75],"texture":"#0"},"east":{"uv":[7.375,3.5,6.75,3.75],"texture":"#0"},"south":{"uv":[7.375,2,6.75,2.25],"texture":"#0"},"west":{"uv":[7.375,1.75,6.75,2],"texture":"#0"},"up":{"uv":[5.25,1.375,5.875,0.75],"texture":"#0"},"down":{"uv":[5.25,1.5,5.875,2.125],"texture":"#0"}}},{"from":[7.5,7.5,9.5],"to":[9,8,11],"rotation":{"angle":-22.5,"axis":"z","origin":[16,0,0]},"faces":{"north":{"uv":[7.875,1.75,7.5,1.875],"texture":"#0"},"east":{"uv":[7.875,2.25,7.5,2.375],"texture":"#0"},"south":{"uv":[7.875,2,7.5,2.125],"texture":"#0"},"west":{"uv":[2.375,7.5,2,7.625],"texture":"#0"},"up":{"uv":[1.5,7.375,1.875,7],"texture":"#0"},"down":{"uv":[2,7,2.375,7.375],"texture":"#0"}}},{"from":[8,8,10],"to":[8.5,8.5,10.5],"rotation":{"angle":-22.5,"axis":"z","origin":[16,0,0]},"faces":{"north":{"uv":[7.625,7.25,7.5,7.375],"texture":"#0"},"east":{"uv":[7.875,0,7.75,0.125],"texture":"#0"},"south":{"uv":[0.125,7.75,0,7.875],"texture":"#0"},"west":{"uv":[7.625,7.5,7.5,7.625],"texture":"#0"},"up":{"uv":[0.25,7.875,0.375,7.75],"texture":"#0"},"down":{"uv":[7.75,0.25,7.875,0.375],"texture":"#0"}}},{"from":[9,6.5,10.9],"to":[9.5,7.5,11.4],"rotation":{"angle":22.5,"axis":"x","origin":[10.25,9.625,9.15]},"faces":{"north":{"uv":[6,7.5,6.125,7.75],"texture":"#0"},"east":{"uv":[7.5,6,7.625,6.25],"texture":"#0"},"south":{"uv":[6.25,7.5,6.375,7.75],"texture":"#0"},"west":{"uv":[7.5,6.25,7.625,6.5],"texture":"#0"},"up":{"uv":[2.125,7.875,2,7.75],"texture":"#0"},"down":{"uv":[2.375,7.75,2.25,7.875],"texture":"#0"}}},{"from":[8.5,7.5,10.4],"to":[10,10.5,11.9],"rotation":{"angle":22.5,"axis":"x","origin":[10.25,9.625,9.15]},"faces":{"north":{"uv":[6.25,1.5,6.625,2.25],"texture":"#0"},"east":{"uv":[2,6.25,2.375,7],"texture":"#0"},"south":{"uv":[2.5,6.25,2.875,7],"texture":"#0"},"west":{"uv":[3,6.25,3.375,7],"texture":"#0"},"up":{"uv":[7.375,4.125,7,3.75],"texture":"#0"},"down":{"uv":[5.125,7,4.75,7.375],"texture":"#0"}}},{"from":[8,10.5,9.9],"to":[10.5,11.5,12.4],"rotation":{"angle":22.5,"axis":"x","origin":[10.25,9.625,9.15]},"faces":{"north":{"uv":[6.75,4.75,7.375,5],"texture":"#0"},"east":{"uv":[6.75,5,7.375,5.25],"texture":"#0"},"south":{"uv":[6.75,6,7.375,6.25],"texture":"#0"},"west":{"uv":[6.75,6.25,7.375,6.5],"texture":"#0"},"up":{"uv":[2.125,6.125,1.5,5.5],"texture":"#0"},"down":{"uv":[2.875,5.5,2.25,6.125],"texture":"#0"}}},{"from":[8.5,11.5,10.4],"to":[10,12,11.9],"rotation":{"angle":22.5,"axis":"x","origin":[10.25,9.625,9.15]},"faces":{"north":{"uv":[7.5,3.25,7.875,3.375],"texture":"#0"},"east":{"uv":[7.5,3.5,7.875,3.625],"texture":"#0"},"south":{"uv":[3.75,7.5,4.125,7.625],"texture":"#0"},"west":{"uv":[7.5,3.75,7.875,3.875],"texture":"#0"},"up":{"uv":[5.625,7.375,5.25,7],"texture":"#0"},"down":{"uv":[7.375,5.25,7,5.625],"texture":"#0"}}},{"from":[9,12,10.9],"to":[9.5,12.5,11.4],"rotation":{"angle":22.5,"axis":"x","origin":[10.25,9.625,9.15]},"faces":{"north":{"uv":[7.75,2.75,7.875,2.875],"texture":"#0"},"east":{"uv":[3,7.75,3.125,7.875],"texture":"#0"},"south":{"uv":[7.75,3,7.875,3.125],"texture":"#0"},"west":{"uv":[3.25,7.75,3.375,7.875],"texture":"#0"},"up":{"uv":[3.625,7.875,3.5,7.75],"texture":"#0"},"down":{"uv":[3.875,7.75,3.75,7.875],"texture":"#0"}}},{"from":[10.2,4.2,10.2],"to":[10.7,5.2,10.7],"rotation":{"angle":-45,"axis":"z","origin":[11.45,7.325,8.45]},"faces":{"north":{"uv":[7.5,6.5,7.625,6.75],"texture":"#0"},"east":{"uv":[6.75,7.5,6.875,7.75],"texture":"#0"},"south":{"uv":[7.5,6.75,7.625,7],"texture":"#0"},"west":{"uv":[7,7.5,7.125,7.75],"texture":"#0"},"up":{"uv":[4.125,7.875,4,7.75],"texture":"#0"},"down":{"uv":[4.375,7.75,4.25,7.875],"texture":"#0"}}},{"from":[3.75,4.9,7.75],"to":[6.75,5.4,8.25],"rotation":{"angle":-45,"axis":"z","origin":[2,5.15,8]},"faces":{"north":{"uv":[8,0,9,6],"rotation":270,"texture":"#2"},"east":{"uv":[8,5,9,6],"rotation":270,"texture":"#2"},"south":{"uv":[8,0,9,6],"rotation":270,"texture":"#2"},"west":{"uv":[8,0,9,1],"rotation":270,"texture":"#2"},"up":{"uv":[8,0,9,6],"rotation":270,"texture":"#2"},"down":{"uv":[8,0,9,6],"rotation":270,"texture":"#2"}}},{"from":[-5,5.15,4.25],"to":[2.5,5.15,11.75],"rotation":{"angle":-45,"axis":"z","origin":[2,5.15,8]},"faces":{"up":{"uv":[0,0,15,15],"rotation":270,"texture":"#1"},"down":{"uv":[0,0,15,15],"rotation":270,"texture":"#1"}}},{"from":[-5,1.4,8],"to":[2.5,8.9,8],"rotation":{"angle":-45,"axis":"z","origin":[2,5.15,8]},"faces":{"north":{"uv":[0,0,15,15],"rotation":90,"texture":"#1"},"south":{"uv":[0,0,15,15],"rotation":270,"texture":"#1"}}},{"from":[-1.25,4.65,7.5],"to":[3.75,5.65,8.5],"rotation":{"angle":-45,"axis":"z","origin":[2,5.15,8]},"faces":{"north":{"uv":[6,10,4,0],"rotation":270,"texture":"#2"},"east":{"uv":[4,12,6,10],"rotation":270,"texture":"#2"},"south":{"uv":[4,0,6,10],"rotation":270,"texture":"#2"},"west":{"uv":[4,12,2,10],"rotation":270,"texture":"#2"},"up":{"uv":[6,0,4,10],"rotation":270,"texture":"#2"},"down":{"uv":[6,0,4,10],"rotation":270,"texture":"#2"}}},{"from":[2.35,1.9,9.75],"to":[2.85,4.9,10.25],"rotation":{"angle":22.5,"axis":"z","origin":[2.6,6.65,10]},"faces":{"north":{"uv":[8,0,9,6],"rotation":180,"texture":"#2"},"east":{"uv":[8,0,9,6],"texture":"#2"},"south":{"uv":[8,0,9,6],"texture":"#2"},"west":{"uv":[8,0,9,6],"texture":"#2"},"up":{"uv":[8,0,9,1],"texture":"#2"},"down":{"uv":[8,5,9,6],"texture":"#2"}}},{"from":[2.1,4.9,9.5],"to":[3.1,9.9,10.5],"rotation":{"angle":22.5,"axis":"z","origin":[2.6,6.65,10]},"faces":{"north":{"uv":[6,10,4,0],"rotation":180,"texture":"#2"},"east":{"uv":[6,0,4,10],"texture":"#2"},"south":{"uv":[4,0,6,10],"texture":"#2"},"west":{"uv":[6,0,4,10],"texture":"#2"},"up":{"uv":[4,12,2,10],"texture":"#2"},"down":{"uv":[4,12,6,10],"texture":"#2"}}},{"from":[-1.15,6.15,10],"to":[6.35,13.65,10],"rotation":{"angle":22.5,"axis":"z","origin":[2.6,6.65,10]},"faces":{"north":{"uv":[0,0,15,15],"texture":"#1"},"south":{"uv":[0,0,15,15],"texture":"#1"}}},{"from":[2.6,6.15,6.25],"to":[2.6,13.65,13.75],"rotation":{"angle":22.5,"axis":"z","origin":[2.6,6.65,10]},"faces":{"east":{"uv":[0,0,15,15],"texture":"#1"},"west":{"uv":[0,0,15,15],"texture":"#1"}}},{"from":[-1.25,4.65,7.5],"to":[3.75,5.65,8.5],"rotation":{"angle":-45,"axis":"z","origin":[2,5.15,8]},"color":6,"faces":{"north":{"uv":[0,0,0.25,1.25],"rotation":90,"texture":"#missing"},"east":{"uv":[0.75,1.25,0.5,1.5],"rotation":270,"texture":"#missing"},"south":{"uv":[0.5,0,0.75,1.25],"rotation":270,"texture":"#missing"},"west":{"uv":[0.5,1.5,0.25,1.25],"rotation":270,"texture":"#missing"},"up":{"uv":[0.25,0,0.5,1.25],"rotation":270,"texture":"#missing"},"down":{"uv":[0.75,0,1,1.25],"rotation":270,"texture":"#missing"}}},{"from":[12.25,4.65,7.5],"to":[17.25,5.65,8.5],"rotation":{"angle":45,"axis":"z","origin":[14,5.15,8]},"faces":{"north":{"uv":[6,0,4,10],"rotation":270,"texture":"#2"},"east":{"uv":[4,10,2,12],"rotation":270,"texture":"#2"},"south":{"uv":[4,10,6,0],"rotation":270,"texture":"#2"},"west":{"uv":[4,10,6,12],"rotation":270,"texture":"#2"},"up":{"uv":[6,10,4,0],"rotation":270,"texture":"#2"},"down":{"uv":[6,10,4,0],"rotation":270,"texture":"#2"}}},{"from":[12.25,4.65,7.5],"to":[17.25,5.65,8.5],"rotation":{"angle":45,"axis":"z","origin":[14,5.15,8]},"color":6,"faces":{"north":{"uv":[0,1.25,0.25,0],"rotation":90,"texture":"#missing"},"east":{"uv":[0.5,1.25,0.25,1.5],"rotation":270,"texture":"#missing"},"south":{"uv":[0.5,1.25,0.75,0],"rotation":270,"texture":"#missing"},"west":{"uv":[0.75,1.5,0.5,1.25],"rotation":270,"texture":"#missing"},"up":{"uv":[0.25,1.25,0.5,0],"rotation":270,"texture":"#missing"},"down":{"uv":[0.75,1.25,1,0],"rotation":270,"texture":"#missing"}}},{"from":[13.5,5.15,4.25],"to":[21,5.15,11.75],"rotation":{"angle":45,"axis":"z","origin":[14,5.15,8]},"faces":{"up":{"uv":[0,15,15,0],"rotation":270,"texture":"#1"},"down":{"uv":[0,15,15,0],"rotation":270,"texture":"#1"}}},{"from":[13.5,1.4,8],"to":[21,8.9,8],"rotation":{"angle":45,"axis":"z","origin":[14,5.15,8]},"faces":{"north":{"uv":[0,15,15,0],"rotation":90,"texture":"#1"},"south":{"uv":[0,15,15,0],"rotation":270,"texture":"#1"}}},{"from":[13.4,6.15,6.25],"to":[13.4,13.65,13.75],"rotation":{"angle":-22.5,"axis":"z","origin":[13.4,6.65,10]},"faces":{"east":{"uv":[15,0,0,15],"texture":"#1"},"west":{"uv":[15,0,0,15],"texture":"#1"}}},{"from":[9.65,6.15,10],"to":[17.15,13.65,10],"rotation":{"angle":-22.5,"axis":"z","origin":[13.4,6.65,10]},"faces":{"north":{"uv":[15,0,0,15],"texture":"#1"},"south":{"uv":[15,0,0,15],"texture":"#1"}}},{"from":[12.9,4.9,9.5],"to":[13.9,9.9,10.5],"rotation":{"angle":-22.5,"axis":"z","origin":[13.4,6.65,10]},"faces":{"north":{"uv":[4,10,6,0],"rotation":180,"texture":"#2"},"east":{"uv":[4,0,6,10],"texture":"#2"},"south":{"uv":[6,0,4,10],"texture":"#2"},"west":{"uv":[4,0,6,10],"texture":"#2"},"up":{"uv":[2,12,4,10],"texture":"#2"},"down":{"uv":[6,12,4,10],"texture":"#2"}}},{"from":[13.15,1.9,9.75],"to":[13.65,4.9,10.25],"rotation":{"angle":-22.5,"axis":"z","origin":[13.4,6.65,10]},"faces":{"north":{"uv":[9,0,8,6],"rotation":180,"texture":"#2"},"east":{"uv":[9,0,8,6],"texture":"#2"},"south":{"uv":[9,0,8,6],"texture":"#2"},"west":{"uv":[9,0,8,6],"texture":"#2"},"up":{"uv":[9,0,8,1],"texture":"#2"},"down":{"uv":[9,5,8,6],"texture":"#2"}}},{"from":[9.25,4.9,7.75],"to":[12.25,5.4,8.25],"rotation":{"angle":45,"axis":"z","origin":[14,5.15,8]},"faces":{"north":{"uv":[8,6,9,0],"rotation":270,"texture":"#2"},"east":{"uv":[8,1,9,0],"rotation":270,"texture":"#2"},"south":{"uv":[8,6,9,0],"rotation":270,"texture":"#2"},"west":{"uv":[8,6,9,5],"rotation":270,"texture":"#2"},"up":{"uv":[8,6,9,0],"rotation":270,"texture":"#2"},"down":{"uv":[8,6,9,0],"rotation":270,"texture":"#2"}}}],"gui_light":"front","display":{"thirdperson_righthand":{"rotation":[68,0,0],"translation":[-5.5,-4.75,12],"scale":[1.25,1.25,1.25]},"thirdperson_lefthand":{"rotation":[68,0,0],"translation":[-5.5,-4.75,12],"scale":[1.25,1.25,1.25]},"firstperson_righthand":{"rotation":[0,-90,25],"translation":[1.13,3.2,1.13],"scale":[0,0,0]},"firstperson_lefthand":{"rotation":[0,-90,25],"translation":[1.13,3.2,1.13],"scale":[0,0,0]},"ground":{"translation":[0,2,0],"scale":[0.5,0.5,0.5]},"gui":{"rotation":[20.33,38.74,1.51],"translation":[0,1.5,0],"scale":[0.8,0.8,0.8]},"head":{"translation":[0,-8,5],"scale":[2,2,2]},"fixed":{"rotation":[0,180,0],"translation":[0,6.5,0],"scale":[2,2,2]}},"groups":[0,1,2,3,4,5,6,7,8,9,10,11,12,13,14,15,16,17,18,19,{"name":"group","origin":[7.75,9.625,10.25],"color":0,"children":[20,21,22,23,24]},{"name":"group","origin":[0,0,0],"color":0,"children":[25,26,27,28,29,30,31,32,33]},{"name":"group","origin":[7.75,9.625,10.25],"color":0,"children":[34,35,36,37,38]},{"name":"group","origin":[7.75,9.625,10.25],"color":0,"children":[39]},40,41,42,43,44,45,46,47,48,49,50,51,52,53,54,55,56,57]}