{
	"credit": "MadewithBlockbench",
	"texture_size": [128, 128],
	"textures": {
		"0": "elitecreatures:diablo_weapon_set/diablo_texture",
		"1": "elitecreatures:diablo_weapon_set/animation",
		"particle": "elitecreatures:diablo_weapon_set/diablo_texture"
	},
	"elements": [
		{
			"from": [5.76875, 6.87426, -1.34255],
			"to": [10.26875, 9.12426, 2.40745],
			"rotation": {"angle": 22.5, "axis": "x", "origin": [8, 7.10904, 3.01875]},
			"faces": {
				"north": {"uv": [6.625, 7.4375, 6.9375, 6.875], "rotation": 270, "texture": "#0"},
				"east": {"uv": [7.4375, 3.5, 7.125, 3.9375], "rotation": 90, "texture": "#0"},
				"south": {"uv": [7, 0, 7.3125, 0.5625], "rotation": 270, "texture": "#0"},
				"west": {"uv": [3.9375, 7.125, 3.625, 7.5625], "rotation": 270, "texture": "#0"},
				"up": {"uv": [6.0625, 6.625, 5.5, 7.0625], "texture": "#0"},
				"down": {"uv": [4.0625, 6.625, 3.5, 7.0625], "rotation": 180, "texture": "#0"}
			}
		},
		{
			"from": [5.39375, 8.15955, 3.21157],
			"to": [10.64375, 12.28455, 5.83657],
			"rotation": {"angle": -45, "axis": "x", "origin": [8, 7.10904, 3.01875]},
			"faces": {
				"north": {"uv": [5.875, 3.1875, 6.375, 2.5], "rotation": 270, "texture": "#0"},
				"east": {"uv": [1.625, 7.125, 1.125, 7.4375], "rotation": 90, "texture": "#0"},
				"south": {"uv": [2.625, 5.875, 3.125, 6.5625], "rotation": 270, "texture": "#0"},
				"west": {"uv": [3.625, 7.125, 3.125, 7.4375], "rotation": 270, "texture": "#0"},
				"up": {"uv": [7.3125, 6.125, 6.625, 6.4375], "texture": "#0"},
				"down": {"uv": [7.3125, 5.75, 6.625, 6.0625], "rotation": 180, "texture": "#0"}
			}
		},
		{
			"from": [5.01875, 8.84392, 3.64149],
			"to": [11.01875, 13.34392, 6.64149],
			"rotation": {"angle": -22.5, "axis": "x", "origin": [8, 7.10904, 3.01875]},
			"faces": {
				"north": {"uv": [3.125, 5.625, 3.6875, 4.875], "rotation": 270, "texture": "#0"},
				"east": {"uv": [7.1875, 6.5, 6.625, 6.875], "rotation": 90, "texture": "#0"},
				"south": {"uv": [4.75, 5, 5.3125, 5.75], "rotation": 270, "texture": "#0"},
				"west": {"uv": [7.3125, 1.5, 6.75, 1.875], "rotation": 270, "texture": "#0"},
				"up": {"uv": [6.75, 1.875, 6, 2.25], "texture": "#0"},
				"down": {"uv": [6.75, 1.5, 6, 1.875], "rotation": 180, "texture": "#0"}
			}
		},
		{
			"from": [6.89375, 1.22176, -2.18769],
			"to": [9.14375, 4.22176, 0.06231],
			"rotation": {"angle": -22.5, "axis": "x", "origin": [8, 9.10904, 2.01875]},
			"faces": {
				"north": {"uv": [7.375, 1.75, 7.6875, 1.375], "rotation": 180, "texture": "#0"},
				"east": {"uv": [7.375, 0.625, 7.6875, 0.25], "rotation": 180, "texture": "#0"},
				"south": {"uv": [2.25, 7.75, 2.5625, 7.375], "rotation": 180, "texture": "#0"},
				"west": {"uv": [7.375, 2.5, 7.6875, 2.125], "rotation": 180, "texture": "#0"},
				"up": {"uv": [1.4375, 7.5, 1.125, 7.8125], "rotation": 270, "texture": "#0"},
				"down": {"uv": [7.8125, 2.0625, 7.5, 1.75], "rotation": 90, "texture": "#0"}
			}
		},
		{
			"from": [7.26875, 0.43187, -4.88582],
			"to": [8.76875, 3.43187, -2.63582],
			"rotation": {"angle": -45, "axis": "x", "origin": [8, 9.10904, 2.01875]},
			"faces": {
				"north": {"uv": [3.625, 8, 3.8125, 7.625], "rotation": 180, "texture": "#0"},
				"east": {"uv": [2.625, 7.75, 2.9375, 7.375], "rotation": 180, "texture": "#0"},
				"south": {"uv": [4.125, 8, 4.3125, 7.625], "rotation": 180, "texture": "#0"},
				"west": {"uv": [7.375, 4.375, 7.6875, 4], "rotation": 180, "texture": "#0"},
				"up": {"uv": [8.0625, 4, 7.75, 4.1875], "rotation": 270, "texture": "#0"},
				"down": {"uv": [4.8125, 7.9375, 4.5, 7.75], "rotation": 90, "texture": "#0"}
			}
		},
		{
			"from": [7.41875, -0.59056, 7.39315],
			"to": [8.54375, 1.65944, 10.39315],
			"rotation": {"angle": 22.5, "axis": "x", "origin": [8, 9.10904, 2.01875]},
			"faces": {
				"north": {"uv": [1, 8.0625, 1.125, 7.75], "rotation": 180, "texture": "#0"},
				"east": {"uv": [4.5, 7.6875, 4.875, 7.375], "rotation": 180, "texture": "#0"},
				"south": {"uv": [4, 8.0625, 4.125, 7.75], "rotation": 180, "texture": "#0"},
				"west": {"uv": [7.375, 6.0625, 7.75, 5.75], "rotation": 180, "texture": "#0"},
				"up": {"uv": [7.375, 1.375, 7, 1.5], "rotation": 270, "texture": "#0"},
				"down": {"uv": [3.5, 7.125, 3.125, 7], "rotation": 90, "texture": "#0"}
			}
		},
		{
			"from": [7.66875, -3.98565, 2.78079],
			"to": [8.36875, 4.01435, 6.28079],
			"rotation": {"angle": 0, "axis": "y", "origin": [8, 3.10904, 3.01875]},
			"faces": {
				"north": {"uv": [5.375, 2.5, 5.5, 3.5], "rotation": 180, "texture": "#0"},
				"east": {"uv": [4.875, 2.5, 5.3125, 3.5], "rotation": 180, "texture": "#0"},
				"south": {"uv": [1.625, 7.125, 1.75, 8.125], "rotation": 180, "texture": "#0"},
				"west": {"uv": [2.625, 4.875, 3.0625, 5.875], "rotation": 180, "texture": "#0"},
				"up": {"uv": [8.1875, 0.5, 7.75, 0.625], "rotation": 270, "texture": "#0"},
				"down": {"uv": [8.0625, 5.75, 7.625, 5.625], "rotation": 90, "texture": "#0"}
			}
		},
		{
			"from": [7.64375, -8.35453, 0.08388],
			"to": [8.39375, -3.35453, 3.58388],
			"rotation": {"angle": -22.5, "axis": "x", "origin": [8, 3.10904, 3.01875]},
			"faces": {
				"north": {"uv": [4, 7.125, 4.125, 7.75], "rotation": 180, "texture": "#0"},
				"east": {"uv": [5.75, 6, 6.1875, 6.625], "rotation": 180, "texture": "#0"},
				"south": {"uv": [6, 7.125, 6.125, 7.75], "rotation": 180, "texture": "#0"},
				"west": {"uv": [5, 6.125, 5.4375, 6.75], "rotation": 180, "texture": "#0"},
				"up": {"uv": [8.1875, 2.375, 7.75, 2.5], "rotation": 270, "texture": "#0"},
				"down": {"uv": [8.1875, 1.75, 7.75, 1.625], "rotation": 90, "texture": "#0"}
			}
		},
		{
			"from": [7.66875, -3.98934, 12.48659],
			"to": [8.36875, -0.48934, 18.43494],
			"rotation": {"angle": 45, "axis": "x", "origin": [8, 3.10904, 3.01875]},
			"faces": {
				"north": {"uv": [5.3125, 7.75, 4.875, 7.875], "rotation": 90, "texture": "#0"},
				"east": {"uv": [6, 0, 6.4375, 0.75], "rotation": 270, "texture": "#0"},
				"south": {"uv": [8.1875, 4.375, 7.75, 4.25], "rotation": 90, "texture": "#0"},
				"west": {"uv": [6, 0.75, 6.4375, 1.5], "rotation": 90, "texture": "#0"},
				"up": {"uv": [1.75, 7.125, 1.875, 7.875], "rotation": 180, "texture": "#0"},
				"down": {"uv": [1.125, 3.625, 1.25, 4.375], "texture": "#0"}
			}
		},
		{
			"from": [7.25, 4, 5],
			"to": [8.75, 10.5, 6.5],
			"rotation": {"angle": 0, "axis": "y", "origin": [8, 7.10904, 3.01875]},
			"faces": {
				"north": {"uv": [0.25, 13.6875, 0.4375, 12.875], "texture": "#0"},
				"east": {"uv": [0.25, 13.6875, 0.4375, 12.875], "texture": "#0"},
				"south": {"uv": [0.25, 13.6875, 0.4375, 12.875], "texture": "#0"},
				"west": {"uv": [0.25, 13.6875, 0.4375, 12.875], "texture": "#0"},
				"up": {"uv": [0.25, 12.875, 0.4375, 12.6875], "texture": "#0"},
				"down": {"uv": [0.25, 12.875, 0.4375, 12.6875], "texture": "#0"}
			}
		},
		{
			"from": [7, 20.25, 7],
			"to": [9, 22.75, 13],
			"rotation": {"angle": -22.5, "axis": "x", "origin": [8, 20.25, 7.25]},
			"faces": {
				"north": {"uv": [1.3125, 11.6875, 1.5625, 11.375], "texture": "#0"},
				"east": {"uv": [1.5625, 11.6875, 2.3125, 11.375], "texture": "#0"},
				"south": {"uv": [1.0625, 11.6875, 1.3125, 11.375], "texture": "#0"},
				"west": {"uv": [1.5625, 12, 2.3125, 11.6875], "texture": "#0"},
				"up": {"uv": [1.3125, 12.4375, 1.5625, 11.6875], "texture": "#0"},
				"down": {"uv": [1.0625, 12.4375, 1.3125, 11.6875], "texture": "#0"}
			}
		},
		{
			"from": [7, 18.04957, 12.56231],
			"to": [9, 20.54957, 18.56231],
			"rotation": {"angle": -45, "axis": "x", "origin": [8, 20.25, 7.25]},
			"faces": {
				"north": {"uv": [2.5625, 11.4375, 2.8125, 11.125], "texture": "#0"},
				"east": {"uv": [2.8125, 11.4375, 3.5625, 11.125], "texture": "#0"},
				"south": {"uv": [2.3125, 11.4375, 2.5625, 11.125], "texture": "#0"},
				"west": {"uv": [2.8125, 11.75, 3.5625, 11.4375], "texture": "#0"},
				"up": {"uv": [2.5625, 12.1875, 2.8125, 11.4375], "texture": "#0"},
				"down": {"uv": [2.3125, 12.1875, 2.5625, 11.4375], "texture": "#0"}
			}
		},
		{
			"from": [7, -8.75, 7],
			"to": [9, -6.25, 13],
			"rotation": {"angle": 22.5, "axis": "x", "origin": [8, -6.25, 7.25]},
			"faces": {
				"north": {"uv": [1.3125, 11.375, 1.5625, 11.6875], "texture": "#0"},
				"east": {"uv": [1.5625, 11.375, 2.3125, 11.6875], "texture": "#0"},
				"south": {"uv": [1.0625, 11.375, 1.3125, 11.6875], "texture": "#0"},
				"west": {"uv": [1.5625, 11.6875, 2.3125, 12], "texture": "#0"},
				"up": {"uv": [1.0625, 11.6875, 1.3125, 12.4375], "texture": "#0"},
				"down": {"uv": [1.3125, 11.6875, 1.5625, 12.4375], "texture": "#0"}
			}
		},
		{
			"from": [7, -6.54957, 12.56231],
			"to": [9, -4.04957, 18.56231],
			"rotation": {"angle": 45, "axis": "x", "origin": [8, -6.25, 7.25]},
			"faces": {
				"north": {"uv": [2.5625, 11.125, 2.8125, 11.4375], "texture": "#0"},
				"east": {"uv": [2.8125, 11.125, 3.5625, 11.4375], "texture": "#0"},
				"south": {"uv": [2.3125, 11.125, 2.5625, 11.4375], "texture": "#0"},
				"west": {"uv": [2.8125, 11.4375, 3.5625, 11.75], "texture": "#0"},
				"up": {"uv": [2.3125, 11.4375, 2.5625, 12.1875], "texture": "#0"},
				"down": {"uv": [2.5625, 11.4375, 2.8125, 12.1875], "texture": "#0"}
			}
		},
		{
			"from": [8, 7, 14],
			"to": [8, 25.5, 15.5],
			"rotation": {"angle": -45, "axis": "x", "origin": [8, 23.25, 14.75]},
			"faces": {
				"north": {"uv": [0.1875, 13.6875, 0, 16], "texture": "#0"},
				"east": {"uv": [0.1875, 13.6875, 0, 16], "texture": "#0"},
				"south": {"uv": [0.1875, 13.6875, 0, 16], "texture": "#0"},
				"west": {"uv": [0, 13.6875, 0.1875, 16], "texture": "#0"},
				"up": {"uv": [0.1875, 13.6875, 0, 16], "texture": "#0"},
				"down": {"uv": [0.1875, 13.6875, 0, 16], "texture": "#0"}
			}
		},
		{
			"from": [8, 1, 14],
			"to": [8, 7, 15.5],
			"rotation": {"angle": -45, "axis": "x", "origin": [8, 23.25, 14.75]},
			"faces": {
				"north": {"uv": [0, 14.1875, 0, 14.9375], "texture": "#0"},
				"east": {"uv": [0.1875, 14.1875, 0, 14.9375], "texture": "#0"},
				"south": {"uv": [0, 14.1875, 0, 14.9375], "texture": "#0"},
				"west": {"uv": [0, 14.1875, 0.1875, 14.9375], "texture": "#0"},
				"up": {"uv": [0, 14.1875, 0, 14.375], "texture": "#0"},
				"down": {"uv": [0, 14.1875, 0, 14.375], "texture": "#0"}
			}
		},
		{
			"from": [8, -11.5, 14],
			"to": [8, 7, 15.5],
			"rotation": {"angle": 45, "axis": "x", "origin": [8, -9.25, 14.75]},
			"faces": {
				"north": {"uv": [0.1875, 16, 0, 13.6875], "texture": "#0"},
				"east": {"uv": [0.1875, 16, 0, 13.6875], "texture": "#0"},
				"south": {"uv": [0.1875, 16, 0, 13.6875], "texture": "#0"},
				"west": {"uv": [0, 16, 0.1875, 13.6875], "texture": "#0"},
				"up": {"uv": [0.1875, 16, 0, 13.6875], "texture": "#0"},
				"down": {"uv": [0.1875, 16, 0, 13.6875], "texture": "#0"}
			}
		},
		{
			"from": [8, 7, 14],
			"to": [8, 13, 15.5],
			"rotation": {"angle": 45, "axis": "x", "origin": [8, -9.25, 14.75]},
			"faces": {
				"north": {"uv": [0, 14.9375, 0, 14.1875], "texture": "#0"},
				"east": {"uv": [0.1875, 14.9375, 0, 14.1875], "texture": "#0"},
				"south": {"uv": [0, 14.9375, 0, 14.1875], "texture": "#0"},
				"west": {"uv": [0, 14.9375, 0.1875, 14.1875], "texture": "#0"},
				"up": {"uv": [0, 14.375, 0, 14.1875], "texture": "#0"},
				"down": {"uv": [0, 14.375, 0, 14.1875], "texture": "#0"}
			}
		},
		{
			"from": [7.76875, 6.85904, 15.75],
			"to": [8.26875, 7.35904, 30.25],
			"rotation": {"angle": 0, "axis": "y", "origin": [8, 7.10904, 3.01875]},
			"faces": {
				"north": {"uv": [11.8125, 6.4375, 11.75, 6.375], "rotation": 270, "texture": "#0"},
				"east": {"uv": [10.5, 8.1875, 10.5625, 6.375], "rotation": 90, "texture": "#0"},
				"south": {"uv": [11.5625, 6.375, 11.5, 6.4375], "rotation": 270, "texture": "#0"},
				"west": {"uv": [11, 8.1875, 11.0625, 6.375], "rotation": 270, "texture": "#0"},
				"up": {"uv": [10.75, 8.1875, 10.8125, 6.375], "texture": "#0"},
				"down": {"uv": [11.25, 8.1875, 11.3125, 6.375], "rotation": 180, "texture": "#0"}
			}
		},
		{
			"from": [8.01875, 7.35904, 28.75],
			"to": [8.01875, 8.85904, 31.25],
			"rotation": {"angle": 0, "axis": "y", "origin": [8.01875, 7.125, 17]},
			"faces": {
				"north": {"uv": [11.8125, 6.4375, 11.75, 6.375], "rotation": 270, "texture": "#0"},
				"east": {"uv": [8.75, 9.8125, 8.5625, 9.5], "rotation": 270, "texture": "#0"},
				"south": {"uv": [11.5625, 6.375, 11.5, 6.4375], "rotation": 270, "texture": "#0"},
				"west": {"uv": [8.5625, 9.8125, 8.75, 9.5], "rotation": 270, "texture": "#0"},
				"up": {"uv": [10.75, 8.1875, 10.8125, 6.375], "texture": "#0"},
				"down": {"uv": [11.25, 8.1875, 11.3125, 6.375], "rotation": 180, "texture": "#0"}
			}
		},
		{
			"from": [8.01875, 5.39096, 28.75],
			"to": [8.01875, 6.89096, 31.25],
			"rotation": {"angle": 0, "axis": "y", "origin": [8.01875, 7.125, 17]},
			"faces": {
				"north": {"uv": [11.75, 6.4375, 11.8125, 6.375], "rotation": 270, "texture": "#0"},
				"east": {"uv": [8.5625, 9.8125, 8.75, 9.5], "rotation": 270, "texture": "#0"},
				"south": {"uv": [11.5, 6.375, 11.5625, 6.4375], "rotation": 270, "texture": "#0"},
				"west": {"uv": [8.75, 9.8125, 8.5625, 9.5], "rotation": 270, "texture": "#0"},
				"up": {"uv": [11.25, 6.375, 11.3125, 8.1875], "rotation": 180, "texture": "#0"},
				"down": {"uv": [10.75, 6.375, 10.8125, 8.1875], "texture": "#0"}
			}
		},
		{
			"from": [8.25279, 7.125, 28.75],
			"to": [9.75279, 7.125, 31.25],
			"rotation": {"angle": 0, "axis": "y", "origin": [8.01875, 7.125, 17]},
			"faces": {
				"north": {"uv": [11.8125, 6.4375, 11.75, 6.375], "rotation": 180, "texture": "#0"},
				"east": {"uv": [10.75, 8.1875, 10.8125, 6.375], "rotation": 90, "texture": "#0"},
				"south": {"uv": [11.5625, 6.375, 11.5, 6.4375], "texture": "#0"},
				"west": {"uv": [11.25, 8.1875, 11.3125, 6.375], "rotation": 270, "texture": "#0"},
				"up": {"uv": [8.5625, 9.8125, 8.75, 9.5], "texture": "#0"},
				"down": {"uv": [8.75, 9.8125, 8.5625, 9.5], "texture": "#0"}
			}
		},
		{
			"from": [6.28471, 7.125, 28.75],
			"to": [7.78471, 7.125, 31.25],
			"rotation": {"angle": 0, "axis": "y", "origin": [8.01875, 7.125, 17]},
			"faces": {
				"north": {"uv": [11.75, 6.4375, 11.8125, 6.375], "rotation": 180, "texture": "#0"},
				"east": {"uv": [11.25, 6.375, 11.3125, 8.1875], "rotation": 270, "texture": "#0"},
				"south": {"uv": [11.5, 6.375, 11.5625, 6.4375], "texture": "#0"},
				"west": {"uv": [10.75, 6.375, 10.8125, 8.1875], "rotation": 90, "texture": "#0"},
				"up": {"uv": [8.75, 9.8125, 8.5625, 9.5], "texture": "#0"},
				"down": {"uv": [8.5625, 9.8125, 8.75, 9.5], "texture": "#0"}
			}
		},
		{
			"from": [7.26875, 6.35904, 14.12779],
			"to": [8.76875, 7.85904, 15.62779],
			"rotation": {"angle": 0, "axis": "y", "origin": [8, 7.10904, 3.01875]},
			"faces": {
				"north": {"uv": [7.9375, 7.9375, 7.75, 7.75], "rotation": 270, "texture": "#0"},
				"east": {"uv": [6.5, 7.9375, 6.6875, 7.75], "rotation": 90, "texture": "#0"},
				"south": {"uv": [7.6875, 7.75, 7.5, 7.9375], "rotation": 270, "texture": "#0"},
				"west": {"uv": [7, 7.9375, 7.1875, 7.75], "rotation": 270, "texture": "#0"},
				"up": {"uv": [6.75, 7.9375, 6.9375, 7.75], "texture": "#0"},
				"down": {"uv": [7.25, 7.9375, 7.4375, 7.75], "rotation": 180, "texture": "#0"}
			}
		},
		{
			"from": [7.64375, 6.73404, 11.87779],
			"to": [8.39375, 7.48404, 14.12779],
			"rotation": {"angle": 0, "axis": "y", "origin": [8, 7.10904, 3.01875]},
			"faces": {
				"north": {"uv": [7, 4.75, 6.875, 4.625], "rotation": 270, "texture": "#0"},
				"east": {"uv": [6, 8.0625, 6.125, 7.75], "rotation": 90, "texture": "#0"},
				"south": {"uv": [1.25, 4.375, 1.125, 4.5], "rotation": 270, "texture": "#0"},
				"west": {"uv": [7.75, 6.5625, 7.875, 6.25], "rotation": 270, "texture": "#0"},
				"up": {"uv": [6.25, 8.0625, 6.375, 7.75], "texture": "#0"},
				"down": {"uv": [6.375, 8.0625, 6.5, 7.75], "rotation": 180, "texture": "#0"}
			}
		},
		{
			"from": [7.26875, 6.35904, 12.12779],
			"to": [8.76875, 7.85904, 13.62779],
			"rotation": {"angle": 0, "axis": "y", "origin": [8, 7.10904, 3.01875]},
			"faces": {
				"north": {"uv": [7.9375, 7.9375, 7.75, 7.75], "rotation": 270, "texture": "#0"},
				"east": {"uv": [6.5, 7.9375, 6.6875, 7.75], "rotation": 90, "texture": "#0"},
				"south": {"uv": [7.6875, 7.75, 7.5, 7.9375], "rotation": 270, "texture": "#0"},
				"west": {"uv": [7, 7.9375, 7.1875, 7.75], "rotation": 270, "texture": "#0"},
				"up": {"uv": [6.75, 7.9375, 6.9375, 7.75], "texture": "#0"},
				"down": {"uv": [7.25, 7.9375, 7.4375, 7.75], "rotation": 180, "texture": "#0"}
			}
		},
		{
			"from": [7.64375, 6.73404, 9.87779],
			"to": [8.39375, 7.48404, 12.12779],
			"rotation": {"angle": 0, "axis": "y", "origin": [8, 7.10904, 3.01875]},
			"faces": {
				"north": {"uv": [7, 4.75, 6.875, 4.625], "rotation": 270, "texture": "#0"},
				"east": {"uv": [6, 8.0625, 6.125, 7.75], "rotation": 90, "texture": "#0"},
				"south": {"uv": [1.25, 4.375, 1.125, 4.5], "rotation": 270, "texture": "#0"},
				"west": {"uv": [7.75, 6.5625, 7.875, 6.25], "rotation": 270, "texture": "#0"},
				"up": {"uv": [6.25, 8.0625, 6.375, 7.75], "texture": "#0"},
				"down": {"uv": [6.375, 8.0625, 6.5, 7.75], "rotation": 180, "texture": "#0"}
			}
		},
		{
			"from": [5.76875, 5.09383, -1.34255],
			"to": [10.26875, 7.34383, 2.40745],
			"rotation": {"angle": -22.5, "axis": "x", "origin": [8, 7.10904, 3.01875]},
			"faces": {
				"north": {"uv": [6.9375, 7.4375, 6.625, 6.875], "rotation": 270, "texture": "#0"},
				"east": {"uv": [7.125, 3.5, 7.4375, 3.9375], "rotation": 90, "texture": "#0"},
				"south": {"uv": [7.3125, 0, 7, 0.5625], "rotation": 270, "texture": "#0"},
				"west": {"uv": [3.625, 7.125, 3.9375, 7.5625], "rotation": 270, "texture": "#0"},
				"up": {"uv": [3.5, 6.625, 4.0625, 7.0625], "texture": "#0"},
				"down": {"uv": [5.5, 6.625, 6.0625, 7.0625], "rotation": 180, "texture": "#0"}
			}
		},
		{
			"from": [5.39375, 1.93354, 3.21157],
			"to": [10.64375, 6.05854, 5.83657],
			"rotation": {"angle": 45, "axis": "x", "origin": [8, 7.10904, 3.01875]},
			"faces": {
				"north": {"uv": [6.375, 3.1875, 5.875, 2.5], "rotation": 270, "texture": "#0"},
				"east": {"uv": [1.125, 7.125, 1.625, 7.4375], "rotation": 90, "texture": "#0"},
				"south": {"uv": [3.125, 5.875, 2.625, 6.5625], "rotation": 270, "texture": "#0"},
				"west": {"uv": [3.125, 7.125, 3.625, 7.4375], "rotation": 270, "texture": "#0"},
				"up": {"uv": [6.625, 5.75, 7.3125, 6.0625], "texture": "#0"},
				"down": {"uv": [6.625, 6.125, 7.3125, 6.4375], "rotation": 180, "texture": "#0"}
			}
		},
		{
			"from": [5.01875, 0.87417, 3.64149],
			"to": [11.01875, 5.37417, 6.64149],
			"rotation": {"angle": 22.5, "axis": "x", "origin": [8, 7.10904, 3.01875]},
			"faces": {
				"north": {"uv": [3.6875, 5.625, 3.125, 4.875], "rotation": 270, "texture": "#0"},
				"east": {"uv": [6.625, 6.5, 7.1875, 6.875], "rotation": 90, "texture": "#0"},
				"south": {"uv": [5.3125, 5, 4.75, 5.75], "rotation": 270, "texture": "#0"},
				"west": {"uv": [6.75, 1.5, 7.3125, 1.875], "rotation": 270, "texture": "#0"},
				"up": {"uv": [6, 1.5, 6.75, 1.875], "texture": "#0"},
				"down": {"uv": [6, 1.875, 6.75, 2.25], "rotation": 180, "texture": "#0"}
			}
		},
		{
			"from": [6.89375, 9.99633, -2.18769],
			"to": [9.14375, 12.99633, 0.06231],
			"rotation": {"angle": 22.5, "axis": "x", "origin": [8, 5.10904, 2.01875]},
			"faces": {
				"north": {"uv": [7.375, 1.375, 7.6875, 1.75], "rotation": 180, "texture": "#0"},
				"east": {"uv": [7.375, 0.25, 7.6875, 0.625], "rotation": 180, "texture": "#0"},
				"south": {"uv": [2.25, 7.375, 2.5625, 7.75], "rotation": 180, "texture": "#0"},
				"west": {"uv": [7.375, 2.125, 7.6875, 2.5], "rotation": 180, "texture": "#0"},
				"up": {"uv": [7.8125, 1.75, 7.5, 2.0625], "rotation": 270, "texture": "#0"},
				"down": {"uv": [1.4375, 7.8125, 1.125, 7.5], "rotation": 90, "texture": "#0"}
			}
		},
		{
			"from": [7.26875, 22.78622, 8.61418],
			"to": [8.76875, 25.78622, 10.86418],
			"rotation": {"angle": 45, "axis": "x", "origin": [8, 17.10904, 15.51875]},
			"faces": {
				"north": {"uv": [3.625, 7.625, 3.8125, 8], "rotation": 180, "texture": "#0"},
				"east": {"uv": [2.625, 7.375, 2.9375, 7.75], "rotation": 180, "texture": "#0"},
				"south": {"uv": [4.125, 7.625, 4.3125, 8], "rotation": 180, "texture": "#0"},
				"west": {"uv": [7.375, 4, 7.6875, 4.375], "rotation": 180, "texture": "#0"},
				"up": {"uv": [4.8125, 7.75, 4.5, 7.9375], "rotation": 270, "texture": "#0"},
				"down": {"uv": [8.0625, 4.1875, 7.75, 4], "rotation": 90, "texture": "#0"}
			}
		},
		{
			"from": [7.41875, 24.55865, 20.89315],
			"to": [8.54375, 26.80865, 23.89315],
			"rotation": {"angle": -22.5, "axis": "x", "origin": [8, 17.10904, 15.51875]},
			"faces": {
				"north": {"uv": [1, 7.75, 1.125, 8.0625], "rotation": 180, "texture": "#0"},
				"east": {"uv": [4.5, 7.375, 4.875, 7.6875], "rotation": 180, "texture": "#0"},
				"south": {"uv": [4, 7.75, 4.125, 8.0625], "rotation": 180, "texture": "#0"},
				"west": {"uv": [7.375, 5.75, 7.75, 6.0625], "rotation": 180, "texture": "#0"},
				"up": {"uv": [3.5, 7, 3.125, 7.125], "rotation": 270, "texture": "#0"},
				"down": {"uv": [7.375, 1.5, 7, 1.375], "rotation": 90, "texture": "#0"}
			}
		},
		{
			"from": [6.89375, 21.99633, 11.31231],
			"to": [9.14375, 24.99633, 13.56231],
			"rotation": {"angle": 22.5, "axis": "x", "origin": [8, 17.10904, 15.51875]},
			"faces": {
				"north": {"uv": [7.375, 1.375, 7.6875, 1.75], "rotation": 180, "texture": "#0"},
				"east": {"uv": [7.375, 0.25, 7.6875, 0.625], "rotation": 180, "texture": "#0"},
				"south": {"uv": [2.25, 7.375, 2.5625, 7.75], "rotation": 180, "texture": "#0"},
				"west": {"uv": [7.375, 2.125, 7.6875, 2.5], "rotation": 180, "texture": "#0"},
				"up": {"uv": [7.8125, 1.75, 7.5, 2.0625], "rotation": 270, "texture": "#0"},
				"down": {"uv": [1.4375, 7.8125, 1.125, 7.5], "rotation": 90, "texture": "#0"}
			}
		},
		{
			"from": [6.89375, -10.99633, 11.31231],
			"to": [9.14375, -7.99633, 13.56231],
			"rotation": {"angle": -22.5, "axis": "x", "origin": [8, -3.10904, 15.51875]},
			"faces": {
				"north": {"uv": [7.375, 1.75, 7.6875, 1.375], "rotation": 180, "texture": "#0"},
				"east": {"uv": [7.375, 0.625, 7.6875, 0.25], "rotation": 180, "texture": "#0"},
				"south": {"uv": [2.25, 7.75, 2.5625, 7.375], "rotation": 180, "texture": "#0"},
				"west": {"uv": [7.375, 2.5, 7.6875, 2.125], "rotation": 180, "texture": "#0"},
				"up": {"uv": [1.125, 7.8125, 1.4375, 7.5], "rotation": 90, "texture": "#0"},
				"down": {"uv": [7.5, 1.75, 7.8125, 2.0625], "rotation": 270, "texture": "#0"}
			}
		},
		{
			"from": [7.26875, -11.78622, 8.61418],
			"to": [8.76875, -8.78622, 10.86418],
			"rotation": {"angle": -45, "axis": "x", "origin": [8, -3.10904, 15.51875]},
			"faces": {
				"north": {"uv": [3.625, 8, 3.8125, 7.625], "rotation": 180, "texture": "#0"},
				"east": {"uv": [2.625, 7.75, 2.9375, 7.375], "rotation": 180, "texture": "#0"},
				"south": {"uv": [4.125, 8, 4.3125, 7.625], "rotation": 180, "texture": "#0"},
				"west": {"uv": [7.375, 4.375, 7.6875, 4], "rotation": 180, "texture": "#0"},
				"up": {"uv": [7.75, 4.1875, 8.0625, 4], "rotation": 90, "texture": "#0"},
				"down": {"uv": [4.5, 7.75, 4.8125, 7.9375], "rotation": 270, "texture": "#0"}
			}
		},
		{
			"from": [7.41875, -12.80865, 20.89315],
			"to": [8.54375, -10.55865, 23.89315],
			"rotation": {"angle": 22.5, "axis": "x", "origin": [8, -3.10904, 15.51875]},
			"faces": {
				"north": {"uv": [1, 8.0625, 1.125, 7.75], "rotation": 180, "texture": "#0"},
				"east": {"uv": [4.5, 7.6875, 4.875, 7.375], "rotation": 180, "texture": "#0"},
				"south": {"uv": [4, 8.0625, 4.125, 7.75], "rotation": 180, "texture": "#0"},
				"west": {"uv": [7.375, 6.0625, 7.75, 5.75], "rotation": 180, "texture": "#0"},
				"up": {"uv": [7, 1.5, 7.375, 1.375], "rotation": 90, "texture": "#0"},
				"down": {"uv": [3.125, 7, 3.5, 7.125], "rotation": 270, "texture": "#0"}
			}
		},
		{
			"from": [7.26875, 10.78622, -4.88582],
			"to": [8.76875, 13.78622, -2.63582],
			"rotation": {"angle": 45, "axis": "x", "origin": [8, 5.10904, 2.01875]},
			"faces": {
				"north": {"uv": [3.625, 7.625, 3.8125, 8], "rotation": 180, "texture": "#0"},
				"east": {"uv": [2.625, 7.375, 2.9375, 7.75], "rotation": 180, "texture": "#0"},
				"south": {"uv": [4.125, 7.625, 4.3125, 8], "rotation": 180, "texture": "#0"},
				"west": {"uv": [7.375, 4, 7.6875, 4.375], "rotation": 180, "texture": "#0"},
				"up": {"uv": [4.8125, 7.75, 4.5, 7.9375], "rotation": 270, "texture": "#0"},
				"down": {"uv": [8.0625, 4.1875, 7.75, 4], "rotation": 90, "texture": "#0"}
			}
		},
		{
			"from": [7.41875, 12.55865, 7.39315],
			"to": [8.54375, 14.80865, 10.39315],
			"rotation": {"angle": -22.5, "axis": "x", "origin": [8, 5.10904, 2.01875]},
			"faces": {
				"north": {"uv": [1, 7.75, 1.125, 8.0625], "rotation": 180, "texture": "#0"},
				"east": {"uv": [4.5, 7.375, 4.875, 7.6875], "rotation": 180, "texture": "#0"},
				"south": {"uv": [4, 7.75, 4.125, 8.0625], "rotation": 180, "texture": "#0"},
				"west": {"uv": [7.375, 5.75, 7.75, 6.0625], "rotation": 180, "texture": "#0"},
				"up": {"uv": [3.5, 7, 3.125, 7.125], "rotation": 270, "texture": "#0"},
				"down": {"uv": [7.375, 1.5, 7, 1.375], "rotation": 90, "texture": "#0"}
			}
		},
		{
			"from": [7.66875, 10.20374, 2.78079],
			"to": [8.36875, 18.20374, 6.28079],
			"rotation": {"angle": 0, "axis": "y", "origin": [8, 11.10904, 3.01875]},
			"faces": {
				"north": {"uv": [5.375, 3.5, 5.5, 2.5], "rotation": 180, "texture": "#0"},
				"east": {"uv": [4.875, 3.5, 5.3125, 2.5], "rotation": 180, "texture": "#0"},
				"south": {"uv": [1.625, 8.125, 1.75, 7.125], "rotation": 180, "texture": "#0"},
				"west": {"uv": [2.625, 5.875, 3.0625, 4.875], "rotation": 180, "texture": "#0"},
				"up": {"uv": [8.0625, 5.625, 7.625, 5.75], "rotation": 270, "texture": "#0"},
				"down": {"uv": [8.1875, 0.625, 7.75, 0.5], "rotation": 90, "texture": "#0"}
			}
		},
		{
			"from": [7.64375, 17.57262, 0.08388],
			"to": [8.39375, 22.57262, 3.58388],
			"rotation": {"angle": 22.5, "axis": "x", "origin": [8, 11.10904, 3.01875]},
			"faces": {
				"north": {"uv": [4, 7.75, 4.125, 7.125], "rotation": 180, "texture": "#0"},
				"east": {"uv": [5.75, 6.625, 6.1875, 6], "rotation": 180, "texture": "#0"},
				"south": {"uv": [6, 7.75, 6.125, 7.125], "rotation": 180, "texture": "#0"},
				"west": {"uv": [5, 6.75, 5.4375, 6.125], "rotation": 180, "texture": "#0"},
				"up": {"uv": [8.1875, 1.625, 7.75, 1.75], "rotation": 270, "texture": "#0"},
				"down": {"uv": [8.1875, 2.5, 7.75, 2.375], "rotation": 90, "texture": "#0"}
			}
		},
		{
			"from": [7.66875, 14.70743, 12.48659],
			"to": [8.36875, 18.20743, 18.43494],
			"rotation": {"angle": -45, "axis": "x", "origin": [8, 11.10904, 3.01875]},
			"faces": {
				"north": {"uv": [4.875, 7.75, 5.3125, 7.875], "rotation": 90, "texture": "#0"},
				"east": {"uv": [6.4375, 0, 6, 0.75], "rotation": 270, "texture": "#0"},
				"south": {"uv": [7.75, 4.375, 8.1875, 4.25], "rotation": 90, "texture": "#0"},
				"west": {"uv": [6.4375, 0.75, 6, 1.5], "rotation": 90, "texture": "#0"},
				"up": {"uv": [1.25, 3.625, 1.125, 4.375], "rotation": 180, "texture": "#0"},
				"down": {"uv": [1.875, 7.125, 1.75, 7.875], "texture": "#0"}
			}
		},
		{
			"from": [5.725, 7.70714, -1.4497],
			"to": [10.225, 9.95714, 0.8003],
			"rotation": {"angle": 0, "axis": "y", "origin": [8.1, 6.5, -1]},
			"faces": {
				"north": {"uv": [7.5625, 0.625, 7, 0.9375], "texture": "#0"},
				"east": {"uv": [7.8125, 2.5, 7.5, 2.8125], "texture": "#0"},
				"south": {"uv": [7.5625, 1, 7, 1.3125], "texture": "#0"},
				"west": {"uv": [7.8125, 2.875, 7.5, 3.1875], "texture": "#0"},
				"up": {"uv": [1.875, 7.5625, 2.1875, 7], "rotation": 90, "texture": "#0"},
				"down": {"uv": [7, 2.125, 7.3125, 2.6875], "rotation": 270, "texture": "#0"}
			}
		},
		{
			"from": [4.975, 9.52189, -2.73846],
			"to": [10.975, 14.77189, 1.01154],
			"rotation": {"angle": 22.5, "axis": "x", "origin": [8.1, 6.5, -1]},
			"faces": {
				"north": {"uv": [5.5, 3.5, 4.75, 4.1875], "texture": "#0"},
				"east": {"uv": [6.375, 3.25, 5.875, 3.9375], "texture": "#0"},
				"south": {"uv": [5.5, 4.25, 4.75, 4.9375], "texture": "#0"},
				"west": {"uv": [6.375, 4, 5.875, 4.6875], "texture": "#0"},
				"up": {"uv": [3, 2.125, 3.5, 1.375], "rotation": 90, "texture": "#0"},
				"down": {"uv": [5.125, 0, 5.625, 0.75], "rotation": 270, "texture": "#0"}
			}
		},
		{
			"from": [8, -2, -16],
			"to": [8, 19, 5],
			"rotation": {"angle": 0, "axis": "y", "origin": [8, 8.5, 3.5]},
			"faces": {
				"north": {"uv": [0, 0, 4, 0], "rotation": 270, "texture": "#missing"},
				"east": {"uv": [4, 5.5, 14.5, 16], "rotation": 90, "texture": "#1"},
				"south": {"uv": [0, 0, 4, 0], "rotation": 270, "texture": "#missing"},
				"west": {"uv": [14.5, 5.5, 4, 16], "rotation": 270, "texture": "#1"},
				"up": {"uv": [0, 0, 0, 4], "texture": "#missing"},
				"down": {"uv": [0, 0, 0, 4], "rotation": 180, "texture": "#missing"}
			}
		},
		{
			"from": [7.9, 10.5, -4.5],
			"to": [7.9, 28.5, 4.5],
			"rotation": {"angle": 22.5, "axis": "x", "origin": [8, 19.5, -1]},
			"faces": {
				"north": {"uv": [0, 0, 4, 0], "rotation": 90, "texture": "#missing"},
				"east": {"uv": [7, 0, 16, 4.5], "rotation": 270, "texture": "#1"},
				"south": {"uv": [0, 0, 4, 0], "rotation": 90, "texture": "#missing"},
				"west": {"uv": [16, 0, 7, 4.5], "rotation": 90, "texture": "#1"},
				"up": {"uv": [0, 0, 0, 4], "rotation": 180, "texture": "#missing"},
				"down": {"uv": [0, 0, 0, 4], "texture": "#missing"}
			}
		},
		{
			"from": [7.9, -15.5, -4.5],
			"to": [7.9, 2.5, 4.5],
			"rotation": {"angle": -22.5, "axis": "x", "origin": [8, -3.5, -1]},
			"faces": {
				"north": {"uv": [4, 0, 0, 0], "rotation": 90, "texture": "#missing"},
				"east": {"uv": [16, 0, 7, 4.5], "rotation": 270, "texture": "#1"},
				"south": {"uv": [4, 0, 0, 0], "rotation": 90, "texture": "#missing"},
				"west": {"uv": [7, 0, 16, 4.5], "rotation": 90, "texture": "#1"},
				"up": {"uv": [0, 4, 0, 0], "texture": "#missing"},
				"down": {"uv": [0, 4, 0, 0], "rotation": 180, "texture": "#missing"}
			}
		}
	],
	"gui_light": "front",
	"display": {
		"thirdperson_righthand": {
			"translation": [0, -1.5, 2],
			"scale": [0.6, 0.6, 0.6]
		},
		"thirdperson_lefthand": {
			"translation": [0, -1.5, 2],
			"scale": [0.6, 0.6, 0.6]
		},
		"firstperson_righthand": {
			"translation": [-0.37, 6.45, 1.13],
			"scale": [0.41992, 0.41992, 0.41992]
		},
		"firstperson_lefthand": {
			"translation": [-0.37, 6.45, 1.13],
			"scale": [0.41992, 0.41992, 0.41992]
		},
		"ground": {
			"rotation": [0, 0, 45],
			"translation": [0, 7, 0],
			"scale": [0.4, 0.4, 0.4]
		},
		"gui": {
			"rotation": [90, -53.69, 90],
			"translation": [1.5, 1.75, -0.25],
			"scale": [0.37109, 0.37109, 0.37109]
		},
		"head": {
			"translation": [0, 26.75, 0],
			"scale": [0, 0, 0]
		},
		"fixed": {
			"rotation": [0, -90, 0],
			"translation": [0, 1.5, -4.25],
			"scale": [1.45, 1.45, 1.45]
		}
	},
	"groups": [
		{
			"name": "group",
			"origin": [8.75, -5, 8],
			"color": 0,
			"children": [
				{
					"name": "group",
					"origin": [8.75, -5, 8],
					"color": 0,
					"children": [0, 1]
				},
				2
			]
		},
		{
			"name": "group",
			"origin": [0, 0, 0],
			"color": 0,
			"children": [
				3,
				{
					"name": "group",
					"origin": [0, 0, 0],
					"color": 0,
					"children": [4, 5]
				},
				{
					"name": "group",
					"origin": [8, 4, 8],
					"color": 0,
					"children": [6, 7, 8]
				}
			]
		},
		{
			"name": "group",
			"origin": [0, 1, 0],
			"color": 0,
			"children": [
				9,
				10,
				11,
				12,
				13,
				14,
				15,
				16,
				17,
				{
					"name": "group",
					"origin": [8, 7.10904, 3.01875],
					"color": 0,
					"children": [18, 19, 20, 21, 22, 23, 24, 25, 26]
				}
			]
		},
		{
			"name": "group",
			"origin": [8.75, -5, 8],
			"color": 0,
			"children": [
				{
					"name": "group",
					"origin": [8.75, -5, 8],
					"color": 0,
					"children": [27, 28]
				},
				29
			]
		},
		{
			"name": "group",
			"origin": [0, 0, 0],
			"color": 0,
			"children": [
				30,
				{
					"name": "group",
					"origin": [8, -1.89096, 2.01875],
					"color": 0,
					"children": [31, 32, 33, 34, 35, 36]
				},
				{
					"name": "group",
					"origin": [0, 0, 0],
					"color": 0,
					"children": [37, 38]
				},
				{
					"name": "group",
					"origin": [8, 4, 8],
					"color": 0,
					"children": [39, 40, 41]
				}
			]
		},
		{
			"name": "group",
			"origin": [0, 1, 0],
			"color": 0,
			"children": [42, 43]
		},
		44,
		45,
		46
	]
}