{"credit":"MadewithBlockbench","texture_size":[128,128],"textures":{"0":"elitecreatures:diablo_weapon_set/diablo_texture","1":"elitecreatures:diablo_weapon_set/animation","particle":"elitecreatures:diablo_weapon_set/diablo_texture"},"elements":[{"from":[-1,0,-1],"to":[1.5,10,1.5],"rotation":{"angle":0,"axis":"y","origin":[1,14,-1]},"faces":{"north":{"uv":[5.9375,1.1875,5.625,2.4375],"texture":"#0"},"east":{"uv":[1.8125,5.8125,1.5,7.0625],"texture":"#0"},"south":{"uv":[1.4375,5.8125,1.125,7.0625],"texture":"#0"},"west":{"uv":[3.4375,5.6875,3.125,6.9375],"texture":"#0"},"up":{"uv":[7.375,6.4375,7.6875,6.125],"texture":"#0"},"down":{"uv":[6.25,7.375,6.5625,7.6875],"texture":"#0"}}},{"from":[14.5,0,-1],"to":[17,10,1.5],"rotation":{"angle":0,"axis":"y","origin":[15,14,-1]},"faces":{"north":{"uv":[5.625,1.1875,5.9375,2.4375],"texture":"#0"},"east":{"uv":[3.125,5.6875,3.4375,6.9375],"texture":"#0"},"south":{"uv":[1.125,5.8125,1.4375,7.0625],"texture":"#0"},"west":{"uv":[1.5,5.8125,1.8125,7.0625],"texture":"#0"},"up":{"uv":[7.6875,6.4375,7.375,6.125],"texture":"#0"},"down":{"uv":[6.5625,7.375,6.25,7.6875],"texture":"#0"}}},{"from":[14.5,0,14.5],"to":[17,10,17],"rotation":{"angle":0,"axis":"y","origin":[15,14,17]},"faces":{"north":{"uv":[1.4375,5.8125,1.125,7.0625],"texture":"#0"},"east":{"uv":[3.4375,5.6875,3.125,6.9375],"texture":"#0"},"south":{"uv":[5.9375,1.1875,5.625,2.4375],"texture":"#0"},"west":{"uv":[1.8125,5.8125,1.5,7.0625],"texture":"#0"},"up":{"uv":[7.6875,6.125,7.375,6.4375],"texture":"#0"},"down":{"uv":[6.5625,7.6875,6.25,7.375],"texture":"#0"}}},{"from":[-1,0,14.5],"to":[1.5,10,17],"rotation":{"angle":0,"axis":"y","origin":[1,14,17]},"faces":{"north":{"uv":[1.125,5.8125,1.4375,7.0625],"texture":"#0"},"east":{"uv":[1.5,5.8125,1.8125,7.0625],"texture":"#0"},"south":{"uv":[5.625,1.1875,5.9375,2.4375],"texture":"#0"},"west":{"uv":[3.125,5.6875,3.4375,6.9375],"texture":"#0"},"up":{"uv":[7.375,6.125,7.6875,6.4375],"texture":"#0"},"down":{"uv":[6.25,7.6875,6.5625,7.375],"texture":"#0"}}},{"from":[0,1,0],"to":[16,9,16],"rotation":{"angle":0,"axis":"y","origin":[8,4,8]},"faces":{"north":{"uv":[6.6875,11.1875,4.6875,12.1875],"texture":"#0"},"east":{"uv":[8.6875,14.1875,6.6875,15.1875],"texture":"#0"},"south":{"uv":[6.6875,14.1875,4.6875,15.1875],"texture":"#0"},"west":{"uv":[8.6875,11.1875,6.6875,12.1875],"texture":"#0"},"up":{"uv":[6.6875,12.18125,4.6875,14.18125],"texture":"#0"},"down":{"uv":[8.6875,12.18125,6.6875,14.18125],"texture":"#0"}}},{"from":[6.25,2,-1.5],"to":[9.75,6,-0.5],"rotation":{"angle":22.5,"axis":"x","origin":[8,5,-1.5]},"faces":{"north":{"uv":[15.25,12,14.8125,12.5],"texture":"#0"},"east":{"uv":[14.8125,11.5,14.6875,12],"texture":"#0"},"south":{"uv":[14.8125,12,14.375,12.5],"texture":"#0"},"west":{"uv":[14.6875,11.5,14.5625,12],"texture":"#0"},"up":{"uv":[15.25,11.875,14.8125,12],"texture":"#0"},"down":{"uv":[15.25,11.75,14.8125,11.875],"texture":"#0"}}},{"from":[4,9,0],"to":[12,15,17],"rotation":{"angle":0,"axis":"y","origin":[8,4,8]},"faces":{"north":{"uv":[9.75,14.5,8.75,15.25],"texture":"#0"},"east":{"uv":[11.875,15.25,9.75,16],"texture":"#0"},"south":{"uv":[9.75,15.25,8.75,16],"texture":"#0"},"west":{"uv":[11.875,14.5,9.75,15.25],"texture":"#0"},"up":{"uv":[9.75,12.375,8.75,14.5],"texture":"#0"},"down":{"uv":[10.75,12.375,9.75,14.5],"texture":"#0"}}},{"from":[-0.25,8,17],"to":[16.25,10,18],"rotation":{"angle":0,"axis":"y","origin":[8,4,8]},"faces":{"north":{"uv":[15.25,13.6875,13.1875,13.9375],"texture":"#0"},"east":{"uv":[15.25,13.1875,15.125,13.4375],"texture":"#0"},"south":{"uv":[15.25,13.4375,13.1875,13.6875],"texture":"#0"},"west":{"uv":[15.125,13.1875,15,13.4375],"texture":"#0"},"up":{"uv":[15.25,13,13.1875,13.125],"texture":"#0"},"down":{"uv":[15.25,13,13.1875,13.125],"texture":"#0"}}},{"from":[3.75,10,17],"to":[12.25,14,17],"rotation":{"angle":0,"axis":"y","origin":[8,4,8]},"faces":{"north":{"uv":[14.1875,12.5,15.25,13],"texture":"#0"},"south":{"uv":[15.25,12.5,14.1875,13],"texture":"#0"}}},{"from":[7,10,0],"to":[12,15,17],"rotation":{"angle":45,"axis":"z","origin":[12,15,8]},"faces":{"north":{"uv":[12.5,14.75,11.875,15.375],"texture":"#0"},"east":{"uv":[14.625,15.375,12.5,16],"texture":"#0"},"south":{"uv":[12.5,15.375,11.875,16],"texture":"#0"},"west":{"uv":[14.625,14.75,12.5,15.375],"texture":"#0"},"up":{"uv":[12.5,12.625,11.875,14.75],"texture":"#0"},"down":{"uv":[13.125,12.625,12.5,14.75],"texture":"#0"}}},{"from":[10,7,-1.5],"to":[13,10,17.5],"rotation":{"angle":45,"axis":"z","origin":[12,15,8]},"faces":{"north":{"uv":[13.625,13.9375,13.25,14.3125],"texture":"#0"},"east":{"uv":[16,14.3125,13.625,14.6875],"texture":"#0"},"south":{"uv":[13.625,14.3125,13.25,14.6875],"texture":"#0"},"west":{"uv":[16,13.9375,13.625,14.3125],"texture":"#0"},"up":{"uv":[15.625,11.5625,15.25,13.9375],"texture":"#0"},"down":{"uv":[16,11.5625,15.625,13.9375],"texture":"#0"}}},{"from":[3,7,-1.5],"to":[6,10,17.5],"rotation":{"angle":-45,"axis":"z","origin":[4,15,8]},"faces":{"north":{"uv":[13.25,13.9375,13.625,14.3125],"texture":"#0"},"east":{"uv":[13.625,13.9375,16,14.3125],"texture":"#0"},"south":{"uv":[13.25,14.3125,13.625,14.6875],"texture":"#0"},"west":{"uv":[13.625,14.3125,16,14.6875],"texture":"#0"},"up":{"uv":[15.25,11.5625,15.625,13.9375],"texture":"#0"},"down":{"uv":[15.625,11.5625,16,13.9375],"texture":"#0"}}},{"from":[4,10,0],"to":[9,15,17],"rotation":{"angle":-45,"axis":"z","origin":[4,15,8]},"faces":{"north":{"uv":[11.875,14.75,12.5,15.375],"texture":"#0"},"east":{"uv":[12.5,14.75,14.625,15.375],"texture":"#0"},"south":{"uv":[11.875,15.375,12.5,16],"texture":"#0"},"west":{"uv":[12.5,15.375,14.625,16],"texture":"#0"},"up":{"uv":[11.875,12.625,12.5,14.75],"texture":"#0"},"down":{"uv":[12.5,12.625,13.125,14.75],"texture":"#0"}}},{"from":[9.29114,10.63556,3.75],"to":[11.54114,14.38556,7.25],"rotation":{"angle":-22.5,"axis":"z","origin":[14.375,9.75,5]},"faces":{"north":{"uv":[7.4375,3.5,7.125,3.9375],"texture":"#0"},"east":{"uv":[6.0625,6.625,5.5,7.0625],"texture":"#0"},"south":{"uv":[3.9375,7.125,3.625,7.5625],"texture":"#0"},"west":{"uv":[4.0625,6.625,3.5,7.0625],"texture":"#0"},"up":{"uv":[6.625,7.4375,6.9375,6.875],"texture":"#0"},"down":{"uv":[7,0,7.3125,0.5625],"texture":"#0"}}},{"from":[13.82323,11.51709,3.375],"to":[17.94823,14.14209,7.625],"rotation":{"angle":45,"axis":"z","origin":[14.375,9.75,5]},"faces":{"north":{"uv":[1.625,7.125,1.125,7.4375],"texture":"#0"},"east":{"uv":[7.3125,6.125,6.625,6.4375],"texture":"#0"},"south":{"uv":[3.625,7.125,3.125,7.4375],"texture":"#0"},"west":{"uv":[7.3125,5.75,6.625,6.0625],"texture":"#0"},"up":{"uv":[5.875,3.1875,6.375,2.5],"texture":"#0"},"down":{"uv":[2.625,5.875,3.125,6.5625],"texture":"#0"}}},{"from":[7.29114,12.63556,9.75],"to":[9.54114,16.38556,13.25],"rotation":{"angle":-22.5,"axis":"z","origin":[12.375,11.75,11]},"faces":{"north":{"uv":[7.4375,3.5,7.125,3.9375],"texture":"#0"},"east":{"uv":[6.0625,6.625,5.5,7.0625],"texture":"#0"},"south":{"uv":[3.9375,7.125,3.625,7.5625],"texture":"#0"},"west":{"uv":[4.0625,6.625,3.5,7.0625],"texture":"#0"},"up":{"uv":[6.625,7.4375,6.9375,6.875],"texture":"#0"},"down":{"uv":[7,0,7.3125,0.5625],"texture":"#0"}}},{"from":[11.82323,13.51709,9.375],"to":[15.94823,16.14209,13.625],"rotation":{"angle":45,"axis":"z","origin":[12.375,11.75,11]},"faces":{"north":{"uv":[1.625,7.125,1.125,7.4375],"texture":"#0"},"east":{"uv":[7.3125,6.125,6.625,6.4375],"texture":"#0"},"south":{"uv":[3.625,7.125,3.125,7.4375],"texture":"#0"},"west":{"uv":[7.3125,5.75,6.625,6.0625],"texture":"#0"},"up":{"uv":[5.875,3.1875,6.375,2.5],"texture":"#0"},"down":{"uv":[2.625,5.875,3.125,6.5625],"texture":"#0"}}},{"from":[12.875,9.75,3],"to":[17.375,12.75,8],"rotation":{"angle":22.5,"axis":"z","origin":[14.375,9.75,5]},"faces":{"north":{"uv":[7.1875,6.5,6.625,6.875],"texture":"#0"},"east":{"uv":[6.75,1.875,6,2.25],"texture":"#0"},"south":{"uv":[7.3125,1.5,6.75,1.875],"texture":"#0"},"west":{"uv":[6.75,1.5,6,1.875],"texture":"#0"},"up":{"uv":[3.125,5.625,3.6875,4.875],"texture":"#0"},"down":{"uv":[4.75,5,5.3125,5.75],"texture":"#0"}}},{"from":[10.875,11.75,9],"to":[15.375,14.75,14],"rotation":{"angle":22.5,"axis":"z","origin":[12.375,11.75,11]},"faces":{"north":{"uv":[7.1875,6.5,6.625,6.875],"texture":"#0"},"east":{"uv":[6.75,1.875,6,2.25],"texture":"#0"},"south":{"uv":[7.3125,1.5,6.75,1.875],"texture":"#0"},"west":{"uv":[6.75,1.5,6,1.875],"texture":"#0"},"up":{"uv":[3.125,5.625,3.6875,4.875],"texture":"#0"},"down":{"uv":[4.75,5,5.3125,5.75],"texture":"#0"}}},{"from":[5.625,7.67268,-5.78073],"to":[10.125,9.92268,-3.53073],"rotation":{"angle":-45,"axis":"x","origin":[7.875,13.625,-1]},"faces":{"north":{"uv":[7.5625,0.625,7,0.9375],"texture":"#0"},"east":{"uv":[7.8125,2.5,7.5,2.8125],"texture":"#0"},"south":{"uv":[7.5625,1,7,1.3125],"texture":"#0"},"west":{"uv":[7.8125,2.875,7.5,3.1875],"texture":"#0"},"up":{"uv":[1.875,7.5625,2.1875,7],"rotation":90,"texture":"#0"},"down":{"uv":[7,2.125,7.3125,2.6875],"rotation":270,"texture":"#0"}}},{"from":[0.625,8.25,-2],"to":[5.125,11.25,4],"rotation":{"angle":22.5,"axis":"z","origin":[3.625,11.25,1]},"faces":{"north":{"uv":[6.625,6.875,7.1875,6.5],"texture":"#0"},"east":{"uv":[6,1.875,6.75,1.5],"texture":"#0"},"south":{"uv":[6.75,1.875,7.3125,1.5],"texture":"#0"},"west":{"uv":[6,2.25,6.75,1.875],"texture":"#0"},"up":{"uv":[5.3125,5.75,4.75,5],"texture":"#0"},"down":{"uv":[3.6875,4.875,3.125,5.625],"texture":"#0"}}},{"from":[6.45886,6.61444,-1.25],"to":[8.70886,10.36444,3.25],"rotation":{"angle":-22.5,"axis":"z","origin":[3.625,11.25,1]},"faces":{"north":{"uv":[7.125,3.9375,7.4375,3.5],"texture":"#0"},"east":{"uv":[3.5,7.0625,4.0625,6.625],"texture":"#0"},"south":{"uv":[3.625,7.5625,3.9375,7.125],"texture":"#0"},"west":{"uv":[5.5,7.0625,6.0625,6.625],"texture":"#0"},"up":{"uv":[7.3125,0.5625,7,0],"texture":"#0"},"down":{"uv":[6.9375,6.875,6.625,7.4375],"texture":"#0"}}},{"from":[0.05177,6.85791,-1.625],"to":[4.17677,9.48291,3.625],"rotation":{"angle":45,"axis":"z","origin":[3.625,11.25,1]},"faces":{"north":{"uv":[1.125,7.4375,1.625,7.125],"texture":"#0"},"east":{"uv":[6.625,6.0625,7.3125,5.75],"texture":"#0"},"south":{"uv":[3.125,7.4375,3.625,7.125],"texture":"#0"},"west":{"uv":[6.625,6.4375,7.3125,6.125],"texture":"#0"},"up":{"uv":[3.125,6.5625,2.625,5.875],"texture":"#0"},"down":{"uv":[6.375,2.5,5.875,3.1875],"texture":"#0"}}},{"from":[10.875,8.25,-2],"to":[15.375,11.25,4],"rotation":{"angle":-22.5,"axis":"z","origin":[12.375,11.25,1]},"faces":{"north":{"uv":[7.1875,6.875,6.625,6.5],"texture":"#0"},"east":{"uv":[6.75,2.25,6,1.875],"texture":"#0"},"south":{"uv":[7.3125,1.875,6.75,1.5],"texture":"#0"},"west":{"uv":[6.75,1.875,6,1.5],"texture":"#0"},"up":{"uv":[4.75,5.75,5.3125,5],"texture":"#0"},"down":{"uv":[3.125,4.875,3.6875,5.625],"texture":"#0"}}},{"from":[7.29114,6.61444,-1.25],"to":[9.54114,10.36444,3.25],"rotation":{"angle":22.5,"axis":"z","origin":[12.375,11.25,1]},"faces":{"north":{"uv":[7.4375,3.9375,7.125,3.5],"texture":"#0"},"east":{"uv":[6.0625,7.0625,5.5,6.625],"texture":"#0"},"south":{"uv":[3.9375,7.5625,3.625,7.125],"texture":"#0"},"west":{"uv":[4.0625,7.0625,3.5,6.625],"texture":"#0"},"up":{"uv":[7,0.5625,7.3125,0],"texture":"#0"},"down":{"uv":[6.625,6.875,6.9375,7.4375],"texture":"#0"}}},{"from":[11.82323,6.85791,-1.625],"to":[15.94823,9.48291,3.625],"rotation":{"angle":-45,"axis":"z","origin":[12.375,11.25,1]},"faces":{"north":{"uv":[1.625,7.4375,1.125,7.125],"texture":"#0"},"east":{"uv":[7.3125,6.4375,6.625,6.125],"texture":"#0"},"south":{"uv":[3.625,7.4375,3.125,7.125],"texture":"#0"},"west":{"uv":[7.3125,6.0625,6.625,5.75],"texture":"#0"},"up":{"uv":[2.625,6.5625,3.125,5.875],"texture":"#0"},"down":{"uv":[5.875,2.5,6.375,3.1875],"texture":"#0"}}},{"from":[4.875,8.375,-4],"to":[10.875,13.625,-0.25],"rotation":{"angle":-22.5,"axis":"x","origin":[7.875,13.625,-1]},"faces":{"north":{"uv":[5.5,3.5,4.75,4.1875],"texture":"#0"},"east":{"uv":[6.375,3.25,5.875,3.9375],"texture":"#0"},"south":{"uv":[5.5,4.25,4.75,4.9375],"texture":"#0"},"west":{"uv":[6.375,4,5.875,4.6875],"texture":"#0"},"up":{"uv":[3,2.125,3.5,1.375],"rotation":90,"texture":"#0"},"down":{"uv":[5.125,0,5.625,0.75],"rotation":270,"texture":"#0"}}},{"from":[4.45886,10.63556,3.75],"to":[6.70886,14.38556,7.25],"rotation":{"angle":22.5,"axis":"z","origin":[1.625,9.75,5]},"faces":{"north":{"uv":[7.125,3.5,7.4375,3.9375],"texture":"#0"},"east":{"uv":[3.5,6.625,4.0625,7.0625],"texture":"#0"},"south":{"uv":[3.625,7.125,3.9375,7.5625],"texture":"#0"},"west":{"uv":[5.5,6.625,6.0625,7.0625],"texture":"#0"},"up":{"uv":[6.9375,7.4375,6.625,6.875],"texture":"#0"},"down":{"uv":[7.3125,0,7,0.5625],"texture":"#0"}}},{"from":[-1.94823,11.51709,3.375],"to":[2.17677,14.14209,7.625],"rotation":{"angle":-45,"axis":"z","origin":[1.625,9.75,5]},"faces":{"north":{"uv":[1.125,7.125,1.625,7.4375],"texture":"#0"},"east":{"uv":[6.625,5.75,7.3125,6.0625],"texture":"#0"},"south":{"uv":[3.125,7.125,3.625,7.4375],"texture":"#0"},"west":{"uv":[6.625,6.125,7.3125,6.4375],"texture":"#0"},"up":{"uv":[6.375,3.1875,5.875,2.5],"texture":"#0"},"down":{"uv":[3.125,5.875,2.625,6.5625],"texture":"#0"}}},{"from":[6.45886,12.63556,9.75],"to":[8.70886,16.38556,13.25],"rotation":{"angle":22.5,"axis":"z","origin":[3.625,11.75,11]},"faces":{"north":{"uv":[7.125,3.5,7.4375,3.9375],"texture":"#0"},"east":{"uv":[3.5,6.625,4.0625,7.0625],"texture":"#0"},"south":{"uv":[3.625,7.125,3.9375,7.5625],"texture":"#0"},"west":{"uv":[5.5,6.625,6.0625,7.0625],"texture":"#0"},"up":{"uv":[6.9375,7.4375,6.625,6.875],"texture":"#0"},"down":{"uv":[7.3125,0,7,0.5625],"texture":"#0"}}},{"from":[0.05177,13.51709,9.375],"to":[4.17677,16.14209,13.625],"rotation":{"angle":-45,"axis":"z","origin":[3.625,11.75,11]},"faces":{"north":{"uv":[1.125,7.125,1.625,7.4375],"texture":"#0"},"east":{"uv":[6.625,5.75,7.3125,6.0625],"texture":"#0"},"south":{"uv":[3.125,7.125,3.625,7.4375],"texture":"#0"},"west":{"uv":[6.625,6.125,7.3125,6.4375],"texture":"#0"},"up":{"uv":[6.375,3.1875,5.875,2.5],"texture":"#0"},"down":{"uv":[3.125,5.875,2.625,6.5625],"texture":"#0"}}},{"from":[-1.375,9.75,3],"to":[3.125,12.75,8],"rotation":{"angle":-22.5,"axis":"z","origin":[1.625,9.75,5]},"faces":{"north":{"uv":[6.625,6.5,7.1875,6.875],"texture":"#0"},"east":{"uv":[6,1.5,6.75,1.875],"texture":"#0"},"south":{"uv":[6.75,1.5,7.3125,1.875],"texture":"#0"},"west":{"uv":[6,1.875,6.75,2.25],"texture":"#0"},"up":{"uv":[3.6875,5.625,3.125,4.875],"texture":"#0"},"down":{"uv":[5.3125,5,4.75,5.75],"texture":"#0"}}},{"from":[0.625,11.75,9],"to":[5.125,14.75,14],"rotation":{"angle":-22.5,"axis":"z","origin":[3.625,11.75,11]},"faces":{"north":{"uv":[6.625,6.5,7.1875,6.875],"texture":"#0"},"east":{"uv":[6,1.5,6.75,1.875],"texture":"#0"},"south":{"uv":[6.75,1.5,7.3125,1.875],"texture":"#0"},"west":{"uv":[6,1.875,6.75,2.25],"texture":"#0"},"up":{"uv":[3.6875,5.625,3.125,4.875],"texture":"#0"},"down":{"uv":[5.3125,5,4.75,5.75],"texture":"#0"}}},{"from":[-2,10,8],"to":[19,31,8],"faces":{"north":{"uv":[4,5.5,14.5,16],"texture":"#1"},"east":{"uv":[0,0,0,4],"texture":"#missing"},"south":{"uv":[14.5,5.5,4,16],"texture":"#1"},"west":{"uv":[0,0,0,4],"texture":"#missing"},"up":{"uv":[0,0,4,0],"texture":"#missing"},"down":{"uv":[0,0,4,0],"texture":"#missing"}}},{"from":[-1.25,0,-3],"to":[-1.25,9,15],"rotation":{"angle":-22.5,"axis":"z","origin":[-1.25,9.5,6]},"faces":{"north":{"uv":[0,0,0,4],"texture":"#missing"},"east":{"uv":[16,0,7,4.5],"texture":"#1"},"south":{"uv":[0,0,0,4],"texture":"#missing"},"west":{"uv":[7,0,16,4.5],"texture":"#1"},"up":{"uv":[0,0,4,0],"rotation":270,"texture":"#missing"},"down":{"uv":[0,0,4,0],"rotation":90,"texture":"#missing"}}},{"from":[17.25,0,-3],"to":[17.25,9,15],"rotation":{"angle":22.5,"axis":"z","origin":[17.25,9.5,6]},"faces":{"north":{"uv":[0,0,0,4],"texture":"#missing"},"east":{"uv":[16,0,7,4.5],"texture":"#1"},"south":{"uv":[0,0,0,4],"texture":"#missing"},"west":{"uv":[7,0,16,4.5],"texture":"#1"},"up":{"uv":[0,0,4,0],"rotation":270,"texture":"#missing"},"down":{"uv":[0,0,4,0],"rotation":90,"texture":"#missing"}}},{"from":[4.5,-1,-3],"to":[6.5,11,-3],"faces":{"north":{"uv":[0,0,1,6],"texture":"#1"},"east":{"uv":[0,0,0,4],"texture":"#missing"},"south":{"uv":[1,0,0,6],"texture":"#1"},"west":{"uv":[0,0,0,4],"texture":"#missing"},"up":{"uv":[0,0,4,0],"texture":"#missing"},"down":{"uv":[0,0,4,0],"texture":"#missing"}}}],"gui_light":"front","display":{"thirdperson_righthand":{"rotation":[67,90,0],"translation":[0,2.25,2],"scale":[0.25,0.25,0.25]},"thirdperson_lefthand":{"rotation":[67,90,0],"translation":[0,2.25,2],"scale":[0.25,0.25,0.25]},"firstperson_righthand":{"rotation":[0,90,0],"translation":[-1.62,3.45,-1.62],"scale":[0.45,0.45,0.45]},"firstperson_lefthand":{"rotation":[0,90,0],"translation":[-1.62,3.45,-1.62],"scale":[0.45,0.45,0.45]},"ground":{"translation":[0,7,0],"scale":[0.5,0.5,0.5]},"gui":{"rotation":[-180,13.5,-180],"translation":[0,-0.75,-0.25],"scale":[0.62109,0.62109,0.62109]},"head":{"rotation":[0,-180,0],"translation":[0,-29.25,0],"scale":[1.75,1.75,1.75]},"fixed":{"rotation":[-90,0,0],"translation":[0,0,-16.75],"scale":[2.1,2.1,2.1]}},"groups":[0,1,2,3,4,5,6,7,8,9,10,11,12,{"name":"group","origin":[8.75,-5,8],"color":0,"children":[{"name":"group","origin":[8.75,-5,8],"color":0,"children":[13,14,15,16]},17,18]},{"name":"group","origin":[0,1,0],"color":0,"children":[19]},{"name":"group","origin":[8.75,-5,8],"color":0,"children":[20,{"name":"group","origin":[8.75,-5,8],"color":0,"children":[21,22]}]},{"name":"group","origin":[8.75,-5,8],"color":0,"children":[23,{"name":"group","origin":[8.75,-5,8],"color":0,"children":[24,25]}]},26,{"name":"group","origin":[8.75,-5,8],"color":0,"children":[{"name":"group","origin":[8.75,-5,8],"color":0,"children":[27,28,29,30]},31,32]},33,34,35,36]}