{"credit":"MadewithBlockbench","texture_size":[128,128],"textures":{"0":"elitecreatures:diablo_weapon_set/diablo_texture","1":"elitecreatures:diablo_weapon_set/animation","particle":"elitecreatures:diablo_weapon_set/diablo_texture"},"elements":[{"from":[5.5,0,0],"to":[10.5,5,4],"rotation":{"angle":0,"axis":"y","origin":[8,2.5,8]},"faces":{"north":{"uv":[5.25,9.4375,4.625,8.8125],"rotation":270,"texture":"#0"},"east":{"uv":[4.625,8.6875,4,8.1875],"rotation":270,"texture":"#0"},"south":{"uv":[5.25,8.8125,4.625,8.1875],"rotation":270,"texture":"#0"},"west":{"uv":[4.625,9.1875,4,8.6875],"rotation":270,"texture":"#0"},"up":{"uv":[3.5,8.8125,4,9.4375],"rotation":270,"texture":"#0"},"down":{"uv":[3.5,8.1875,4,8.8125],"rotation":270,"texture":"#0"}}},{"from":[5.5,0.5,16],"to":[10.5,4.5,21],"rotation":{"angle":0,"axis":"y","origin":[8,2.5,13]},"faces":{"north":{"uv":[7.375,10.5,6.875,9.875],"rotation":270,"texture":"#0"},"east":{"uv":[6.875,9.875,6.375,10.5],"rotation":270,"texture":"#0"},"south":{"uv":[7.375,9.875,6.875,9.25],"rotation":270,"texture":"#0"},"west":{"uv":[6.875,10.5,6.375,9.875],"rotation":270,"texture":"#0"},"up":{"uv":[5.75,9.625,6.375,10.25],"rotation":270,"texture":"#0"},"down":{"uv":[5.875,10.5,6.5,11.125],"rotation":90,"texture":"#0"}}},{"from":[7,-1.5,17],"to":[9,0.5,18],"rotation":{"angle":0,"axis":"y","origin":[8,2.5,13]},"faces":{"north":{"uv":[0.5,12.6875,0.25,12.4375],"rotation":270,"texture":"#0"},"east":{"uv":[0.5,12.4375,0.25,12.3125],"rotation":270,"texture":"#0"},"south":{"uv":[0.75,12.6875,0.5,12.4375],"rotation":270,"texture":"#0"},"west":{"uv":[0.75,12.4375,0.5,12.3125],"rotation":270,"texture":"#0"},"up":{"uv":[0.25,12.5625,0.125,12.3125],"rotation":270,"texture":"#0"},"down":{"uv":[0.25,12.8125,0.125,12.5625],"rotation":270,"texture":"#0"}}},{"from":[6.5,1,4],"to":[9.5,4,16],"rotation":{"angle":0,"axis":"y","origin":[8,2.5,11]},"faces":{"north":{"uv":[4.625,10.75,4.25,10.375],"rotation":270,"texture":"#0"},"east":{"uv":[4.25,10.9375,3.875,9.4375],"rotation":270,"texture":"#0"},"south":{"uv":[4.625,9.5625,4.25,9.1875],"rotation":270,"texture":"#0"},"west":{"uv":[3.875,10.9375,3.5,9.4375],"rotation":270,"texture":"#0"},"up":{"uv":[4.25,9.625,5.75,10],"rotation":270,"texture":"#0"},"down":{"uv":[4.25,10,5.75,10.375],"rotation":270,"texture":"#0"}}},{"from":[-6,4,9],"to":[8,4,10],"rotation":{"angle":0,"axis":"y","origin":[8,2.5,11]},"faces":{"north":{"uv":[0.125,13.6875,0,11.9375],"rotation":270,"texture":"#0"},"east":{"uv":[0.125,13.6875,0,11.9375],"rotation":270,"texture":"#0"},"south":{"uv":[0.125,13.6875,0,11.9375],"rotation":270,"texture":"#0"},"west":{"uv":[0.125,13.6875,0,11.9375],"rotation":270,"texture":"#0"},"up":{"uv":[0.125,13.6875,0,11.9375],"rotation":270,"texture":"#0"},"down":{"uv":[0,13.6875,0.125,11.9375],"rotation":270,"texture":"#0"}}},{"from":[8,4,9],"to":[22,4,10],"rotation":{"angle":0,"axis":"y","origin":[8,2.5,11]},"faces":{"north":{"uv":[0.125,11.9375,0,13.6875],"rotation":270,"texture":"#0"},"east":{"uv":[0.125,11.9375,0,13.6875],"rotation":270,"texture":"#0"},"south":{"uv":[0.125,11.9375,0,13.6875],"rotation":270,"texture":"#0"},"west":{"uv":[0.125,11.9375,0,13.6875],"rotation":270,"texture":"#0"},"up":{"uv":[0.125,11.9375,0,13.6875],"rotation":270,"texture":"#0"},"down":{"uv":[0,11.9375,0.125,13.6875],"rotation":270,"texture":"#0"}}},{"from":[7.5,0,2],"to":[8.5,3,6],"rotation":{"angle":22.5,"axis":"x","origin":[8,0,2]},"faces":{"north":{"uv":[5.75,10.625,5.375,10.5],"rotation":270,"texture":"#0"},"east":{"uv":[5.375,10.875,5,10.375],"rotation":270,"texture":"#0"},"south":{"uv":[5.75,10.5,5.375,10.375],"rotation":270,"texture":"#0"},"west":{"uv":[5,10.875,4.625,10.375],"rotation":270,"texture":"#0"},"up":{"uv":[5.375,10.625,5.875,10.75],"rotation":270,"texture":"#0"},"down":{"uv":[5.375,10.75,5.875,10.875],"rotation":270,"texture":"#0"}}},{"from":[6,0,30],"to":[10,4,32],"rotation":{"angle":45,"axis":"x","origin":[8,4,21]},"faces":{"north":{"uv":[1,11.9375,0.5,11.4375],"rotation":270,"texture":"#0"},"east":{"uv":[1,11.1875,0.5,11.4375],"rotation":270,"texture":"#0"},"south":{"uv":[0.5,11.9375,0,11.4375],"rotation":270,"texture":"#0"},"west":{"uv":[1,11.4375,0.5,11.1875],"rotation":270,"texture":"#0"},"up":{"uv":[0.25,10.9375,0.5,11.4375],"rotation":270,"texture":"#0"},"down":{"uv":[0,10.9375,0.25,11.4375],"rotation":270,"texture":"#0"}}},{"from":[6.5,1,21],"to":[9.5,4,30],"rotation":{"angle":45,"axis":"x","origin":[8,4,21]},"faces":{"north":{"uv":[3.5,10.8125,3.125,10.4375],"rotation":270,"texture":"#0"},"east":{"uv":[1.875,10.1875,1.5,11.3125],"rotation":270,"texture":"#0"},"south":{"uv":[3.5,10.4375,3.125,10.0625],"rotation":270,"texture":"#0"},"west":{"uv":[1.875,11.3125,1.5,10.1875],"rotation":270,"texture":"#0"},"up":{"uv":[0,10.5625,1.125,10.9375],"rotation":270,"texture":"#0"},"down":{"uv":[0,10.1875,1.125,10.5625],"rotation":270,"texture":"#0"}}},{"from":[4.94903,0.25,-3.16017],"to":[7.19903,4.75,0.58983],"rotation":{"angle":-22.5,"axis":"y","origin":[8,2.5,8]},"faces":{"north":{"uv":[6.9375,7.4375,6.625,6.875],"texture":"#0"},"east":{"uv":[6.0625,7.0625,5.5,6.625],"rotation":270,"texture":"#0"},"south":{"uv":[7.3125,0,7,0.5625],"rotation":180,"texture":"#0"},"west":{"uv":[4.0625,7.0625,3.5,6.625],"rotation":90,"texture":"#0"},"up":{"uv":[7.4375,3.9375,7.125,3.5],"rotation":180,"texture":"#0"},"down":{"uv":[3.9375,7.5625,3.625,7.125],"texture":"#0"}}},{"from":[14.25414,-0.125,2.98919],"to":[18.37914,5.125,5.61419],"rotation":{"angle":45,"axis":"y","origin":[8,2.5,8]},"faces":{"north":{"uv":[6.375,3.1875,5.875,2.5],"texture":"#0"},"east":{"uv":[7.3125,6.4375,6.625,6.125],"rotation":270,"texture":"#0"},"south":{"uv":[3.125,5.875,2.625,6.5625],"rotation":180,"texture":"#0"},"west":{"uv":[7.3125,6.0625,6.625,5.75],"rotation":90,"texture":"#0"},"up":{"uv":[1.625,7.4375,1.125,7.125],"rotation":180,"texture":"#0"},"down":{"uv":[3.625,7.4375,3.125,7.125],"texture":"#0"}}},{"from":[12.55106,-0.5,1.82387],"to":[17.05106,5.5,4.82387],"rotation":{"angle":22.5,"axis":"y","origin":[8,2.5,8]},"faces":{"north":{"uv":[3.6875,5.625,3.125,4.875],"texture":"#0"},"east":{"uv":[6.75,2.25,6,1.875],"rotation":270,"texture":"#0"},"south":{"uv":[5.3125,5,4.75,5.75],"rotation":180,"texture":"#0"},"west":{"uv":[6.75,1.875,6,1.5],"rotation":90,"texture":"#0"},"up":{"uv":[7.1875,6.875,6.625,6.5],"rotation":180,"texture":"#0"},"down":{"uv":[7.3125,1.875,6.75,1.5],"texture":"#0"}}},{"from":[5.9289,1.375,-6.00531],"to":[8.9289,3.625,-3.75531],"rotation":{"angle":22.5,"axis":"y","origin":[11,2.5,5]},"faces":{"north":{"uv":[7.375,1.375,7.6875,1.75],"rotation":270,"texture":"#0"},"east":{"uv":[1.125,7.5,1.4375,7.8125],"rotation":180,"texture":"#0"},"south":{"uv":[2.25,7.375,2.5625,7.75],"rotation":90,"texture":"#0"},"west":{"uv":[7.5,2.0625,7.8125,1.75],"texture":"#0"},"up":{"uv":[7.6875,0.625,7.375,0.25],"rotation":270,"texture":"#0"},"down":{"uv":[7.6875,2.5,7.375,2.125],"rotation":270,"texture":"#0"}}},{"from":[7.52646,1.75,-7.10821],"to":[10.52646,3.25,-4.85821],"rotation":{"angle":45,"axis":"y","origin":[11,2.5,5]},"faces":{"north":{"uv":[3.625,7.625,3.8125,8],"rotation":270,"texture":"#0"},"east":{"uv":[7.75,4,8.0625,4.1875],"rotation":180,"texture":"#0"},"south":{"uv":[4.125,7.625,4.3125,8],"rotation":90,"texture":"#0"},"west":{"uv":[4.5,7.9375,4.8125,7.75],"texture":"#0"},"up":{"uv":[2.9375,7.75,2.625,7.375],"rotation":270,"texture":"#0"},"down":{"uv":[7.6875,4.375,7.375,4],"rotation":270,"texture":"#0"}}},{"from":[-1.51579,1.9,3.57552],"to":[0.73421,3.025,6.57552],"rotation":{"angle":-22.5,"axis":"y","origin":[11,2.5,5]},"faces":{"north":{"uv":[1,7.75,1.125,8.0625],"rotation":270,"texture":"#0"},"east":{"uv":[7,1.375,7.375,1.5],"rotation":180,"texture":"#0"},"south":{"uv":[4,7.75,4.125,8.0625],"rotation":90,"texture":"#0"},"west":{"uv":[3.125,7.125,3.5,7],"texture":"#0"},"up":{"uv":[4.875,7.6875,4.5,7.375],"rotation":270,"texture":"#0"},"down":{"uv":[7.75,6.0625,7.375,5.75],"rotation":270,"texture":"#0"}}},{"from":[0.90531,1.15,0.403],"to":[8.90531,3.15,3.903],"rotation":{"angle":0,"axis":"y","origin":[8,2.5,8]},"faces":{"north":{"uv":[5.6875,9.625,5.9375,8.625],"rotation":270,"texture":"#0"},"east":{"uv":[5.25,8.625,5.5,8.1875],"rotation":270,"texture":"#0"},"south":{"uv":[5.6875,9.625,5.9375,8.625],"rotation":270,"texture":"#0"},"west":{"uv":[5.25,8.625,5.5,8.1875],"rotation":270,"texture":"#0"},"up":{"uv":[5.6875,8.625,5.25,9.625],"rotation":270,"texture":"#0"},"down":{"uv":[5.6875,8.625,5.25,9.625],"rotation":270,"texture":"#0"}}},{"from":[-0.64739,1.125,-1.73374],"to":[4.35261,3.125,1.76626],"rotation":{"angle":22.5,"axis":"y","origin":[8,2.5,8]},"faces":{"north":{"uv":[6.375,8.1875,6.625,8.8125],"rotation":270,"texture":"#0"},"east":{"uv":[5.5,8.625,5.75,8.1875],"rotation":270,"texture":"#0"},"south":{"uv":[6.375,8.8125,6.625,8.1875],"rotation":270,"texture":"#0"},"west":{"uv":[5.5,8.625,5.75,8.1875],"rotation":270,"texture":"#0"},"up":{"uv":[6.375,8.1875,5.9375,8.8125],"rotation":270,"texture":"#0"},"down":{"uv":[6.375,8.1875,5.9375,8.8125],"rotation":270,"texture":"#0"}}},{"from":[-4.30201,1.15,12.21256],"to":[-0.80201,3.15,18.21256],"rotation":{"angle":-45,"axis":"y","origin":[8,2.5,8]},"faces":{"north":{"uv":[6.625,8.8125,6.875,8.375],"rotation":270,"texture":"#0"},"east":{"uv":[5.9375,9.5625,6.1875,8.8125],"rotation":270,"texture":"#0"},"south":{"uv":[6.625,8.8125,6.875,8.375],"rotation":270,"texture":"#0"},"west":{"uv":[5.9375,8.8125,6.1875,9.5625],"rotation":270,"texture":"#0"},"up":{"uv":[6.1875,8.8125,6.9375,9.25],"rotation":270,"texture":"#0"},"down":{"uv":[6.9375,8.8125,6.1875,9.25],"rotation":270,"texture":"#0"}}},{"from":[-5.80201,0.65,18.21256],"to":[-0.30201,3.65,20.21256],"rotation":{"angle":-45,"axis":"y","origin":[8,2.5,8]},"faces":{"north":{"uv":[6.875,8.8125,7.25,8.125],"rotation":270,"texture":"#0"},"east":{"uv":[6.9375,9.0625,7.3125,8.8125],"rotation":270,"texture":"#0"},"south":{"uv":[7.5,8.8125,7.875,8.125],"rotation":270,"texture":"#0"},"west":{"uv":[7.3125,9.0625,7.6875,8.8125],"rotation":270,"texture":"#0"},"up":{"uv":[7.5,8.125,7.25,8.8125],"rotation":270,"texture":"#0"},"down":{"uv":[8.125,8.125,7.875,8.8125],"rotation":270,"texture":"#0"}}},{"from":[-7.5,3.5,8.75],"to":[-6,4.5,10.25],"rotation":{"angle":0,"axis":"y","origin":[8,2.5,8]},"faces":{"north":{"uv":[0.25,12.125,0.125,11.9375],"rotation":270,"texture":"#0"},"east":{"uv":[0.5625,12.3125,0.4375,12.125],"rotation":270,"texture":"#0"},"south":{"uv":[0.5625,12.125,0.4375,11.9375],"rotation":270,"texture":"#0"},"west":{"uv":[0.25,12.3125,0.125,12.125],"rotation":270,"texture":"#0"},"up":{"uv":[0.4375,12.125,0.25,11.9375],"rotation":270,"texture":"#0"},"down":{"uv":[0.4375,12.3125,0.25,12.125],"rotation":270,"texture":"#0"}}},{"from":[7.09469,1.15,0.403],"to":[15.09469,3.15,3.903],"rotation":{"angle":0,"axis":"y","origin":[8,2.5,8]},"faces":{"north":{"uv":[5.6875,8.625,5.9375,9.625],"rotation":270,"texture":"#0"},"east":{"uv":[5.25,8.1875,5.5,8.625],"rotation":270,"texture":"#0"},"south":{"uv":[5.6875,8.625,5.9375,9.625],"rotation":270,"texture":"#0"},"west":{"uv":[5.25,8.1875,5.5,8.625],"rotation":270,"texture":"#0"},"up":{"uv":[5.6875,9.625,5.25,8.625],"rotation":270,"texture":"#0"},"down":{"uv":[5.6875,9.625,5.25,8.625],"rotation":270,"texture":"#0"}}},{"from":[11.64739,1.125,-1.73374],"to":[16.64739,3.125,1.76626],"rotation":{"angle":-22.5,"axis":"y","origin":[8,2.5,8]},"faces":{"north":{"uv":[6.375,8.8125,6.625,8.1875],"rotation":270,"texture":"#0"},"east":{"uv":[5.5,8.1875,5.75,8.625],"rotation":270,"texture":"#0"},"south":{"uv":[6.375,8.1875,6.625,8.8125],"rotation":270,"texture":"#0"},"west":{"uv":[5.5,8.1875,5.75,8.625],"rotation":270,"texture":"#0"},"up":{"uv":[6.375,8.8125,5.9375,8.1875],"rotation":270,"texture":"#0"},"down":{"uv":[6.375,8.8125,5.9375,8.1875],"rotation":270,"texture":"#0"}}},{"from":[16.80201,1.15,12.21256],"to":[20.30201,3.15,18.21256],"rotation":{"angle":45,"axis":"y","origin":[8,2.5,8]},"faces":{"north":{"uv":[6.625,8.375,6.875,8.8125],"rotation":270,"texture":"#0"},"east":{"uv":[5.9375,9.5625,6.1875,8.8125],"rotation":270,"texture":"#0"},"south":{"uv":[6.625,8.375,6.875,8.8125],"rotation":270,"texture":"#0"},"west":{"uv":[5.9375,8.8125,6.1875,9.5625],"rotation":270,"texture":"#0"},"up":{"uv":[6.1875,9.25,6.9375,8.8125],"rotation":270,"texture":"#0"},"down":{"uv":[6.9375,9.25,6.1875,8.8125],"rotation":270,"texture":"#0"}}},{"from":[16.30201,0.65,18.21256],"to":[21.80201,3.65,20.21256],"rotation":{"angle":45,"axis":"y","origin":[8,2.5,8]},"faces":{"north":{"uv":[6.875,8.125,7.25,8.8125],"rotation":270,"texture":"#0"},"east":{"uv":[7.3125,8.8125,7.6875,9.0625],"rotation":270,"texture":"#0"},"south":{"uv":[7.5,8.125,7.875,8.8125],"rotation":270,"texture":"#0"},"west":{"uv":[6.9375,8.8125,7.3125,9.0625],"rotation":270,"texture":"#0"},"up":{"uv":[7.5,8.8125,7.25,8.125],"rotation":270,"texture":"#0"},"down":{"uv":[8.125,8.8125,7.875,8.125],"rotation":270,"texture":"#0"}}},{"from":[22,3.5,8.75],"to":[23.5,4.5,10.25],"rotation":{"angle":0,"axis":"y","origin":[8,2.5,8]},"faces":{"north":{"uv":[0.25,11.9375,0.125,12.125],"rotation":270,"texture":"#0"},"east":{"uv":[0.25,12.125,0.125,12.3125],"rotation":270,"texture":"#0"},"south":{"uv":[0.5625,11.9375,0.4375,12.125],"rotation":270,"texture":"#0"},"west":{"uv":[0.5625,12.125,0.4375,12.3125],"rotation":270,"texture":"#0"},"up":{"uv":[0.4375,11.9375,0.25,12.125],"rotation":270,"texture":"#0"},"down":{"uv":[0.4375,12.125,0.25,12.3125],"rotation":270,"texture":"#0"}}},{"from":[7.25,-0.25,-1],"to":[8.75,1.25,0.5],"rotation":{"angle":0,"axis":"y","origin":[8,2.5,8]},"faces":{"north":{"uv":[7.75,7.9375,7.9375,7.75],"texture":"#0"},"east":{"uv":[6.75,7.75,6.9375,7.9375],"rotation":270,"texture":"#0"},"south":{"uv":[7.5,7.75,7.6875,7.9375],"rotation":180,"texture":"#0"},"west":{"uv":[7.25,7.75,7.4375,7.9375],"rotation":90,"texture":"#0"},"up":{"uv":[6.5,7.75,6.6875,7.9375],"rotation":180,"texture":"#0"},"down":{"uv":[7,7.75,7.1875,7.9375],"texture":"#0"}}},{"from":[7.625,0.125,-3.25],"to":[8.375,0.875,-1],"rotation":{"angle":0,"axis":"y","origin":[8,2.5,8]},"faces":{"north":{"uv":[6.875,4.75,7,4.625],"texture":"#0"},"east":{"uv":[6.25,7.75,6.375,8.0625],"rotation":270,"texture":"#0"},"south":{"uv":[1.125,4.375,1.25,4.5],"rotation":180,"texture":"#0"},"west":{"uv":[6.375,7.75,6.5,8.0625],"rotation":90,"texture":"#0"},"up":{"uv":[6,7.75,6.125,8.0625],"rotation":180,"texture":"#0"},"down":{"uv":[7.75,6.25,7.875,6.5625],"texture":"#0"}}},{"from":[5.725,-0.3003,-6.79286],"to":[10.225,1.9497,-4.54286],"rotation":{"angle":-45,"axis":"x","origin":[8.1,1.5,-8]},"faces":{"north":{"uv":[7,2.125,7.3125,2.6875],"rotation":90,"texture":"#0"},"east":{"uv":[7.8125,2.5,7.5,2.8125],"rotation":270,"texture":"#0"},"south":{"uv":[1.875,7.5625,2.1875,7],"rotation":90,"texture":"#0"},"west":{"uv":[7.8125,2.875,7.5,3.1875],"rotation":90,"texture":"#0"},"up":{"uv":[7.5625,0.625,7,0.9375],"rotation":180,"texture":"#0"},"down":{"uv":[7.5625,1,7,1.3125],"texture":"#0"}}},{"from":[4.975,-0.51154,-4.97811],"to":[10.975,3.23846,0.27189],"rotation":{"angle":-22.5,"axis":"x","origin":[8.1,1.5,-8]},"faces":{"north":{"uv":[5.125,0,5.625,0.75],"rotation":90,"texture":"#0"},"east":{"uv":[6.375,3.25,5.875,3.9375],"rotation":270,"texture":"#0"},"south":{"uv":[3,2.125,3.5,1.375],"rotation":90,"texture":"#0"},"west":{"uv":[6.375,4,5.875,4.6875],"rotation":90,"texture":"#0"},"up":{"uv":[5.5,3.5,4.75,4.1875],"rotation":180,"texture":"#0"},"down":{"uv":[5.5,4.25,4.75,4.9375],"texture":"#0"}}},{"from":[8.80097,0.25,-3.16017],"to":[11.05097,4.75,0.58983],"rotation":{"angle":22.5,"axis":"y","origin":[8,2.5,8]},"faces":{"north":{"uv":[6.625,7.4375,6.9375,6.875],"texture":"#0"},"east":{"uv":[3.5,7.0625,4.0625,6.625],"rotation":270,"texture":"#0"},"south":{"uv":[7,0,7.3125,0.5625],"rotation":180,"texture":"#0"},"west":{"uv":[5.5,7.0625,6.0625,6.625],"rotation":90,"texture":"#0"},"up":{"uv":[7.125,3.9375,7.4375,3.5],"rotation":180,"texture":"#0"},"down":{"uv":[3.625,7.5625,3.9375,7.125],"texture":"#0"}}},{"from":[-2.37914,-0.125,2.98919],"to":[1.74586,5.125,5.61419],"rotation":{"angle":-45,"axis":"y","origin":[8,2.5,8]},"faces":{"north":{"uv":[5.875,3.1875,6.375,2.5],"texture":"#0"},"east":{"uv":[6.625,6.0625,7.3125,5.75],"rotation":270,"texture":"#0"},"south":{"uv":[2.625,5.875,3.125,6.5625],"rotation":180,"texture":"#0"},"west":{"uv":[6.625,6.4375,7.3125,6.125],"rotation":90,"texture":"#0"},"up":{"uv":[1.125,7.4375,1.625,7.125],"rotation":180,"texture":"#0"},"down":{"uv":[3.125,7.4375,3.625,7.125],"texture":"#0"}}},{"from":[-1.05106,-0.5,1.82387],"to":[3.44894,5.5,4.82387],"rotation":{"angle":-22.5,"axis":"y","origin":[8,2.5,8]},"faces":{"north":{"uv":[3.125,5.625,3.6875,4.875],"texture":"#0"},"east":{"uv":[6,1.875,6.75,1.5],"rotation":270,"texture":"#0"},"south":{"uv":[4.75,5,5.3125,5.75],"rotation":180,"texture":"#0"},"west":{"uv":[6,2.25,6.75,1.875],"rotation":90,"texture":"#0"},"up":{"uv":[6.625,6.875,7.1875,6.5],"rotation":180,"texture":"#0"},"down":{"uv":[6.75,1.875,7.3125,1.5],"texture":"#0"}}},{"from":[7.0711,1.375,-6.00531],"to":[10.0711,3.625,-3.75531],"rotation":{"angle":-22.5,"axis":"y","origin":[5,2.5,5]},"faces":{"north":{"uv":[7.375,1.75,7.6875,1.375],"rotation":270,"texture":"#0"},"east":{"uv":[7.5,1.75,7.8125,2.0625],"rotation":180,"texture":"#0"},"south":{"uv":[2.25,7.75,2.5625,7.375],"rotation":90,"texture":"#0"},"west":{"uv":[1.125,7.8125,1.4375,7.5],"texture":"#0"},"up":{"uv":[7.6875,0.25,7.375,0.625],"rotation":270,"texture":"#0"},"down":{"uv":[7.6875,2.125,7.375,2.5],"rotation":270,"texture":"#0"}}},{"from":[5.47354,1.75,-7.10821],"to":[8.47354,3.25,-4.85821],"rotation":{"angle":-45,"axis":"y","origin":[5,2.5,5]},"faces":{"north":{"uv":[3.625,8,3.8125,7.625],"rotation":270,"texture":"#0"},"east":{"uv":[4.5,7.75,4.8125,7.9375],"rotation":180,"texture":"#0"},"south":{"uv":[4.125,8,4.3125,7.625],"rotation":90,"texture":"#0"},"west":{"uv":[7.75,4.1875,8.0625,4],"texture":"#0"},"up":{"uv":[2.9375,7.375,2.625,7.75],"rotation":270,"texture":"#0"},"down":{"uv":[7.6875,4,7.375,4.375],"rotation":270,"texture":"#0"}}},{"from":[15.26579,1.9,3.57552],"to":[17.51579,3.025,6.57552],"rotation":{"angle":22.5,"axis":"y","origin":[5,2.5,5]},"faces":{"north":{"uv":[1,8.0625,1.125,7.75],"rotation":270,"texture":"#0"},"east":{"uv":[3.125,7,3.5,7.125],"rotation":180,"texture":"#0"},"south":{"uv":[4,8.0625,4.125,7.75],"rotation":90,"texture":"#0"},"west":{"uv":[7,1.5,7.375,1.375],"texture":"#0"},"up":{"uv":[4.875,7.375,4.5,7.6875],"rotation":270,"texture":"#0"},"down":{"uv":[7.75,5.75,7.375,6.0625],"rotation":270,"texture":"#0"}}},{"from":[3,2,-9],"to":[5,3,-3],"rotation":{"angle":-22.5,"axis":"y","origin":[5,2.5,-3]},"faces":{"north":{"uv":[3.125,10.3125,3,10.0625],"rotation":270,"texture":"#0"},"east":{"uv":[2.375,10.8125,2.25,10.0625],"rotation":270,"texture":"#0"},"south":{"uv":[3,10.3125,2.875,10.0625],"rotation":270,"texture":"#0"},"west":{"uv":[2.25,10.8125,2.125,10.0625],"rotation":270,"texture":"#0"},"up":{"uv":[2.375,10.3125,3.125,10.5625],"rotation":270,"texture":"#0"},"down":{"uv":[2.375,10.5625,3.125,10.8125],"rotation":270,"texture":"#0"}}},{"from":[5.2961,2,-12.54328],"to":[7.2961,3,-8.54328],"rotation":{"angle":0,"axis":"y","origin":[5,2.5,-3]},"faces":{"north":{"uv":[2.125,10.8125,2,10.5625],"rotation":270,"texture":"#0"},"east":{"uv":[2.125,10.5625,2,10.0625],"rotation":270,"texture":"#0"},"south":{"uv":[2,10.8125,1.875,10.5625],"rotation":270,"texture":"#0"},"west":{"uv":[2,10.5625,1.875,10.0625],"rotation":270,"texture":"#0"},"up":{"uv":[2.375,10.8125,2.875,11.0625],"rotation":270,"texture":"#0"},"down":{"uv":[1.875,10.8125,2.375,11.0625],"rotation":270,"texture":"#0"}}},{"from":[11,2,-9],"to":[13,3,-3],"rotation":{"angle":22.5,"axis":"y","origin":[11,2.5,-3]},"faces":{"north":{"uv":[3.125,10.0625,3,10.3125],"rotation":270,"texture":"#0"},"east":{"uv":[2.25,10.0625,2.125,10.8125],"rotation":270,"texture":"#0"},"south":{"uv":[3,10.0625,2.875,10.3125],"rotation":270,"texture":"#0"},"west":{"uv":[2.375,10.0625,2.25,10.8125],"rotation":270,"texture":"#0"},"up":{"uv":[2.375,10.5625,3.125,10.3125],"rotation":270,"texture":"#0"},"down":{"uv":[2.375,10.8125,3.125,10.5625],"rotation":270,"texture":"#0"}}},{"from":[8.7039,2,-12.54328],"to":[10.7039,3,-8.54328],"rotation":{"angle":0,"axis":"y","origin":[11,2.5,-3]},"faces":{"north":{"uv":[2.125,10.5625,2,10.8125],"rotation":270,"texture":"#0"},"east":{"uv":[2,10.0625,1.875,10.5625],"rotation":270,"texture":"#0"},"south":{"uv":[2,10.5625,1.875,10.8125],"rotation":270,"texture":"#0"},"west":{"uv":[2.125,10.0625,2,10.5625],"rotation":270,"texture":"#0"},"up":{"uv":[2.375,11.0625,2.875,10.8125],"rotation":270,"texture":"#0"},"down":{"uv":[1.875,11.0625,2.375,10.8125],"rotation":270,"texture":"#0"}}},{"from":[-3,2,-16],"to":[18,2,5],"rotation":{"angle":0,"axis":"y","origin":[-6.25,7,0]},"faces":{"north":{"uv":[0,0,4,0],"rotation":180,"texture":"#missing"},"east":{"uv":[0,0,0,4],"rotation":90,"texture":"#missing"},"south":{"uv":[0,0,4,0],"texture":"#missing"},"west":{"uv":[0,0,0,4],"rotation":270,"texture":"#missing"},"up":{"uv":[14.5,5.5,4,16],"texture":"#1"},"down":{"uv":[4,5.5,14.5,16],"rotation":180,"texture":"#1"}}},{"from":[-16,2.5,-4.5],"to":[2,2.5,4.5],"rotation":{"angle":22.5,"axis":"y","origin":[-7,2.5,0]},"faces":{"north":{"uv":[0,0,4,0],"texture":"#missing"},"east":{"uv":[0,0,0,4],"rotation":270,"texture":"#missing"},"south":{"uv":[0,0,4,0],"rotation":180,"texture":"#missing"},"west":{"uv":[0,0,0,4],"rotation":90,"texture":"#missing"},"up":{"uv":[16,0,7,4.5],"rotation":180,"texture":"#1"},"down":{"uv":[7,0,16,4.5],"texture":"#1"}}},{"from":[14,2.5,-4.5],"to":[32,2.5,4.5],"rotation":{"angle":-22.5,"axis":"y","origin":[23,2.5,0]},"faces":{"north":{"uv":[4,0,0,0],"texture":"#missing"},"east":{"uv":[0,4,0,0],"rotation":90,"texture":"#missing"},"south":{"uv":[4,0,0,0],"rotation":180,"texture":"#missing"},"west":{"uv":[0,4,0,0],"rotation":270,"texture":"#missing"},"up":{"uv":[7,0,16,4.5],"rotation":180,"texture":"#1"},"down":{"uv":[16,0,7,4.5],"texture":"#1"}}}],"gui_light":"front","display":{"thirdperson_righthand":{"translation":[0,4,-3.75],"scale":[0.5,0.5,0.5]},"thirdperson_lefthand":{"translation":[0,4,-3.75],"scale":[0.5,0.5,0.5]},"firstperson_righthand":{"translation":[-0.25,3.5,0],"scale":[0.5,0.5,0.5]},"firstperson_lefthand":{"translation":[-0.25,3.5,0],"scale":[0.5,0.5,0.5]},"ground":{"translation":[0,7,0],"scale":[0.4,0.4,0.4]},"gui":{"rotation":[90,-45,0],"translation":[0.25,-0.25,-0.25],"scale":[0.42813,0.42813,0.42813]},"head":{"translation":[0,12.75,0],"scale":[0,0,0]},"fixed":{"rotation":[-90,180,0],"translation":[0,0,-9.25],"scale":[1.25,1.25,1.25]}},"groups":[0,1,2,3,4,5,6,7,8,{"name":"group","origin":[8.75,-5,8],"color":0,"children":[{"name":"group","origin":[8.75,-5,8],"color":0,"children":[9,10]},11]},{"name":"group","origin":[0,0,0],"color":0,"children":[12,{"name":"group","origin":[0,0,0],"color":0,"children":[13,14]},{"name":"group","origin":[8,4,8],"color":0,"children":[15,16,17,18,19]},{"name":"group","origin":[8,4,8],"color":0,"children":[20,21,22,23,24]}]},{"name":"group","origin":[0,1,0],"color":0,"children":[25,26]},{"name":"group","origin":[0,1,0],"color":0,"children":[27,28]},{"name":"group","origin":[-0.5,10,17],"color":0,"children":[]},{"name":"group","origin":[0,1,0],"color":0,"children":[]},{"name":"group","origin":[8.75,-5,8],"color":0,"children":[{"name":"group","origin":[8.75,-5,8],"color":0,"children":[29,30]},31]},{"name":"group","origin":[0,0,0],"color":0,"children":[32,{"name":"group","origin":[0,0,0],"color":0,"children":[33,34]}]},{"name":"group","origin":[5,2.5,-3],"color":0,"children":[35,36]},{"name":"group","origin":[5,2.5,-3],"color":0,"children":[37,38]},39,40,41]}