{"credit":"MadewithBlockbench","texture_size":[128,128],"textures":{"0":"elitecreatures:diablo_weapon_set/diablo_texture","1":"elitecreatures:diablo_weapon_set/animation","particle":"elitecreatures:diablo_weapon_set/diablo_texture"},"elements":[{"from":[7.25,9.5,7.25],"to":[8.75,24.5,8.75],"rotation":{"angle":0,"axis":"y","origin":[20,30.5,-4]},"faces":{"north":{"uv":[1.1875,13.25,1,15.125],"texture":"#0"},"east":{"uv":[1.75,13.25,1.5625,15.125],"texture":"#0"},"south":{"uv":[1.5625,13.25,1.375,15.125],"texture":"#0"},"west":{"uv":[1.375,13.25,1.1875,15.125],"texture":"#0"},"up":{"uv":[1.1875,13.25,1,13.4375],"texture":"#0"},"down":{"uv":[1.1875,13.25,1,13.4375],"texture":"#0"}}},{"from":[8.75,9.5,8],"to":[12.25,31.5,8],"rotation":{"angle":0,"axis":"y","origin":[20,30.5,-4]},"faces":{"north":{"uv":[0.5,13.25,0.9375,16],"texture":"#0"},"east":{"uv":[1.8125,5.75,1.5,7.0625],"texture":"#0"},"south":{"uv":[0.9375,13.25,0.5,16],"texture":"#0"},"west":{"uv":[3.4375,5.625,3.125,6.9375],"texture":"#0"},"up":{"uv":[7.375,6.4375,7.6875,6.125],"texture":"#0"},"down":{"uv":[6.25,7.375,6.5625,7.6875],"texture":"#0"}}},{"from":[-10.25,27.5,8],"to":[7.25,29,8],"rotation":{"angle":0,"axis":"y","origin":[20,30.5,-4]},"faces":{"north":{"uv":[0,13.8125,0.1875,16],"rotation":90,"texture":"#0"},"east":{"uv":[1.8125,5.75,1.5,7.0625],"texture":"#0"},"south":{"uv":[0,16,0.1875,13.8125],"rotation":90,"texture":"#0"},"west":{"uv":[3.4375,5.625,3.125,6.9375],"texture":"#0"},"up":{"uv":[7.375,6.4375,7.6875,6.125],"texture":"#0"},"down":{"uv":[6.25,7.375,6.5625,7.6875],"texture":"#0"}}},{"from":[6.775,-10,6.775],"to":[9.275,8.5,9.275],"rotation":{"angle":0,"axis":"y","origin":[-4,9.5,-4]},"faces":{"north":{"uv":[0,3.625,0.3125,5.9375],"texture":"#0"},"east":{"uv":[0.375,3.625,0.6875,5.9375],"texture":"#0"},"south":{"uv":[0.75,3.625,1.0625,5.9375],"texture":"#0"},"west":{"uv":[3.75,0,4.0625,2.3125],"texture":"#0"},"up":{"uv":[3.3125,7.8125,3,7.5],"texture":"#0"},"down":{"uv":[7.8125,3.25,7.5,3.5625],"texture":"#0"}}},{"from":[6.125,-12.25,6.125],"to":[9.875,-10,9.875],"rotation":{"angle":0,"axis":"y","origin":[-4,9.5,-4]},"faces":{"north":{"uv":[7,2.75,7.5,3.0625],"texture":"#0"},"east":{"uv":[4.5,7,5,7.3125],"texture":"#0"},"south":{"uv":[7,4.625,7.5,4.9375],"texture":"#0"},"west":{"uv":[7,6.875,7.5,7.1875],"texture":"#0"},"up":{"uv":[7,0.5,6.5,0],"texture":"#0"},"down":{"uv":[7,0.5,6.5,1],"texture":"#0"}}},{"from":[7.625,-16,7.625],"to":[8.375,-13.75,8.375],"rotation":{"angle":0,"axis":"y","origin":[-4,9.5,-4]},"faces":{"north":{"uv":[6,7.75,6.125,8.0625],"texture":"#0"},"east":{"uv":[6.25,7.75,6.375,8.0625],"texture":"#0"},"south":{"uv":[7.75,6.25,7.875,6.5625],"texture":"#0"},"west":{"uv":[6.375,7.75,6.5,8.0625],"texture":"#0"},"up":{"uv":[1.25,4.5,1.125,4.375],"texture":"#0"},"down":{"uv":[7,4.625,6.875,4.75],"texture":"#0"}}},{"from":[7.25,-13.75,7.25],"to":[8.75,-12.25,8.75],"rotation":{"angle":0,"axis":"y","origin":[-4,9.5,-4]},"faces":{"north":{"uv":[6.5,7.75,6.6875,7.9375],"texture":"#0"},"east":{"uv":[6.75,7.75,6.9375,7.9375],"texture":"#0"},"south":{"uv":[7,7.75,7.1875,7.9375],"texture":"#0"},"west":{"uv":[7.25,7.75,7.4375,7.9375],"texture":"#0"},"up":{"uv":[7.6875,7.9375,7.5,7.75],"texture":"#0"},"down":{"uv":[7.9375,7.75,7.75,7.9375],"texture":"#0"}}},{"from":[7.25,24.5,7.25],"to":[8.75,26,8.75],"rotation":{"angle":0,"axis":"y","origin":[-4,6.5,-4]},"faces":{"north":{"uv":[6.5,7.9375,6.6875,7.75],"texture":"#0"},"east":{"uv":[6.75,7.9375,6.9375,7.75],"texture":"#0"},"south":{"uv":[7,7.9375,7.1875,7.75],"texture":"#0"},"west":{"uv":[7.25,7.9375,7.4375,7.75],"texture":"#0"},"up":{"uv":[7.9375,7.9375,7.75,7.75],"texture":"#0"},"down":{"uv":[7.6875,7.75,7.5,7.9375],"texture":"#0"}}},{"from":[7.625,26,7.625],"to":[8.375,28.25,8.375],"rotation":{"angle":0,"axis":"y","origin":[-4,6.5,-4]},"faces":{"north":{"uv":[6,8.0625,6.125,7.75],"texture":"#0"},"east":{"uv":[6.25,8.0625,6.375,7.75],"texture":"#0"},"south":{"uv":[7.75,6.5625,7.875,6.25],"texture":"#0"},"west":{"uv":[6.375,8.0625,6.5,7.75],"texture":"#0"},"up":{"uv":[7,4.75,6.875,4.625],"texture":"#0"},"down":{"uv":[1.25,4.375,1.125,4.5],"texture":"#0"}}},{"from":[7.25,27.5,7.25],"to":[8.75,29,8.75],"rotation":{"angle":0,"axis":"y","origin":[-4,6.5,-4]},"faces":{"north":{"uv":[6.5,7.9375,6.6875,7.75],"texture":"#0"},"east":{"uv":[6.75,7.9375,6.9375,7.75],"texture":"#0"},"south":{"uv":[7,7.9375,7.1875,7.75],"texture":"#0"},"west":{"uv":[7.25,7.9375,7.4375,7.75],"texture":"#0"},"up":{"uv":[7.9375,7.9375,7.75,7.75],"texture":"#0"},"down":{"uv":[7.6875,7.75,7.5,7.9375],"texture":"#0"}}},{"from":[-11.75,27.5,7.25],"to":[-10.25,29,8.75],"rotation":{"angle":0,"axis":"y","origin":[-11,28.25,8]},"faces":{"north":{"uv":[6.5,7.9375,6.6875,7.75],"rotation":90,"texture":"#0"},"east":{"uv":[7.6875,7.75,7.5,7.9375],"rotation":270,"texture":"#0"},"south":{"uv":[7,7.9375,7.1875,7.75],"rotation":270,"texture":"#0"},"west":{"uv":[7.9375,7.9375,7.75,7.75],"rotation":270,"texture":"#0"},"up":{"uv":[6.75,7.9375,6.9375,7.75],"rotation":270,"texture":"#0"},"down":{"uv":[7.25,7.9375,7.4375,7.75],"rotation":270,"texture":"#0"}}},{"from":[7.625,29,7.625],"to":[8.375,31.25,8.375],"rotation":{"angle":0,"axis":"y","origin":[-4,6.5,-4]},"faces":{"north":{"uv":[6,8.0625,6.125,7.75],"texture":"#0"},"east":{"uv":[6.25,8.0625,6.375,7.75],"texture":"#0"},"south":{"uv":[7.75,6.5625,7.875,6.25],"texture":"#0"},"west":{"uv":[6.375,8.0625,6.5,7.75],"texture":"#0"},"up":{"uv":[7,4.75,6.875,4.625],"texture":"#0"},"down":{"uv":[1.25,4.375,1.125,4.5],"texture":"#0"}}},{"from":[5.75,3.67268,1.21927],"to":[10.25,5.92268,3.46927],"rotation":{"angle":-45,"axis":"x","origin":[8,9.625,6]},"faces":{"north":{"uv":[7.5625,0.625,7,0.9375],"texture":"#0"},"east":{"uv":[7.8125,2.5,7.5,2.8125],"texture":"#0"},"south":{"uv":[7.5625,1,7,1.3125],"texture":"#0"},"west":{"uv":[7.8125,2.875,7.5,3.1875],"texture":"#0"},"up":{"uv":[1.875,7.5625,2.1875,7],"rotation":90,"texture":"#0"},"down":{"uv":[7,2.125,7.3125,2.6875],"rotation":270,"texture":"#0"}}},{"from":[5,4.375,3],"to":[11,9.625,6.75],"rotation":{"angle":-22.5,"axis":"x","origin":[8,9.625,6]},"faces":{"north":{"uv":[5.5,3.5,4.75,4.1875],"texture":"#0"},"east":{"uv":[6.375,3.25,5.875,3.9375],"texture":"#0"},"south":{"uv":[5.5,4.25,4.75,4.9375],"texture":"#0"},"west":{"uv":[6.375,4,5.875,4.6875],"texture":"#0"},"up":{"uv":[3,2.125,3.5,1.375],"rotation":90,"texture":"#0"},"down":{"uv":[5.125,0,5.625,0.75],"rotation":270,"texture":"#0"}}},{"from":[7.25,-9.04657,5.79657],"to":[8.75,-7.54657,7.29657],"rotation":{"angle":-45,"axis":"x","origin":[7.875,-10.375,10.125]},"faces":{"north":{"uv":[7.875,0,8.0625,0.1875],"texture":"#0"},"east":{"uv":[1.125,7.875,1.3125,8.0625],"texture":"#0"},"south":{"uv":[1.75,7.875,1.9375,8.0625],"texture":"#0"},"west":{"uv":[7.875,1.75,8.0625,1.9375],"texture":"#0"},"up":{"uv":[2.1875,8.0625,2,7.875],"texture":"#0"},"down":{"uv":[8.0625,2.5,7.875,2.6875],"texture":"#0"}}},{"from":[7.625,-8.67157,4.29657],"to":[8.375,-7.92157,5.79657],"rotation":{"angle":-45,"axis":"x","origin":[7.875,-10.375,10.125]},"faces":{"north":{"uv":[7.375,1.75,7.5,1.875],"texture":"#0"},"east":{"uv":[7.25,6.75,7.4375,6.875],"texture":"#0"},"south":{"uv":[3,7.375,3.125,7.5],"texture":"#0"},"west":{"uv":[7.75,5.125,7.9375,5.25],"texture":"#0"},"up":{"uv":[8,3.9375,7.875,3.75],"texture":"#0"},"down":{"uv":[8,4.375,7.875,4.5625],"texture":"#0"}}},{"from":[7.625,-11.5,11.375],"to":[8.375,-10.75,12.875],"rotation":{"angle":45,"axis":"x","origin":[7.875,-10.375,9.875]},"faces":{"north":{"uv":[3.125,7.375,3,7.5],"texture":"#0"},"east":{"uv":[7.4375,6.75,7.25,6.875],"texture":"#0"},"south":{"uv":[7.5,1.75,7.375,1.875],"texture":"#0"},"west":{"uv":[7.9375,5.125,7.75,5.25],"texture":"#0"},"up":{"uv":[8,3.75,7.875,3.9375],"texture":"#0"},"down":{"uv":[8,4.5625,7.875,4.375],"texture":"#0"}}},{"from":[7.25,-11.875,9.875],"to":[8.75,-10.375,11.375],"rotation":{"angle":45,"axis":"x","origin":[7.875,-10.375,9.875]},"faces":{"north":{"uv":[1.9375,7.875,1.75,8.0625],"texture":"#0"},"east":{"uv":[1.3125,7.875,1.125,8.0625],"texture":"#0"},"south":{"uv":[8.0625,0,7.875,0.1875],"texture":"#0"},"west":{"uv":[8.0625,1.75,7.875,1.9375],"texture":"#0"},"up":{"uv":[2.1875,7.875,2,8.0625],"texture":"#0"},"down":{"uv":[8.0625,2.6875,7.875,2.5],"texture":"#0"}}},{"from":[9.875,-11.875,7.25],"to":[11.375,-10.375,8.75],"rotation":{"angle":-45,"axis":"z","origin":[9.875,-10.375,8]},"faces":{"north":{"uv":[7.875,1.75,8.0625,1.9375],"texture":"#0"},"east":{"uv":[7.875,0,8.0625,0.1875],"texture":"#0"},"south":{"uv":[1.125,7.875,1.3125,8.0625],"texture":"#0"},"west":{"uv":[1.75,7.875,1.9375,8.0625],"texture":"#0"},"up":{"uv":[2.1875,8.0625,2,7.875],"rotation":90,"texture":"#0"},"down":{"uv":[8.0625,2.5,7.875,2.6875],"rotation":270,"texture":"#0"}}},{"from":[11.375,-11.5,7.625],"to":[12.875,-10.75,8.375],"rotation":{"angle":-45,"axis":"z","origin":[9.875,-10.375,6]},"faces":{"north":{"uv":[7.75,5.125,7.9375,5.25],"texture":"#0"},"east":{"uv":[7.375,1.75,7.5,1.875],"texture":"#0"},"south":{"uv":[7.25,6.75,7.4375,6.875],"texture":"#0"},"west":{"uv":[3,7.375,3.125,7.5],"texture":"#0"},"up":{"uv":[8,3.9375,7.875,3.75],"rotation":90,"texture":"#0"},"down":{"uv":[8,4.375,7.875,4.5625],"rotation":270,"texture":"#0"}}},{"from":[4.22335,-8.84835,7.625],"to":[5.72335,-8.09835,8.375],"rotation":{"angle":45,"axis":"z","origin":[9.875,-10.375,8]},"faces":{"north":{"uv":[7.9375,5.125,7.75,5.25],"texture":"#0"},"east":{"uv":[3.125,7.375,3,7.5],"texture":"#0"},"south":{"uv":[7.4375,6.75,7.25,6.875],"texture":"#0"},"west":{"uv":[7.5,1.75,7.375,1.875],"texture":"#0"},"up":{"uv":[8,3.75,7.875,3.9375],"rotation":90,"texture":"#0"},"down":{"uv":[8,4.5625,7.875,4.375],"rotation":270,"texture":"#0"}}},{"from":[4.625,-11.875,7.25],"to":[6.125,-10.375,8.75],"rotation":{"angle":45,"axis":"z","origin":[6.125,-10.375,8]},"faces":{"north":{"uv":[8.0625,1.75,7.875,1.9375],"texture":"#0"},"east":{"uv":[1.9375,7.875,1.75,8.0625],"texture":"#0"},"south":{"uv":[1.3125,7.875,1.125,8.0625],"texture":"#0"},"west":{"uv":[8.0625,0,7.875,0.1875],"texture":"#0"},"up":{"uv":[2.1875,7.875,2,8.0625],"rotation":90,"texture":"#0"},"down":{"uv":[8.0625,2.6875,7.875,2.5],"rotation":270,"texture":"#0"}}},{"from":[6,6.5,10],"to":[10,10.5,11],"rotation":{"angle":0,"axis":"y","origin":[0,-2,0]},"faces":{"north":{"uv":[2.1875,12.25,2.6875,12.75],"texture":"#0"},"east":{"uv":[1.6875,12.0625,1.8125,12.5625],"texture":"#0"},"south":{"uv":[2.6875,12.25,3.1875,12.75],"texture":"#0"},"west":{"uv":[1.5625,12.0625,1.6875,12.5625],"texture":"#0"},"up":{"uv":[1.8125,12.125,2.3125,12.25],"texture":"#0"},"down":{"uv":[1.8125,12,2.3125,12.125],"texture":"#0"}}},{"from":[7,7.5,11],"to":[9,9.5,15],"rotation":{"angle":0,"axis":"y","origin":[0,-2,0]},"faces":{"north":{"uv":[2.3125,13.0625,2.5625,13.3125],"texture":"#0"},"east":{"uv":[1.8125,13.0625,2.3125,13.3125],"texture":"#0"},"south":{"uv":[2.5625,13.0625,2.8125,13.3125],"texture":"#0"},"west":{"uv":[1.8125,13.3125,2.3125,13.5625],"texture":"#0"},"up":{"uv":[1.8125,13.5625,2.0625,14.0625],"texture":"#0"},"down":{"uv":[2.0625,13.5625,2.3125,14.0625],"texture":"#0"}}},{"from":[7.5,3.5,14],"to":[8.5,7.5,15],"rotation":{"angle":0,"axis":"y","origin":[0,-2,0]},"faces":{"north":{"uv":[2.4375,13.3125,2.5625,13.8125],"texture":"#0"},"east":{"uv":[2.3125,13.3125,2.4375,13.8125],"texture":"#0"},"south":{"uv":[2.5625,13.3125,2.6875,13.8125],"texture":"#0"},"west":{"uv":[2.6875,13.3125,2.8125,13.8125],"texture":"#0"},"up":{"uv":[2.3125,13.8125,2.4375,13.9375],"texture":"#0"},"down":{"uv":[2.3125,13.9375,2.4375,14.0625],"texture":"#0"}}},{"from":[7.5,3.5,15],"to":[8.5,4.5,18],"rotation":{"angle":0,"axis":"y","origin":[0,-2,0]},"faces":{"north":{"uv":[2.5625,12.75,2.6875,12.875],"texture":"#0"},"east":{"uv":[2.1875,12.75,2.5625,12.875],"texture":"#0"},"south":{"uv":[2.5625,12.875,2.6875,13],"texture":"#0"},"west":{"uv":[2.1875,12.875,2.5625,13],"texture":"#0"},"up":{"uv":[2.9375,12.75,3.0625,13.125],"texture":"#0"},"down":{"uv":[2.8125,12.75,2.9375,13.125],"texture":"#0"}}},{"from":[6,7.5,7],"to":[10,9.5,10],"rotation":{"angle":0,"axis":"y","origin":[0,-2,0]},"faces":{"north":{"uv":[1.1875,12.5625,1.6875,12.8125],"texture":"#0"},"east":{"uv":[0.8125,12.5625,1.1875,12.8125],"texture":"#0"},"south":{"uv":[1.6875,12.5625,2.1875,12.8125],"texture":"#0"},"west":{"uv":[1.8125,12.8125,2.1875,13.0625],"texture":"#0"},"up":{"uv":[0.8125,12.8125,1.3125,13.1875],"texture":"#0"},"down":{"uv":[1.3125,12.8125,1.8125,13.1875],"texture":"#0"}}},{"from":[14.98582,4.75067,6.875],"to":[17.98582,7.00067,9.125],"rotation":{"angle":22.5,"axis":"z","origin":[8.46783,-8,8]},"faces":{"north":{"uv":[7.375,2.125,7.6875,2.5],"rotation":90,"texture":"#0"},"east":{"uv":[7.8125,1.75,7.5,2.0625],"rotation":90,"texture":"#0"},"south":{"uv":[7.375,0.25,7.6875,0.625],"rotation":270,"texture":"#0"},"west":{"uv":[1.4375,7.8125,1.125,7.5],"rotation":90,"texture":"#0"},"up":{"uv":[2.25,7.375,2.5625,7.75],"rotation":270,"texture":"#0"},"down":{"uv":[7.375,1.375,7.6875,1.75],"rotation":270,"texture":"#0"}}},{"from":[-1.91988,5.67295,7.25],"to":[0.33012,8.67295,8.75],"rotation":{"angle":-45,"axis":"z","origin":[8.46783,-8,8]},"faces":{"north":{"uv":[7.375,4,7.6875,4.375],"rotation":180,"texture":"#0"},"east":{"uv":[3.625,7.625,3.8125,8],"rotation":180,"texture":"#0"},"south":{"uv":[2.625,7.375,2.9375,7.75],"rotation":180,"texture":"#0"},"west":{"uv":[4.125,7.625,4.3125,8],"rotation":180,"texture":"#0"},"up":{"uv":[4.8125,7.75,4.5,7.9375],"texture":"#0"},"down":{"uv":[8.0625,4.1875,7.75,4],"texture":"#0"}}},{"from":[5.08003,10.51796,7.4],"to":[7.33003,13.51796,8.525],"rotation":{"angle":-22.5,"axis":"z","origin":[8.46783,-8,8]},"faces":{"north":{"uv":[7.375,5.75,7.75,6.0625],"rotation":90,"texture":"#0"},"east":{"uv":[3.5,7,3.125,7.125],"rotation":90,"texture":"#0"},"south":{"uv":[4.5,7.375,4.875,7.6875],"rotation":270,"texture":"#0"},"west":{"uv":[7.375,1.5,7,1.375],"rotation":90,"texture":"#0"},"up":{"uv":[4,7.75,4.125,8.0625],"rotation":270,"texture":"#0"},"down":{"uv":[1,7.75,1.125,8.0625],"rotation":270,"texture":"#0"}}},{"from":[8,-1,8],"to":[26,8,8],"rotation":{"angle":45,"axis":"z","origin":[13,3.5,8]},"faces":{"north":{"uv":[7,0,16,4.5],"texture":"#1"},"east":{"uv":[0,0,0,4],"texture":"#missing"},"south":{"uv":[16,0,7,4.5],"texture":"#1"},"west":{"uv":[0,0,0,4],"texture":"#missing"},"up":{"uv":[0,0,4,0],"texture":"#missing"},"down":{"uv":[0,0,4,0],"texture":"#missing"}}},{"from":[12,9,8.25],"to":[14,29,8.25],"faces":{"north":{"uv":[0,0,1,10],"texture":"#1"},"east":{"uv":[0,0,0,4],"texture":"#missing"},"south":{"uv":[0,0,1,10],"texture":"#1"},"west":{"uv":[0,0,0,4],"texture":"#missing"},"up":{"uv":[0,0,4,0],"texture":"#missing"},"down":{"uv":[0,0,4,0],"texture":"#missing"}}}],"gui_light":"front","display":{"thirdperson_righthand":{"rotation":[0,-90,0],"translation":[0,5.75,1.5],"scale":[0.6,0.6,0.6]},"thirdperson_lefthand":{"rotation":[0,90,0],"translation":[0,5.75,1.5],"scale":[0.6,0.6,0.6]},"firstperson_righthand":{"rotation":[0,-90,0],"translation":[-0.87,3.95,1.13],"scale":[0.4,0.4,0.4]},"firstperson_lefthand":{"rotation":[0,90,0],"translation":[-0.87,3.95,1.13],"scale":[0.4,0.4,0.4]},"ground":{"rotation":[0,0,45],"translation":[0,7,0],"scale":[0.4,0.4,0.4]},"gui":{"rotation":[0,180,45],"translation":[-1.5,-0.25,-0.25],"scale":[0.34375,0.34375,0.34375]},"head":{"translation":[0,26.75,0],"scale":[0,0,0]},"fixed":{"translation":[0,5.75,-1.75],"scale":[1.45,1.45,1.45]}},"groups":[0,1,2,3,4,{"name":"group","origin":[0,0,0],"color":0,"children":[{"name":"group","origin":[0,0,0],"color":0,"children":[]},{"name":"group","origin":[8,4,8],"color":0,"children":[]}]},{"name":"group","origin":[0,1,0],"color":0,"children":[5,6,7,8,9,10,11]},{"name":"group","origin":[0,1,0],"color":0,"children":[12,13]},{"name":"group","origin":[-0.5,10,17],"color":0,"children":[]},{"name":"group","origin":[0,1,0],"color":0,"children":[14,15,16,17,18,19,20,21]},22,23,24,25,26,{"name":"group","origin":[0,0,0],"color":0,"children":[27,{"name":"group","origin":[0,0,0],"color":0,"children":[28,29]}]},30,31]}