{"credit":"MadewithBlockbench","texture_size":[128,128],"textures":{"0":"elitecreatures:diablo_weapon_set/diablo_texture","particle":"elitecreatures:diablo_weapon_set/diablo_texture"},"elements":[{"from":[1,-2,2.1],"to":[11,8,15.9],"rotation":{"angle":-45,"axis":"z","origin":[8,1,9]},"faces":{"north":{"uv":[8.5,4.375,9.75,5.625],"texture":"#0"},"south":{"uv":[11.75,10.5,13,11.75],"texture":"#0"},"west":{"uv":[11.5,3.875,12.75,5.625],"rotation":90,"texture":"#0"},"up":{"uv":[11.5,3.875,12.75,5.625],"texture":"#0"}}},{"from":[1,-10,2],"to":[15,4,16],"rotation":{"angle":0,"axis":"y","origin":[8,1,9]},"faces":{"north":{"uv":[8.25,9.125,10,10.875],"texture":"#0"},"east":{"uv":[10,9.25,11.75,11],"texture":"#0"},"south":{"uv":[9.75,3.875,11.5,5.625],"texture":"#0"},"west":{"uv":[8.25,7.375,10,9.125],"texture":"#0"},"up":{"uv":[8.25,5.625,10,7.375],"texture":"#0"}}},{"from":[5,-5,1],"to":[11,2,1],"rotation":{"angle":0,"axis":"y","origin":[8,1,9]},"faces":{"north":{"uv":[7.5,9.125,8.25,10],"texture":"#0"},"east":{"uv":[10,9.25,11.75,11],"texture":"#0"},"south":{"uv":[7.5,9.125,8.25,10],"texture":"#0"},"west":{"uv":[8.25,7.375,10,9.125],"texture":"#0"},"up":{"uv":[8.25,5.625,10,7.375],"texture":"#0"}}},{"from":[17.5,-4,9],"to":[19.5,4,9],"rotation":{"angle":0,"axis":"y","origin":[8,1,9]},"faces":{"north":{"uv":[3.4375,15,3.6875,16],"texture":"#0"},"east":{"uv":[10,9.25,11.75,11],"texture":"#0"},"south":{"uv":[3.6875,15,3.4375,16],"texture":"#0"},"west":{"uv":[8.25,7.375,10,9.125],"texture":"#0"},"up":{"uv":[8.25,5.625,10,7.375],"texture":"#0"}}},{"from":[19.75,-5,9],"to":[21.75,9,9],"rotation":{"angle":0,"axis":"y","origin":[8,1,9]},"faces":{"north":{"uv":[0,13.875,0.25,15.625],"texture":"#0"},"east":{"uv":[10,9.25,11.75,11],"texture":"#0"},"south":{"uv":[0.25,13.875,0,15.625],"texture":"#0"},"west":{"uv":[8.25,7.375,10,9.125],"texture":"#0"},"up":{"uv":[8.25,5.625,10,7.375],"texture":"#0"}}},{"from":[-4.75,-2,9],"to":[-2.75,7,9],"rotation":{"angle":0,"axis":"y","origin":[8,1,9]},"faces":{"north":{"uv":[0.25,13.875,0,15],"texture":"#0"},"east":{"uv":[10,7.375,8.25,9.125],"texture":"#0"},"south":{"uv":[0,13.875,0.25,15],"texture":"#0"},"west":{"uv":[11.75,9.25,10,11],"texture":"#0"},"up":{"uv":[10,5.625,8.25,7.375],"texture":"#0"}}},{"from":[0.5,0,7],"to":[4.5,7,11],"rotation":{"angle":45,"axis":"z","origin":[0.5,0.5,9]},"faces":{"north":{"uv":[0.625,6.4375,1.125,7.3125],"texture":"#0"},"east":{"uv":[1.125,6.4375,0.625,7.3125],"texture":"#0"},"south":{"uv":[0.625,6.4375,1.125,7.3125],"texture":"#0"},"west":{"uv":[1.125,6.4375,0.625,7.3125],"texture":"#0"},"up":{"uv":[0.625,5.9375,1.125,6.4375],"texture":"#0"},"down":{"uv":[0.625,5.9375,1.125,6.4375],"texture":"#0"}}},{"from":[-1.5255,6.69656,7.5],"to":[1.4745,12.69656,10.5],"rotation":{"angle":22.5,"axis":"z","origin":[0.5,0.5,9]},"faces":{"north":{"uv":[0.25,6.3125,0.625,7.0625],"texture":"#0"},"east":{"uv":[0.625,6.3125,0.25,7.0625],"texture":"#0"},"south":{"uv":[0.25,6.3125,0.625,7.0625],"texture":"#0"},"west":{"uv":[0.625,6.3125,0.25,7.0625],"texture":"#0"},"up":{"uv":[0.25,5.9375,0.625,6.3125],"texture":"#0"},"down":{"uv":[0.25,5.9375,0.625,6.3125],"texture":"#0"}}},{"from":[-5.5768,11.18437,8],"to":[-3.5768,16.18437,10],"rotation":{"angle":0,"axis":"y","origin":[0.5,0.5,9]},"faces":{"north":{"uv":[0,6.1875,0.25,6.8125],"texture":"#0"},"east":{"uv":[0.25,6.1875,0,6.8125],"texture":"#0"},"south":{"uv":[0,6.1875,0.25,6.8125],"texture":"#0"},"west":{"uv":[0.25,6.1875,0,6.8125],"texture":"#0"},"up":{"uv":[0,5.9375,0.25,6.1875],"texture":"#0"},"down":{"uv":[0,5.9375,0.25,6.1875],"texture":"#0"}}},{"from":[11.5,0,7],"to":[15.5,7,11],"rotation":{"angle":-45,"axis":"z","origin":[15.5,0.5,9]},"faces":{"north":{"uv":[1.125,6.4375,0.625,7.3125],"texture":"#0"},"east":{"uv":[0.625,6.4375,1.125,7.3125],"texture":"#0"},"south":{"uv":[1.125,6.4375,0.625,7.3125],"texture":"#0"},"west":{"uv":[0.625,6.4375,1.125,7.3125],"texture":"#0"},"up":{"uv":[1.125,5.9375,0.625,6.4375],"texture":"#0"},"down":{"uv":[1.125,5.9375,0.625,6.4375],"texture":"#0"}}},{"from":[14.5255,6.69656,7.5],"to":[17.5255,12.69656,10.5],"rotation":{"angle":-22.5,"axis":"z","origin":[15.5,0.5,9]},"faces":{"north":{"uv":[0.625,6.3125,0.25,7.0625],"texture":"#0"},"east":{"uv":[0.25,6.3125,0.625,7.0625],"texture":"#0"},"south":{"uv":[0.625,6.3125,0.25,7.0625],"texture":"#0"},"west":{"uv":[0.25,6.3125,0.625,7.0625],"texture":"#0"},"up":{"uv":[0.625,5.9375,0.25,6.3125],"texture":"#0"},"down":{"uv":[0.625,5.9375,0.25,6.3125],"texture":"#0"}}},{"from":[19.5768,11.18437,8],"to":[21.5768,16.18437,10],"rotation":{"angle":0,"axis":"y","origin":[15.5,0.5,9]},"faces":{"north":{"uv":[0.25,6.1875,0,6.8125],"texture":"#0"},"east":{"uv":[0,6.1875,0.25,6.8125],"texture":"#0"},"south":{"uv":[0.25,6.1875,0,6.8125],"texture":"#0"},"west":{"uv":[0,6.1875,0.25,6.8125],"texture":"#0"},"up":{"uv":[0.25,5.9375,0,6.1875],"texture":"#0"},"down":{"uv":[0.25,5.9375,0,6.1875],"texture":"#0"}}},{"from":[6,0,2],"to":[10,7,6],"rotation":{"angle":-22.5,"axis":"x","origin":[8,0.5,2]},"faces":{"north":{"uv":[1.125,6.4375,0.625,7.3125],"texture":"#0"},"east":{"uv":[0.625,6.4375,1.125,7.3125],"texture":"#0"},"south":{"uv":[1.125,6.4375,0.625,7.3125],"texture":"#0"},"west":{"uv":[0.625,6.4375,1.125,7.3125],"texture":"#0"},"up":{"uv":[0.625,5.9375,1.125,6.4375],"rotation":90,"texture":"#0"},"down":{"uv":[0.625,5.9375,1.125,6.4375],"rotation":270,"texture":"#0"}}},{"from":[6.5,6.69656,-0.0255],"to":[9.5,12.69656,2.9745],"rotation":{"angle":0,"axis":"y","origin":[8,0.5,2]},"faces":{"north":{"uv":[0.625,6.3125,0.25,7.0625],"texture":"#0"},"east":{"uv":[0.25,6.3125,0.625,7.0625],"texture":"#0"},"south":{"uv":[0.625,6.3125,0.25,7.0625],"texture":"#0"},"west":{"uv":[0.25,6.3125,0.625,7.0625],"texture":"#0"},"up":{"uv":[0.25,5.9375,0.625,6.3125],"rotation":90,"texture":"#0"},"down":{"uv":[0.25,5.9375,0.625,6.3125],"rotation":270,"texture":"#0"}}},{"from":[7,11.18437,-4.0768],"to":[9,16.18437,-2.0768],"rotation":{"angle":22.5,"axis":"x","origin":[8,0.5,2]},"faces":{"north":{"uv":[0.25,6.1875,0,6.8125],"texture":"#0"},"east":{"uv":[0,6.1875,0.25,6.8125],"texture":"#0"},"south":{"uv":[0.25,6.1875,0,6.8125],"texture":"#0"},"west":{"uv":[0,6.1875,0.25,6.8125],"texture":"#0"},"up":{"uv":[0,5.9375,0.25,6.1875],"rotation":90,"texture":"#0"},"down":{"uv":[0,5.9375,0.25,6.1875],"rotation":270,"texture":"#0"}}},{"from":[11,-7,3],"to":[15,2,15],"rotation":{"angle":22.5,"axis":"z","origin":[15,2,9]},"faces":{"north":{"uv":[13,10.5,14.125,11],"rotation":270,"texture":"#0"},"east":{"uv":[13,11,14.125,12.5],"rotation":270,"texture":"#0"},"south":{"uv":[13,11,14.125,10.5],"rotation":270,"texture":"#0"},"west":{"uv":[13,11,14.125,12.5],"rotation":270,"texture":"#0"},"up":{"uv":[11.5,11.75,13,12.25],"rotation":270,"texture":"#0"},"down":{"uv":[11.5,11.75,13,12.25],"rotation":270,"texture":"#0"}}},{"from":[1,-7,3],"to":[5,2,15],"rotation":{"angle":-22.5,"axis":"z","origin":[1,2,9]},"faces":{"north":{"uv":[13,11,14.125,10.5],"rotation":270,"texture":"#0"},"east":{"uv":[13,12.5,14.125,11],"rotation":270,"texture":"#0"},"south":{"uv":[13,10.5,14.125,11],"rotation":270,"texture":"#0"},"west":{"uv":[13,12.5,14.125,11],"rotation":270,"texture":"#0"},"up":{"uv":[11.5,12.25,13,11.75],"rotation":270,"texture":"#0"},"down":{"uv":[11.5,12.25,13,11.75],"rotation":270,"texture":"#0"}}},{"from":[11,1,0],"to":[14,3,2],"rotation":{"angle":22.5,"axis":"z","origin":[11,3,2]},"faces":{"north":{"uv":[6.625,7.5,7,7.75],"texture":"#0"},"east":{"uv":[0.25,7.75,0.5,8],"texture":"#0"},"south":{"uv":[6,2.25,6.375,2.5],"texture":"#0"},"west":{"uv":[6.75,2.875,7,3.125],"texture":"#0"},"up":{"uv":[7.5,7.25,7.875,7.5],"texture":"#0"},"down":{"uv":[7.5,7.75,7.875,7.5],"texture":"#0"}}},{"from":[8,1,0],"to":[11,3,2],"rotation":{"angle":45,"axis":"z","origin":[11,3,1]},"faces":{"north":{"uv":[7.625,0.875,8,1.125],"texture":"#0"},"east":{"uv":[0.5,7.75,0.75,8],"texture":"#0"},"south":{"uv":[7.625,0.625,8,0.875],"texture":"#0"},"west":{"uv":[7.75,0.25,8,0.5],"texture":"#0"},"up":{"uv":[7.625,1.125,8,1.375],"texture":"#0"},"down":{"uv":[1.875,7.875,2.25,7.625],"texture":"#0"}}},{"from":[5,1,0],"to":[8,3,2],"rotation":{"angle":-45,"axis":"z","origin":[5,3,1]},"faces":{"north":{"uv":[8,0.875,7.625,1.125],"texture":"#0"},"east":{"uv":[8,0.25,7.75,0.5],"texture":"#0"},"south":{"uv":[8,0.625,7.625,0.875],"texture":"#0"},"west":{"uv":[0.75,7.75,0.5,8],"texture":"#0"},"up":{"uv":[8,1.125,7.625,1.375],"texture":"#0"},"down":{"uv":[2.25,7.875,1.875,7.625],"texture":"#0"}}},{"from":[2,1,0],"to":[5,3,2],"rotation":{"angle":-22.5,"axis":"z","origin":[5,3,2]},"faces":{"north":{"uv":[7,7.5,6.625,7.75],"texture":"#0"},"east":{"uv":[7,2.875,6.75,3.125],"texture":"#0"},"south":{"uv":[6.375,2.25,6,2.5],"texture":"#0"},"west":{"uv":[0.5,7.75,0.25,8],"texture":"#0"},"up":{"uv":[7.875,7.25,7.5,7.5],"texture":"#0"},"down":{"uv":[7.875,7.75,7.5,7.5],"texture":"#0"}}}],"gui_light":"front","display":{"thirdperson_righthand":{"rotation":[67,0,0],"translation":[0,3.25,5.25],"scale":[0.33,0.33,0.33]},"thirdperson_lefthand":{"rotation":[67,0,0],"translation":[0,3.25,5.25],"scale":[0.33,0.33,0.33]},"firstperson_righthand":{"translation":[-2,7.25,1.75],"scale":[0.4,0.4,0.4]},"firstperson_lefthand":{"translation":[-2,7.25,1.75],"scale":[0.4,0.4,0.4]},"ground":{"translation":[0,9.5,0],"scale":[0.5,0.5,0.5]},"gui":{"rotation":[30,-145,0],"translation":[0.5,4,-1.5],"scale":[0.56289,0.56289,0.56289]},"head":{"translation":[0,12.75,-1],"scale":[1.1,1.1,1.1]},"fixed":{"rotation":[-90,0,0],"translation":[0,-1.25,-21.5],"scale":[1.2,1.2,1.2]}},"groups":[{"name":"group","origin":[15,7,5],"color":0,"children":[0,1,2,3,4,5,{"name":"group","origin":[8,1,9],"color":0,"children":[6,7,8]},{"name":"group","origin":[8,1,9],"color":0,"children":[9,10,11]},{"name":"group","origin":[8,1,9],"color":0,"children":[12,13,14]},15,16]},17,18,19,20]}