{"credit":"MadewithBlockbench","texture_size":[128,128],"textures":{"0":"elitecreatures:diablo_weapon_set/diablo_texture","particle":"elitecreatures:diablo_weapon_set/diablo_texture"},"elements":[{"from":[1,-2,2.1],"to":[11,8,15.9],"rotation":{"angle":-45,"axis":"z","origin":[8,1,9]},"faces":{"north":{"uv":[8.5,4.375,9.75,5.625],"texture":"#0"},"south":{"uv":[11.75,10.5,13,11.75],"texture":"#0"},"west":{"uv":[11.5,3.875,12.75,5.625],"rotation":90,"texture":"#0"},"up":{"uv":[11.5,3.875,12.75,5.625],"texture":"#0"}}},{"from":[1,-10,2],"to":[15,4,16],"rotation":{"angle":0,"axis":"y","origin":[8,1,9]},"faces":{"north":{"uv":[8.25,9.125,10,10.875],"texture":"#0"},"east":{"uv":[10,9.25,11.75,11],"texture":"#0"},"south":{"uv":[9.75,3.875,11.5,5.625],"texture":"#0"},"west":{"uv":[8.25,7.375,10,9.125],"texture":"#0"},"up":{"uv":[8.25,5.625,10,7.375],"texture":"#0"}}},{"from":[11,-7,3],"to":[15,2,15],"rotation":{"angle":22.5,"axis":"z","origin":[15,2,9]},"faces":{"north":{"uv":[13,10.5,14.125,11],"rotation":270,"texture":"#0"},"east":{"uv":[13,11,14.125,12.5],"rotation":270,"texture":"#0"},"south":{"uv":[13,11,14.125,10.5],"rotation":270,"texture":"#0"},"west":{"uv":[13,11,14.125,12.5],"rotation":270,"texture":"#0"},"up":{"uv":[11.5,11.75,13,12.25],"rotation":270,"texture":"#0"},"down":{"uv":[11.5,11.75,13,12.25],"rotation":270,"texture":"#0"}}},{"from":[1,-7,3],"to":[5,2,15],"rotation":{"angle":-22.5,"axis":"z","origin":[1,2,9]},"faces":{"north":{"uv":[13,11,14.125,10.5],"rotation":270,"texture":"#0"},"east":{"uv":[13,12.5,14.125,11],"rotation":270,"texture":"#0"},"south":{"uv":[13,10.5,14.125,11],"rotation":270,"texture":"#0"},"west":{"uv":[13,12.5,14.125,11],"rotation":270,"texture":"#0"},"up":{"uv":[11.5,12.25,13,11.75],"rotation":270,"texture":"#0"},"down":{"uv":[11.5,12.25,13,11.75],"rotation":270,"texture":"#0"}}}],"gui_light":"front","display":{"thirdperson_righthand":{"rotation":[67,0,0],"translation":[0,3.25,5.25],"scale":[0.33,0.33,0.33]},"thirdperson_lefthand":{"rotation":[67,0,0],"translation":[0,3.25,5.25],"scale":[0.33,0.33,0.33]},"firstperson_righthand":{"translation":[-2,7.25,1.75],"scale":[0.4,0.4,0.4]},"firstperson_lefthand":{"translation":[-2,7.25,1.75],"scale":[0.4,0.4,0.4]},"ground":{"translation":[0,10,0],"scale":[0.5,0.5,0.5]},"gui":{"rotation":[30,-145,0],"translation":[0.5,4,-1.5],"scale":[0.56289,0.56289,0.56289]},"head":{"translation":[0,12.75,-1],"scale":[1.1,1.1,1.1]},"fixed":{"rotation":[-90,0,0],"translation":[0,-1.25,-21.5],"scale":[1.2,1.2,1.2]}},"groups":[{"name":"group","origin":[15,7,5],"color":0,"children":[0,1,2,3]}]}