{"credit":"MadewithBlockbench","texture_size":[128,128],"textures":{"0":"elitecreatures:diablo_weapon_set/diablo_texture","1":"elitecreatures:diablo_weapon_set/animation","particle":"elitecreatures:diablo_weapon_set/diablo_texture"},"elements":[{"from":[6.84283,11,6.90717],"to":[9.09283,21.5,9.15717],"rotation":{"angle":0,"axis":"y","origin":[7.96783,8,2]},"faces":{"north":{"uv":[3.4375,5.625,3.125,6.9375],"texture":"#0"},"east":{"uv":[5.9375,1.125,5.625,2.4375],"texture":"#0"},"south":{"uv":[1.8125,5.75,1.5,7.0625],"texture":"#0"},"west":{"uv":[1.4375,5.75,1.125,7.0625],"texture":"#0"},"up":{"uv":[7.375,6.4375,7.6875,6.125],"rotation":90,"texture":"#0"},"down":{"uv":[6.25,7.375,6.5625,7.6875],"rotation":270,"texture":"#0"}}},{"from":[6.69283,-10,6.80717],"to":[9.19283,8.75,9.30717],"rotation":{"angle":0,"axis":"y","origin":[7.96783,8,2]},"faces":{"north":{"uv":[3.75,0,4.0625,2.3125],"texture":"#0"},"east":{"uv":[0,3.625,0.3125,5.9375],"texture":"#0"},"south":{"uv":[0.375,3.625,0.6875,5.9375],"texture":"#0"},"west":{"uv":[0.75,3.625,1.0625,5.9375],"texture":"#0"},"up":{"uv":[3.3125,7.8125,3,7.5],"rotation":90,"texture":"#0"},"down":{"uv":[7.8125,3.25,7.5,3.5625],"rotation":270,"texture":"#0"}}},{"from":[6.09283,21.5,6.15717],"to":[9.84283,23,9.90717],"rotation":{"angle":0,"axis":"y","origin":[7.96783,8,2]},"faces":{"north":{"uv":[5.375,7.5,4.875,7.6875],"texture":"#0"},"east":{"uv":[8,4.75,7.5,4.9375],"texture":"#0"},"south":{"uv":[8,7,7.5,7.1875],"texture":"#0"},"west":{"uv":[8,6.75,7.5,6.9375],"texture":"#0"},"up":{"uv":[6.5,1.5,7,1],"rotation":90,"texture":"#0"},"down":{"uv":[4.5,6.5,5,7],"rotation":270,"texture":"#0"}}},{"from":[6.09283,-12.25,6.15717],"to":[9.84283,-10,9.90717],"rotation":{"angle":0,"axis":"y","origin":[7.96783,8,2]},"faces":{"north":{"uv":[7,6.875,7.5,7.1875],"texture":"#0"},"east":{"uv":[7,2.75,7.5,3.0625],"texture":"#0"},"south":{"uv":[4.5,7,5,7.3125],"texture":"#0"},"west":{"uv":[7,4.625,7.5,4.9375],"texture":"#0"},"up":{"uv":[7,0.5,6.5,0],"rotation":90,"texture":"#0"},"down":{"uv":[7,0.5,6.5,1],"rotation":270,"texture":"#0"}}},{"from":[6.09283,8.75,6.15717],"to":[9.84283,11,9.90717],"rotation":{"angle":0,"axis":"y","origin":[7.96783,8,2]},"faces":{"north":{"uv":[7,6.875,7.5,7.1875],"texture":"#0"},"east":{"uv":[7,2.75,7.5,3.0625],"texture":"#0"},"south":{"uv":[4.5,7,5,7.3125],"texture":"#0"},"west":{"uv":[7,4.625,7.5,4.9375],"texture":"#0"},"up":{"uv":[7,0.5,6.5,0],"rotation":90,"texture":"#0"},"down":{"uv":[7,0.5,6.5,1],"rotation":270,"texture":"#0"}}},{"from":[7.59283,-16,7.65717],"to":[8.34283,-13.75,8.40717],"rotation":{"angle":0,"axis":"y","origin":[7.96783,8,2]},"faces":{"north":{"uv":[6.375,7.75,6.5,8.0625],"texture":"#0"},"east":{"uv":[6,7.75,6.125,8.0625],"texture":"#0"},"south":{"uv":[6.25,7.75,6.375,8.0625],"texture":"#0"},"west":{"uv":[7.75,6.25,7.875,6.5625],"texture":"#0"},"up":{"uv":[1.25,4.5,1.125,4.375],"rotation":90,"texture":"#0"},"down":{"uv":[7,4.625,6.875,4.75],"rotation":270,"texture":"#0"}}},{"from":[7.21783,-13.75,7.28217],"to":[8.71783,-12.25,8.78217],"rotation":{"angle":0,"axis":"y","origin":[7.96783,8,2]},"faces":{"north":{"uv":[7.25,7.75,7.4375,7.9375],"texture":"#0"},"east":{"uv":[6.5,7.75,6.6875,7.9375],"texture":"#0"},"south":{"uv":[6.75,7.75,6.9375,7.9375],"texture":"#0"},"west":{"uv":[7,7.75,7.1875,7.9375],"texture":"#0"},"up":{"uv":[7.6875,7.9375,7.5,7.75],"rotation":90,"texture":"#0"},"down":{"uv":[7.9375,7.75,7.75,7.9375],"rotation":270,"texture":"#0"}}},{"from":[9.21783,23,6.28217],"to":[10.71783,24.5,7.78217],"rotation":{"angle":0,"axis":"y","origin":[7.96783,8,2]},"faces":{"north":{"uv":[7.25,7.9375,7.4375,7.75],"texture":"#0"},"east":{"uv":[6.5,7.9375,6.6875,7.75],"texture":"#0"},"south":{"uv":[6.75,7.9375,6.9375,7.75],"texture":"#0"},"west":{"uv":[7,7.9375,7.1875,7.75],"texture":"#0"},"up":{"uv":[7.9375,7.9375,7.75,7.75],"rotation":90,"texture":"#0"},"down":{"uv":[7.6875,7.75,7.5,7.9375],"rotation":270,"texture":"#0"}}},{"from":[9.59283,24.5,6.65717],"to":[10.34283,26.75,7.40717],"rotation":{"angle":0,"axis":"y","origin":[7.96783,8,2]},"faces":{"north":{"uv":[6.375,8.0625,6.5,7.75],"texture":"#0"},"east":{"uv":[6,8.0625,6.125,7.75],"texture":"#0"},"south":{"uv":[6.25,8.0625,6.375,7.75],"texture":"#0"},"west":{"uv":[7.75,6.5625,7.875,6.25],"texture":"#0"},"up":{"uv":[7,4.75,6.875,4.625],"rotation":90,"texture":"#0"},"down":{"uv":[1.25,4.375,1.125,4.5],"rotation":270,"texture":"#0"}}},{"from":[5.21783,23,6.28217],"to":[6.71783,24.5,7.78217],"rotation":{"angle":0,"axis":"y","origin":[7.96783,8,2]},"faces":{"north":{"uv":[7.25,7.9375,7.4375,7.75],"texture":"#0"},"east":{"uv":[6.5,7.9375,6.6875,7.75],"texture":"#0"},"south":{"uv":[6.75,7.9375,6.9375,7.75],"texture":"#0"},"west":{"uv":[7,7.9375,7.1875,7.75],"texture":"#0"},"up":{"uv":[7.9375,7.9375,7.75,7.75],"rotation":90,"texture":"#0"},"down":{"uv":[7.6875,7.75,7.5,7.9375],"rotation":270,"texture":"#0"}}},{"from":[5.59283,24.5,6.65717],"to":[6.34283,26.75,7.40717],"rotation":{"angle":0,"axis":"y","origin":[7.96783,8,2]},"faces":{"north":{"uv":[6.375,8.0625,6.5,7.75],"texture":"#0"},"east":{"uv":[6,8.0625,6.125,7.75],"texture":"#0"},"south":{"uv":[6.25,8.0625,6.375,7.75],"texture":"#0"},"west":{"uv":[7.75,6.5625,7.875,6.25],"texture":"#0"},"up":{"uv":[7,4.75,6.875,4.625],"rotation":90,"texture":"#0"},"down":{"uv":[1.25,4.375,1.125,4.5],"rotation":270,"texture":"#0"}}},{"from":[7.59283,5,7.65717],"to":[8.34283,7.25,8.40717],"rotation":{"angle":0,"axis":"y","origin":[7.96783,8,2]},"faces":{"north":{"uv":[6.375,7.75,6.5,8.0625],"texture":"#0"},"east":{"uv":[6,7.75,6.125,8.0625],"texture":"#0"},"south":{"uv":[6.25,7.75,6.375,8.0625],"texture":"#0"},"west":{"uv":[7.75,6.25,7.875,6.5625],"texture":"#0"},"up":{"uv":[1.25,4.5,1.125,4.375],"rotation":90,"texture":"#0"},"down":{"uv":[7,4.625,6.875,4.75],"rotation":270,"texture":"#0"}}},{"from":[7.21783,7.25,7.28217],"to":[8.71783,8.75,8.78217],"rotation":{"angle":0,"axis":"y","origin":[7.96783,8,2]},"faces":{"north":{"uv":[7.25,7.75,7.4375,7.9375],"texture":"#0"},"east":{"uv":[6.5,7.75,6.6875,7.9375],"texture":"#0"},"south":{"uv":[6.75,7.75,6.9375,7.9375],"texture":"#0"},"west":{"uv":[7,7.75,7.1875,7.9375],"texture":"#0"},"up":{"uv":[7.6875,7.9375,7.5,7.75],"rotation":90,"texture":"#0"},"down":{"uv":[7.9375,7.75,7.75,7.9375],"rotation":270,"texture":"#0"}}},{"from":[5.71783,17.27323,0.48761],"to":[10.21783,19.52323,2.73761],"rotation":{"angle":45,"axis":"x","origin":[7.96783,8,2]},"faces":{"north":{"uv":[7.5625,1,7,1.3125],"texture":"#0"},"east":{"uv":[7.8125,2.875,7.5,3.1875],"texture":"#0"},"south":{"uv":[7.5625,0.625,7,0.9375],"texture":"#0"},"west":{"uv":[7.8125,2.5,7.5,2.8125],"texture":"#0"},"up":{"uv":[1.875,7.5625,2.1875,7],"rotation":270,"texture":"#0"},"down":{"uv":[7,2.125,7.3125,2.6875],"rotation":90,"texture":"#0"}}},{"from":[4.96783,18.3638,3.34121],"to":[10.96783,23.6138,7.09121],"rotation":{"angle":22.5,"axis":"x","origin":[7.96783,8,2]},"faces":{"north":{"uv":[5.5,4.25,4.75,4.9375],"texture":"#0"},"east":{"uv":[6.375,4,5.875,4.6875],"texture":"#0"},"south":{"uv":[5.5,3.5,4.75,4.1875],"texture":"#0"},"west":{"uv":[6.375,3.25,5.875,3.9375],"texture":"#0"},"up":{"uv":[3,2.125,3.5,1.375],"rotation":270,"texture":"#0"},"down":{"uv":[5.125,0,5.625,0.75],"rotation":90,"texture":"#0"}}},{"from":[22.28674,-5.16726,7.28217],"to":[23.78674,-3.66726,8.78217],"rotation":{"angle":-45,"axis":"z","origin":[7.96783,8,2]},"faces":{"north":{"uv":[7.875,1.75,8.0625,1.9375],"texture":"#0"},"east":{"uv":[7.875,0,8.0625,0.1875],"texture":"#0"},"south":{"uv":[1.125,7.875,1.3125,8.0625],"texture":"#0"},"west":{"uv":[1.75,7.875,1.9375,8.0625],"texture":"#0"},"up":{"uv":[2.1875,8.0625,2,7.875],"rotation":90,"texture":"#0"},"down":{"uv":[8.0625,2.5,7.875,2.6875],"rotation":270,"texture":"#0"}}},{"from":[23.78674,-4.79226,7.65717],"to":[25.28674,-4.04226,8.40717],"rotation":{"angle":-45,"axis":"z","origin":[7.96783,8,2]},"faces":{"north":{"uv":[7.75,5.125,7.9375,5.25],"texture":"#0"},"east":{"uv":[7.375,1.75,7.5,1.875],"texture":"#0"},"south":{"uv":[7.25,6.75,7.4375,6.875],"texture":"#0"},"west":{"uv":[3,7.375,3.125,7.5],"texture":"#0"},"up":{"uv":[8,3.9375,7.875,3.75],"rotation":90,"texture":"#0"},"down":{"uv":[8,4.375,7.875,4.5625],"rotation":270,"texture":"#0"}}},{"from":[-9.35108,-4.79226,7.65717],"to":[-7.85108,-4.04226,8.40717],"rotation":{"angle":45,"axis":"z","origin":[7.96783,8,2]},"faces":{"north":{"uv":[7.9375,5.125,7.75,5.25],"texture":"#0"},"east":{"uv":[3.125,7.375,3,7.5],"texture":"#0"},"south":{"uv":[7.4375,6.75,7.25,6.875],"texture":"#0"},"west":{"uv":[7.5,1.75,7.375,1.875],"texture":"#0"},"up":{"uv":[8,3.75,7.875,3.9375],"rotation":90,"texture":"#0"},"down":{"uv":[8,4.5625,7.875,4.375],"rotation":270,"texture":"#0"}}},{"from":[-7.85108,-5.16726,7.28217],"to":[-6.35108,-3.66726,8.78217],"rotation":{"angle":45,"axis":"z","origin":[7.96783,8,2]},"faces":{"north":{"uv":[8.0625,1.75,7.875,1.9375],"texture":"#0"},"east":{"uv":[1.9375,7.875,1.75,8.0625],"texture":"#0"},"south":{"uv":[1.3125,7.875,1.125,8.0625],"texture":"#0"},"west":{"uv":[8.0625,0,7.875,0.1875],"texture":"#0"},"up":{"uv":[2.1875,7.875,2,8.0625],"rotation":90,"texture":"#0"},"down":{"uv":[8.0625,2.6875,7.875,2.5],"rotation":270,"texture":"#0"}}},{"from":[7.21783,-0.90187,20.5843],"to":[8.71783,0.59813,22.0843],"rotation":{"angle":45,"axis":"x","origin":[7.96783,8,2]},"faces":{"north":{"uv":[1.75,7.875,1.9375,8.0625],"texture":"#0"},"east":{"uv":[7.875,1.75,8.0625,1.9375],"texture":"#0"},"south":{"uv":[7.875,0,8.0625,0.1875],"texture":"#0"},"west":{"uv":[1.125,7.875,1.3125,8.0625],"texture":"#0"},"up":{"uv":[2.1875,8.0625,2,7.875],"rotation":180,"texture":"#0"},"down":{"uv":[8.0625,2.5,7.875,2.6875],"rotation":180,"texture":"#0"}}},{"from":[7.59283,-0.52687,22.0843],"to":[8.34283,0.22313,23.5843],"rotation":{"angle":45,"axis":"x","origin":[7.96783,8,2]},"faces":{"north":{"uv":[3,7.375,3.125,7.5],"texture":"#0"},"east":{"uv":[7.75,5.125,7.9375,5.25],"texture":"#0"},"south":{"uv":[7.375,1.75,7.5,1.875],"texture":"#0"},"west":{"uv":[7.25,6.75,7.4375,6.875],"texture":"#0"},"up":{"uv":[8,3.9375,7.875,3.75],"rotation":180,"texture":"#0"},"down":{"uv":[8,4.375,7.875,4.5625],"rotation":180,"texture":"#0"}}},{"from":[7.59283,-9.05765,-11.05352],"to":[8.34283,-8.30765,-9.55352],"rotation":{"angle":-45,"axis":"x","origin":[7.96783,8,2]},"faces":{"north":{"uv":[7.5,1.75,7.375,1.875],"texture":"#0"},"east":{"uv":[7.9375,5.125,7.75,5.25],"texture":"#0"},"south":{"uv":[3.125,7.375,3,7.5],"texture":"#0"},"west":{"uv":[7.4375,6.75,7.25,6.875],"texture":"#0"},"up":{"uv":[8,3.75,7.875,3.9375],"rotation":180,"texture":"#0"},"down":{"uv":[8,4.5625,7.875,4.375],"rotation":180,"texture":"#0"}}},{"from":[7.21783,-9.43265,-9.55352],"to":[8.71783,-7.93265,-8.05352],"rotation":{"angle":-45,"axis":"x","origin":[7.96783,8,2]},"faces":{"north":{"uv":[8.0625,0,7.875,0.1875],"texture":"#0"},"east":{"uv":[8.0625,1.75,7.875,1.9375],"texture":"#0"},"south":{"uv":[1.9375,7.875,1.75,8.0625],"texture":"#0"},"west":{"uv":[1.3125,7.875,1.125,8.0625],"texture":"#0"},"up":{"uv":[2.1875,7.875,2,8.0625],"rotation":180,"texture":"#0"},"down":{"uv":[8.0625,2.6875,7.875,2.5],"rotation":180,"texture":"#0"}}},{"from":[8.9375,10.05698,7.65717],"to":[10.4375,10.80698,8.40717],"rotation":{"angle":-45,"axis":"z","origin":[7.96783,8,2]},"faces":{"north":{"uv":[7.75,5.125,7.9375,5.25],"texture":"#0"},"east":{"uv":[7.375,1.75,7.5,1.875],"texture":"#0"},"south":{"uv":[7.25,6.75,7.4375,6.875],"texture":"#0"},"west":{"uv":[3,7.375,3.125,7.5],"texture":"#0"},"up":{"uv":[8,3.9375,7.875,3.75],"rotation":90,"texture":"#0"},"down":{"uv":[8,4.375,7.875,4.5625],"rotation":270,"texture":"#0"}}},{"from":[7.4375,9.68198,7.28217],"to":[8.9375,11.18198,8.78217],"rotation":{"angle":-45,"axis":"z","origin":[7.96783,8,2]},"faces":{"north":{"uv":[7.875,1.75,8.0625,1.9375],"texture":"#0"},"east":{"uv":[7.875,0,8.0625,0.1875],"texture":"#0"},"south":{"uv":[1.125,7.875,1.3125,8.0625],"texture":"#0"},"west":{"uv":[1.75,7.875,1.9375,8.0625],"texture":"#0"},"up":{"uv":[2.1875,8.0625,2,7.875],"rotation":90,"texture":"#0"},"down":{"uv":[8.0625,2.5,7.875,2.6875],"rotation":270,"texture":"#0"}}},{"from":[5.49816,10.05698,7.65717],"to":[6.99816,10.80698,8.40717],"rotation":{"angle":45,"axis":"z","origin":[7.96783,8,2]},"faces":{"north":{"uv":[7.9375,5.125,7.75,5.25],"texture":"#0"},"east":{"uv":[3.125,7.375,3,7.5],"texture":"#0"},"south":{"uv":[7.4375,6.75,7.25,6.875],"texture":"#0"},"west":{"uv":[7.5,1.75,7.375,1.875],"texture":"#0"},"up":{"uv":[8,3.75,7.875,3.9375],"rotation":90,"texture":"#0"},"down":{"uv":[8,4.5625,7.875,4.375],"rotation":270,"texture":"#0"}}},{"from":[6.99816,9.68198,7.28217],"to":[8.49816,11.18198,8.78217],"rotation":{"angle":45,"axis":"z","origin":[7.96783,8,2]},"faces":{"north":{"uv":[8.0625,1.75,7.875,1.9375],"texture":"#0"},"east":{"uv":[1.9375,7.875,1.75,8.0625],"texture":"#0"},"south":{"uv":[1.3125,7.875,1.125,8.0625],"texture":"#0"},"west":{"uv":[8.0625,0,7.875,0.1875],"texture":"#0"},"up":{"uv":[2.1875,7.875,2,8.0625],"rotation":90,"texture":"#0"},"down":{"uv":[8.0625,2.6875,7.875,2.5],"rotation":270,"texture":"#0"}}},{"from":[7.21783,5.41659,5.29572],"to":[8.71783,6.91659,6.79572],"rotation":{"angle":-45,"axis":"x","origin":[7.96783,8,2]},"faces":{"north":{"uv":[8.0625,0,7.875,0.1875],"texture":"#0"},"east":{"uv":[8.0625,1.75,7.875,1.9375],"texture":"#0"},"south":{"uv":[1.9375,7.875,1.75,8.0625],"texture":"#0"},"west":{"uv":[1.3125,7.875,1.125,8.0625],"texture":"#0"},"up":{"uv":[2.1875,7.875,2,8.0625],"rotation":180,"texture":"#0"},"down":{"uv":[8.0625,2.6875,7.875,2.5],"rotation":180,"texture":"#0"}}},{"from":[7.59283,5.79159,3.79572],"to":[8.34283,6.54159,5.29572],"rotation":{"angle":-45,"axis":"x","origin":[7.96783,8,2]},"faces":{"north":{"uv":[7.5,1.75,7.375,1.875],"texture":"#0"},"east":{"uv":[7.9375,5.125,7.75,5.25],"texture":"#0"},"south":{"uv":[3.125,7.375,3,7.5],"texture":"#0"},"west":{"uv":[7.4375,6.75,7.25,6.875],"texture":"#0"},"up":{"uv":[8,3.75,7.875,3.9375],"rotation":180,"texture":"#0"},"down":{"uv":[8,4.5625,7.875,4.375],"rotation":180,"texture":"#0"}}},{"from":[7.59283,14.32237,7.23506],"to":[8.34283,15.07237,8.73506],"rotation":{"angle":45,"axis":"x","origin":[7.96783,8,2]},"faces":{"north":{"uv":[3,7.375,3.125,7.5],"texture":"#0"},"east":{"uv":[7.75,5.125,7.9375,5.25],"texture":"#0"},"south":{"uv":[7.375,1.75,7.5,1.875],"texture":"#0"},"west":{"uv":[7.25,6.75,7.4375,6.875],"texture":"#0"},"up":{"uv":[8,3.9375,7.875,3.75],"rotation":180,"texture":"#0"},"down":{"uv":[8,4.375,7.875,4.5625],"rotation":180,"texture":"#0"}}},{"from":[7.21783,13.94737,5.73506],"to":[8.71783,15.44737,7.23506],"rotation":{"angle":45,"axis":"x","origin":[7.96783,8,2]},"faces":{"north":{"uv":[1.75,7.875,1.9375,8.0625],"texture":"#0"},"east":{"uv":[7.875,1.75,8.0625,1.9375],"texture":"#0"},"south":{"uv":[7.875,0,8.0625,0.1875],"texture":"#0"},"west":{"uv":[1.125,7.875,1.3125,8.0625],"texture":"#0"},"up":{"uv":[2.1875,8.0625,2,7.875],"rotation":180,"texture":"#0"},"down":{"uv":[8.0625,2.5,7.875,2.6875],"rotation":180,"texture":"#0"}}},{"from":[5.71783,16.16614,3.02161],"to":[10.21783,18.41614,6.77161],"rotation":{"angle":0,"axis":"y","origin":[7.96783,8,2]},"faces":{"north":{"uv":[6.625,7.4375,6.9375,6.875],"rotation":270,"texture":"#0"},"east":{"uv":[7.4375,3.5,7.125,3.9375],"rotation":90,"texture":"#0"},"south":{"uv":[7,0,7.3125,0.5625],"rotation":270,"texture":"#0"},"west":{"uv":[3.9375,7.125,3.625,7.5625],"rotation":270,"texture":"#0"},"up":{"uv":[6.0625,6.625,5.5,7.0625],"texture":"#0"},"down":{"uv":[4.0625,6.625,3.5,7.0625],"rotation":180,"texture":"#0"}}},{"from":[5.34283,18.01421,-1.41725],"to":[10.59283,20.63921,2.70775],"rotation":{"angle":22.5,"axis":"x","origin":[7.96783,8,2]},"faces":{"north":{"uv":[6.625,6.4375,7.3125,6.125],"texture":"#0"},"east":{"uv":[1.125,7.4375,1.625,7.125],"texture":"#0"},"south":{"uv":[6.625,6.0625,7.3125,5.75],"texture":"#0"},"west":{"uv":[3.125,7.4375,3.625,7.125],"texture":"#0"},"up":{"uv":[3.125,6.5625,2.625,5.875],"rotation":90,"texture":"#0"},"down":{"uv":[6.375,2.5,5.875,3.1875],"rotation":270,"texture":"#0"}}},{"from":[4.96783,18.36939,-6.36894],"to":[10.96783,21.36939,-1.86894],"rotation":{"angle":45,"axis":"x","origin":[7.96783,8,2]},"faces":{"north":{"uv":[6,2.25,6.75,1.875],"texture":"#0"},"east":{"uv":[6.625,6.875,7.1875,6.5],"texture":"#0"},"south":{"uv":[6,1.875,6.75,1.5],"texture":"#0"},"west":{"uv":[6.75,1.875,7.3125,1.5],"texture":"#0"},"up":{"uv":[5.3125,5.75,4.75,5],"rotation":90,"texture":"#0"},"down":{"uv":[3.6875,4.875,3.125,5.625],"rotation":270,"texture":"#0"}}},{"from":[6.84283,20.75067,-7.51799],"to":[9.09283,23.00067,-4.51799],"rotation":{"angle":45,"axis":"x","origin":[7.96783,8,2]},"faces":{"north":{"uv":[7.8125,1.75,7.5,2.0625],"rotation":90,"texture":"#0"},"east":{"uv":[7.375,0.25,7.6875,0.625],"rotation":270,"texture":"#0"},"south":{"uv":[1.4375,7.8125,1.125,7.5],"rotation":90,"texture":"#0"},"west":{"uv":[7.375,2.125,7.6875,2.5],"rotation":90,"texture":"#0"},"up":{"uv":[2.25,7.375,2.5625,7.75],"rotation":180,"texture":"#0"},"down":{"uv":[7.375,1.375,7.6875,1.75],"texture":"#0"}}},{"from":[7.21783,21.67295,10.13771],"to":[8.71783,24.67295,12.38771],"rotation":{"angle":-22.5,"axis":"x","origin":[7.96783,8,2]},"faces":{"north":{"uv":[3.625,7.625,3.8125,8],"rotation":180,"texture":"#0"},"east":{"uv":[2.625,7.375,2.9375,7.75],"rotation":180,"texture":"#0"},"south":{"uv":[4.125,7.625,4.3125,8],"rotation":180,"texture":"#0"},"west":{"uv":[7.375,4,7.6875,4.375],"rotation":180,"texture":"#0"},"up":{"uv":[4.8125,7.75,4.5,7.9375],"rotation":270,"texture":"#0"},"down":{"uv":[8.0625,4.1875,7.75,4],"rotation":90,"texture":"#0"}}},{"from":[7.36783,26.51796,3.1378],"to":[8.49283,29.51796,5.3878],"rotation":{"angle":0,"axis":"y","origin":[7.96783,8,2]},"faces":{"north":{"uv":[3.5,7,3.125,7.125],"rotation":90,"texture":"#0"},"east":{"uv":[4.5,7.375,4.875,7.6875],"rotation":270,"texture":"#0"},"south":{"uv":[7.375,1.5,7,1.375],"rotation":90,"texture":"#0"},"west":{"uv":[7.375,5.75,7.75,6.0625],"rotation":90,"texture":"#0"},"up":{"uv":[4,7.75,4.125,8.0625],"rotation":180,"texture":"#0"},"down":{"uv":[1,7.75,1.125,8.0625],"texture":"#0"}}},{"from":[8,23,7],"to":[10.5,29.5,8],"rotation":{"angle":-22.5,"axis":"y","origin":[8,26.25,7]},"faces":{"north":{"uv":[4,11,4.3125,11.8125],"texture":"#0"},"east":{"uv":[3.75,11,3.875,11.8125],"texture":"#0"},"south":{"uv":[4.3125,11,4.625,11.8125],"texture":"#0"},"west":{"uv":[3.875,11,4,11.8125],"texture":"#0"},"up":{"uv":[3.625,11,3.75,11.3125],"rotation":90,"texture":"#0"},"down":{"uv":[3.625,11.3125,3.75,11.625],"rotation":270,"texture":"#0"}}},{"from":[8,29.5,7],"to":[9.5,31.5,8],"rotation":{"angle":-22.5,"axis":"y","origin":[8,26.25,7]},"faces":{"north":{"uv":[4,11.8125,4.1875,12.0625],"texture":"#0"},"east":{"uv":[3.75,11.8125,3.875,12.0625],"texture":"#0"},"south":{"uv":[4.1875,11.8125,4.375,12.0625],"texture":"#0"},"west":{"uv":[3.875,11.8125,4,12.0625],"texture":"#0"},"up":{"uv":[3.625,11.625,3.75,11.8125],"rotation":90,"texture":"#0"},"down":{"uv":[3.625,11.8125,3.75,12],"rotation":270,"texture":"#0"}}},{"from":[5.5,23,7],"to":[8,29.5,8],"rotation":{"angle":22.5,"axis":"y","origin":[8,26.25,7]},"faces":{"north":{"uv":[4.3125,11,4,11.8125],"texture":"#0"},"east":{"uv":[4,11,3.875,11.8125],"texture":"#0"},"south":{"uv":[4.625,11,4.3125,11.8125],"texture":"#0"},"west":{"uv":[3.875,11,3.75,11.8125],"texture":"#0"},"up":{"uv":[3.625,11.3125,3.75,11],"rotation":90,"texture":"#0"},"down":{"uv":[3.625,11.625,3.75,11.3125],"rotation":270,"texture":"#0"}}},{"from":[6.5,29.5,7],"to":[8,31.5,8],"rotation":{"angle":22.5,"axis":"y","origin":[8,26.25,7]},"faces":{"north":{"uv":[4.1875,11.8125,4,12.0625],"texture":"#0"},"east":{"uv":[4,11.8125,3.875,12.0625],"texture":"#0"},"south":{"uv":[4.375,11.8125,4.1875,12.0625],"texture":"#0"},"west":{"uv":[3.875,11.8125,3.75,12.0625],"texture":"#0"},"up":{"uv":[3.625,11.8125,3.75,11.625],"rotation":90,"texture":"#0"},"down":{"uv":[3.625,12,3.75,11.8125],"rotation":270,"texture":"#0"}}},{"from":[8,13.5,-1.5],"to":[8,31.5,7.5],"rotation":{"angle":0,"axis":"y","origin":[8,27.5,3]},"faces":{"north":{"uv":[0,0,4,0],"rotation":270,"texture":"#missing"},"east":{"uv":[7,4.5,16,0],"rotation":90,"texture":"#1"},"south":{"uv":[0,0,4,0],"rotation":270,"texture":"#missing"},"west":{"uv":[16,4.5,7,0],"rotation":270,"texture":"#1"},"up":{"uv":[0,0,0,4],"texture":"#missing"},"down":{"uv":[0,0,0,4],"rotation":180,"texture":"#missing"}}},{"from":[8,-12,4],"to":[8,20,6],"rotation":{"angle":0,"axis":"y","origin":[16,0,1]},"faces":{"north":{"uv":[0,0,0,4],"texture":"#missing"},"east":{"uv":[0,0,1,16],"texture":"#1"},"south":{"uv":[0,0,0,4],"texture":"#missing"},"west":{"uv":[1,0,0,16],"texture":"#1"},"up":{"uv":[0,0,4,0],"rotation":90,"texture":"#missing"},"down":{"uv":[0,0,4,0],"rotation":270,"texture":"#missing"}}}],"gui_light":"front","display":{"thirdperson_righthand":{"rotation":[0,-90,0],"translation":[0,5.25,1.5],"scale":[0.6,0.6,0.6]},"thirdperson_lefthand":{"rotation":[0,-90,0],"translation":[0,5.25,1.5],"scale":[0.6,0.6,0.6]},"firstperson_righthand":{"rotation":[0,90,0],"translation":[-0.87,3.95,1.13],"scale":[0.4,0.4,0.4]},"firstperson_lefthand":{"rotation":[0,-90,0],"translation":[-0.87,3.95,1.13],"scale":[0.4,0.4,0.4]},"ground":{"rotation":[0,0,45],"translation":[0,7,0],"scale":[0.4,0.4,0.4]},"gui":{"rotation":[0,0,-45],"translation":[0,0,-0.25],"scale":[0.43555,0.43555,0.43555]},"head":{"translation":[0,26.75,0],"scale":[0,0,0]},"fixed":{"translation":[0,5.75,-1.75],"scale":[1.45,1.45,1.45]}},"groups":[0,1,2,3,4,{"name":"group","origin":[0,1,0],"color":0,"children":[5,6,7,8,9,10,11,12]},{"name":"group","origin":[0,1,0],"color":0,"children":[13,14]},{"name":"group","origin":[0,1,0],"color":0,"children":[15,16,17,18,19,20,21,22,23,24,25,26,27,28,29,30]},{"name":"group","origin":[8.75,-5,8],"color":0,"children":[{"name":"group","origin":[8.75,-5,8],"color":0,"children":[]}]},{"name":"group","origin":[8.75,-5,8],"color":0,"children":[{"name":"group","origin":[8.75,-5,8],"color":0,"children":[31,32]},33]},{"name":"group","origin":[0,0,0],"color":0,"children":[34,{"name":"group","origin":[0,0,0],"color":0,"children":[35,36]}]},{"name":"group","origin":[7.5,26.25,6],"color":0,"children":[37,38,39,40]},41,42]}