{"credit":"MadewithBlockbench","texture_size":[128,128],"textures":{"0":"elitecreatures:diablo_weapon_set/diablo_texture","1":"elitecreatures:diablo_weapon_set/animation","particle":"elitecreatures:diablo_weapon_set/diablo_texture"},"elements":[{"from":[6.875,11,6.875],"to":[9.125,21.5,9.125],"rotation":{"angle":0,"axis":"y","origin":[20,30.5,-4]},"faces":{"north":{"uv":[5.9375,1.125,5.625,2.4375],"texture":"#0"},"east":{"uv":[1.8125,5.75,1.5,7.0625],"texture":"#0"},"south":{"uv":[1.4375,5.75,1.125,7.0625],"texture":"#0"},"west":{"uv":[3.4375,5.625,3.125,6.9375],"texture":"#0"},"up":{"uv":[7.375,6.4375,7.6875,6.125],"texture":"#0"},"down":{"uv":[6.25,7.375,6.5625,7.6875],"texture":"#0"}}},{"from":[6.775,-10,6.775],"to":[9.275,8.75,9.275],"rotation":{"angle":0,"axis":"y","origin":[-4,9.5,-4]},"faces":{"north":{"uv":[0,3.625,0.3125,5.9375],"texture":"#0"},"east":{"uv":[0.375,3.625,0.6875,5.9375],"texture":"#0"},"south":{"uv":[0.75,3.625,1.0625,5.9375],"texture":"#0"},"west":{"uv":[3.75,0,4.0625,2.3125],"texture":"#0"},"up":{"uv":[3.3125,7.8125,3,7.5],"texture":"#0"},"down":{"uv":[7.8125,3.25,7.5,3.5625],"texture":"#0"}}},{"from":[5.375,23,5.375],"to":[10.625,26,10.625],"rotation":{"angle":0,"axis":"y","origin":[20,30.5,-4]},"faces":{"north":{"uv":[7.0625,3.125,6.375,3.5],"texture":"#0"},"east":{"uv":[7.0625,4.25,6.375,4.625],"texture":"#0"},"south":{"uv":[7.0625,3.875,6.375,4.25],"texture":"#0"},"west":{"uv":[7.0625,3.5,6.375,3.875],"texture":"#0"},"up":{"uv":[4.875,1.6875,5.5625,1],"texture":"#0"},"down":{"uv":[4.875,1.75,5.5625,2.4375],"texture":"#0"}}},{"from":[6.125,21.5,6.125],"to":[9.875,23,9.875],"rotation":{"angle":0,"axis":"y","origin":[20,30.5,-4]},"faces":{"north":{"uv":[8,4.75,7.5,4.9375],"texture":"#0"},"east":{"uv":[8,7,7.5,7.1875],"texture":"#0"},"south":{"uv":[8,6.75,7.5,6.9375],"texture":"#0"},"west":{"uv":[5.375,7.5,4.875,7.6875],"texture":"#0"},"up":{"uv":[6.5,1.5,7,1],"texture":"#0"},"down":{"uv":[4.5,6.5,5,7],"texture":"#0"}}},{"from":[6.125,-12.25,6.125],"to":[9.875,-10,9.875],"rotation":{"angle":0,"axis":"y","origin":[-4,9.5,-4]},"faces":{"north":{"uv":[7,2.75,7.5,3.0625],"texture":"#0"},"east":{"uv":[4.5,7,5,7.3125],"texture":"#0"},"south":{"uv":[7,4.625,7.5,4.9375],"texture":"#0"},"west":{"uv":[7,6.875,7.5,7.1875],"texture":"#0"},"up":{"uv":[7,0.5,6.5,0],"texture":"#0"},"down":{"uv":[7,0.5,6.5,1],"texture":"#0"}}},{"from":[6.125,8.75,6.125],"to":[9.875,11,9.875],"rotation":{"angle":0,"axis":"y","origin":[-4,30.5,-4]},"faces":{"north":{"uv":[7,2.75,7.5,3.0625],"texture":"#0"},"east":{"uv":[4.5,7,5,7.3125],"texture":"#0"},"south":{"uv":[7,4.625,7.5,4.9375],"texture":"#0"},"west":{"uv":[7,6.875,7.5,7.1875],"texture":"#0"},"up":{"uv":[7,0.5,6.5,0],"texture":"#0"},"down":{"uv":[7,0.5,6.5,1],"texture":"#0"}}},{"from":[7.29114,24.63556,5.75],"to":[9.54114,28.38556,10.25],"rotation":{"angle":-22.5,"axis":"z","origin":[12.375,23.75,8]},"faces":{"north":{"uv":[7.4375,3.5,7.125,3.9375],"texture":"#0"},"east":{"uv":[6.0625,6.625,5.5,7.0625],"texture":"#0"},"south":{"uv":[3.9375,7.125,3.625,7.5625],"texture":"#0"},"west":{"uv":[4.0625,6.625,3.5,7.0625],"texture":"#0"},"up":{"uv":[6.625,7.4375,6.9375,6.875],"texture":"#0"},"down":{"uv":[7,0,7.3125,0.5625],"texture":"#0"}}},{"from":[11.82323,25.51709,5.375],"to":[15.94823,28.14209,10.625],"rotation":{"angle":45,"axis":"z","origin":[12.375,23.75,8]},"faces":{"north":{"uv":[1.625,7.125,1.125,7.4375],"texture":"#0"},"east":{"uv":[7.3125,6.125,6.625,6.4375],"texture":"#0"},"south":{"uv":[3.625,7.125,3.125,7.4375],"texture":"#0"},"west":{"uv":[7.3125,5.75,6.625,6.0625],"texture":"#0"},"up":{"uv":[5.875,3.1875,6.375,2.5],"texture":"#0"},"down":{"uv":[2.625,5.875,3.125,6.5625],"texture":"#0"}}},{"from":[10.875,23.75,5],"to":[15.375,26.75,11],"rotation":{"angle":22.5,"axis":"z","origin":[12.375,23.75,8]},"faces":{"north":{"uv":[7.1875,6.5,6.625,6.875],"texture":"#0"},"east":{"uv":[6.75,1.875,6,2.25],"texture":"#0"},"south":{"uv":[7.3125,1.5,6.75,1.875],"texture":"#0"},"west":{"uv":[6.75,1.5,6,1.875],"texture":"#0"},"up":{"uv":[3.125,5.625,3.6875,4.875],"texture":"#0"},"down":{"uv":[4.75,5,5.3125,5.75],"texture":"#0"}}},{"from":[3.875,17.125,6.875],"to":[6.875,19.375,9.125],"rotation":{"angle":0,"axis":"y","origin":[6.875,17.125,8]},"faces":{"north":{"uv":[7.6875,0.625,7.375,0.25],"rotation":90,"texture":"#0"},"east":{"uv":[1.125,7.5,1.4375,7.8125],"rotation":270,"texture":"#0"},"south":{"uv":[7.6875,2.5,7.375,2.125],"rotation":270,"texture":"#0"},"west":{"uv":[7.5,2.0625,7.8125,1.75],"rotation":270,"texture":"#0"},"up":{"uv":[2.5625,7.75,2.25,7.375],"rotation":270,"texture":"#0"},"down":{"uv":[7.6875,1.75,7.375,1.375],"rotation":270,"texture":"#0"}}},{"from":[1.10336,15.97695,7.25],"to":[4.10336,18.22695,8.75],"rotation":{"angle":-22.5,"axis":"z","origin":[6.875,17.125,8]},"faces":{"north":{"uv":[2.9375,7.75,2.625,7.375],"rotation":90,"texture":"#0"},"east":{"uv":[7.75,4,8.0625,4.1875],"rotation":270,"texture":"#0"},"south":{"uv":[7.6875,4.375,7.375,4],"rotation":270,"texture":"#0"},"west":{"uv":[4.5,7.9375,4.8125,7.75],"rotation":270,"texture":"#0"},"up":{"uv":[4.3125,8,4.125,7.625],"rotation":270,"texture":"#0"},"down":{"uv":[3.8125,8,3.625,7.625],"rotation":270,"texture":"#0"}}},{"from":[3.60563,22.01796,7.475],"to":[5.85563,25.01796,8.6],"rotation":{"angle":45,"axis":"z","origin":[6.875,17.125,8]},"faces":{"north":{"uv":[4.875,7.6875,4.5,7.375],"rotation":90,"texture":"#0"},"east":{"uv":[7,1.375,7.375,1.5],"rotation":270,"texture":"#0"},"south":{"uv":[7.75,6.0625,7.375,5.75],"rotation":270,"texture":"#0"},"west":{"uv":[3.125,7.125,3.5,7],"rotation":270,"texture":"#0"},"up":{"uv":[4.125,8.0625,4,7.75],"rotation":270,"texture":"#0"},"down":{"uv":[1.125,8.0625,1,7.75],"rotation":270,"texture":"#0"}}},{"from":[0.90531,21.903,7.65],"to":[8.90531,25.403,8.35],"rotation":{"angle":45,"axis":"z","origin":[3.89752,23.93513,8]},"faces":{"north":{"uv":[5.3125,2.5,4.875,3.5],"rotation":90,"texture":"#0"},"east":{"uv":[7.75,0.5,8.1875,0.625],"rotation":270,"texture":"#0"},"south":{"uv":[3.0625,4.875,2.625,5.875],"rotation":270,"texture":"#0"},"west":{"uv":[7.625,5.75,8.0625,5.625],"rotation":270,"texture":"#0"},"up":{"uv":[1.75,7.125,1.625,8.125],"rotation":270,"texture":"#0"},"down":{"uv":[5.5,2.5,5.375,3.5],"rotation":270,"texture":"#0"}}},{"from":[-3.08926,20.91261,7.625],"to":[1.91074,24.41261,8.375],"rotation":{"angle":22.5,"axis":"z","origin":[3.89752,23.93513,8]},"faces":{"north":{"uv":[6.1875,6,5.75,6.625],"rotation":90,"texture":"#0"},"east":{"uv":[7.75,2.375,8.1875,2.5],"rotation":270,"texture":"#0"},"south":{"uv":[5.4375,6.125,5,6.75],"rotation":270,"texture":"#0"},"west":{"uv":[7.75,1.75,8.1875,1.625],"rotation":270,"texture":"#0"},"up":{"uv":[6.125,7.125,6,7.75],"rotation":270,"texture":"#0"},"down":{"uv":[4.125,7.125,4,7.75],"rotation":270,"texture":"#0"}}},{"from":[-7.34911,18.46896,7.65],"to":[-1.40075,21.96896,8.35],"rotation":{"angle":0,"axis":"y","origin":[3.89752,23.93513,8]},"faces":{"north":{"uv":[6,0.75,6.4375,0],"rotation":270,"texture":"#0"},"east":{"uv":[5.3125,7.875,4.875,7.75],"rotation":90,"texture":"#0"},"south":{"uv":[6,1.5,6.4375,0.75],"rotation":90,"texture":"#0"},"west":{"uv":[8.1875,4.25,7.75,4.375],"rotation":90,"texture":"#0"},"up":{"uv":[1.75,7.875,1.875,7.125],"rotation":90,"texture":"#0"},"down":{"uv":[1.125,4.375,1.25,3.625],"rotation":90,"texture":"#0"}}},{"from":[-11.34911,21.96896,8],"to":[1.65089,30.96896,8],"rotation":{"angle":0,"axis":"y","origin":[3.89752,23.93513,8]},"faces":{"north":{"uv":[1.8125,14.875,3.4375,16],"texture":"#0"},"east":{"uv":[5.3125,7.875,4.875,7.75],"rotation":90,"texture":"#0"},"south":{"uv":[3.4375,14.875,1.8125,16],"texture":"#0"},"west":{"uv":[8.1875,4.25,7.75,4.375],"rotation":90,"texture":"#0"},"up":{"uv":[1.75,7.875,1.875,7.125],"rotation":90,"texture":"#0"},"down":{"uv":[1.125,4.375,1.25,3.625],"rotation":90,"texture":"#0"}}},{"from":[-6.375,8.5,6.875],"to":[-4.375,10.5,8.875],"rotation":{"angle":0,"axis":"y","origin":[20,30.5,-4]},"faces":{"north":{"uv":[3.25,14.1875,3.5,14.4375],"texture":"#0"},"east":{"uv":[3.75,14.4375,4,14.6875],"texture":"#0"},"south":{"uv":[3.5,14.4375,3.75,14.6875],"texture":"#0"},"west":{"uv":[3.25,14.4375,3.5,14.6875],"texture":"#0"},"up":{"uv":[3.75,14.1875,4,14.4375],"texture":"#0"},"down":{"uv":[3.5,14.1875,3.75,14.4375],"texture":"#0"}}},{"from":[-6.125,10.5,7.875],"to":[-4.125,18.5,7.875],"rotation":{"angle":0,"axis":"y","origin":[20,30.5,-4]},"faces":{"north":{"uv":[3.4375,15,3.6875,16],"texture":"#0"},"east":{"uv":[1.8125,5.75,1.5,7.0625],"texture":"#0"},"south":{"uv":[3.6875,15,3.4375,16],"texture":"#0"},"west":{"uv":[3.4375,5.625,3.125,6.9375],"texture":"#0"},"up":{"uv":[7.375,6.4375,7.6875,6.125],"texture":"#0"},"down":{"uv":[6.25,7.375,6.5625,7.6875],"texture":"#0"}}},{"from":[-6.875,6.5,7.875],"to":[-3.875,8.5,7.875],"rotation":{"angle":0,"axis":"y","origin":[20,30.5,-4]},"faces":{"north":{"uv":[3.4375,14.75,3.8125,15],"texture":"#0"},"east":{"uv":[1.8125,5.75,1.5,7.0625],"texture":"#0"},"south":{"uv":[3.8125,14.75,3.4375,15],"texture":"#0"},"west":{"uv":[3.4375,5.625,3.125,6.9375],"texture":"#0"},"up":{"uv":[7.375,6.4375,7.6875,6.125],"texture":"#0"},"down":{"uv":[6.25,7.375,6.5625,7.6875],"texture":"#0"}}},{"from":[7.625,-16,7.625],"to":[8.375,-13.75,8.375],"rotation":{"angle":0,"axis":"y","origin":[-4,9.5,-4]},"faces":{"north":{"uv":[6,7.75,6.125,8.0625],"texture":"#0"},"east":{"uv":[6.25,7.75,6.375,8.0625],"texture":"#0"},"south":{"uv":[7.75,6.25,7.875,6.5625],"texture":"#0"},"west":{"uv":[6.375,7.75,6.5,8.0625],"texture":"#0"},"up":{"uv":[1.25,4.5,1.125,4.375],"texture":"#0"},"down":{"uv":[7,4.625,6.875,4.75],"texture":"#0"}}},{"from":[7.25,-13.75,7.25],"to":[8.75,-12.25,8.75],"rotation":{"angle":0,"axis":"y","origin":[-4,9.5,-4]},"faces":{"north":{"uv":[6.5,7.75,6.6875,7.9375],"texture":"#0"},"east":{"uv":[6.75,7.75,6.9375,7.9375],"texture":"#0"},"south":{"uv":[7,7.75,7.1875,7.9375],"texture":"#0"},"west":{"uv":[7.25,7.75,7.4375,7.9375],"texture":"#0"},"up":{"uv":[7.6875,7.9375,7.5,7.75],"texture":"#0"},"down":{"uv":[7.9375,7.75,7.75,7.9375],"texture":"#0"}}},{"from":[7.25,26.25,7.25],"to":[8.75,27.75,8.75],"rotation":{"angle":0,"axis":"y","origin":[-4,6.5,-4]},"faces":{"north":{"uv":[6.5,7.9375,6.6875,7.75],"texture":"#0"},"east":{"uv":[6.75,7.9375,6.9375,7.75],"texture":"#0"},"south":{"uv":[7,7.9375,7.1875,7.75],"texture":"#0"},"west":{"uv":[7.25,7.9375,7.4375,7.75],"texture":"#0"},"up":{"uv":[7.9375,7.9375,7.75,7.75],"texture":"#0"},"down":{"uv":[7.6875,7.75,7.5,7.9375],"texture":"#0"}}},{"from":[7.625,27.5,7.625],"to":[8.375,29.75,8.375],"rotation":{"angle":0,"axis":"y","origin":[-4,6.5,-4]},"faces":{"north":{"uv":[6,8.0625,6.125,7.75],"texture":"#0"},"east":{"uv":[6.25,8.0625,6.375,7.75],"texture":"#0"},"south":{"uv":[7.75,6.5625,7.875,6.25],"texture":"#0"},"west":{"uv":[6.375,8.0625,6.5,7.75],"texture":"#0"},"up":{"uv":[7,4.75,6.875,4.625],"texture":"#0"},"down":{"uv":[1.25,4.375,1.125,4.5],"texture":"#0"}}},{"from":[7.25,28.25,7.25],"to":[8.75,29.75,8.75],"rotation":{"angle":0,"axis":"y","origin":[-4,6.5,-4]},"faces":{"north":{"uv":[6.5,7.9375,6.6875,7.75],"texture":"#0"},"east":{"uv":[6.75,7.9375,6.9375,7.75],"texture":"#0"},"south":{"uv":[7,7.9375,7.1875,7.75],"texture":"#0"},"west":{"uv":[7.25,7.9375,7.4375,7.75],"texture":"#0"},"up":{"uv":[7.9375,7.9375,7.75,7.75],"texture":"#0"},"down":{"uv":[7.6875,7.75,7.5,7.9375],"texture":"#0"}}},{"from":[7.625,29.75,7.625],"to":[8.375,32,8.375],"rotation":{"angle":0,"axis":"y","origin":[-4,6.5,-4]},"faces":{"north":{"uv":[6,8.0625,6.125,7.75],"texture":"#0"},"east":{"uv":[6.25,8.0625,6.375,7.75],"texture":"#0"},"south":{"uv":[7.75,6.5625,7.875,6.25],"texture":"#0"},"west":{"uv":[6.375,8.0625,6.5,7.75],"texture":"#0"},"up":{"uv":[7,4.75,6.875,4.625],"texture":"#0"},"down":{"uv":[1.25,4.375,1.125,4.5],"texture":"#0"}}},{"from":[7.625,5,7.625],"to":[8.375,7.25,8.375],"rotation":{"angle":0,"axis":"y","origin":[-4,30.5,-4]},"faces":{"north":{"uv":[6,7.75,6.125,8.0625],"texture":"#0"},"east":{"uv":[6.25,7.75,6.375,8.0625],"texture":"#0"},"south":{"uv":[7.75,6.25,7.875,6.5625],"texture":"#0"},"west":{"uv":[6.375,7.75,6.5,8.0625],"texture":"#0"},"up":{"uv":[1.25,4.5,1.125,4.375],"texture":"#0"},"down":{"uv":[7,4.625,6.875,4.75],"texture":"#0"}}},{"from":[7.25,7.25,7.25],"to":[8.75,8.75,8.75],"rotation":{"angle":0,"axis":"y","origin":[-4,30.5,-4]},"faces":{"north":{"uv":[6.5,7.75,6.6875,7.9375],"texture":"#0"},"east":{"uv":[6.75,7.75,6.9375,7.9375],"texture":"#0"},"south":{"uv":[7,7.75,7.1875,7.9375],"texture":"#0"},"west":{"uv":[7.25,7.75,7.4375,7.9375],"texture":"#0"},"up":{"uv":[7.6875,7.9375,7.5,7.75],"texture":"#0"},"down":{"uv":[7.9375,7.75,7.75,7.9375],"texture":"#0"}}},{"from":[5.625,20.67268,1.21927],"to":[10.125,22.92268,3.46927],"rotation":{"angle":-45,"axis":"x","origin":[7.875,26.625,6]},"faces":{"north":{"uv":[7.5625,0.625,7,0.9375],"texture":"#0"},"east":{"uv":[7.8125,2.5,7.5,2.8125],"texture":"#0"},"south":{"uv":[7.5625,1,7,1.3125],"texture":"#0"},"west":{"uv":[7.8125,2.875,7.5,3.1875],"texture":"#0"},"up":{"uv":[1.875,7.5625,2.1875,7],"rotation":90,"texture":"#0"},"down":{"uv":[7,2.125,7.3125,2.6875],"rotation":270,"texture":"#0"}}},{"from":[4.875,21.375,3],"to":[10.875,26.625,6.75],"rotation":{"angle":-22.5,"axis":"x","origin":[7.875,26.625,6]},"faces":{"north":{"uv":[5.5,3.5,4.75,4.1875],"texture":"#0"},"east":{"uv":[6.375,3.25,5.875,3.9375],"texture":"#0"},"south":{"uv":[5.5,4.25,4.75,4.9375],"texture":"#0"},"west":{"uv":[6.375,4,5.875,4.6875],"texture":"#0"},"up":{"uv":[3,2.125,3.5,1.375],"rotation":90,"texture":"#0"},"down":{"uv":[5.125,0,5.625,0.75],"rotation":270,"texture":"#0"}}},{"from":[7.25,-9.04657,5.79657],"to":[8.75,-7.54657,7.29657],"rotation":{"angle":-45,"axis":"x","origin":[7.875,-10.375,10.125]},"faces":{"north":{"uv":[7.875,0,8.0625,0.1875],"texture":"#0"},"east":{"uv":[1.125,7.875,1.3125,8.0625],"texture":"#0"},"south":{"uv":[1.75,7.875,1.9375,8.0625],"texture":"#0"},"west":{"uv":[7.875,1.75,8.0625,1.9375],"texture":"#0"},"up":{"uv":[2.1875,8.0625,2,7.875],"texture":"#0"},"down":{"uv":[8.0625,2.5,7.875,2.6875],"texture":"#0"}}},{"from":[7.625,-8.67157,4.29657],"to":[8.375,-7.92157,5.79657],"rotation":{"angle":-45,"axis":"x","origin":[7.875,-10.375,10.125]},"faces":{"north":{"uv":[7.375,1.75,7.5,1.875],"texture":"#0"},"east":{"uv":[7.25,6.75,7.4375,6.875],"texture":"#0"},"south":{"uv":[3,7.375,3.125,7.5],"texture":"#0"},"west":{"uv":[7.75,5.125,7.9375,5.25],"texture":"#0"},"up":{"uv":[8,3.9375,7.875,3.75],"texture":"#0"},"down":{"uv":[8,4.375,7.875,4.5625],"texture":"#0"}}},{"from":[7.625,-11.5,11.375],"to":[8.375,-10.75,12.875],"rotation":{"angle":45,"axis":"x","origin":[7.875,-10.375,9.875]},"faces":{"north":{"uv":[3.125,7.375,3,7.5],"texture":"#0"},"east":{"uv":[7.4375,6.75,7.25,6.875],"texture":"#0"},"south":{"uv":[7.5,1.75,7.375,1.875],"texture":"#0"},"west":{"uv":[7.9375,5.125,7.75,5.25],"texture":"#0"},"up":{"uv":[8,3.75,7.875,3.9375],"texture":"#0"},"down":{"uv":[8,4.5625,7.875,4.375],"texture":"#0"}}},{"from":[7.25,-11.875,9.875],"to":[8.75,-10.375,11.375],"rotation":{"angle":45,"axis":"x","origin":[7.875,-10.375,9.875]},"faces":{"north":{"uv":[1.9375,7.875,1.75,8.0625],"texture":"#0"},"east":{"uv":[1.3125,7.875,1.125,8.0625],"texture":"#0"},"south":{"uv":[8.0625,0,7.875,0.1875],"texture":"#0"},"west":{"uv":[8.0625,1.75,7.875,1.9375],"texture":"#0"},"up":{"uv":[2.1875,7.875,2,8.0625],"texture":"#0"},"down":{"uv":[8.0625,2.6875,7.875,2.5],"texture":"#0"}}},{"from":[9.875,-11.875,7.25],"to":[11.375,-10.375,8.75],"rotation":{"angle":-45,"axis":"z","origin":[9.875,-10.375,8]},"faces":{"north":{"uv":[7.875,1.75,8.0625,1.9375],"texture":"#0"},"east":{"uv":[7.875,0,8.0625,0.1875],"texture":"#0"},"south":{"uv":[1.125,7.875,1.3125,8.0625],"texture":"#0"},"west":{"uv":[1.75,7.875,1.9375,8.0625],"texture":"#0"},"up":{"uv":[2.1875,8.0625,2,7.875],"rotation":90,"texture":"#0"},"down":{"uv":[8.0625,2.5,7.875,2.6875],"rotation":270,"texture":"#0"}}},{"from":[11.375,-11.5,7.625],"to":[12.875,-10.75,8.375],"rotation":{"angle":-45,"axis":"z","origin":[9.875,-10.375,6]},"faces":{"north":{"uv":[7.75,5.125,7.9375,5.25],"texture":"#0"},"east":{"uv":[7.375,1.75,7.5,1.875],"texture":"#0"},"south":{"uv":[7.25,6.75,7.4375,6.875],"texture":"#0"},"west":{"uv":[3,7.375,3.125,7.5],"texture":"#0"},"up":{"uv":[8,3.9375,7.875,3.75],"rotation":90,"texture":"#0"},"down":{"uv":[8,4.375,7.875,4.5625],"rotation":270,"texture":"#0"}}},{"from":[4.22335,-8.84835,7.625],"to":[5.72335,-8.09835,8.375],"rotation":{"angle":45,"axis":"z","origin":[9.875,-10.375,8]},"faces":{"north":{"uv":[7.9375,5.125,7.75,5.25],"texture":"#0"},"east":{"uv":[3.125,7.375,3,7.5],"texture":"#0"},"south":{"uv":[7.4375,6.75,7.25,6.875],"texture":"#0"},"west":{"uv":[7.5,1.75,7.375,1.875],"texture":"#0"},"up":{"uv":[8,3.75,7.875,3.9375],"rotation":90,"texture":"#0"},"down":{"uv":[8,4.5625,7.875,4.375],"rotation":270,"texture":"#0"}}},{"from":[4.625,-11.875,7.25],"to":[6.125,-10.375,8.75],"rotation":{"angle":45,"axis":"z","origin":[6.125,-10.375,8]},"faces":{"north":{"uv":[8.0625,1.75,7.875,1.9375],"texture":"#0"},"east":{"uv":[1.9375,7.875,1.75,8.0625],"texture":"#0"},"south":{"uv":[1.3125,7.875,1.125,8.0625],"texture":"#0"},"west":{"uv":[8.0625,0,7.875,0.1875],"texture":"#0"},"up":{"uv":[2.1875,7.875,2,8.0625],"rotation":90,"texture":"#0"},"down":{"uv":[8.0625,2.6875,7.875,2.5],"rotation":270,"texture":"#0"}}},{"from":[7.625,12.32843,4.29657],"to":[8.375,13.07843,5.79657],"rotation":{"angle":-45,"axis":"x","origin":[7.875,10.625,10.125]},"faces":{"north":{"uv":[7.375,1.75,7.5,1.875],"texture":"#0"},"east":{"uv":[7.25,6.75,7.4375,6.875],"texture":"#0"},"south":{"uv":[3,7.375,3.125,7.5],"texture":"#0"},"west":{"uv":[7.75,5.125,7.9375,5.25],"texture":"#0"},"up":{"uv":[8,3.9375,7.875,3.75],"texture":"#0"},"down":{"uv":[8,4.375,7.875,4.5625],"texture":"#0"}}},{"from":[7.25,11.95343,5.79657],"to":[8.75,13.45343,7.29657],"rotation":{"angle":-45,"axis":"x","origin":[7.875,10.625,10.125]},"faces":{"north":{"uv":[7.875,0,8.0625,0.1875],"texture":"#0"},"east":{"uv":[1.125,7.875,1.3125,8.0625],"texture":"#0"},"south":{"uv":[1.75,7.875,1.9375,8.0625],"texture":"#0"},"west":{"uv":[7.875,1.75,8.0625,1.9375],"texture":"#0"},"up":{"uv":[2.1875,8.0625,2,7.875],"texture":"#0"},"down":{"uv":[8.0625,2.5,7.875,2.6875],"texture":"#0"}}},{"from":[7.625,9.5,11.375],"to":[8.375,10.25,12.875],"rotation":{"angle":45,"axis":"x","origin":[7.875,10.625,9.875]},"faces":{"north":{"uv":[3.125,7.375,3,7.5],"texture":"#0"},"east":{"uv":[7.4375,6.75,7.25,6.875],"texture":"#0"},"south":{"uv":[7.5,1.75,7.375,1.875],"texture":"#0"},"west":{"uv":[7.9375,5.125,7.75,5.25],"texture":"#0"},"up":{"uv":[8,3.75,7.875,3.9375],"texture":"#0"},"down":{"uv":[8,4.5625,7.875,4.375],"texture":"#0"}}},{"from":[7.25,9.125,9.875],"to":[8.75,10.625,11.375],"rotation":{"angle":45,"axis":"x","origin":[7.875,10.625,9.875]},"faces":{"north":{"uv":[1.9375,7.875,1.75,8.0625],"texture":"#0"},"east":{"uv":[1.3125,7.875,1.125,8.0625],"texture":"#0"},"south":{"uv":[8.0625,0,7.875,0.1875],"texture":"#0"},"west":{"uv":[8.0625,1.75,7.875,1.9375],"texture":"#0"},"up":{"uv":[2.1875,7.875,2,8.0625],"texture":"#0"},"down":{"uv":[8.0625,2.6875,7.875,2.5],"texture":"#0"}}},{"from":[4.625,9.125,7.25],"to":[6.125,10.625,8.75],"rotation":{"angle":45,"axis":"z","origin":[6.125,10.625,8]},"faces":{"north":{"uv":[8.0625,1.75,7.875,1.9375],"texture":"#0"},"east":{"uv":[1.9375,7.875,1.75,8.0625],"texture":"#0"},"south":{"uv":[1.3125,7.875,1.125,8.0625],"texture":"#0"},"west":{"uv":[8.0625,0,7.875,0.1875],"texture":"#0"},"up":{"uv":[2.1875,7.875,2,8.0625],"rotation":90,"texture":"#0"},"down":{"uv":[8.0625,2.6875,7.875,2.5],"rotation":270,"texture":"#0"}}},{"from":[4.22335,12.15165,7.625],"to":[5.72335,12.90165,8.375],"rotation":{"angle":45,"axis":"z","origin":[9.875,10.625,8]},"faces":{"north":{"uv":[7.9375,5.125,7.75,5.25],"texture":"#0"},"east":{"uv":[3.125,7.375,3,7.5],"texture":"#0"},"south":{"uv":[7.4375,6.75,7.25,6.875],"texture":"#0"},"west":{"uv":[7.5,1.75,7.375,1.875],"texture":"#0"},"up":{"uv":[8,3.75,7.875,3.9375],"rotation":90,"texture":"#0"},"down":{"uv":[8,4.5625,7.875,4.375],"rotation":270,"texture":"#0"}}},{"from":[11.375,9.5,7.625],"to":[12.875,10.25,8.375],"rotation":{"angle":-45,"axis":"z","origin":[9.875,10.625,6]},"faces":{"north":{"uv":[7.75,5.125,7.9375,5.25],"texture":"#0"},"east":{"uv":[7.375,1.75,7.5,1.875],"texture":"#0"},"south":{"uv":[7.25,6.75,7.4375,6.875],"texture":"#0"},"west":{"uv":[3,7.375,3.125,7.5],"texture":"#0"},"up":{"uv":[8,3.9375,7.875,3.75],"rotation":90,"texture":"#0"},"down":{"uv":[8,4.375,7.875,4.5625],"rotation":270,"texture":"#0"}}},{"from":[9.875,9.125,7.25],"to":[11.375,10.625,8.75],"rotation":{"angle":-45,"axis":"z","origin":[9.875,10.625,8]},"faces":{"north":{"uv":[7.875,1.75,8.0625,1.9375],"texture":"#0"},"east":{"uv":[7.875,0,8.0625,0.1875],"texture":"#0"},"south":{"uv":[1.125,7.875,1.3125,8.0625],"texture":"#0"},"west":{"uv":[1.75,7.875,1.9375,8.0625],"texture":"#0"},"up":{"uv":[2.1875,8.0625,2,7.875],"rotation":90,"texture":"#0"},"down":{"uv":[8.0625,2.5,7.875,2.6875],"rotation":270,"texture":"#0"}}},{"from":[6.45886,24.63556,5.75],"to":[8.70886,28.38556,10.25],"rotation":{"angle":22.5,"axis":"z","origin":[3.625,23.75,8]},"faces":{"north":{"uv":[7.125,3.5,7.4375,3.9375],"texture":"#0"},"east":{"uv":[3.5,6.625,4.0625,7.0625],"texture":"#0"},"south":{"uv":[3.625,7.125,3.9375,7.5625],"texture":"#0"},"west":{"uv":[5.5,6.625,6.0625,7.0625],"texture":"#0"},"up":{"uv":[6.9375,7.4375,6.625,6.875],"texture":"#0"},"down":{"uv":[7.3125,0,7,0.5625],"texture":"#0"}}},{"from":[7.25886,28.38556,7.75],"to":[8.25886,30.38556,8.25],"rotation":{"angle":22.5,"axis":"z","origin":[3.625,23.75,8]},"faces":{"north":{"uv":[7.125,3.5,7.4375,3.9375],"texture":"#0"},"east":{"uv":[3.5,6.625,4.0625,7.0625],"texture":"#0"},"south":{"uv":[3.625,7.125,3.9375,7.5625],"texture":"#0"},"west":{"uv":[5.5,6.625,6.0625,7.0625],"texture":"#0"},"up":{"uv":[6.9375,7.4375,6.625,6.875],"texture":"#0"},"down":{"uv":[7.3125,0,7,0.5625],"texture":"#0"}}},{"from":[0.05177,25.51709,5.375],"to":[4.17677,28.14209,10.625],"rotation":{"angle":-45,"axis":"z","origin":[3.625,23.75,8]},"faces":{"north":{"uv":[1.125,7.125,1.625,7.4375],"texture":"#0"},"east":{"uv":[6.625,5.75,7.3125,6.0625],"texture":"#0"},"south":{"uv":[3.125,7.125,3.625,7.4375],"texture":"#0"},"west":{"uv":[6.625,6.125,7.3125,6.4375],"texture":"#0"},"up":{"uv":[6.375,3.1875,5.875,2.5],"texture":"#0"},"down":{"uv":[3.125,5.875,2.625,6.5625],"texture":"#0"}}},{"from":[-1.94823,26.59209,7.775],"to":[0.05177,27.59209,8.275],"rotation":{"angle":-45,"axis":"z","origin":[3.625,23.75,8]},"faces":{"north":{"uv":[1.125,7.125,1.625,7.4375],"texture":"#0"},"east":{"uv":[6.625,5.75,7.3125,6.0625],"texture":"#0"},"south":{"uv":[3.125,7.125,3.625,7.4375],"texture":"#0"},"west":{"uv":[6.625,6.125,7.3125,6.4375],"texture":"#0"},"up":{"uv":[6.375,3.1875,5.875,2.5],"texture":"#0"},"down":{"uv":[3.125,5.875,2.625,6.5625],"texture":"#0"}}},{"from":[0.625,23.75,5],"to":[5.125,26.75,11],"rotation":{"angle":-22.5,"axis":"z","origin":[3.625,23.75,8]},"faces":{"north":{"uv":[6.625,6.5,7.1875,6.875],"texture":"#0"},"east":{"uv":[6,1.5,6.75,1.875],"texture":"#0"},"south":{"uv":[6.75,1.5,7.3125,1.875],"texture":"#0"},"west":{"uv":[6,1.875,6.75,2.25],"texture":"#0"},"up":{"uv":[3.6875,5.625,3.125,4.875],"texture":"#0"},"down":{"uv":[5.3125,5,4.75,5.75],"texture":"#0"}}},{"from":[-0.875,25.75,7.75],"to":[0.625,26.75,8.25],"rotation":{"angle":-22.5,"axis":"z","origin":[3.625,23.75,8]},"faces":{"north":{"uv":[6.625,6.5,7.1875,6.875],"texture":"#0"},"east":{"uv":[6,1.5,6.75,1.875],"texture":"#0"},"south":{"uv":[6.75,1.5,7.3125,1.875],"texture":"#0"},"west":{"uv":[6,1.875,6.75,2.25],"texture":"#0"},"up":{"uv":[3.6875,5.625,3.125,4.875],"texture":"#0"},"down":{"uv":[5.3125,5,4.75,5.75],"texture":"#0"}}},{"from":[9.125,17.125,6.875],"to":[12.125,19.375,9.125],"rotation":{"angle":0,"axis":"y","origin":[9.125,17.125,8]},"faces":{"north":{"uv":[7.6875,0.25,7.375,0.625],"rotation":90,"texture":"#0"},"east":{"uv":[7.5,1.75,7.8125,2.0625],"rotation":270,"texture":"#0"},"south":{"uv":[7.6875,2.125,7.375,2.5],"rotation":270,"texture":"#0"},"west":{"uv":[1.125,7.8125,1.4375,7.5],"rotation":270,"texture":"#0"},"up":{"uv":[2.5625,7.375,2.25,7.75],"rotation":270,"texture":"#0"},"down":{"uv":[7.6875,1.375,7.375,1.75],"rotation":270,"texture":"#0"}}},{"from":[11.89664,15.97695,7.25],"to":[14.89664,18.22695,8.75],"rotation":{"angle":22.5,"axis":"z","origin":[9.125,17.125,8]},"faces":{"north":{"uv":[2.9375,7.375,2.625,7.75],"rotation":90,"texture":"#0"},"east":{"uv":[4.5,7.75,4.8125,7.9375],"rotation":270,"texture":"#0"},"south":{"uv":[7.6875,4,7.375,4.375],"rotation":270,"texture":"#0"},"west":{"uv":[7.75,4.1875,8.0625,4],"rotation":270,"texture":"#0"},"up":{"uv":[4.3125,7.625,4.125,8],"rotation":270,"texture":"#0"},"down":{"uv":[3.8125,7.625,3.625,8],"rotation":270,"texture":"#0"}}},{"from":[10.14437,22.01796,7.475],"to":[12.39437,25.01796,8.6],"rotation":{"angle":-45,"axis":"z","origin":[9.125,17.125,8]},"faces":{"north":{"uv":[4.875,7.375,4.5,7.6875],"rotation":90,"texture":"#0"},"east":{"uv":[3.125,7,3.5,7.125],"rotation":270,"texture":"#0"},"south":{"uv":[7.75,5.75,7.375,6.0625],"rotation":270,"texture":"#0"},"west":{"uv":[7,1.5,7.375,1.375],"rotation":270,"texture":"#0"},"up":{"uv":[4.125,7.75,4,8.0625],"rotation":270,"texture":"#0"},"down":{"uv":[1.125,7.75,1,8.0625],"rotation":270,"texture":"#0"}}},{"from":[7.09469,21.903,7.65],"to":[15.09469,25.403,8.35],"rotation":{"angle":-45,"axis":"z","origin":[12.10248,23.93513,8]},"faces":{"north":{"uv":[5.3125,3.5,4.875,2.5],"rotation":90,"texture":"#0"},"east":{"uv":[7.625,5.625,8.0625,5.75],"rotation":270,"texture":"#0"},"south":{"uv":[3.0625,5.875,2.625,4.875],"rotation":270,"texture":"#0"},"west":{"uv":[7.75,0.625,8.1875,0.5],"rotation":270,"texture":"#0"},"up":{"uv":[1.75,8.125,1.625,7.125],"rotation":270,"texture":"#0"},"down":{"uv":[5.5,3.5,5.375,2.5],"rotation":270,"texture":"#0"}}},{"from":[14.08926,20.91261,7.625],"to":[19.08926,24.41261,8.375],"rotation":{"angle":-22.5,"axis":"z","origin":[12.10248,23.93513,8]},"faces":{"north":{"uv":[6.1875,6.625,5.75,6],"rotation":90,"texture":"#0"},"east":{"uv":[7.75,1.625,8.1875,1.75],"rotation":270,"texture":"#0"},"south":{"uv":[5.4375,6.75,5,6.125],"rotation":270,"texture":"#0"},"west":{"uv":[7.75,2.5,8.1875,2.375],"rotation":270,"texture":"#0"},"up":{"uv":[6.125,7.75,6,7.125],"rotation":270,"texture":"#0"},"down":{"uv":[4.125,7.75,4,7.125],"rotation":270,"texture":"#0"}}},{"from":[17.40075,18.46896,7.65],"to":[23.34911,21.96896,8.35],"rotation":{"angle":0,"axis":"y","origin":[12.10248,23.93513,8]},"faces":{"north":{"uv":[6,0,6.4375,0.75],"rotation":270,"texture":"#0"},"east":{"uv":[8.1875,4.375,7.75,4.25],"rotation":90,"texture":"#0"},"south":{"uv":[6,0.75,6.4375,1.5],"rotation":90,"texture":"#0"},"west":{"uv":[5.3125,7.75,4.875,7.875],"rotation":90,"texture":"#0"},"up":{"uv":[1.75,7.125,1.875,7.875],"rotation":90,"texture":"#0"},"down":{"uv":[1.125,3.625,1.25,4.375],"rotation":90,"texture":"#0"}}},{"from":[14.34911,21.96896,8],"to":[27.34911,30.96896,8],"rotation":{"angle":0,"axis":"y","origin":[12.10248,23.93513,8]},"faces":{"north":{"uv":[3.4375,14.875,1.8125,16],"texture":"#0"},"east":{"uv":[8.1875,4.375,7.75,4.25],"rotation":90,"texture":"#0"},"south":{"uv":[1.8125,14.875,3.4375,16],"texture":"#0"},"west":{"uv":[5.3125,7.75,4.875,7.875],"rotation":90,"texture":"#0"},"up":{"uv":[1.75,7.125,1.875,7.875],"rotation":90,"texture":"#0"},"down":{"uv":[1.125,3.625,1.25,4.375],"rotation":90,"texture":"#0"}}},{"from":[20.375,8.5,6.875],"to":[22.375,10.5,8.875],"rotation":{"angle":0,"axis":"y","origin":[-4,30.5,-4]},"faces":{"north":{"uv":[3.5,14.1875,3.25,14.4375],"texture":"#0"},"east":{"uv":[3.5,14.4375,3.25,14.6875],"texture":"#0"},"south":{"uv":[3.75,14.4375,3.5,14.6875],"texture":"#0"},"west":{"uv":[4,14.4375,3.75,14.6875],"texture":"#0"},"up":{"uv":[4,14.1875,3.75,14.4375],"texture":"#0"},"down":{"uv":[3.75,14.1875,3.5,14.4375],"texture":"#0"}}},{"from":[20.125,10.5,7.875],"to":[22.125,18.5,7.875],"rotation":{"angle":0,"axis":"y","origin":[-4,30.5,-4]},"faces":{"north":{"uv":[3.6875,15,3.4375,16],"texture":"#0"},"east":{"uv":[3.125,5.625,3.4375,6.9375],"texture":"#0"},"south":{"uv":[3.4375,15,3.6875,16],"texture":"#0"},"west":{"uv":[1.5,5.75,1.8125,7.0625],"texture":"#0"},"up":{"uv":[7.6875,6.4375,7.375,6.125],"texture":"#0"},"down":{"uv":[6.5625,7.375,6.25,7.6875],"texture":"#0"}}},{"from":[19.875,6.5,7.875],"to":[22.875,8.5,7.875],"rotation":{"angle":0,"axis":"y","origin":[-4,30.5,-4]},"faces":{"north":{"uv":[3.8125,14.75,3.4375,15],"texture":"#0"},"east":{"uv":[3.125,5.625,3.4375,6.9375],"texture":"#0"},"south":{"uv":[3.4375,14.75,3.8125,15],"texture":"#0"},"west":{"uv":[1.5,5.75,1.8125,7.0625],"texture":"#0"},"up":{"uv":[7.6875,6.4375,7.375,6.125],"texture":"#0"},"down":{"uv":[6.5625,7.375,6.25,7.6875],"texture":"#0"}}},{"from":[-1,-4,8],"to":[20,17,8],"faces":{"north":{"uv":[4,16,14.5,5.5],"texture":"#1"},"east":{"uv":[0,0,0,4],"texture":"#missing"},"south":{"uv":[14.5,16,4,5.5],"texture":"#1"},"west":{"uv":[0,0,0,4],"texture":"#missing"},"up":{"uv":[0,0,4,0],"texture":"#missing"},"down":{"uv":[0,0,4,0],"texture":"#missing"}}}],"gui_light":"front","display":{"thirdperson_righthand":{"rotation":[0,90,0],"translation":[0,5.25,1.5],"scale":[0.6,0.6,0.6]},"thirdperson_lefthand":{"rotation":[0,-90,0],"translation":[0,5.25,1.5],"scale":[0.6,0.6,0.6]},"firstperson_righthand":{"rotation":[0,90,0],"translation":[-0.87,3.95,1.13],"scale":[0.4,0.4,0.4]},"firstperson_lefthand":{"rotation":[0,-90,0],"translation":[-0.87,3.95,1.13],"scale":[0.4,0.4,0.4]},"ground":{"rotation":[0,0,45],"translation":[0,7,0],"scale":[0.4,0.4,0.4]},"gui":{"rotation":[0,180,45],"translation":[-1.5,-1.5,-0.25],"scale":[0.34766,0.34766,0.34766]},"head":{"translation":[0,26.75,0],"scale":[0,0,0]},"fixed":{"translation":[0,5.75,-1.75],"scale":[1.45,1.45,1.45]}},"groups":[0,1,2,3,4,5,{"name":"group","origin":[8.75,-5,8],"color":0,"children":[{"name":"group","origin":[8.75,-5,8],"color":0,"children":[6,7]},8]},{"name":"group","origin":[0,0,0],"color":0,"children":[9,{"name":"group","origin":[0,0,0],"color":0,"children":[10,11]},{"name":"group","origin":[8,4,8],"color":0,"children":[12,13,14,15]},16,17,18]},{"name":"group","origin":[0,1,0],"color":0,"children":[19,20,21,22,23,24,25,26]},{"name":"group","origin":[0,1,0],"color":0,"children":[27,28]},{"name":"group","origin":[0,1,0],"color":0,"children":[29,30,31,32,33,34,35,36,37,38,39,40,41,42,43,44]},{"name":"group","origin":[8.75,-5,8],"color":0,"children":[{"name":"group","origin":[8.75,-5,8],"color":0,"children":[45,46,47,48]},49,50]},{"name":"group","origin":[0,0,0],"color":0,"children":[51,{"name":"group","origin":[0,0,0],"color":0,"children":[52,53]},{"name":"group","origin":[8,4,8],"color":0,"children":[54,55,56,57]},58,59,60,61]}]}