{"credit":"MadewithBlockbench","texture_size":[128,128],"textures":{"0":"elitecreatures:diablo_weapon_set/diablo_texture","particle":"elitecreatures:diablo_weapon_set/diablo_texture"},"elements":[{"from":[0,-7,14],"to":[16,22,15],"rotation":{"angle":-22.5,"axis":"x","origin":[8,22,14]},"faces":{"north":{"uv":[16,0,14,3.625],"texture":"#0"},"east":{"uv":[14.125,0,14,3.625],"texture":"#0"},"south":{"uv":[16,5.625,14,9.25],"texture":"#0"},"west":{"uv":[16,0,15.875,3.625],"texture":"#0"},"up":{"uv":[16,0,14,0.125],"texture":"#0"},"down":{"uv":[16,3.5,14,3.625],"texture":"#0"}}},{"from":[10,-7,15],"to":[26,22,15],"rotation":{"angle":-45,"axis":"x","origin":[8,22,14]},"faces":{"north":{"uv":[14,0,12,3.625],"texture":"#0"},"east":{"uv":[0,0,0,3.625],"texture":"#missing"},"south":{"uv":[12,0,14,3.625],"texture":"#0"},"west":{"uv":[0,0,0,3.625],"texture":"#missing"},"up":{"uv":[0,0,2,0],"texture":"#missing"},"down":{"uv":[0,0,2,0],"texture":"#missing"}}},{"from":[-10,-7,15],"to":[6,22,15],"rotation":{"angle":-45,"axis":"x","origin":[8,22,14]},"faces":{"north":{"uv":[12,0,14,3.625],"texture":"#0"},"east":{"uv":[0,0,0,3.625],"texture":"#missing"},"south":{"uv":[14,0,12,3.625],"texture":"#0"},"west":{"uv":[0,0,0,3.625],"texture":"#missing"},"up":{"uv":[2,0,0,0],"texture":"#missing"},"down":{"uv":[2,0,0,0],"texture":"#missing"}}},{"from":[-2,20,5],"to":[-2,29,17],"rotation":{"angle":45,"axis":"z","origin":[-2,21.5,11]},"faces":{"north":{"uv":[13.25,3.625,14.125,4.625],"texture":"#0"},"east":{"uv":[16,9.25,14.5,10.375],"texture":"#0"},"south":{"uv":[13.25,4.625,14.125,5.625],"texture":"#0"},"west":{"uv":[14.5,9.25,16,10.375],"texture":"#0"},"up":{"uv":[14.125,4.625,15,5.625],"texture":"#0"},"down":{"uv":[14.125,3.625,15,4.625],"texture":"#0"}}},{"from":[1,20,5],"to":[1,29,17],"rotation":{"angle":22.5,"axis":"z","origin":[1,21.5,11]},"faces":{"north":{"uv":[13.25,3.625,14.125,4.625],"texture":"#0"},"east":{"uv":[16,9.25,14.5,10.375],"texture":"#0"},"south":{"uv":[13.25,4.625,14.125,5.625],"texture":"#0"},"west":{"uv":[14.5,9.25,16,10.375],"texture":"#0"},"up":{"uv":[14.125,4.625,15,5.625],"texture":"#0"},"down":{"uv":[14.125,3.625,15,4.625],"texture":"#0"}}},{"from":[-6,15,7],"to":[1,23,15],"rotation":{"angle":0,"axis":"y","origin":[8,22,14]},"faces":{"north":{"uv":[13.25,3.625,14.125,4.625],"texture":"#0"},"east":{"uv":[15,3.625,16,4.625],"texture":"#0"},"south":{"uv":[13.25,4.625,14.125,5.625],"texture":"#0"},"west":{"uv":[15,4.625,16,5.625],"texture":"#0"},"up":{"uv":[14.125,4.625,15,5.625],"texture":"#0"},"down":{"uv":[14.125,3.625,15,4.625],"texture":"#0"}}},{"from":[18,20,5],"to":[18,29,17],"rotation":{"angle":-45,"axis":"z","origin":[18,21.5,11]},"faces":{"north":{"uv":[14.125,3.625,13.25,4.625],"texture":"#0"},"east":{"uv":[16,9.25,14.5,10.375],"texture":"#0"},"south":{"uv":[14.125,4.625,13.25,5.625],"texture":"#0"},"west":{"uv":[14.5,9.25,16,10.375],"texture":"#0"},"up":{"uv":[15,4.625,14.125,5.625],"texture":"#0"},"down":{"uv":[15,3.625,14.125,4.625],"texture":"#0"}}},{"from":[15,20,5],"to":[15,29,17],"rotation":{"angle":-22.5,"axis":"z","origin":[15,21.5,11]},"faces":{"north":{"uv":[14.125,3.625,13.25,4.625],"texture":"#0"},"east":{"uv":[16,9.25,14.5,10.375],"texture":"#0"},"south":{"uv":[14.125,4.625,13.25,5.625],"texture":"#0"},"west":{"uv":[14.5,9.25,16,10.375],"texture":"#0"},"up":{"uv":[15,4.625,14.125,5.625],"texture":"#0"},"down":{"uv":[15,3.625,14.125,4.625],"texture":"#0"}}},{"from":[15,15,7],"to":[22,23,15],"rotation":{"angle":0,"axis":"y","origin":[8,22,14]},"faces":{"north":{"uv":[14.125,3.625,13.25,4.625],"texture":"#0"},"east":{"uv":[16,4.625,15,5.625],"texture":"#0"},"south":{"uv":[14.125,4.625,13.25,5.625],"texture":"#0"},"west":{"uv":[16,3.625,15,4.625],"texture":"#0"},"up":{"uv":[15,4.625,14.125,5.625],"texture":"#0"},"down":{"uv":[15,3.625,14.125,4.625],"texture":"#0"}}}],"gui_light":"front","display":{"thirdperson_righthand":{"rotation":[67,180,0],"translation":[0,-2.5,-0.75],"scale":[0.3,0.3,0.3]},"thirdperson_lefthand":{"rotation":[67.5,0,0],"translation":[-6,-2.5,4.75],"scale":[0.57734,0.57734,0.57734]},"firstperson_righthand":{"rotation":[-180,180,-180],"translation":[1.25,0.25,-3.25],"scale":[0.34297,0.34297,0.34297]},"firstperson_lefthand":{"rotation":[0,90,0],"translation":[0,-2.5,1.5],"scale":[0,0,0]},"ground":{"translation":[0,7,0],"scale":[0.4,0.4,0.4]},"gui":{"rotation":[19,-45,-20],"translation":[2.5,-0.5,-0.25],"scale":[0.3593,0.3593,0.3593]},"head":{"translation":[0,-20.25,-2.75],"scale":[0,0,0]},"fixed":{"rotation":[0,180,0],"translation":[0,-4,-1.5],"scale":[1.4,1.4,1.4]}},"groups":[0,1,2,{"name":"group","origin":[8,22,14],"color":0,"children":[3,4,5]},{"name":"group","origin":[8,22,14],"color":0,"children":[6,7,8]}]}