{"textures":{"0":"social_media_robot:entity/twitch_robot/twitch_robot"},"elements":[{"faces":{"north":{"uv":[6,6.25,6.25,8.75],"texture":"#0","tintindex":0},"east":{"uv":[6,6.25,6.25,8.75],"texture":"#0","tintindex":0},"south":{"uv":[6,6.25,6.25,8.75],"texture":"#0","tintindex":0},"west":{"uv":[6,6.25,6.25,8.75],"texture":"#0","tintindex":0},"up":{"uv":[6,4.25,6.25,4.5],"texture":"#0","tintindex":0},"down":{"uv":[2.75,2.5,3,2.25],"texture":"#0","tintindex":0}},"to":[8.2,9,8.2],"from":[7.8,5,7.8],"rotation":{"angle":0,"axis":"y","origin":[8,7,8]}}],"display":{"head":{"translation":[0,5.6,0],"scale":[4,4,4],"rotation":[0,0,0]}}}