{"textures":{"0":"social_media_robot:entity/twitch_robot/twitch_robot"},"elements":[{"faces":{"north":{"uv":[9.5,8.75,8.75,9.5],"texture":"#0","tintindex":0},"east":{"uv":[8.75,8.75,8,9.5],"texture":"#0","tintindex":0},"south":{"uv":[8,8.75,7.25,9.5],"texture":"#0","tintindex":0},"west":{"uv":[9.75,1,9,1.75],"texture":"#0","tintindex":0},"up":{"uv":[9.75,1.75,9,2.5],"texture":"#0","tintindex":0},"down":{"uv":[9.75,3.25,9,2.5],"texture":"#0","tintindex":0}},"to":[8.6,5.2,8.6],"from":[7.4,4,7.4],"rotation":{"angle":0,"axis":"y","origin":[8,4.6,8]}}],"display":{"head":{"translation":[0,5.6,0],"scale":[4,4,4],"rotation":[0,0,0]}}}