{
  "credit": "Made with Blockbench",
  "texture_size": [
    32,
    32
  ],
  "textures": {
    "1": "seamelody:seamelody/seamelody_staff"
  },
  "elements": [
    {
      "from": [
        7.7,
        -0.79289,
        7.7
      ],
      "to": [
        8.3,
        4.20711,
        8.3
      ],
      "rotation": {
        "angle": 0,
        "axis": "y",
        "origin": [
          8,
          -0.29289,
          8
        ]
      },
      "faces": {
        "north": {
          "uv": [
            8,
            9.5,
            8.25,
            12
          ],
          "texture": "#1"
        },
        "east": {
          "uv": [
            9,
            10.5,
            9.25,
            13
          ],
          "texture": "#1"
        },
        "south": {
          "uv": [
            10,
            10.5,
            10.25,
            13
          ],
          "texture": "#1"
        },
        "west": {
          "uv": [
            0,
            11,
            0.25,
            13.5
          ],
          "texture": "#1"
        },
        "up": {
          "uv": [
            12.75,
            3.25,
            12.5,
            3
          ],
          "texture": "#1"
        },
        "down": {
          "uv": [
            4.25,
            12.5,
            4,
            12.75
          ],
          "texture": "#1"
        }
      }
    },
    {
      "from": [
        7.6,
        4.20711,
        7.6
      ],
      "to": [
        8.4,
        9.20711,
        8.4
      ],
      "rotation": {
        "angle": 0,
        "axis": "y",
        "origin": [
          8,
          -0.29289,
          8
        ]
      },
      "faces": {
        "north": {
          "uv": [
            9,
            7.5,
            9.375,
            10
          ],
          "texture": "#1"
        },
        "east": {
          "uv": [
            9.5,
            1.5,
            9.875,
            4
          ],
          "texture": "#1"
        },
        "south": {
          "uv": [
            4,
            9.5,
            4.375,
            12
          ],
          "texture": "#1"
        },
        "west": {
          "uv": [
            5,
            9.5,
            5.375,
            12
          ],
          "texture": "#1"
        },
        "up": {
          "uv": [
            12.875,
            1.375,
            12.5,
            1
          ],
          "texture": "#1"
        },
        "down": {
          "uv": [
            12.875,
            2,
            12.5,
            2.375
          ],
          "texture": "#1"
        }
      }
    },
    {
      "from": [
        7.5,
        9.20711,
        7.5
      ],
      "to": [
        8.5,
        14.20711,
        8.5
      ],
      "rotation": {
        "angle": 0,
        "axis": "y",
        "origin": [
          8,
          -0.29289,
          8
        ]
      },
      "faces": {
        "north": {
          "uv": [
            0,
            8,
            0.5,
            10.5
          ],
          "texture": "#1"
        },
        "east": {
          "uv": [
            1,
            8,
            1.5,
            10.5
          ],
          "texture": "#1"
        },
        "south": {
          "uv": [
            2,
            8,
            2.5,
            10.5
          ],
          "texture": "#1"
        },
        "west": {
          "uv": [
            3,
            8,
            3.5,
            10.5
          ],
          "texture": "#1"
        },
        "up": {
          "uv": [
            12.5,
            12.5,
            12,
            12
          ],
          "texture": "#1"
        },
        "down": {
          "uv": [
            13,
            0,
            12.5,
            0.5
          ],
          "texture": "#1"
        }
      }
    },
    {
      "from": [
        7.44,
        14.08711,
        6.88
      ],
      "to": [
        8.56,
        16.32711,
        9.12
      ],
      "rotation": {
        "angle": -45,
        "axis": "x",
        "origin": [
          8,
          15.20711,
          8
        ]
      },
      "faces": {
        "north": {
          "uv": [
            1,
            11,
            1.5,
            12.125
          ],
          "texture": "#1"
        },
        "east": {
          "uv": [
            7.5,
            2,
            8.625,
            3.125
          ],
          "texture": "#1"
        },
        "south": {
          "uv": [
            2,
            11,
            2.5,
            12.125
          ],
          "texture": "#1"
        },
        "west": {
          "uv": [
            7.5,
            4,
            8.625,
            5.125
          ],
          "texture": "#1"
        },
        "up": {
          "uv": [
            3.5,
            12.125,
            3,
            11
          ],
          "texture": "#1"
        },
        "down": {
          "uv": [
            6.5,
            11,
            6,
            12.125
          ],
          "texture": "#1"
        }
      }
    },
    {
      "from": [
        7.44,
        -1.62,
        7.38
      ],
      "to": [
        8.56,
        -0.38,
        8.62
      ],
      "rotation": {
        "angle": -45,
        "axis": "x",
        "origin": [
          8,
          -1,
          8
        ]
      },
      "faces": {
        "north": {
          "uv": [
            7,
            11,
            7.5,
            11.625
          ],
          "texture": "#1"
        },
        "east": {
          "uv": [
            11,
            10.5,
            11.625,
            11.125
          ],
          "texture": "#1"
        },
        "south": {
          "uv": [
            12,
            7.5,
            12.5,
            8.125
          ],
          "texture": "#1"
        },
        "west": {
          "uv": [
            11.5,
            4.5,
            12.125,
            5.125
          ],
          "texture": "#1"
        },
        "up": {
          "uv": [
            12.5,
            9.625,
            12,
            9
          ],
          "texture": "#1"
        },
        "down": {
          "uv": [
            11.5,
            12,
            11,
            12.625
          ],
          "texture": "#1"
        }
      }
    },
    {
      "from": [
        6.5,
        14.5,
        5.3
      ],
      "to": [
        9.5,
        17.5,
        8.3
      ],
      "rotation": {
        "angle": 22.5,
        "axis": "x",
        "origin": [
          8,
          17,
          7
        ]
      },
      "faces": {
        "north": {
          "uv": [
            5.5,
            2,
            7,
            3.5
          ],
          "texture": "#1"
        },
        "east": {
          "uv": [
            5.5,
            4,
            7,
            5.5
          ],
          "texture": "#1"
        },
        "south": {
          "uv": [
            0,
            6,
            1.5,
            7.5
          ],
          "texture": "#1"
        },
        "west": {
          "uv": [
            2,
            6,
            3.5,
            7.5
          ],
          "texture": "#1"
        },
        "up": {
          "uv": [
            5.5,
            7.5,
            4,
            6
          ],
          "texture": "#1"
        },
        "down": {
          "uv": [
            7.5,
            6,
            6,
            7.5
          ],
          "texture": "#1"
        }
      }
    },
    {
      "from": [
        6.3005,
        14.29908,
        5.09962
      ],
      "to": [
        9.7005,
        15.49908,
        5.09962
      ],
      "rotation": {
        "angle": 22.5,
        "axis": "x",
        "origin": [
          8.0005,
          16.99908,
          6.99962
        ]
      },
      "faces": {
        "north": {
          "uv": [
            8,
            6,
            9.75,
            6.625
          ],
          "texture": "#1"
        },
        "east": {
          "uv": [
            13.5,
            2,
            13.5,
            2.625
          ],
          "texture": "#1"
        },
        "south": {
          "uv": [
            8,
            6,
            9.75,
            6.625
          ],
          "texture": "#1"
        },
        "west": {
          "uv": [
            4,
            13.5,
            4,
            14.125
          ],
          "texture": "#1"
        },
        "up": {
          "uv": [
            15.25,
            3.5,
            13.5,
            3.5
          ],
          "texture": "#1"
        },
        "down": {
          "uv": [
            15.25,
            7,
            13.5,
            7
          ],
          "texture": "#1"
        }
      }
    },
    {
      "from": [
        6.3005,
        14.28385,
        5.17615
      ],
      "to": [
        9.7005,
        14.28385,
        8.17615
      ],
      "rotation": {
        "angle": 22.5,
        "axis": "x",
        "origin": [
          8.0005,
          17.18385,
          7.07615
        ]
      },
      "faces": {
        "north": {
          "uv": [
            13.5,
            0,
            15.25,
            0
          ],
          "texture": "#1"
        },
        "east": {
          "uv": [
            13.5,
            0.5,
            15,
            0.5
          ],
          "texture": "#1"
        },
        "south": {
          "uv": [
            13.5,
            1,
            15.25,
            1
          ],
          "texture": "#1"
        },
        "west": {
          "uv": [
            13.5,
            1.5,
            15,
            1.5
          ],
          "texture": "#1"
        },
        "up": {
          "uv": [
            7.25,
            1.5,
            5.5,
            0
          ],
          "texture": "#1"
        },
        "down": {
          "uv": [
            7.25,
            0,
            5.5,
            1.5
          ],
          "texture": "#1"
        }
      }
    },
    {
      "from": [
        9.6995,
        14.3,
        5.1
      ],
      "to": [
        9.6995,
        15.5,
        8.1
      ],
      "rotation": {
        "angle": 22.5,
        "axis": "x",
        "origin": [
          7.9995,
          17,
          7
        ]
      },
      "faces": {
        "north": {
          "uv": [
            13,
            11,
            13,
            11.625
          ],
          "texture": "#1"
        },
        "east": {
          "uv": [
            10.5,
            3,
            12,
            3.625
          ],
          "texture": "#1"
        },
        "south": {
          "uv": [
            12,
            13,
            12,
            13.625
          ],
          "texture": "#1"
        },
        "west": {
          "uv": [
            12,
            3,
            10.5,
            3.625
          ],
          "texture": "#1"
        },
        "up": {
          "uv": [
            12.5,
            14.5,
            12.5,
            13
          ],
          "texture": "#1"
        },
        "down": {
          "uv": [
            13,
            12.5,
            13,
            14
          ],
          "texture": "#1"
        }
      }
    },
    {
      "from": [
        6.3005,
        14.29908,
        5.09962
      ],
      "to": [
        6.3005,
        15.49908,
        8.09962
      ],
      "rotation": {
        "angle": 22.5,
        "axis": "x",
        "origin": [
          8.0005,
          16.99908,
          6.99962
        ]
      },
      "faces": {
        "north": {
          "uv": [
            6,
            13,
            6,
            13.625
          ],
          "texture": "#1"
        },
        "east": {
          "uv": [
            12,
            1.5,
            10.5,
            2.125
          ],
          "texture": "#1"
        },
        "south": {
          "uv": [
            6.5,
            13,
            6.5,
            13.625
          ],
          "texture": "#1"
        },
        "west": {
          "uv": [
            10.5,
            1.5,
            12,
            2.125
          ],
          "texture": "#1"
        },
        "up": {
          "uv": [
            13,
            8.5,
            13,
            7
          ],
          "texture": "#1"
        },
        "down": {
          "uv": [
            13,
            9,
            13,
            10.5
          ],
          "texture": "#1"
        }
      }
    },
    {
      "from": [
        9.6995,
        16.83746,
        5.7382
      ],
      "to": [
        9.6995,
        18.03746,
        8.7382
      ],
      "rotation": {
        "angle": 22.5,
        "axis": "x",
        "origin": [
          7.9995,
          17.99395,
          6.28195
        ]
      },
      "faces": {
        "north": {
          "uv": [
            12,
            13,
            12,
            13.625
          ],
          "rotation": 180,
          "texture": "#1"
        },
        "east": {
          "uv": [
            10.5,
            3,
            12,
            3.625
          ],
          "rotation": 180,
          "texture": "#1"
        },
        "south": {
          "uv": [
            13,
            11,
            13,
            11.625
          ],
          "rotation": 180,
          "texture": "#1"
        },
        "west": {
          "uv": [
            12,
            3,
            10.5,
            3.625
          ],
          "rotation": 180,
          "texture": "#1"
        },
        "up": {
          "uv": [
            13,
            12.5,
            13,
            14
          ],
          "texture": "#1"
        },
        "down": {
          "uv": [
            12.5,
            14.5,
            12.5,
            13
          ],
          "texture": "#1"
        }
      }
    },
    {
      "from": [
        6.2995,
        16.83746,
        8.7382
      ],
      "to": [
        9.6995,
        18.03746,
        8.7382
      ],
      "rotation": {
        "angle": 22.5,
        "axis": "x",
        "origin": [
          7.9995,
          17.99395,
          6.28195
        ]
      },
      "faces": {
        "north": {
          "uv": [
            8,
            6,
            9.75,
            6.625
          ],
          "rotation": 180,
          "texture": "#1"
        },
        "east": {
          "uv": [
            13.5,
            2,
            13.5,
            2.625
          ],
          "rotation": 180,
          "texture": "#1"
        },
        "south": {
          "uv": [
            8,
            6,
            9.75,
            6.625
          ],
          "rotation": 180,
          "texture": "#1"
        },
        "west": {
          "uv": [
            4,
            13.5,
            4,
            14.125
          ],
          "rotation": 180,
          "texture": "#1"
        },
        "up": {
          "uv": [
            15.25,
            7,
            13.5,
            7
          ],
          "texture": "#1"
        },
        "down": {
          "uv": [
            15.25,
            3.5,
            13.5,
            3.5
          ],
          "texture": "#1"
        }
      }
    },
    {
      "from": [
        6.3005,
        18.03846,
        5.7382
      ],
      "to": [
        9.7005,
        18.03846,
        8.7382
      ],
      "rotation": {
        "angle": 22.5,
        "axis": "x",
        "origin": [
          7.9995,
          17.99395,
          6.28195
        ]
      },
      "faces": {
        "north": {
          "uv": [
            13.5,
            1,
            15.25,
            1
          ],
          "rotation": 180,
          "texture": "#1"
        },
        "east": {
          "uv": [
            13.5,
            0.5,
            15,
            0.5
          ],
          "rotation": 180,
          "texture": "#1"
        },
        "south": {
          "uv": [
            13.5,
            0,
            15.25,
            0
          ],
          "rotation": 180,
          "texture": "#1"
        },
        "west": {
          "uv": [
            13.5,
            1.5,
            15,
            1.5
          ],
          "rotation": 180,
          "texture": "#1"
        },
        "up": {
          "uv": [
            7.25,
            0,
            5.5,
            1.5
          ],
          "texture": "#1"
        },
        "down": {
          "uv": [
            7.25,
            1.5,
            5.5,
            0
          ],
          "texture": "#1"
        }
      }
    },
    {
      "from": [
        6.3005,
        16.83931,
        5.73896
      ],
      "to": [
        6.3005,
        18.03931,
        8.73896
      ],
      "rotation": {
        "angle": 22.5,
        "axis": "x",
        "origin": [
          8.0005,
          17.9958,
          6.28272
        ]
      },
      "faces": {
        "north": {
          "uv": [
            6.5,
            13,
            6.5,
            13.625
          ],
          "rotation": 180,
          "texture": "#1"
        },
        "east": {
          "uv": [
            12,
            1.5,
            10.5,
            2.125
          ],
          "rotation": 180,
          "texture": "#1"
        },
        "south": {
          "uv": [
            6,
            13,
            6,
            13.625
          ],
          "rotation": 180,
          "texture": "#1"
        },
        "west": {
          "uv": [
            10.5,
            1.5,
            12,
            2.125
          ],
          "rotation": 180,
          "texture": "#1"
        },
        "up": {
          "uv": [
            13,
            9,
            13,
            10.5
          ],
          "texture": "#1"
        },
        "down": {
          "uv": [
            13,
            8.5,
            13,
            7
          ],
          "texture": "#1"
        }
      }
    },
    {
      "from": [
        8,
        14.2,
        7.4
      ],
      "to": [
        8,
        19.2,
        12.4
      ],
      "rotation": {
        "angle": 22.5,
        "axis": "x",
        "origin": [
          8,
          17,
          10
        ]
      },
      "faces": {
        "north": {
          "uv": [
            5,
            12.5,
            5,
            15
          ],
          "texture": "#1"
        },
        "east": {
          "uv": [
            2.5,
            3,
            0,
            5.5
          ],
          "texture": "#1"
        },
        "south": {
          "uv": [
            5.5,
            12.5,
            5.5,
            15
          ],
          "texture": "#1"
        },
        "west": {
          "uv": [
            0,
            3,
            2.5,
            5.5
          ],
          "texture": "#1"
        },
        "up": {
          "uv": [
            7,
            15,
            7,
            12.5
          ],
          "texture": "#1"
        },
        "down": {
          "uv": [
            7.5,
            12.5,
            7.5,
            15
          ],
          "texture": "#1"
        }
      }
    }
  ],
  "gui_light": "front",
  "display": {
    "thirdperson_righthand": {
      "translation": [
        0,
        1.25,
        1.5
      ],
      "scale": [
        1.45508,
        1.45508,
        1.45508
      ]
    },
    "thirdperson_lefthand": {
      "translation": [
        0,
        1.25,
        1.5
      ],
      "scale": [
        1.45508,
        1.45508,
        1.45508
      ]
    },
    "firstperson_righthand": {
      "rotation": [
        -15,
        0,
        0
      ],
      "translation": [
        3.75,
        1.5,
        0
      ],
      "scale": [
        1.12305,
        1.12305,
        1.12305
      ]
    },
    "firstperson_lefthand": {
      "rotation": [
        -15,
        0,
        0
      ],
      "translation": [
        3.75,
        1.5,
        0
      ],
      "scale": [
        1.12305,
        1.12305,
        1.12305
      ]
    },
    "ground": {
      "translation": [
        0,
        2.25,
        0
      ],
      "scale": [
        0.5,
        0.5,
        0.5
      ]
    },
    "gui": {
      "rotation": [
        90,
        -135,
        90
      ],
      "translation": [
        -0.75,
        -0.5,
        -0.75
      ],
      "scale": [
        0.84844,
        0.84844,
        0.84844
      ]
    },
    "head": {
      "scale": [
        0,
        0,
        0
      ]
    },
    "fixed": {
      "rotation": [
        90,
        -45,
        90
      ],
      "translation": [
        1.75,
        -2.25,
        -0.75
      ],
      "scale": [
        2.6418,
        2.6418,
        2.6418
      ]
    }
  }
}