{
	"credit": "Made with Blockbench",
	"textures": {
		"1": "cutiecatpack:cutiecatpack/cataxe"
	},
	"elements": [
		{
			"from": [7.5, 2.00329, 7.5],
			"to": [8.5, 3.00329, 8.5],
			"rotation": {"angle": -45, "axis": "x", "origin": [8, 2.50329, 8]},
			"faces": {
				"north": {"uv": [6, 5, 7, 6], "texture": "#1"},
				"east": {"uv": [9, 4, 10, 5], "texture": "#1"},
				"south": {"uv": [9, 5, 10, 6], "texture": "#1"},
				"west": {"uv": [9, 6, 10, 7], "texture": "#1"},
				"up": {"uv": [10, 8, 9, 7], "texture": "#1"},
				"down": {"uv": [9, 9, 8, 10], "texture": "#1"}
			}
		},
		{
			"from": [7.5, 11.20329, 7.5],
			"to": [8.5, 12.20329, 8.5],
			"rotation": {"angle": -45, "axis": "x", "origin": [8, 11.70329, 8]},
			"faces": {
				"north": {"uv": [10, 9, 11, 10], "texture": "#1"},
				"east": {"uv": [10, 10, 11, 11], "texture": "#1"},
				"south": {"uv": [11, 0, 12, 1], "texture": "#1"},
				"west": {"uv": [11, 1, 12, 2], "texture": "#1"},
				"up": {"uv": [3, 12, 2, 11], "texture": "#1"},
				"down": {"uv": [12, 2, 11, 3], "texture": "#1"}
			}
		},
		{
			"from": [7.6, 11.30329, 7.5],
			"to": [8.4, 13.30329, 9.5],
			"rotation": {"angle": -45, "axis": "x", "origin": [8, 11.80329, 8]},
			"faces": {
				"north": {"uv": [7, 2, 8, 4], "texture": "#1"},
				"east": {"uv": [0, 5, 2, 7], "texture": "#1"},
				"south": {"uv": [7, 4, 8, 6], "texture": "#1"},
				"west": {"uv": [6, 0, 8, 2], "texture": "#1"},
				"up": {"uv": [8, 8, 7, 6], "texture": "#1"},
				"down": {"uv": [9, 0, 8, 2], "texture": "#1"}
			}
		},
		{
			"from": [7.6, 2.80329, 7.6],
			"to": [8.4, 3.80329, 8.4],
			"rotation": {"angle": 0, "axis": "x", "origin": [8, 3.30329, 8]},
			"faces": {
				"north": {"uv": [9, 8, 10, 9], "texture": "#1"},
				"east": {"uv": [9, 9, 10, 10], "texture": "#1"},
				"south": {"uv": [2, 10, 3, 11], "texture": "#1"},
				"west": {"uv": [10, 2, 11, 3], "texture": "#1"},
				"up": {"uv": [11, 4, 10, 3], "texture": "#1"},
				"down": {"uv": [11, 4, 10, 5], "texture": "#1"}
			}
		},
		{
			"from": [7.6, 4.80329, 7.6],
			"to": [8.4, 5.60329, 8.4],
			"rotation": {"angle": 0, "axis": "x", "origin": [8, 5.30329, 8]},
			"faces": {
				"north": {"uv": [10, 5, 11, 6], "texture": "#1"},
				"east": {"uv": [10, 6, 11, 7], "texture": "#1"},
				"south": {"uv": [10, 7, 11, 8], "texture": "#1"},
				"west": {"uv": [8, 10, 9, 11], "texture": "#1"},
				"up": {"uv": [11, 9, 10, 8], "texture": "#1"},
				"down": {"uv": [10, 10, 9, 11], "texture": "#1"}
			}
		},
		{
			"from": [7.6, 8.60329, 7.6],
			"to": [8.4, 11.40329, 8.4],
			"rotation": {"angle": 0, "axis": "x", "origin": [8, 9.10329, 8]},
			"faces": {
				"north": {"uv": [2, 5, 3, 8], "texture": "#1"},
				"east": {"uv": [6, 2, 7, 5], "texture": "#1"},
				"south": {"uv": [3, 6, 4, 9], "texture": "#1"},
				"west": {"uv": [4, 6, 5, 9], "texture": "#1"},
				"up": {"uv": [6, 12, 5, 11], "texture": "#1"},
				"down": {"uv": [12, 5, 11, 6], "texture": "#1"}
			}
		},
		{
			"from": [7.7, 3.80329, 7.7],
			"to": [8.3, 4.80329, 8.3],
			"rotation": {"angle": 0, "axis": "x", "origin": [8, 4.30329, 8]},
			"faces": {
				"north": {"uv": [10, 11, 10.5, 12], "texture": "#1"},
				"east": {"uv": [11, 10, 11.5, 11], "texture": "#1"},
				"south": {"uv": [11, 11, 11.5, 12], "texture": "#1"},
				"west": {"uv": [0, 12, 0.5, 13], "texture": "#1"},
				"up": {"uv": [12.5, 3.5, 12, 3], "texture": "#1"},
				"down": {"uv": [4.5, 12, 4, 12.5], "texture": "#1"}
			}
		},
		{
			"from": [7.7, 5.60329, 7.7],
			"to": [8.3, 8.60329, 8.3],
			"rotation": {"angle": 0, "axis": "x", "origin": [8, 6.10329, 8]},
			"faces": {
				"north": {"uv": [5, 8, 5.5, 11], "texture": "#1"},
				"east": {"uv": [6, 8, 6.5, 11], "texture": "#1"},
				"south": {"uv": [8, 6, 8.5, 9], "texture": "#1"},
				"west": {"uv": [7, 8, 7.5, 11], "texture": "#1"},
				"up": {"uv": [12.5, 5.5, 12, 5], "texture": "#1"},
				"down": {"uv": [12.5, 6, 12, 6.5], "texture": "#1"}
			}
		},
		{
			"from": [7.7, 11.9718, 6.04713],
			"to": [8.3, 12.5718, 7.04713],
			"rotation": {"angle": -22.5, "axis": "x", "origin": [8, 12.4718, 6.34713]},
			"faces": {
				"north": {"uv": [12, 4, 12.5, 4.5], "texture": "#1"},
				"east": {"uv": [12, 0, 13, 0.5], "texture": "#1"},
				"south": {"uv": [5, 12, 5.5, 12.5], "texture": "#1"},
				"west": {"uv": [1, 12, 2, 12.5], "texture": "#1"},
				"up": {"uv": [12.5, 2, 12, 1], "texture": "#1"},
				"down": {"uv": [2.5, 12, 2, 13], "texture": "#1"}
			}
		},
		{
			"from": [7.5, 11.68088, 4.48457],
			"to": [8.5, 12.68088, 6.48457],
			"rotation": {"angle": 22.5, "axis": "x", "origin": [8, 11.98088, 5.68457]},
			"faces": {
				"north": {"uv": [11, 3, 12, 4], "texture": "#1"},
				"east": {"uv": [8, 2, 10, 3], "texture": "#1"},
				"south": {"uv": [11, 4, 12, 5], "texture": "#1"},
				"west": {"uv": [8, 3, 10, 4], "texture": "#1"},
				"up": {"uv": [3, 10, 2, 8], "texture": "#1"},
				"down": {"uv": [9, 4, 8, 6], "texture": "#1"}
			}
		},
		{
			"from": [7.7375, 12.90329, 7.575],
			"to": [8.2625, 14.32829, 9],
			"rotation": {"angle": 45, "axis": "x", "origin": [7.9875, 13.90329, 8]},
			"faces": {
				"north": {"uv": [6, 11, 6.5, 12.5], "texture": "#1"},
				"east": {"uv": [5, 6, 6.5, 7.5], "texture": "#1"},
				"south": {"uv": [11, 6, 11.5, 7.5], "texture": "#1"},
				"west": {"uv": [0, 7, 1.5, 8.5], "texture": "#1"},
				"up": {"uv": [7.5, 12.5, 7, 11], "texture": "#1"},
				"down": {"uv": [8.5, 11, 8, 12.5], "texture": "#1"}
			}
		},
		{
			"from": [7.75, 10.55, 5.2],
			"to": [8.25, 13.05, 8.2],
			"rotation": {"angle": -22.5, "axis": "x", "origin": [7.75, 11.05, 7.2]},
			"faces": {
				"north": {"uv": [3, 9, 3.5, 11.5], "texture": "#1"},
				"east": {"uv": [3, 0, 6, 2.5], "texture": "#1"},
				"south": {"uv": [4, 9, 4.5, 11.5], "texture": "#1"},
				"west": {"uv": [3, 3, 6, 5.5], "texture": "#1"},
				"up": {"uv": [0.5, 12, 0, 9], "texture": "#1"},
				"down": {"uv": [1.5, 9, 1, 12], "texture": "#1"}
			}
		},
		{
			"from": [7.7625, 9.67045, 6.30895],
			"to": [8.2375, 10.39545, 7.80895],
			"rotation": {"angle": 22.5, "axis": "x", "origin": [7.7375, 11.67045, 6.30895]},
			"faces": {
				"north": {"uv": [12, 2, 12.5, 3], "texture": "#1"},
				"east": {"uv": [9, 0, 10.5, 1], "texture": "#1"},
				"south": {"uv": [3, 12, 3.5, 13], "texture": "#1"},
				"west": {"uv": [9, 1, 10.5, 2], "texture": "#1"},
				"up": {"uv": [11.5, 9.5, 11, 8], "texture": "#1"},
				"down": {"uv": [9.5, 11, 9, 12.5], "texture": "#1"}
			}
		},
		{
			"from": [8, 5.5, 8.2],
			"to": [8, 10.7, 11.2],
			"rotation": {"angle": -22.5, "axis": "x", "origin": [7, 0, 0]},
			"faces": {
				"north": {"uv": [0, 0, 0, 5], "texture": "#1"},
				"east": {"uv": [3, 0, 0, 5], "texture": "#1"},
				"south": {"uv": [0, 0, 0, 5], "texture": "#1"},
				"west": {"uv": [0, 0, 3, 5], "texture": "#1"},
				"up": {"uv": [0, 3, 0, 0], "texture": "#1"},
				"down": {"uv": [0, 0, 0, 3], "texture": "#1"}
			}
		},
		{
			"from": [7.7, 11.9718, 8.95287],
			"to": [8.3, 12.5718, 9.95287],
			"rotation": {"angle": 22.5, "axis": "x", "origin": [8, 12.4718, 9.65287]},
			"faces": {
				"north": {"uv": [5.5, 12, 5, 12.5], "texture": "#1"},
				"east": {"uv": [13, 0, 12, 0.5], "texture": "#1"},
				"south": {"uv": [12.5, 4, 12, 4.5], "texture": "#1"},
				"west": {"uv": [2, 12, 1, 12.5], "texture": "#1"},
				"up": {"uv": [12.5, 1, 12, 2], "texture": "#1"},
				"down": {"uv": [2.5, 13, 2, 12], "texture": "#1"}
			}
		},
		{
			"from": [7.5, 11.68088, 9.51543],
			"to": [8.5, 12.68088, 11.51543],
			"rotation": {"angle": -22.5, "axis": "x", "origin": [8, 11.98088, 10.31543]},
			"faces": {
				"north": {"uv": [12, 4, 11, 5], "texture": "#1"},
				"east": {"uv": [10, 2, 8, 3], "texture": "#1"},
				"south": {"uv": [12, 3, 11, 4], "texture": "#1"},
				"west": {"uv": [10, 3, 8, 4], "texture": "#1"},
				"up": {"uv": [3, 8, 2, 10], "texture": "#1"},
				"down": {"uv": [9, 6, 8, 4], "texture": "#1"}
			}
		},
		{
			"from": [7.75, 10.55, 7.8],
			"to": [8.25, 13.05, 10.8],
			"rotation": {"angle": 22.5, "axis": "x", "origin": [7.75, 11.05, 8.8]},
			"faces": {
				"north": {"uv": [4.5, 9, 4, 11.5], "texture": "#1"},
				"east": {"uv": [6, 0, 3, 2.5], "texture": "#1"},
				"south": {"uv": [3.5, 9, 3, 11.5], "texture": "#1"},
				"west": {"uv": [6, 3, 3, 5.5], "texture": "#1"},
				"up": {"uv": [0.5, 9, 0, 12], "texture": "#1"},
				"down": {"uv": [1.5, 12, 1, 9], "texture": "#1"}
			}
		},
		{
			"from": [7.7625, 9.67045, 8.19105],
			"to": [8.2375, 10.39545, 9.69105],
			"rotation": {"angle": -22.5, "axis": "x", "origin": [7.7375, 11.67045, 9.69105]},
			"faces": {
				"north": {"uv": [3.5, 12, 3, 13], "texture": "#1"},
				"east": {"uv": [10.5, 0, 9, 1], "texture": "#1"},
				"south": {"uv": [12.5, 2, 12, 3], "texture": "#1"},
				"west": {"uv": [10.5, 1, 9, 2], "texture": "#1"},
				"up": {"uv": [11.5, 8, 11, 9.5], "texture": "#1"},
				"down": {"uv": [9.5, 12.5, 9, 11], "texture": "#1"}
			}
		},
		{
			"from": [8, 5.5, 4.8],
			"to": [8, 10.7, 7.8],
			"rotation": {"angle": 22.5, "axis": "x", "origin": [7, 0, 16]},
			"faces": {
				"north": {"uv": [0, 0, 0, 5], "texture": "#1"},
				"east": {"uv": [0, 0, 3, 5], "texture": "#1"},
				"south": {"uv": [0, 0, 0, 5], "texture": "#1"},
				"west": {"uv": [3, 0, 0, 5], "texture": "#1"},
				"up": {"uv": [0, 0, 0, 3], "texture": "#1"},
				"down": {"uv": [0, 3, 0, 0], "texture": "#1"}
			}
		}
	],
	"gui_light": "front",
	"display": {
		"thirdperson_righthand": {
			"translation": [0, 0.25, 2],
			"scale": [1.5, 1.5, 1.5]
		},
		"thirdperson_lefthand": {
			"translation": [0, 0.25, 2],
			"scale": [1.5, 1.5, 1.5]
		},
		"firstperson_righthand": {
			"rotation": [-5.5, -0.3, 3],
			"translation": [-2.75, 4, 3.5],
			"scale": [0.96289, 0.96289, 0.96289]
		},
		"firstperson_lefthand": {
			"rotation": [-5.5, -0.3, 3],
			"translation": [-2.75, 4, 3.5],
			"scale": [0.96289, 0.96289, 0.96289]
		},
		"ground": {
			"rotation": [-26.5, -25.3, 55.42],
			"translation": [0, 1.75, 0],
			"scale": [1.24844, 1.24844, 1.24844]
		},
		"gui": {
			"rotation": [90, -135, 90],
			"translation": [-0.75, -1.25, 0],
			"scale": [1.23438, 1.23438, 1.23438]
		},
		"head": {
			"scale": [0, 0, 0]
		},
		"fixed": {
			"rotation": [90, -90, 90],
			"translation": [0, -0.5, -2.25],
			"scale": [3, 3, 3]
		}
	}
}