{
	"credit": "Made with Blockbench",
	"texture_size": [32, 32],
	"textures": {
		"1": "cutiecatpack:cutiecatpack/catbackpack"
	},
	"elements": [
		{
			"from": [5, 4.6255, 7.375],
			"to": [11, 8.6255, 10.375],
			"rotation": {"angle": 0, "axis": "y", "origin": [5, 4.1255, 7.375]},
			"faces": {
				"north": {"uv": [0, 0, 3, 2], "texture": "#1"},
				"east": {"uv": [5.5, 6, 7, 8], "texture": "#1"},
				"south": {"uv": [0, 2, 3, 4], "texture": "#1"},
				"west": {"uv": [2.5, 6.5, 4, 8.5], "texture": "#1"},
				"up": {"uv": [6, 1.5, 3, 0], "texture": "#1"},
				"down": {"uv": [6, 1.5, 3, 3], "texture": "#1"}
			}
		},
		{
			"from": [5.3, 4.1255, 7.675],
			"to": [10.7, 4.6255, 10.075],
			"rotation": {"angle": 0, "axis": "y", "origin": [8, 3.6255, 9.375]},
			"faces": {
				"north": {"uv": [10, 4, 12.75, 4.25], "texture": "#1"},
				"east": {"uv": [10.5, 9, 11.75, 9.25], "texture": "#1"},
				"south": {"uv": [10, 8.5, 12.75, 8.75], "texture": "#1"},
				"west": {"uv": [9.5, 10.5, 10.75, 10.75], "texture": "#1"},
				"up": {"uv": [5.25, 6.25, 2.5, 5], "texture": "#1"},
				"down": {"uv": [8.25, 3, 5.5, 4.25], "texture": "#1"}
			}
		},
		{
			"from": [5.5, 8.6255, 7.375],
			"to": [10.5, 11.1255, 9.975],
			"rotation": {"angle": 0, "axis": "y", "origin": [5, 4.1255, 7.375]},
			"faces": {
				"north": {"uv": [5.5, 4.5, 8, 5.75], "texture": "#1"},
				"east": {"uv": [4.5, 8, 5.75, 9.25], "texture": "#1"},
				"south": {"uv": [0, 6, 2.5, 7.25], "texture": "#1"},
				"west": {"uv": [8, 4.5, 9.25, 5.75], "texture": "#1"},
				"up": {"uv": [8.5, 1.25, 6, 0], "texture": "#1"},
				"down": {"uv": [8.5, 1.5, 6, 2.75], "texture": "#1"}
			}
		},
		{
			"from": [5.9175, 8.3255, 6.875],
			"to": [10.0825, 10.6255, 7.375],
			"rotation": {"angle": 0, "axis": "y", "origin": [8.0175, 10.1255, 6.875]},
			"faces": {
				"north": {"uv": [7, 6, 9, 7.25], "texture": "#1"},
				"east": {"uv": [11, 0, 11.25, 1.25], "texture": "#1"},
				"south": {"uv": [0, 7.5, 2, 8.75], "texture": "#1"},
				"west": {"uv": [11, 1.5, 11.25, 2.75], "texture": "#1"},
				"up": {"uv": [8.5, 10.75, 6.5, 10.5], "texture": "#1"},
				"down": {"uv": [12.5, 7, 10.5, 7.25], "texture": "#1"}
			}
		},
		{
			"from": [5.4, 4.9255, 6.875],
			"to": [10.6, 8.3255, 7.375],
			"rotation": {"angle": 0, "axis": "y", "origin": [8, 10.1255, 6.875]},
			"faces": {
				"north": {"uv": [3, 3, 5.5, 4.75], "texture": "#1"},
				"east": {"uv": [8.5, 10.5, 8.75, 12.25], "texture": "#1"},
				"south": {"uv": [0, 4, 2.5, 5.75], "texture": "#1"},
				"west": {"uv": [9, 10.5, 9.25, 12.25], "texture": "#1"},
				"up": {"uv": [13, 4.75, 10.5, 4.5], "texture": "#1"},
				"down": {"uv": [13, 5, 10.5, 5.25], "texture": "#1"}
			}
		},
		{
			"from": [3.825, 7.4255, 10.175],
			"to": [6.825, 10.6255, 10.175],
			"rotation": {"angle": 22.5, "axis": "z", "origin": [5.025, 10.2255, 8.975]},
			"faces": {
				"north": {"uv": [4, 6.5, 5.5, 8], "texture": "#1"},
				"east": {"uv": [0, 0, 0, 1.5], "texture": "#1"},
				"south": {"uv": [7, 7.5, 8.5, 9], "texture": "#1"},
				"west": {"uv": [0, 0, 0, 1.5], "texture": "#1"},
				"up": {"uv": [1.5, 0, 0, 0], "texture": "#1"},
				"down": {"uv": [1.5, 0, 0, 0], "texture": "#1"}
			}
		},
		{
			"from": [9.175, 7.4255, 10.175],
			"to": [12.175, 10.6255, 10.175],
			"rotation": {"angle": -22.5, "axis": "z", "origin": [10.975, 10.2255, 8.975]},
			"faces": {
				"north": {"uv": [5.5, 6.5, 4, 8], "texture": "#1"},
				"east": {"uv": [0, 0, 0, 1.5], "texture": "#1"},
				"south": {"uv": [8.5, 7.5, 7, 9], "texture": "#1"},
				"west": {"uv": [0, 0, 0, 1.5], "texture": "#1"},
				"up": {"uv": [0, 0, 1.5, 0], "texture": "#1"},
				"down": {"uv": [0, 0, 1.5, 0], "texture": "#1"}
			}
		},
		{
			"from": [5.9175, 11.6245, 4.475],
			"to": [6.9175, 11.6245, 6.875],
			"rotation": {"angle": 0, "axis": "x", "origin": [7.9175, 12.6245, 6.875]},
			"faces": {
				"north": {"uv": [0, 0, 0.5, 0], "texture": "#1"},
				"east": {"uv": [0, 0, 1.25, 0], "texture": "#1"},
				"south": {"uv": [0, 0, 0.5, 0], "texture": "#1"},
				"west": {"uv": [0, 0, 1.25, 0], "texture": "#1"},
				"up": {"uv": [11, 6.75, 10.5, 5.5], "texture": "#1"},
				"down": {"uv": [6.5, 10.5, 6, 11.75], "texture": "#1"}
			}
		},
		{
			"from": [5.9175, 4.9255, 4.475],
			"to": [6.9175, 11.6255, 4.475],
			"rotation": {"angle": 0, "axis": "y", "origin": [7.9175, 10.6255, 6.475]},
			"faces": {
				"north": {"uv": [2, 7.5, 2.5, 10.75], "texture": "#1"},
				"east": {"uv": [0, 0, 0, 3.25], "texture": "#1"},
				"south": {"uv": [4, 8, 4.5, 11.25], "texture": "#1"},
				"west": {"uv": [0, 0, 0, 3.25], "texture": "#1"},
				"up": {"uv": [0.5, 0, 0, 0], "texture": "#1"},
				"down": {"uv": [0.5, 0, 0, 0], "texture": "#1"}
			}
		},
		{
			"from": [5.9175, 4.9245, 4.475],
			"to": [6.9175, 4.9245, 6.875],
			"rotation": {"angle": 0, "axis": "x", "origin": [7.9175, 12.6245, 6.875]},
			"faces": {
				"north": {"uv": [0, 0, 0.5, 0], "texture": "#1"},
				"east": {"uv": [0, 0, 1.25, 0], "texture": "#1"},
				"south": {"uv": [0, 0, 0.5, 0], "texture": "#1"},
				"west": {"uv": [0, 0, 1.25, 0], "texture": "#1"},
				"up": {"uv": [2, 10.25, 1.5, 9], "texture": "#1"},
				"down": {"uv": [4, 10, 3.5, 11.25], "texture": "#1"}
			}
		},
		{
			"from": [9.0825, 11.6245, 4.475],
			"to": [10.0825, 11.6245, 6.875],
			"rotation": {"angle": 0, "axis": "x", "origin": [8.0825, 12.6245, 6.875]},
			"faces": {
				"north": {"uv": [0.5, 0, 0, 0], "texture": "#1"},
				"east": {"uv": [1.25, 0, 0, 0], "texture": "#1"},
				"south": {"uv": [0.5, 0, 0, 0], "texture": "#1"},
				"west": {"uv": [1.25, 0, 0, 0], "texture": "#1"},
				"up": {"uv": [10.5, 6.75, 11, 5.5], "texture": "#1"},
				"down": {"uv": [6, 10.5, 6.5, 11.75], "texture": "#1"}
			}
		},
		{
			"from": [9.0825, 4.9255, 4.475],
			"to": [10.0825, 11.6255, 4.475],
			"rotation": {"angle": 0, "axis": "y", "origin": [8.0825, 10.6255, 6.475]},
			"faces": {
				"north": {"uv": [2.5, 7.5, 2, 10.75], "texture": "#1"},
				"east": {"uv": [0, 0, 0, 3.25], "texture": "#1"},
				"south": {"uv": [4.5, 8, 4, 11.25], "texture": "#1"},
				"west": {"uv": [0, 0, 0, 3.25], "texture": "#1"},
				"up": {"uv": [0, 0, 0.5, 0], "texture": "#1"},
				"down": {"uv": [0, 0, 0.5, 0], "texture": "#1"}
			}
		},
		{
			"from": [9.0825, 4.9245, 4.475],
			"to": [10.0825, 4.9245, 6.875],
			"rotation": {"angle": 0, "axis": "x", "origin": [8.0825, 12.6245, 6.875]},
			"faces": {
				"north": {"uv": [0.5, 0, 0, 0], "texture": "#1"},
				"east": {"uv": [1.25, 0, 0, 0], "texture": "#1"},
				"south": {"uv": [0.5, 0, 0, 0], "texture": "#1"},
				"west": {"uv": [1.25, 0, 0, 0], "texture": "#1"},
				"up": {"uv": [1.5, 10.25, 2, 9], "texture": "#1"},
				"down": {"uv": [3.5, 10, 4, 11.25], "texture": "#1"}
			}
		},
		{
			"from": [5.9175, 10.6255, 6.875],
			"to": [6.9175, 11.6255, 6.875],
			"rotation": {"angle": 0, "axis": "y", "origin": [7.9175, 10.6255, 6.875]},
			"faces": {
				"north": {"uv": [2.5, 4, 3, 4.5], "texture": "#1"},
				"east": {"uv": [0, 0, 0, 0.5], "texture": "#1"},
				"south": {"uv": [2.5, 4.5, 3, 5], "texture": "#1"},
				"west": {"uv": [0, 0, 0, 0.5], "texture": "#1"},
				"up": {"uv": [0.5, 0, 0, 0], "texture": "#1"},
				"down": {"uv": [0.5, 0, 0, 0], "texture": "#1"}
			}
		},
		{
			"from": [9.0825, 10.6255, 6.875],
			"to": [10.0825, 11.6255, 6.875],
			"rotation": {"angle": 0, "axis": "y", "origin": [8.0825, 10.6255, 6.875]},
			"faces": {
				"north": {"uv": [3, 4, 2.5, 4.5], "texture": "#1"},
				"east": {"uv": [0, 0, 0, 0.5], "texture": "#1"},
				"south": {"uv": [3, 4.5, 2.5, 5], "texture": "#1"},
				"west": {"uv": [0, 0, 0, 0.5], "texture": "#1"},
				"up": {"uv": [0, 0, 0.5, 0], "texture": "#1"},
				"down": {"uv": [0, 0, 0.5, 0], "texture": "#1"}
			}
		},
		{
			"from": [7.3, 2.14679, 7.81334],
			"to": [8.7, 4.24679, 9.21334],
			"rotation": {"angle": -22.5, "axis": "x", "origin": [7.3, 4.24679, 7.81334]},
			"faces": {
				"north": {"uv": [9.5, 4.5, 10.5, 6], "texture": "#1"},
				"east": {"uv": [10, 0, 11, 1.5], "texture": "#1"},
				"south": {"uv": [10, 1.5, 11, 3], "texture": "#1"},
				"west": {"uv": [2.5, 10, 3.5, 11.5], "texture": "#1"}
			}
		},
		{
			"from": [7.1992, 1.30178, 8.69614],
			"to": [8.8008, 2.90338, 10.37054],
			"rotation": {"angle": 45, "axis": "x", "origin": [8, 2.02978, 9.89734]},
			"faces": {
				"north": {"uv": [8.5, 0, 9.75, 1.25], "texture": "#1"},
				"east": {"uv": [8.5, 1.5, 9.75, 2.75], "texture": "#1"},
				"west": {"uv": [2.5, 8.5, 3.75, 9.75], "texture": "#1"},
				"up": {"uv": [9.75, 4.25, 8.5, 3], "texture": "#1"},
				"down": {"uv": [9.75, 7.5, 8.5, 8.75], "texture": "#1"}
			}
		},
		{
			"from": [7.23, 2.04166, 11.39442],
			"to": [8.77, 3.58166, 13.00442],
			"rotation": {"angle": 45, "axis": "x", "origin": [8, 2.04166, 9.88942]},
			"faces": {
				"east": {"uv": [10, 3, 11.25, 4], "texture": "#1"},
				"south": {"uv": [6, 8, 7, 9], "texture": "#1"},
				"west": {"uv": [10, 7.5, 11.25, 8.5], "texture": "#1"},
				"up": {"uv": [1, 11.75, 0, 10.5], "texture": "#1"},
				"down": {"uv": [2, 10.5, 1, 11.75], "texture": "#1"}
			}
		},
		{
			"from": [7.0914, 0.79009, 9.80148],
			"to": [8.9086, 2.60729, 11.70128],
			"rotation": {"angle": 22.5, "axis": "x", "origin": [8, 1.34869, 10.68138]},
			"faces": {
				"north": {"uv": [0, 9, 1.25, 10.25], "texture": "#1"},
				"east": {"uv": [6, 9, 7.25, 10.25], "texture": "#1"},
				"south": {"uv": [9, 6, 10.25, 7.25], "texture": "#1"},
				"west": {"uv": [7.5, 9, 8.75, 10.25], "texture": "#1"},
				"up": {"uv": [10.25, 10.25, 9, 9], "texture": "#1"},
				"down": {"uv": [5.75, 9.5, 4.5, 10.75], "texture": "#1"}
			}
		}
	],
	"gui_light": "front",
	"display": {
		"thirdperson_righthand": {
			"rotation": [60, -180, 0],
			"translation": [0, -1, -2.5]
		},
		"thirdperson_lefthand": {
			"rotation": [69, 0, 0],
			"translation": [-6, -7.5, 7.5],
			"scale": [1.8, 1.8, 1.8]
		},
		"firstperson_righthand": {
			"translation": [-2.25, 4.25, 0],
			"scale": [1.33203, 1.33203, 1.33203]
		},
		"firstperson_lefthand": {
			"scale": [0, 0, 0]
		},
		"ground": {
			"rotation": [-30.9, 6.41, -22.79],
			"translation": [2.5, 6, 0],
			"scale": [1.44141, 1.44141, 1.44141]
		},
		"gui": {
			"rotation": [14, -44, 0],
			"translation": [0.25, 1.75, 0],
			"scale": [1.15547, 1.15547, 1.15547]
		},
		"head": {
			"translation": [0, -15.5, 6.25],
			"scale": [3, 3, 3]
		},
		"fixed": {
			"rotation": [122.75, 0, -180],
			"translation": [0, 7, -18.5],
			"scale": [4, 4, 4]
		}
	}
}