{
	"credit": "Made with Blockbench",
	"textures": {
		"3": "cutiecatpack:cutiecatpack/cathoe"
	},
	"elements": [
		{
			"from": [7.5, 2.00329, 7.5],
			"to": [8.5, 3.00329, 8.5],
			"rotation": {"angle": -45, "axis": "x", "origin": [8, 2.50329, 8]},
			"faces": {
				"north": {"uv": [6, 10, 7, 11], "texture": "#3"},
				"east": {"uv": [7, 10, 8, 11], "texture": "#3"},
				"south": {"uv": [8, 10, 9, 11], "texture": "#3"},
				"west": {"uv": [10, 8, 11, 9], "texture": "#3"},
				"up": {"uv": [10, 11, 9, 10], "texture": "#3"},
				"down": {"uv": [11, 10, 10, 11], "texture": "#3"}
			}
		},
		{
			"from": [7.5, 11.20329, 7.5],
			"to": [8.5, 12.20329, 8.5],
			"rotation": {"angle": -45, "axis": "x", "origin": [8, 11.70329, 8]},
			"faces": {
				"north": {"uv": [11, 7, 12, 8], "texture": "#3"},
				"east": {"uv": [8, 11, 9, 12], "texture": "#3"},
				"south": {"uv": [11, 8, 12, 9], "texture": "#3"},
				"west": {"uv": [9, 11, 10, 12], "texture": "#3"},
				"up": {"uv": [12, 10, 11, 9], "texture": "#3"},
				"down": {"uv": [11, 11, 10, 12], "texture": "#3"}
			}
		},
		{
			"from": [7.6, 11.30329, 7.5],
			"to": [8.4, 13.30329, 9.5],
			"rotation": {"angle": -45, "axis": "x", "origin": [8, 11.80329, 8]},
			"faces": {
				"north": {"uv": [2, 8, 3, 10], "texture": "#3"},
				"east": {"uv": [6, 2, 8, 4], "texture": "#3"},
				"south": {"uv": [8, 2, 9, 4], "texture": "#3"},
				"west": {"uv": [3, 6, 5, 8], "texture": "#3"},
				"up": {"uv": [4, 10, 3, 8], "texture": "#3"},
				"down": {"uv": [5, 8, 4, 10], "texture": "#3"}
			}
		},
		{
			"from": [7.6, 2.80329, 7.6],
			"to": [8.4, 3.80329, 8.4],
			"rotation": {"angle": 0, "axis": "x", "origin": [8, 3.30329, 8]},
			"faces": {
				"north": {"uv": [0, 11, 1, 12], "texture": "#3"},
				"east": {"uv": [11, 0, 12, 1], "texture": "#3"},
				"south": {"uv": [1, 11, 2, 12], "texture": "#3"},
				"west": {"uv": [11, 1, 12, 2], "texture": "#3"},
				"up": {"uv": [12, 3, 11, 2], "texture": "#3"},
				"down": {"uv": [12, 3, 11, 4], "texture": "#3"}
			}
		},
		{
			"from": [7.6, 4.80329, 7.6],
			"to": [8.4, 5.60329, 8.4],
			"rotation": {"angle": 0, "axis": "x", "origin": [8, 5.30329, 8]},
			"faces": {
				"north": {"uv": [11, 4, 12, 5], "texture": "#3"},
				"east": {"uv": [5, 11, 6, 12], "texture": "#3"},
				"south": {"uv": [11, 5, 12, 6], "texture": "#3"},
				"west": {"uv": [6, 11, 7, 12], "texture": "#3"},
				"up": {"uv": [12, 7, 11, 6], "texture": "#3"},
				"down": {"uv": [8, 11, 7, 12], "texture": "#3"}
			}
		},
		{
			"from": [7.6, 8.60329, 7.6],
			"to": [8.4, 11.40329, 8.4],
			"rotation": {"angle": 0, "axis": "x", "origin": [8, 9.10329, 8]},
			"faces": {
				"north": {"uv": [6, 4, 7, 7], "texture": "#3"},
				"east": {"uv": [5, 6, 6, 9], "texture": "#3"},
				"south": {"uv": [7, 4, 8, 7], "texture": "#3"},
				"west": {"uv": [6, 7, 7, 10], "texture": "#3"},
				"up": {"uv": [1, 13, 0, 12], "texture": "#3"},
				"down": {"uv": [13, 0, 12, 1], "texture": "#3"}
			}
		},
		{
			"from": [7.7, 3.80329, 7.7],
			"to": [8.3, 4.80329, 8.3],
			"rotation": {"angle": 0, "axis": "x", "origin": [8, 4.30329, 8]},
			"faces": {
				"north": {"uv": [12, 9, 12.5, 10], "texture": "#3"},
				"east": {"uv": [10, 12, 10.5, 13], "texture": "#3"},
				"south": {"uv": [12, 10, 12.5, 11], "texture": "#3"},
				"west": {"uv": [11, 12, 11.5, 13], "texture": "#3"},
				"up": {"uv": [3.5, 13.5, 3, 13], "texture": "#3"},
				"down": {"uv": [13.5, 3, 13, 3.5], "texture": "#3"}
			}
		},
		{
			"from": [7.7, 5.60329, 7.7],
			"to": [8.3, 8.60329, 8.3],
			"rotation": {"angle": 0, "axis": "x", "origin": [8, 6.10329, 8]},
			"faces": {
				"north": {"uv": [10, 2, 10.5, 5], "texture": "#3"},
				"east": {"uv": [3, 10, 3.5, 13], "texture": "#3"},
				"south": {"uv": [4, 10, 4.5, 13], "texture": "#3"},
				"west": {"uv": [10, 5, 10.5, 8], "texture": "#3"},
				"up": {"uv": [5.5, 13.5, 5, 13], "texture": "#3"},
				"down": {"uv": [13.5, 5, 13, 5.5], "texture": "#3"}
			}
		},
		{
			"from": [7.7, 11.9718, 6.04713],
			"to": [8.3, 12.5718, 7.04713],
			"rotation": {"angle": -22.5, "axis": "x", "origin": [8, 12.4718, 6.34713]},
			"faces": {
				"north": {"uv": [4, 13, 4.5, 13.5], "texture": "#3"},
				"east": {"uv": [12, 11, 13, 11.5], "texture": "#3"},
				"south": {"uv": [13, 4, 13.5, 4.5], "texture": "#3"},
				"west": {"uv": [12, 12, 13, 12.5], "texture": "#3"},
				"up": {"uv": [0.5, 14, 0, 13], "texture": "#3"},
				"down": {"uv": [13.5, 0, 13, 1], "texture": "#3"}
			}
		},
		{
			"from": [7.5, 11.68088, 4.48457],
			"to": [8.5, 12.68088, 6.48457],
			"rotation": {"angle": 22.5, "axis": "x", "origin": [8, 11.98088, 5.68457]},
			"faces": {
				"north": {"uv": [11, 10, 12, 11], "texture": "#3"},
				"east": {"uv": [8, 4, 10, 5], "texture": "#3"},
				"south": {"uv": [11, 11, 12, 12], "texture": "#3"},
				"west": {"uv": [8, 5, 10, 6], "texture": "#3"},
				"up": {"uv": [10, 2, 9, 0], "texture": "#3"},
				"down": {"uv": [10, 2, 9, 4], "texture": "#3"}
			}
		},
		{
			"from": [7.7375, 12.90329, 7.575],
			"to": [8.2625, 14.32829, 9],
			"rotation": {"angle": 45, "axis": "x", "origin": [7.9875, 13.90329, 8]},
			"faces": {
				"north": {"uv": [7, 12, 7.5, 13.5], "texture": "#3"},
				"east": {"uv": [7, 7, 8.5, 8.5], "texture": "#3"},
				"south": {"uv": [12, 7, 12.5, 8.5], "texture": "#3"},
				"west": {"uv": [0, 8, 1.5, 9.5], "texture": "#3"},
				"up": {"uv": [8.5, 13.5, 8, 12], "texture": "#3"},
				"down": {"uv": [9.5, 12, 9, 13.5], "texture": "#3"}
			}
		},
		{
			"from": [7.55, 11.7, 3.1],
			"to": [8.45, 12.6, 5.1],
			"rotation": {"angle": -22.5, "axis": "x", "origin": [8, 12.35, 4.1]},
			"faces": {
				"north": {"uv": [1, 12, 2, 13], "texture": "#3"},
				"east": {"uv": [8, 6, 10, 7], "texture": "#3"},
				"south": {"uv": [12, 1, 13, 2], "texture": "#3"},
				"west": {"uv": [7, 9, 9, 10], "texture": "#3"},
				"up": {"uv": [6, 11, 5, 9], "texture": "#3"},
				"down": {"uv": [10, 7, 9, 9], "texture": "#3"}
			}
		},
		{
			"from": [7.6, 11.1412, 2.49072],
			"to": [8.4, 11.9412, 3.49072],
			"rotation": {"angle": -45, "axis": "x", "origin": [7.95, 11.5912, 2.99072]},
			"faces": {
				"north": {"uv": [2, 12, 3, 13], "texture": "#3"},
				"east": {"uv": [12, 2, 13, 3], "texture": "#3"},
				"south": {"uv": [12, 3, 13, 4], "texture": "#3"},
				"west": {"uv": [12, 4, 13, 5], "texture": "#3"},
				"up": {"uv": [6, 13, 5, 12], "texture": "#3"},
				"down": {"uv": [13, 5, 12, 6], "texture": "#3"}
			}
		},
		{
			"from": [8, 10.2, 1.2],
			"to": [8, 13.2, 7.2],
			"rotation": {"angle": -22.5, "axis": "x", "origin": [8, 11.7, 4.2]},
			"faces": {
				"north": {"uv": [0, 0, 0, 3], "texture": "#3"},
				"east": {"uv": [0, 0, 6, 3], "texture": "#3"},
				"south": {"uv": [0, 0, 0, 3], "texture": "#3"},
				"west": {"uv": [0, 3, 6, 6], "texture": "#3"},
				"up": {"uv": [0, 6, 0, 0], "texture": "#3"},
				"down": {"uv": [0, 0, 0, 6], "texture": "#3"}
			}
		},
		{
			"from": [7.7, 11.9718, 8.95287],
			"to": [8.3, 12.5718, 9.95287],
			"rotation": {"angle": 22.5, "axis": "x", "origin": [8, 12.4718, 9.65287]},
			"faces": {
				"north": {"uv": [6, 13, 6.5, 13.5], "texture": "#3"},
				"east": {"uv": [1, 13, 2, 13.5], "texture": "#3"},
				"south": {"uv": [13, 6, 13.5, 6.5], "texture": "#3"},
				"west": {"uv": [13, 1, 14, 1.5], "texture": "#3"},
				"up": {"uv": [2.5, 14, 2, 13], "texture": "#3"},
				"down": {"uv": [13.5, 2, 13, 3], "texture": "#3"}
			}
		},
		{
			"from": [7.5, 11.68088, 9.51543],
			"to": [8.5, 12.68088, 11.51543],
			"rotation": {"angle": -22.5, "axis": "x", "origin": [8, 11.98088, 10.31543]},
			"faces": {
				"north": {"uv": [6, 12, 7, 13], "texture": "#3"},
				"east": {"uv": [9, 9, 11, 10], "texture": "#3"},
				"south": {"uv": [12, 6, 13, 7], "texture": "#3"},
				"west": {"uv": [0, 10, 2, 11], "texture": "#3"},
				"up": {"uv": [11, 2, 10, 0], "texture": "#3"},
				"down": {"uv": [3, 10, 2, 12], "texture": "#3"}
			}
		},
		{
			"from": [8, 11.1, 10.3],
			"to": [8, 13.1, 13.3],
			"rotation": {"angle": -22.5, "axis": "x", "origin": [8, 12.1, 11.8]},
			"faces": {
				"north": {"uv": [0, 0, 0, 2], "texture": "#3"},
				"east": {"uv": [0, 6, 3, 8], "texture": "#3"},
				"south": {"uv": [0, 0, 0, 2], "texture": "#3"},
				"west": {"uv": [6, 0, 9, 2], "texture": "#3"},
				"up": {"uv": [0, 3, 0, 0], "texture": "#3"},
				"down": {"uv": [0, 0, 0, 3], "texture": "#3"}
			}
		}
	],
	"gui_light": "front",
	"display": {
		"thirdperson_righthand": {
			"translation": [0, 0, 2],
			"scale": [1.5, 1.5, 1.5]
		},
		"thirdperson_lefthand": {
			"translation": [0, 0, 2],
			"scale": [1.5, 1.5, 1.5]
		},
		"firstperson_righthand": {
			"rotation": [-5.65, 13.42, 4.35],
			"translation": [-1.75, 3.75, 3.5],
			"scale": [0.96289, 0.96289, 0.96289]
		},
		"firstperson_lefthand": {
			"rotation": [-5.65, 13.42, 4.35],
			"translation": [-1.75, 3.75, 3.5],
			"scale": [0.96289, 0.96289, 0.96289]
		},
		"ground": {
			"rotation": [-26.5, -25.3, 55.42],
			"translation": [0, 1.75, 0],
			"scale": [1.24844, 1.24844, 1.24844]
		},
		"gui": {
			"rotation": [90, -135, 90],
			"translation": [-1.25, -1.75, 0],
			"scale": [1.23438, 1.23438, 1.23438]
		},
		"head": {
			"scale": [0, 0, 0]
		},
		"fixed": {
			"rotation": [90, -90, 90],
			"translation": [0, -0.5, -2.25],
			"scale": [3, 3, 3]
		}
	}
}