{
	"credit": "Made with Blockbench",
	"textures": {
		"2": "cutiecatpack:cutiecatpack/catstaff",
		"particle": "cutiecatpack:cutiecatpack/catstaff"
	},
	"elements": [
		{
			"from": [7.5, 2.00329, 7.5],
			"to": [8.5, 3.00329, 8.5],
			"rotation": {"angle": -45, "axis": "x", "origin": [8, 2.50329, 8]},
			"faces": {
				"north": {"uv": [6, 4, 7, 5], "texture": "#2"},
				"east": {"uv": [0, 10, 1, 11], "texture": "#2"},
				"south": {"uv": [1, 10, 2, 11], "texture": "#2"},
				"west": {"uv": [10, 1, 11, 2], "texture": "#2"},
				"up": {"uv": [3, 11, 2, 10], "texture": "#2"},
				"down": {"uv": [11, 2, 10, 3], "texture": "#2"}
			}
		},
		{
			"from": [7.5, 11.20329, 7.5],
			"to": [8.5, 12.20329, 8.5],
			"rotation": {"angle": -45, "axis": "x", "origin": [8, 11.70329, 8]},
			"faces": {
				"north": {"uv": [3, 10, 4, 11], "texture": "#2"},
				"east": {"uv": [10, 3, 11, 4], "texture": "#2"},
				"south": {"uv": [4, 10, 5, 11], "texture": "#2"},
				"west": {"uv": [10, 4, 11, 5], "texture": "#2"},
				"up": {"uv": [11, 6, 10, 5], "texture": "#2"},
				"down": {"uv": [11, 6, 10, 7], "texture": "#2"}
			}
		},
		{
			"from": [7.6, 11.30329, 7.5],
			"to": [8.4, 13.30329, 9.5],
			"rotation": {"angle": -45, "axis": "x", "origin": [8, 11.80329, 8]},
			"faces": {
				"north": {"uv": [8, 2, 9, 4], "texture": "#2"},
				"east": {"uv": [0, 5, 2, 7], "texture": "#2"},
				"south": {"uv": [4, 8, 5, 10], "texture": "#2"},
				"west": {"uv": [5, 0, 7, 2], "texture": "#2"},
				"up": {"uv": [8, 10, 7, 8], "texture": "#2"},
				"down": {"uv": [9, 8, 8, 10], "texture": "#2"}
			}
		},
		{
			"from": [7.6, 2.80329, 7.6],
			"to": [8.4, 3.80329, 8.4],
			"rotation": {"angle": 0, "axis": "x", "origin": [8, 3.30329, 8]},
			"faces": {
				"north": {"uv": [7, 10, 8, 11], "texture": "#2"},
				"east": {"uv": [10, 7, 11, 8], "texture": "#2"},
				"south": {"uv": [8, 10, 9, 11], "texture": "#2"},
				"west": {"uv": [10, 8, 11, 9], "texture": "#2"},
				"up": {"uv": [11, 10, 10, 9], "texture": "#2"},
				"down": {"uv": [11, 10, 10, 11], "texture": "#2"}
			}
		},
		{
			"from": [7.6, 4.80329, 7.6],
			"to": [8.4, 5.60329, 8.4],
			"rotation": {"angle": 0, "axis": "x", "origin": [8, 5.30329, 8]},
			"faces": {
				"north": {"uv": [0, 11, 1, 12], "texture": "#2"},
				"east": {"uv": [11, 0, 12, 1], "texture": "#2"},
				"south": {"uv": [1, 11, 2, 12], "texture": "#2"},
				"west": {"uv": [11, 1, 12, 2], "texture": "#2"},
				"up": {"uv": [3, 12, 2, 11], "texture": "#2"},
				"down": {"uv": [12, 2, 11, 3], "texture": "#2"}
			}
		},
		{
			"from": [7.6, 8.60329, 7.6],
			"to": [8.4, 11.40329, 8.4],
			"rotation": {"angle": 0, "axis": "x", "origin": [8, 9.10329, 8]},
			"faces": {
				"north": {"uv": [2, 5, 3, 8], "texture": "#2"},
				"east": {"uv": [5, 2, 6, 5], "texture": "#2"},
				"south": {"uv": [3, 5, 4, 8], "texture": "#2"},
				"west": {"uv": [4, 5, 5, 8], "texture": "#2"},
				"up": {"uv": [4, 12, 3, 11], "texture": "#2"},
				"down": {"uv": [12, 3, 11, 4], "texture": "#2"}
			}
		},
		{
			"from": [7.7, 3.80329, 7.7],
			"to": [8.3, 4.80329, 8.3],
			"rotation": {"angle": 0, "axis": "x", "origin": [8, 4.30329, 8]},
			"faces": {
				"north": {"uv": [9, 11, 9.5, 12], "texture": "#2"},
				"east": {"uv": [11, 9, 11.5, 10], "texture": "#2"},
				"south": {"uv": [10, 11, 10.5, 12], "texture": "#2"},
				"west": {"uv": [11, 10, 11.5, 11], "texture": "#2"},
				"up": {"uv": [12.5, 1.5, 12, 1], "texture": "#2"},
				"down": {"uv": [2.5, 12, 2, 12.5], "texture": "#2"}
			}
		},
		{
			"from": [7.7, 5.60329, 7.7],
			"to": [8.3, 8.60329, 8.3],
			"rotation": {"angle": 0, "axis": "x", "origin": [8, 6.10329, 8]},
			"faces": {
				"north": {"uv": [5, 9, 5.5, 12], "texture": "#2"},
				"east": {"uv": [9, 5, 9.5, 8], "texture": "#2"},
				"south": {"uv": [6, 9, 6.5, 12], "texture": "#2"},
				"west": {"uv": [9, 8, 9.5, 11], "texture": "#2"},
				"up": {"uv": [12.5, 2.5, 12, 2], "texture": "#2"},
				"down": {"uv": [3.5, 12, 3, 12.5], "texture": "#2"}
			}
		},
		{
			"from": [7.7, 12.16146, 6.09238],
			"to": [8.3, 12.76146, 7.09238],
			"rotation": {"angle": 0, "axis": "x", "origin": [8, 12.60288, 6.09239]},
			"faces": {
				"north": {"uv": [12, 3, 12.5, 3.5], "texture": "#2"},
				"east": {"uv": [11, 11, 12, 11.5], "texture": "#2"},
				"south": {"uv": [4, 12, 4.5, 12.5], "texture": "#2"},
				"west": {"uv": [0, 12, 1, 12.5], "texture": "#2"},
				"up": {"uv": [12.5, 1, 12, 0], "texture": "#2"},
				"down": {"uv": [1.5, 12, 1, 13], "texture": "#2"}
			}
		},
		{
			"from": [7.5, 11.84933, 4.63884],
			"to": [8.5, 12.84933, 6.63884],
			"rotation": {"angle": 45, "axis": "x", "origin": [8, 12.60288, 6.09239]},
			"faces": {
				"north": {"uv": [4, 11, 5, 12], "texture": "#2"},
				"east": {"uv": [0, 9, 2, 10], "texture": "#2"},
				"south": {"uv": [11, 4, 12, 5], "texture": "#2"},
				"west": {"uv": [9, 0, 11, 1], "texture": "#2"},
				"up": {"uv": [10, 3, 9, 1], "texture": "#2"},
				"down": {"uv": [10, 3, 9, 5], "texture": "#2"}
			}
		},
		{
			"from": [7.5, 11.84933, 9.36116],
			"to": [8.5, 12.84933, 11.36116],
			"rotation": {"angle": -45, "axis": "x", "origin": [8, 12.60288, 9.90761]},
			"faces": {
				"north": {"uv": [12, 4, 11, 5], "texture": "#2"},
				"east": {"uv": [2, 9, 0, 10], "texture": "#2"},
				"south": {"uv": [5, 11, 4, 12], "texture": "#2"},
				"west": {"uv": [11, 0, 9, 1], "texture": "#2"},
				"up": {"uv": [10, 1, 9, 3], "texture": "#2"},
				"down": {"uv": [10, 5, 9, 3], "texture": "#2"}
			}
		},
		{
			"from": [7.7, 12.16146, 8.90762],
			"to": [8.3, 12.76146, 9.90762],
			"rotation": {"angle": 0, "axis": "x", "origin": [8, 12.60288, 9.90761]},
			"faces": {
				"north": {"uv": [4.5, 12, 4, 12.5], "texture": "#2"},
				"east": {"uv": [12, 11, 11, 11.5], "texture": "#2"},
				"south": {"uv": [12.5, 3, 12, 3.5], "texture": "#2"},
				"west": {"uv": [1, 12, 0, 12.5], "texture": "#2"},
				"up": {"uv": [12.5, 0, 12, 1], "texture": "#2"},
				"down": {"uv": [1.5, 13, 1, 12], "texture": "#2"}
			}
		},
		{
			"from": [7.7375, 12.90329, 7.575],
			"to": [8.2625, 14.32829, 9],
			"rotation": {"angle": 45, "axis": "x", "origin": [7.9875, 13.90329, 8]},
			"faces": {
				"north": {"uv": [11, 5, 11.5, 6.5], "texture": "#2"},
				"east": {"uv": [5, 5, 6.5, 6.5], "texture": "#2"},
				"south": {"uv": [7, 11, 7.5, 12.5], "texture": "#2"},
				"west": {"uv": [6, 2, 7.5, 3.5], "texture": "#2"},
				"up": {"uv": [11.5, 8.5, 11, 7], "texture": "#2"},
				"down": {"uv": [8.5, 11, 8, 12.5], "texture": "#2"}
			}
		},
		{
			"from": [7.26, 13.86, 7.26],
			"to": [8.74, 15.34, 8.74],
			"rotation": {"angle": 45, "axis": "x", "origin": [8, 14.6, 8]},
			"faces": {
				"north": {"uv": [0, 7, 1.5, 8.5], "texture": "#2"},
				"east": {"uv": [7, 0, 8.5, 1.5], "texture": "#2"},
				"south": {"uv": [7, 4, 8.5, 5.5], "texture": "#2"},
				"west": {"uv": [5, 7, 6.5, 8.5], "texture": "#2"},
				"up": {"uv": [8.5, 7.5, 7, 6], "texture": "#2"},
				"down": {"uv": [3.5, 8, 2, 9.5], "texture": "#2"}
			}
		},
		{
			"from": [8, 11.4, 8],
			"to": [8, 16.4, 13],
			"rotation": {"angle": -45, "axis": "x", "origin": [8, 11.4, 8]},
			"faces": {
				"north": {"uv": [0, 0, 0, 5], "texture": "#2"},
				"east": {"uv": [0, 5, 5, 0], "rotation": 180, "texture": "#2"},
				"south": {"uv": [0, 0, 0, 5], "texture": "#2"},
				"west": {"uv": [0, 0, 5, 5], "texture": "#2"},
				"up": {"uv": [0, 5, 0, 0], "texture": "#2"},
				"down": {"uv": [0, 0, 0, 5], "texture": "#2"}
			}
		}
	],
	"gui_light": "front",
	"display": {
		"thirdperson_righthand": {
			"translation": [0, -1, 1.5],
			"scale": [1.5, 1.5, 1.5]
		},
		"thirdperson_lefthand": {
			"translation": [0, -1, 1.5],
			"scale": [1.5, 1.5, 1.5]
		},
		"firstperson_righthand": {
			"rotation": [-5.5, -0.3, 3],
			"translation": [-1.75, 2.5, 3.5],
			"scale": [0.96289, 0.96289, 0.96289]
		},
		"firstperson_lefthand": {
			"rotation": [-5.5, -0.3, 3],
			"translation": [-1.75, 2.5, 3.5],
			"scale": [0.96289, 0.96289, 0.96289]
		},
		"ground": {
			"rotation": [-26.5, -25.3, 55.42],
			"translation": [0, 1.75, 0],
			"scale": [1.24844, 1.24844, 1.24844]
		},
		"gui": {
			"rotation": [90, -135, 90],
			"translation": [-1.75, -2, 0],
			"scale": [1.18359, 1.18359, 1.18359]
		},
		"head": {
			"scale": [0, 0, 0]
		},
		"fixed": {
			"rotation": [90, -90, 90],
			"translation": [0, -0.5, -2.25],
			"scale": [3, 3, 3]
		}
	}
}