{
	"credit": "Made with Blockbench",
	"textures": {
		"0": "cutiecatpack:cutiecatpack/catsword",
		"particle": "cutiecatpack:cutiecatpack/catsword"
	},
	"elements": [
		{
			"from": [7.5, 2.00329, 7.5],
			"to": [8.5, 3.00329, 8.5],
			"rotation": {"angle": -45, "axis": "x", "origin": [8, 2.50329, 8]},
			"faces": {
				"north": {"uv": [7, 8, 8, 9], "texture": "#0"},
				"east": {"uv": [8, 8, 9, 9], "texture": "#0"},
				"south": {"uv": [0, 9, 1, 10], "texture": "#0"},
				"west": {"uv": [9, 0, 10, 1], "texture": "#0"},
				"up": {"uv": [2, 10, 1, 9], "texture": "#0"},
				"down": {"uv": [10, 1, 9, 2], "texture": "#0"}
			}
		},
		{
			"from": [7.5, 5.40329, 7.5],
			"to": [8.5, 6.40329, 8.5],
			"rotation": {"angle": -45, "axis": "x", "origin": [8, 5.90329, 8]},
			"faces": {
				"north": {"uv": [9, 9, 10, 10], "texture": "#0"},
				"east": {"uv": [0, 10, 1, 11], "texture": "#0"},
				"south": {"uv": [10, 0, 11, 1], "texture": "#0"},
				"west": {"uv": [1, 10, 2, 11], "texture": "#0"},
				"up": {"uv": [11, 2, 10, 1], "texture": "#0"},
				"down": {"uv": [3, 10, 2, 11], "texture": "#0"}
			}
		},
		{
			"from": [7.6, 5.50329, 7.5],
			"to": [8.4, 7.50329, 9.5],
			"rotation": {"angle": -45, "axis": "x", "origin": [8, 6.00329, 8]},
			"faces": {
				"north": {"uv": [7, 2, 8, 4], "texture": "#0"},
				"east": {"uv": [5, 0, 7, 2], "texture": "#0"},
				"south": {"uv": [3, 7, 4, 9], "texture": "#0"},
				"west": {"uv": [5, 2, 7, 4], "texture": "#0"},
				"up": {"uv": [5, 9, 4, 7], "texture": "#0"},
				"down": {"uv": [8, 4, 7, 6], "texture": "#0"}
			}
		},
		{
			"from": [7.6, 2.80329, 7.6],
			"to": [8.4, 3.80329, 8.4],
			"rotation": {"angle": 0, "axis": "x", "origin": [8, 3.30329, 8]},
			"faces": {
				"north": {"uv": [2, 9, 3, 10], "texture": "#0"},
				"east": {"uv": [9, 2, 10, 3], "texture": "#0"},
				"south": {"uv": [3, 9, 4, 10], "texture": "#0"},
				"west": {"uv": [9, 3, 10, 4], "texture": "#0"},
				"up": {"uv": [5, 10, 4, 9], "texture": "#0"},
				"down": {"uv": [10, 4, 9, 5], "texture": "#0"}
			}
		},
		{
			"from": [7.6, 4.80329, 7.6],
			"to": [8.4, 5.60329, 8.4],
			"rotation": {"angle": 0, "axis": "x", "origin": [8, 5.30329, 8]},
			"faces": {
				"north": {"uv": [9, 5, 10, 6], "texture": "#0"},
				"east": {"uv": [9, 6, 10, 7], "texture": "#0"},
				"south": {"uv": [7, 9, 8, 10], "texture": "#0"},
				"west": {"uv": [9, 7, 10, 8], "texture": "#0"},
				"up": {"uv": [9, 10, 8, 9], "texture": "#0"},
				"down": {"uv": [10, 8, 9, 9], "texture": "#0"}
			}
		},
		{
			"from": [7.7, 3.80329, 7.7],
			"to": [8.3, 4.80329, 8.3],
			"rotation": {"angle": 0, "axis": "x", "origin": [8, 4.30329, 8]},
			"faces": {
				"north": {"uv": [9, 10, 9.5, 11], "texture": "#0"},
				"east": {"uv": [10, 9, 10.5, 10], "texture": "#0"},
				"south": {"uv": [10, 10, 10.5, 11], "texture": "#0"},
				"west": {"uv": [0, 11, 0.5, 12], "texture": "#0"},
				"up": {"uv": [11.5, 2.5, 11, 2], "texture": "#0"},
				"down": {"uv": [3.5, 11, 3, 11.5], "texture": "#0"}
			}
		},
		{
			"from": [7.7, 6.1718, 6.04713],
			"to": [8.3, 6.7718, 7.04713],
			"rotation": {"angle": -22.5, "axis": "x", "origin": [8, 6.6718, 6.34713]},
			"faces": {
				"north": {"uv": [11, 3, 11.5, 3.5], "texture": "#0"},
				"east": {"uv": [11, 0, 12, 0.5], "texture": "#0"},
				"south": {"uv": [11, 4, 11.5, 4.5], "texture": "#0"},
				"west": {"uv": [1, 11, 2, 11.5], "texture": "#0"},
				"up": {"uv": [11.5, 2, 11, 1], "texture": "#0"},
				"down": {"uv": [2.5, 11, 2, 12], "texture": "#0"}
			}
		},
		{
			"from": [7.5, 5.88088, 4.48457],
			"to": [8.5, 6.88088, 6.48457],
			"rotation": {"angle": 22.5, "axis": "x", "origin": [8, 6.18088, 5.68457]},
			"faces": {
				"north": {"uv": [10, 2, 11, 3], "texture": "#0"},
				"east": {"uv": [7, 6, 9, 7], "texture": "#0"},
				"south": {"uv": [3, 10, 4, 11], "texture": "#0"},
				"west": {"uv": [7, 7, 9, 8], "texture": "#0"},
				"up": {"uv": [9, 4, 8, 2], "texture": "#0"},
				"down": {"uv": [9, 4, 8, 6], "texture": "#0"}
			}
		},
		{
			"from": [7.7, 6.1718, 8.95287],
			"to": [8.3, 6.7718, 9.95287],
			"rotation": {"angle": 22.5, "axis": "x", "origin": [8, 6.6718, 9.65287]},
			"faces": {
				"north": {"uv": [11.5, 4, 11, 4.5], "texture": "#0"},
				"east": {"uv": [12, 0, 11, 0.5], "texture": "#0"},
				"south": {"uv": [11.5, 3, 11, 3.5], "texture": "#0"},
				"west": {"uv": [2, 11, 1, 11.5], "texture": "#0"},
				"up": {"uv": [11.5, 1, 11, 2], "texture": "#0"},
				"down": {"uv": [2.5, 12, 2, 11], "texture": "#0"}
			}
		},
		{
			"from": [7.5, 5.88088, 9.51543],
			"to": [8.5, 6.88088, 11.51543],
			"rotation": {"angle": -22.5, "axis": "x", "origin": [8, 6.18088, 10.31543]},
			"faces": {
				"north": {"uv": [4, 10, 3, 11], "texture": "#0"},
				"east": {"uv": [9, 6, 7, 7], "texture": "#0"},
				"south": {"uv": [11, 2, 10, 3], "texture": "#0"},
				"west": {"uv": [9, 7, 7, 8], "texture": "#0"},
				"up": {"uv": [9, 2, 8, 4], "texture": "#0"},
				"down": {"uv": [9, 6, 8, 4], "texture": "#0"}
			}
		},
		{
			"from": [7.75, 6.50329, 7],
			"to": [8.25, 13.50329, 9],
			"rotation": {"angle": 0, "axis": "y", "origin": [8.25, 10.00329, 8]},
			"faces": {
				"north": {"uv": [5, 4, 5.5, 11], "texture": "#0"},
				"east": {"uv": [3, 0, 5, 7], "texture": "#0"},
				"south": {"uv": [6, 4, 6.5, 11], "texture": "#0"},
				"west": {"uv": [3, 0, 5, 7], "texture": "#0"},
				"up": {"uv": [10.5, 5, 10, 3], "texture": "#0"},
				"down": {"uv": [4.5, 10, 4, 12], "texture": "#0"}
			}
		},
		{
			"from": [8, 6.50329, 6.5],
			"to": [8, 15.50329, 9.5],
			"rotation": {"angle": 0, "axis": "y", "origin": [8.5, 10.00329, 7.5]},
			"faces": {
				"north": {"uv": [0, 0, 0, 9], "texture": "#0"},
				"east": {"uv": [3, 0, 0, 9], "texture": "#0"},
				"south": {"uv": [0, 0, 0, 9], "texture": "#0"},
				"west": {"uv": [0, 0, 3, 9], "texture": "#0"},
				"up": {"uv": [0, 3, 0, 0], "texture": "#0"},
				"down": {"uv": [0, 0, 0, 3], "texture": "#0"}
			}
		},
		{
			"from": [7.7375, 12.90329, 7.575],
			"to": [8.2625, 14.32829, 9],
			"rotation": {"angle": 45, "axis": "x", "origin": [7.9875, 13.90329, 8]},
			"faces": {
				"north": {"uv": [10, 5, 10.5, 6.5], "texture": "#0"},
				"east": {"uv": [7, 0, 8.5, 1.5], "rotation": 90, "texture": "#0"},
				"south": {"uv": [7, 10, 7.5, 11.5], "texture": "#0"},
				"west": {"uv": [7, 0, 8.5, 1.5], "texture": "#0"},
				"up": {"uv": [10.5, 8.5, 10, 7], "texture": "#0"},
				"down": {"uv": [8.5, 10, 8, 11.5], "texture": "#0"}
			}
		}
	],
	"gui_light": "front",
	"display": {
		"thirdperson_righthand": {
			"translation": [0, 4, 2],
			"scale": [1.5, 1.5, 1.5]
		},
		"thirdperson_lefthand": {
			"translation": [0, 4, 2],
			"scale": [1.5, 1.5, 1.5]
		},
		"firstperson_righthand": {
			"rotation": [-5.5, -0.3, 3],
			"translation": [-1.75, 4.5, 3.5],
			"scale": [0.96289, 0.96289, 0.96289]
		},
		"firstperson_lefthand": {
			"rotation": [-5.5, -0.3, 3],
			"translation": [-1.75, 4.5, 3.5],
			"scale": [0.96289, 0.96289, 0.96289]
		},
		"ground": {
			"rotation": [-26.5, -25.3, 55.42],
			"translation": [0, 1.75, 0],
			"scale": [1.24844, 1.24844, 1.24844]
		},
		"gui": {
			"rotation": [90, -135, 90],
			"translation": [-0.5, -0.75, 0],
			"scale": [1.23438, 1.23438, 1.23438]
		},
		"head": {
			"scale": [0, 0, 0]
		},
		"fixed": {
			"rotation": [90, -90, 90],
			"translation": [0, -0.5, -2.25],
			"scale": [3, 3, 3]
		}
	}
}