{"credit":"Made with Blockbench","texture_size":[64,64],"textures":{"2":"sorcery_pack:sorcery_pack/scythe_sorcery_fx","3":"sorcery_pack:sorcery_pack/scythe_sorcery","particle":"sorcery_pack:sorcery_pack/scythe_sorcery_fx"},"elements":[{"from":[7.25625,-12.30018,4.61147],"to":[8.75625,-2.80018,6.11147],"rotation":{"angle":-22.5,"axis":"x","origin":[8,8,8]},"faces":{"north":{"uv":[4.25,3.5,4.625,5.875],"texture":"#3"},"east":{"uv":[4.75,1,5.125,3.375],"texture":"#3"},"south":{"uv":[4.75,3.5,5.125,5.875],"texture":"#3"},"west":{"uv":[4.25,1,4.625,3.375],"texture":"#3"},"up":{"uv":[2.625,9.125,2.25,8.75],"rotation":270,"texture":"#3"},"down":{"uv":[9.125,2.5,8.75,2.875],"rotation":90,"texture":"#3"}}},{"from":[7.25625,5.82004,9.98803],"to":[8.75625,11.32004,11.48803],"rotation":{"angle":22.5,"axis":"x","origin":[8,8,8]},"faces":{"north":{"uv":[5.75,3,6.125,4.375],"texture":"#3"},"east":{"uv":[1,6,1.375,7.375],"texture":"#3"},"south":{"uv":[1.5,6,1.875,7.375],"texture":"#3"},"west":{"uv":[5.75,1.5,6.125,2.875],"texture":"#3"},"up":{"uv":[3.125,9.125,2.75,8.75],"rotation":270,"texture":"#3"},"down":{"uv":[9.125,3,8.75,3.375],"rotation":90,"texture":"#3"}}},{"from":[7.28125,9.73251,10.99304],"to":[8.73125,14.23251,12.49304],"rotation":{"angle":0,"axis":"z","origin":[8,8,8]},"faces":{"north":{"uv":[3.75,6.5,4.125,7.625],"texture":"#3"},"east":{"uv":[6.5,6,6.875,7.125],"texture":"#3"},"south":{"uv":[6.75,2.5,7.125,3.625],"texture":"#3"},"west":{"uv":[6.25,2.5,6.625,3.625],"texture":"#3"},"up":{"uv":[3.625,9.125,3.25,8.75],"rotation":270,"texture":"#3"},"down":{"uv":[4.875,8.75,4.5,9.125],"rotation":90,"texture":"#3"}}},{"from":[7.28125,-3.2748,9.00246],"to":[8.73125,5.2252,10.50246],"rotation":{"angle":0,"axis":"y","origin":[8,8,8]},"faces":{"north":{"uv":[5.25,3.25,5.625,5.375],"texture":"#3"},"east":{"uv":[0,5.5,0.375,7.625],"texture":"#3"},"south":{"uv":[0.5,5.5,0.875,7.625],"texture":"#3"},"west":{"uv":[5.25,1,5.625,3.125],"texture":"#3"},"up":{"uv":[0.625,9.375,0.25,9],"rotation":270,"texture":"#3"},"down":{"uv":[9.375,0.25,9,0.625],"rotation":90,"texture":"#3"}}},{"from":[7.00625,-11.30018,4.36147],"to":[9.00625,-10.30018,6.36147],"rotation":{"angle":-22.5,"axis":"x","origin":[8,8,8]},"faces":{"north":{"uv":[9,1,9.5,1.25],"texture":"#3"},"east":{"uv":[9,1.25,9.5,1.5],"texture":"#3"},"south":{"uv":[9,1.5,9.5,1.75],"texture":"#3"},"west":{"uv":[9,0.75,9.5,1],"texture":"#3"},"up":{"uv":[5.75,8,5.25,7.5],"rotation":270,"texture":"#3"},"down":{"uv":[8,5.5,7.5,6],"rotation":90,"texture":"#3"}}},{"from":[7.00625,-9.57367,19.84222],"to":[9.00625,-7.57367,21.84222],"rotation":{"angle":22.5,"axis":"x","origin":[8,8,8]},"faces":{"north":{"uv":[0.5,7.75,1,8.25],"texture":"#3"},"east":{"uv":[7.75,1,8.25,1.5],"texture":"#3"},"south":{"uv":[7.75,1.5,8.25,2],"texture":"#3"},"west":{"uv":[0,7.75,0.5,8.25],"texture":"#3"},"up":{"uv":[8.25,2.5,7.75,2],"rotation":270,"texture":"#3"},"down":{"uv":[8.25,2.5,7.75,3],"rotation":90,"texture":"#3"}}},{"from":[7.00625,10.32004,9.73803],"to":[9.00625,11.32004,11.73803],"rotation":{"angle":22.5,"axis":"x","origin":[8,8,8]},"faces":{"north":{"uv":[9,2,9.5,2.25],"texture":"#3"},"east":{"uv":[9,2.25,9.5,2.5],"texture":"#3"},"south":{"uv":[9,3.75,9.5,4],"texture":"#3"},"west":{"uv":[9,1.75,9.5,2],"texture":"#3"},"up":{"uv":[8.25,3.5,7.75,3],"rotation":270,"texture":"#3"},"down":{"uv":[8.25,3.5,7.75,4],"rotation":90,"texture":"#3"}}},{"from":[7.25625,14.10655,6.56546],"to":[8.75625,15.10655,9.56546],"rotation":{"angle":22.5,"axis":"x","origin":[8,8,8]},"faces":{"north":{"uv":[9,4,9.5,4.25],"texture":"#3"},"east":{"uv":[2,8.5,2.75,8.75],"texture":"#3"},"south":{"uv":[9,4.25,9.5,4.5],"texture":"#3"},"west":{"uv":[8.25,8,9,8.25],"texture":"#3"},"up":{"uv":[7,4.25,6.25,3.75],"rotation":270,"texture":"#3"},"down":{"uv":[7.5,5.5,6.75,6],"rotation":90,"texture":"#3"}}},{"from":[7.25625,11.21105,13.42494],"to":[8.75625,12.21105,16.42494],"rotation":{"angle":-22.5,"axis":"x","origin":[8,8,8]},"faces":{"north":{"uv":[9,4.5,9.5,4.75],"texture":"#3"},"east":{"uv":[8.5,3.5,9.25,3.75],"texture":"#3"},"south":{"uv":[9,4.75,9.5,5],"texture":"#3"},"west":{"uv":[2.75,8.5,3.5,8.75],"texture":"#3"},"up":{"uv":[7.75,1.5,7,1],"rotation":270,"texture":"#3"},"down":{"uv":[7.75,3.75,7,4.25],"rotation":90,"texture":"#3"}}},{"from":[7.25625,8.66642,16.39512],"to":[8.75625,10.16642,17.39512],"rotation":{"angle":-45,"axis":"x","origin":[8,8,8]},"faces":{"north":{"uv":[8.5,3.75,9,4.125],"texture":"#3"},"east":{"uv":[1.25,9.75,1.5,10.125],"texture":"#3"},"south":{"uv":[8.5,4.25,9,4.625],"texture":"#3"},"west":{"uv":[1,9.75,1.25,10.125],"texture":"#3"},"up":{"uv":[4,9.25,3.75,8.75],"rotation":270,"texture":"#3"},"down":{"uv":[5.25,8.75,5,9.25],"rotation":90,"texture":"#3"}}},{"from":[7.28125,15.46814,12.40436],"to":[8.73125,18.96814,13.40436],"rotation":{"angle":0,"axis":"z","origin":[8,8,8]},"faces":{"north":{"uv":[4.5,6,5,6.875],"texture":"#3"},"east":{"uv":[7.25,8.25,7.5,9.125],"texture":"#3"},"south":{"uv":[5,6,5.5,6.875],"texture":"#3"},"west":{"uv":[8.25,4.5,8.5,5.375],"texture":"#3"},"up":{"uv":[6.75,9.25,6.5,8.75],"rotation":270,"texture":"#3"},"down":{"uv":[1,9,0.75,9.5],"rotation":90,"texture":"#3"}}},{"from":[7.25625,18.87,3.35872],"to":[8.75625,21.37,4.35872],"rotation":{"angle":45,"axis":"x","origin":[8,8,8]},"faces":{"north":{"uv":[7.25,3,7.75,3.625],"texture":"#3"},"east":{"uv":[0,8.75,0.25,9.375],"texture":"#3"},"south":{"uv":[6.75,7.25,7.25,7.875],"texture":"#3"},"west":{"uv":[6.25,8.5,6.5,9.125],"texture":"#3"},"up":{"uv":[4.5,9.5,4.25,9],"rotation":270,"texture":"#3"},"down":{"uv":[5.5,9,5.25,9.5],"rotation":90,"texture":"#3"}}},{"from":[7.25625,14.01663,3.95509],"to":[8.75625,15.51663,4.95509],"rotation":{"angle":45,"axis":"x","origin":[8,8,8]},"faces":{"north":{"uv":[8.5,4.75,9,5.125],"texture":"#3"},"east":{"uv":[9.75,1.5,10,1.875],"texture":"#3"},"south":{"uv":[5.25,8.5,5.75,8.875],"texture":"#3"},"west":{"uv":[1.5,9.75,1.75,10.125],"texture":"#3"},"up":{"uv":[5.75,9.5,5.5,9],"rotation":270,"texture":"#3"},"down":{"uv":[6,9,5.75,9.5],"rotation":90,"texture":"#3"}}},{"from":[7.28125,15.46814,10.16199],"to":[8.73125,18.96814,11.16199],"rotation":{"angle":0,"axis":"z","origin":[8,8,8]},"faces":{"north":{"uv":[5.5,6,6,6.875],"texture":"#3"},"east":{"uv":[7.75,8.25,8,9.125],"texture":"#3"},"south":{"uv":[6,6,6.5,6.875],"texture":"#3"},"west":{"uv":[7.5,8.25,7.75,9.125],"texture":"#3"},"up":{"uv":[9.25,6.25,9,5.75],"rotation":270,"texture":"#3"},"down":{"uv":[6.25,9,6,9.5],"rotation":90,"texture":"#3"}}},{"from":[7.25625,13.51978,16.99151],"to":[8.75625,15.51978,17.99151],"rotation":{"angle":-45,"axis":"x","origin":[8,8,8]},"faces":{"north":{"uv":[3.75,7.75,4.25,8.25],"texture":"#3"},"east":{"uv":[6.75,9,7,9.5],"texture":"#3"},"south":{"uv":[7.75,4,8.25,4.5],"texture":"#3"},"west":{"uv":[9,6.25,9.25,6.75],"texture":"#3"},"up":{"uv":[9.25,7.25,9,6.75],"rotation":270,"texture":"#3"},"down":{"uv":[7.25,9,7,9.5],"rotation":90,"texture":"#3"}}},{"from":[7.25625,19.10864,2.37621],"to":[8.75625,20.10864,4.87621],"rotation":{"angle":22.5,"axis":"x","origin":[8,8,8]},"faces":{"north":{"uv":[9,5,9.5,5.25],"texture":"#3"},"east":{"uv":[0.25,8.75,0.875,9],"texture":"#3"},"south":{"uv":[9,7.25,9.5,7.5],"texture":"#3"},"west":{"uv":[8.75,0,9.375,0.25],"texture":"#3"},"up":{"uv":[7.875,7.75,7.25,7.25],"rotation":270,"texture":"#3"},"down":{"uv":[8.125,0,7.5,0.5],"rotation":90,"texture":"#3"}}},{"from":[7.25625,20.33906,3.93807],"to":[8.75625,21.33906,7.43807],"rotation":{"angle":0,"axis":"z","origin":[8,8,8]},"faces":{"north":{"uv":[9,7.5,9.5,7.75],"texture":"#3"},"east":{"uv":[8,8.25,8.875,8.5],"texture":"#3"},"south":{"uv":[8,9,8.5,9.25],"texture":"#3"},"west":{"uv":[8.25,7.75,9.125,8],"texture":"#3"},"up":{"uv":[7.125,2,6.25,1.5],"rotation":270,"texture":"#3"},"down":{"uv":[7.125,2,6.25,2.5],"rotation":90,"texture":"#3"}}},{"from":[7.28125,20.87812,4.8519],"to":[8.73125,21.87812,9.3519],"rotation":{"angle":-22.5,"axis":"x","origin":[8,8,8]},"faces":{"north":{"uv":[9,8,9.5,8.25],"texture":"#3"},"east":{"uv":[7.5,0.75,8.625,1],"texture":"#3"},"south":{"uv":[9,8.25,9.5,8.5],"texture":"#3"},"west":{"uv":[7.5,0.5,8.625,0.75],"texture":"#3"},"up":{"uv":[3.625,6,2.5,5.5],"rotation":270,"texture":"#3"},"down":{"uv":[6.875,1,5.75,1.5],"rotation":90,"texture":"#3"}}},{"from":[7.25625,21.02643,10.40247],"to":[8.75625,22.02643,15.90247],"rotation":{"angle":-45,"axis":"x","origin":[8,8,8]},"faces":{"north":{"uv":[8.5,9,9,9.25],"texture":"#3"},"east":{"uv":[7,7,8.375,7.25],"texture":"#3"},"south":{"uv":[9,8.5,9.5,8.75],"texture":"#3"},"west":{"uv":[7,6.75,8.375,7],"texture":"#3"},"up":{"uv":[2.375,6,1,5.5],"rotation":270,"texture":"#3"},"down":{"uv":[6.625,5.5,5.25,6],"rotation":90,"texture":"#3"}}},{"from":[7.28125,22.98288,9.93324],"to":[8.73125,23.98288,12.93324],"rotation":{"angle":-22.5,"axis":"x","origin":[8,8,8]},"faces":{"north":{"uv":[9,8.75,9.5,9],"texture":"#3"},"east":{"uv":[8.5,5.5,9.25,5.75],"texture":"#3"},"south":{"uv":[9,9,9.5,9.25],"texture":"#3"},"west":{"uv":[8.5,5.25,9.25,5.5],"texture":"#3"},"up":{"uv":[5.25,7.5,4.5,7],"rotation":270,"texture":"#3"},"down":{"uv":[6,7,5.25,7.5],"rotation":90,"texture":"#3"}}},{"from":[7.28125,19.7359,14.17213],"to":[8.73125,20.7359,16.17213],"rotation":{"angle":0,"axis":"z","origin":[8,8,8]},"faces":{"north":{"uv":[9.25,2.5,9.75,2.75],"texture":"#3"},"east":{"uv":[2.75,9.25,3.25,9.5],"texture":"#3"},"south":{"uv":[9.25,2.75,9.75,3],"texture":"#3"},"west":{"uv":[2.25,9.25,2.75,9.5],"texture":"#3"},"up":{"uv":[8.25,5,7.75,4.5],"rotation":270,"texture":"#3"},"down":{"uv":[8.25,5,7.75,5.5],"rotation":90,"texture":"#3"}}},{"from":[7.25625,21.89377,10.67624],"to":[8.75625,22.89377,12.67624],"rotation":{"angle":22.5,"axis":"x","origin":[8,8,8]},"faces":{"north":{"uv":[3.25,9.25,3.75,9.5],"texture":"#3"},"east":{"uv":[9.25,3.25,9.75,3.5],"texture":"#3"},"south":{"uv":[9.25,3.5,9.75,3.75],"texture":"#3"},"west":{"uv":[9.25,3,9.75,3.25],"texture":"#3"},"up":{"uv":[7.75,8.25,7.25,7.75],"rotation":270,"texture":"#3"},"down":{"uv":[8.25,7.75,7.75,8.25],"rotation":90,"texture":"#3"}}},{"from":[7.28125,15.22489,20.83809],"to":[8.73125,17.22489,21.83809],"rotation":{"angle":-22.5,"axis":"x","origin":[8,8,8]},"faces":{"north":{"uv":[2,8,2.5,8.5],"texture":"#3"},"east":{"uv":[4,9.25,4.25,9.75],"texture":"#3"},"south":{"uv":[2.5,8,3,8.5],"texture":"#3"},"west":{"uv":[3.75,9.25,4,9.75],"texture":"#3"},"up":{"uv":[4.75,9.75,4.5,9.25],"rotation":270,"texture":"#3"},"down":{"uv":[5,9.25,4.75,9.75],"rotation":90,"texture":"#3"}}},{"from":[7.25625,11.22707,23.31495],"to":[8.75625,13.22707,24.31495],"rotation":{"angle":-45,"axis":"x","origin":[8,8,8]},"faces":{"north":{"uv":[3,8,3.5,8.5],"texture":"#3"},"east":{"uv":[9.25,5.25,9.5,5.75],"texture":"#3"},"south":{"uv":[5.25,8,5.75,8.5],"texture":"#3"},"west":{"uv":[5,9.25,5.25,9.75],"texture":"#3"},"up":{"uv":[9.5,6.25,9.25,5.75],"rotation":270,"texture":"#3"},"down":{"uv":[6.5,9.25,6.25,9.75],"rotation":90,"texture":"#3"}}},{"from":[7.28125,22.23251,14.34031],"to":[8.73125,23.23251,15.84031],"rotation":{"angle":0,"axis":"z","origin":[8,8,8]},"faces":{"north":{"uv":[9.25,6.25,9.75,6.5],"texture":"#3"},"east":{"uv":[9.75,2,10.125,2.25],"texture":"#3"},"south":{"uv":[9.25,6.5,9.75,6.75],"texture":"#3"},"west":{"uv":[9.75,0.5,10.125,0.75],"texture":"#3"},"up":{"uv":[6.125,9,5.75,8.5],"rotation":270,"texture":"#3"},"down":{"uv":[8.875,5.75,8.5,6.25],"rotation":90,"texture":"#3"}}},{"from":[7.55625,23.73251,11.01188],"to":[8.45625,24.73251,12.51188],"rotation":{"angle":0,"axis":"z","origin":[8,8,8]},"faces":{"north":{"uv":[9.25,6.75,9.75,7],"texture":"#3"},"east":{"uv":[9.75,2.5,10.125,2.75],"texture":"#3"},"south":{"uv":[9.25,7,9.75,7.25],"texture":"#3"},"west":{"uv":[9.75,2.25,10.125,2.5],"texture":"#3"},"up":{"uv":[8.875,6.75,8.5,6.25],"rotation":270,"texture":"#3"},"down":{"uv":[7.125,8.5,6.75,9],"rotation":90,"texture":"#3"}}},{"from":[7.55625,21.25428,-2.99484],"to":[8.45625,22.25428,-0.99484],"rotation":{"angle":45,"axis":"x","origin":[8,8,8]},"faces":{"north":{"uv":[7.75,9.25,8.25,9.5],"texture":"#3"},"east":{"uv":[9.25,7.75,9.75,8],"texture":"#3"},"south":{"uv":[8.25,9.25,8.75,9.5],"texture":"#3"},"west":{"uv":[7.25,9.25,7.75,9.5],"texture":"#3"},"up":{"uv":[8.5,6,8,5.5],"rotation":270,"texture":"#3"},"down":{"uv":[7.25,8,6.75,8.5],"rotation":90,"texture":"#3"}}},{"from":[7.55625,15.93418,22.31494],"to":[8.45625,16.93418,24.31494],"rotation":{"angle":-45,"axis":"x","origin":[8,8,8]},"faces":{"north":{"uv":[9.25,9.25,9.75,9.5],"texture":"#3"},"east":{"uv":[0,9.5,0.5,9.75],"texture":"#3"},"south":{"uv":[9.5,0,10,0.25],"texture":"#3"},"west":{"uv":[8.75,9.25,9.25,9.5],"texture":"#3"},"up":{"uv":[8.5,7.75,8,7.25],"rotation":270,"texture":"#3"},"down":{"uv":[0.5,8.25,0,8.75],"rotation":90,"texture":"#3"}}},{"from":[7.55625,16.43418,24.31494],"to":[8.45625,16.93418,24.81494],"rotation":{"angle":-45,"axis":"x","origin":[8,8,8]},"faces":{"north":{"uv":[9.75,5.5,10.25,5.625],"texture":"#3"},"east":{"uv":[10.5,8,10.625,8.125],"texture":"#3"},"south":{"uv":[9.75,5.75,10.25,5.875],"texture":"#3"},"west":{"uv":[8,10.5,8.125,10.625],"texture":"#3"},"up":{"uv":[5.625,10.25,5.5,9.75],"rotation":270,"texture":"#3"},"down":{"uv":[6.375,9.75,6.25,10.25],"rotation":90,"texture":"#3"}}},{"from":[7.55625,16.69432,24.81494],"to":[8.45625,16.93418,25.07507],"rotation":{"angle":-45,"axis":"x","origin":[8,8,8]},"faces":{"north":{"uv":[9.75,6.25,10.25,6.375],"texture":"#3"},"east":{"uv":[10.5,8.25,10.625,8.375],"texture":"#3"},"south":{"uv":[9.75,6.5,10.25,6.625],"texture":"#3"},"west":{"uv":[8.25,10.5,8.375,10.625],"texture":"#3"},"up":{"uv":[6.625,10.25,6.5,9.75],"rotation":270,"texture":"#3"},"down":{"uv":[9.875,6.75,9.75,7.25],"rotation":90,"texture":"#3"}}},{"from":[7.58125,23.64672,12.92609],"to":[8.43125,25.14672,13.92609],"rotation":{"angle":0,"axis":"z","origin":[8,8,8]},"faces":{"north":{"uv":[8.5,6.75,9,7.125],"texture":"#3"},"east":{"uv":[9.75,2.75,10,3.125],"texture":"#3"},"south":{"uv":[8.5,7.25,9,7.625],"texture":"#3"},"west":{"uv":[1.75,9.75,2,10.125],"texture":"#3"},"up":{"uv":[6.75,9.75,6.5,9.25],"rotation":270,"texture":"#3"},"down":{"uv":[9.75,0.25,9.5,0.75],"rotation":90,"texture":"#3"}}},{"from":[7.55625,25.14672,13.42609],"to":[8.45625,26.04672,13.92609],"rotation":{"angle":0,"axis":"z","origin":[8,8,8]},"faces":{"north":{"uv":[0.5,9.5,1,9.75],"texture":"#3"},"east":{"uv":[8.25,10.25,8.375,10.5],"texture":"#3"},"south":{"uv":[9.5,0.75,10,1],"texture":"#3"},"west":{"uv":[10.25,8,10.375,8.25],"texture":"#3"},"up":{"uv":[9.875,7.75,9.75,7.25],"rotation":270,"texture":"#3"},"down":{"uv":[9.875,7.75,9.75,8.25],"rotation":90,"texture":"#3"}}},{"from":[7.55625,26.04672,13.67609],"to":[8.45625,26.22172,13.92609],"rotation":{"angle":0,"axis":"z","origin":[8,8,8]},"faces":{"north":{"uv":[9.75,8.25,10.25,8.375],"texture":"#3"},"east":{"uv":[10.5,8.5,10.625,8.625],"texture":"#3"},"south":{"uv":[9.75,8.5,10.25,8.625],"texture":"#3"},"west":{"uv":[8.5,10.5,8.625,10.625],"texture":"#3"},"up":{"uv":[9.875,9.75,9.75,9.25],"rotation":270,"texture":"#3"},"down":{"uv":[9.875,9.75,9.75,10.25],"rotation":90,"texture":"#3"}}},{"from":[7.75625,24.30091,15.43329],"to":[8.25625,24.80091,15.93329],"rotation":{"angle":0,"axis":"z","origin":[8,8,8]},"faces":{"north":{"uv":[10.25,8.25,10.5,8.375],"texture":"#3"},"east":{"uv":[10.5,8.75,10.625,8.875],"texture":"#3"},"south":{"uv":[8.5,10.25,8.75,10.375],"texture":"#3"},"west":{"uv":[8.75,10.5,8.875,10.625],"texture":"#3"},"up":{"uv":[10.375,8.75,10.25,8.5],"rotation":270,"texture":"#3"},"down":{"uv":[8.875,10.25,8.75,10.5],"rotation":90,"texture":"#3"}}},{"from":[7.75625,24.80091,15.43329],"to":[8.25625,25.06105,15.67315],"rotation":{"angle":0,"axis":"z","origin":[8,8,8]},"faces":{"north":{"uv":[10.25,8.75,10.5,8.875],"texture":"#3"},"east":{"uv":[10.5,9,10.625,9.125],"texture":"#3"},"south":{"uv":[9,10.25,9.25,10.375],"texture":"#3"},"west":{"uv":[9,10.5,9.125,10.625],"texture":"#3"},"up":{"uv":[10.375,9.25,10.25,9],"rotation":270,"texture":"#3"},"down":{"uv":[9.375,10.25,9.25,10.5],"rotation":90,"texture":"#3"}}},{"from":[7.75625,14.46325,25.23971],"to":[8.25625,14.63825,25.48971],"rotation":{"angle":-45,"axis":"x","origin":[8,8,8]},"faces":{"north":{"uv":[10.25,9.25,10.5,9.375],"texture":"#3"},"east":{"uv":[10.5,9.25,10.625,9.375],"texture":"#3"},"south":{"uv":[9.5,10.25,9.75,10.375],"texture":"#3"},"west":{"uv":[9.25,10.5,9.375,10.625],"texture":"#3"},"up":{"uv":[10.375,9.75,10.25,9.5],"rotation":270,"texture":"#3"},"down":{"uv":[9.875,10.25,9.75,10.5],"rotation":90,"texture":"#3"}}},{"from":[7.75625,13.56325,24.98972],"to":[8.25625,14.46325,25.48972],"rotation":{"angle":-45,"axis":"x","origin":[8,8,8]},"faces":{"north":{"uv":[7.5,2.75,7.75,3],"texture":"#3"},"east":{"uv":[10,10.25,10.125,10.5],"texture":"#3"},"south":{"uv":[3.5,8,3.75,8.25],"texture":"#3"},"west":{"uv":[10.25,9.75,10.375,10],"texture":"#3"},"up":{"uv":[10.375,10.25,10.25,10],"rotation":270,"texture":"#3"},"down":{"uv":[10.375,10.25,10.25,10.5],"rotation":90,"texture":"#3"}}},{"from":[7.25625,14.32488,21.33809],"to":[8.75625,15.22488,21.83809],"rotation":{"angle":-22.5,"axis":"x","origin":[8,8,8]},"faces":{"north":{"uv":[1,9.5,1.5,9.75],"texture":"#3"},"east":{"uv":[10.5,0,10.625,0.25],"texture":"#3"},"south":{"uv":[9.5,1,10,1.25],"texture":"#3"},"west":{"uv":[0,10.5,0.125,10.75],"texture":"#3"},"up":{"uv":[0.125,10.5,0,10],"rotation":270,"texture":"#3"},"down":{"uv":[0.375,10,0.25,10.5],"rotation":90,"texture":"#3"}}},{"from":[7.25625,21.89377,12.67624],"to":[8.75625,22.39377,13.17624],"rotation":{"angle":22.5,"axis":"x","origin":[8,8,8]},"faces":{"north":{"uv":[9.75,8.75,10.25,8.875],"texture":"#3"},"east":{"uv":[10.5,9.5,10.625,9.625],"texture":"#3"},"south":{"uv":[10,0,10.5,0.125],"texture":"#3"},"west":{"uv":[9.5,10.5,9.625,10.625],"texture":"#3"},"up":{"uv":[10.125,1.25,10,0.75],"rotation":270,"texture":"#3"},"down":{"uv":[10.125,1.25,10,1.75],"rotation":90,"texture":"#3"}}},{"from":[7.25625,14.14988,21.58808],"to":[8.75625,14.32488,21.83808],"rotation":{"angle":-22.5,"axis":"x","origin":[8,8,8]},"faces":{"north":{"uv":[10,1.75,10.5,1.875],"texture":"#3"},"east":{"uv":[10.5,9.75,10.625,9.875],"texture":"#3"},"south":{"uv":[2,10,2.5,10.125],"texture":"#3"},"west":{"uv":[9.75,10.5,9.875,10.625],"texture":"#3"},"up":{"uv":[2.625,10.5,2.5,10],"rotation":270,"texture":"#3"},"down":{"uv":[2.875,10,2.75,10.5],"rotation":90,"texture":"#3"}}},{"from":[7.25625,21.89377,13.17624],"to":[8.75625,22.13363,13.43638],"rotation":{"angle":22.5,"axis":"x","origin":[8,8,8]},"faces":{"north":{"uv":[10,2.75,10.5,2.875],"texture":"#3"},"east":{"uv":[10.5,10,10.625,10.125],"texture":"#3"},"south":{"uv":[3,10,3.5,10.125],"texture":"#3"},"west":{"uv":[10,10.5,10.125,10.625],"texture":"#3"},"up":{"uv":[3.625,10.5,3.5,10],"rotation":270,"texture":"#3"},"down":{"uv":[3.875,10,3.75,10.5],"rotation":90,"texture":"#3"}}},{"from":[7.55625,26.04672,9.59767],"to":[8.45625,26.22172,9.84767],"rotation":{"angle":0,"axis":"z","origin":[8,8,8]},"faces":{"north":{"uv":[10,3,10.5,3.125],"texture":"#3"},"east":{"uv":[10.5,10.25,10.625,10.375],"texture":"#3"},"south":{"uv":[10,3.75,10.5,3.875],"texture":"#3"},"west":{"uv":[10.25,10.5,10.375,10.625],"texture":"#3"},"up":{"uv":[4.125,10.5,4,10],"rotation":270,"texture":"#3"},"down":{"uv":[10.125,4,10,4.5],"rotation":90,"texture":"#3"}}},{"from":[7.55625,21.75428,-3.49484],"to":[8.45625,22.25428,-2.99484],"rotation":{"angle":45,"axis":"x","origin":[8,8,8]},"faces":{"north":{"uv":[4.25,10,4.75,10.125],"texture":"#3"},"east":{"uv":[0,10.75,0.125,10.875],"texture":"#3"},"south":{"uv":[10,4.5,10.5,4.625],"texture":"#3"},"west":{"uv":[10.5,10.5,10.625,10.625],"texture":"#3"},"up":{"uv":[4.875,10.5,4.75,10],"rotation":270,"texture":"#3"},"down":{"uv":[10.125,4.75,10,5.25],"rotation":90,"texture":"#3"}}},{"from":[7.55625,25.14672,9.59767],"to":[8.45625,26.04672,10.09767],"rotation":{"angle":0,"axis":"z","origin":[8,8,8]},"faces":{"north":{"uv":[9.5,1.25,10,1.5],"texture":"#3"},"east":{"uv":[10.5,0.25,10.625,0.5],"texture":"#3"},"south":{"uv":[1.5,9.5,2,9.75],"texture":"#3"},"west":{"uv":[0.25,10.5,0.375,10.75],"texture":"#3"},"up":{"uv":[5.875,10.5,5.75,10],"rotation":270,"texture":"#3"},"down":{"uv":[6.125,10,6,10.5],"rotation":90,"texture":"#3"}}},{"from":[7.55625,22.01442,-3.75497],"to":[8.45625,22.25428,-3.49484],"rotation":{"angle":45,"axis":"x","origin":[8,8,8]},"faces":{"north":{"uv":[10,5.25,10.5,5.375],"texture":"#3"},"east":{"uv":[0.25,10.75,0.375,10.875],"texture":"#3"},"south":{"uv":[10,6,10.5,6.125],"texture":"#3"},"west":{"uv":[10.75,0,10.875,0.125],"texture":"#3"},"up":{"uv":[6.875,10.5,6.75,10],"rotation":270,"texture":"#3"},"down":{"uv":[10.125,6.75,10,7.25],"rotation":90,"texture":"#3"}}},{"from":[7.25625,13.58063,22.54717],"to":[8.75625,15.58063,23.54717],"rotation":{"angle":-45,"axis":"x","origin":[8,8,8]},"faces":{"north":{"uv":[8.25,0,8.75,0.5],"texture":"#3"},"east":{"uv":[2,9.5,2.25,10],"texture":"#3"},"south":{"uv":[0.5,8.25,1,8.75],"texture":"#3"},"west":{"uv":[9.5,1.5,9.75,2],"texture":"#3"},"up":{"uv":[9.75,2.5,9.5,2],"rotation":270,"texture":"#3"},"down":{"uv":[2.5,9.5,2.25,10],"rotation":90,"texture":"#3"}}},{"from":[7.25625,18.90073,-2.22707],"to":[8.75625,20.90073,-1.22707],"rotation":{"angle":45,"axis":"x","origin":[8,8,8]},"faces":{"north":{"uv":[8.25,1,8.75,1.5],"texture":"#3"},"east":{"uv":[2.75,9.5,3,10],"texture":"#3"},"south":{"uv":[8.25,1.5,8.75,2],"texture":"#3"},"west":{"uv":[2.5,9.5,2.75,10],"texture":"#3"},"up":{"uv":[3.25,10,3,9.5],"rotation":270,"texture":"#3"},"down":{"uv":[3.5,9.5,3.25,10],"rotation":90,"texture":"#3"}}},{"from":[7.28125,22.23251,7.18345],"to":[8.73125,23.23251,9.18345],"rotation":{"angle":0,"axis":"z","origin":[8,8,8]},"faces":{"north":{"uv":[9.5,4,10,4.25],"texture":"#3"},"east":{"uv":[9.5,4.25,10,4.5],"texture":"#3"},"south":{"uv":[9.5,4.5,10,4.75],"texture":"#3"},"west":{"uv":[9.5,3.75,10,4],"texture":"#3"},"up":{"uv":[8.75,2.5,8.25,2],"rotation":270,"texture":"#3"},"down":{"uv":[8.75,2.5,8.25,3],"rotation":90,"texture":"#3"}}},{"from":[7.25625,17.48652,-4.64129],"to":[8.75625,18.48652,-2.64129],"rotation":{"angle":45,"axis":"x","origin":[8,8,8]},"faces":{"north":{"uv":[9.5,5,10,5.25],"texture":"#3"},"east":{"uv":[5.25,9.5,5.75,9.75],"texture":"#3"},"south":{"uv":[9.5,5.25,10,5.5],"texture":"#3"},"west":{"uv":[9.5,4.75,10,5],"texture":"#3"},"up":{"uv":[8.75,3.5,8.25,3],"rotation":270,"texture":"#3"},"down":{"uv":[4,8.25,3.5,8.75],"rotation":90,"texture":"#3"}}},{"from":[7.75625,24.00028,5.41569],"to":[8.25625,26.00028,6.41569],"rotation":{"angle":0,"axis":"z","origin":[8,8,8]},"faces":{"north":{"uv":[4.25,9.5,4.5,10],"texture":"#3"},"east":{"uv":[9.5,5.5,9.75,6],"texture":"#3"},"south":{"uv":[5.75,9.5,6,10],"texture":"#3"},"west":{"uv":[3.5,9.5,3.75,10],"texture":"#3"},"up":{"uv":[7.25,10.25,7,10],"rotation":270,"texture":"#3"},"down":{"uv":[7.5,10,7.25,10.25],"rotation":90,"texture":"#3"}}},{"from":[7.78125,18.90073,-6.55551],"to":[8.23125,21.40073,-5.55551],"rotation":{"angle":45,"axis":"x","origin":[8,8,8]},"faces":{"north":{"uv":[1,8.75,1.25,9.375],"texture":"#3"},"east":{"uv":[8.75,1,9,1.625],"texture":"#3"},"south":{"uv":[1.25,8.75,1.5,9.375],"texture":"#3"},"west":{"uv":[8.75,0.25,9,0.875],"texture":"#3"},"up":{"uv":[10.25,7.5,10,7.25],"rotation":270,"texture":"#3"},"down":{"uv":[7.75,10,7.5,10.25],"rotation":90,"texture":"#3"}}},{"from":[7.75625,25.57577,8.81052],"to":[8.25625,26.57577,14.81052],"rotation":{"angle":-22.5,"axis":"x","origin":[8,8,8]},"faces":{"north":{"uv":[10,7.5,10.25,7.75],"texture":"#3"},"east":{"uv":[7,6,8.5,6.25],"texture":"#3"},"south":{"uv":[7.75,10,8,10.25],"texture":"#3"},"west":{"uv":[6.25,4.25,7.75,4.5],"texture":"#3"},"up":{"uv":[8.5,6.5,7,6.25],"rotation":270,"texture":"#3"},"down":{"uv":[8.5,6.5,7,6.75],"rotation":90,"texture":"#3"}}},{"from":[7.75625,23.8516,7.85745],"to":[8.25625,24.8516,15.85745],"rotation":{"angle":-45,"axis":"x","origin":[8,8,8]},"faces":{"north":{"uv":[10,7.75,10.25,8],"texture":"#3"},"east":{"uv":[5.75,4.75,7.75,5],"texture":"#3"},"south":{"uv":[8,10,8.25,10.25],"texture":"#3"},"west":{"uv":[5.75,4.5,7.75,4.75],"texture":"#3"},"up":{"uv":[7.75,5.25,5.75,5],"rotation":270,"texture":"#3"},"down":{"uv":[7.75,5.25,5.75,5.5],"rotation":90,"texture":"#3"}}},{"from":[7.78125,6.31714,-7.6234],"to":[8.23125,14.31714,-6.6234],"rotation":{"angle":22.5,"axis":"x","origin":[8,8,8]},"faces":{"north":{"uv":[2.25,6,2.5,8],"texture":"#3"},"east":{"uv":[2.5,6,2.75,8],"texture":"#3"},"south":{"uv":[2.75,6,3,8],"texture":"#3"},"west":{"uv":[2,6,2.25,8],"texture":"#3"},"up":{"uv":[10.25,8.25,10,8],"rotation":270,"texture":"#3"},"down":{"uv":[8.5,10,8.25,10.25],"rotation":90,"texture":"#3"}}},{"from":[7.75625,0.8491,-5.86625],"to":[8.25625,6.3491,-4.86625],"rotation":{"angle":45,"axis":"x","origin":[8,8,8]},"faces":{"north":{"uv":[6.25,7,6.5,8.375],"texture":"#3"},"east":{"uv":[7.25,1.5,7.5,2.875],"texture":"#3"},"south":{"uv":[6.5,7.25,6.75,8.625],"texture":"#3"},"west":{"uv":[6,7,6.25,8.375],"texture":"#3"},"up":{"uv":[8.75,10.25,8.5,10],"rotation":270,"texture":"#3"},"down":{"uv":[9,10,8.75,10.25],"rotation":90,"texture":"#3"}}},{"from":[7.78125,15.93046,-3.26518],"to":[8.23125,17.93046,-2.26518],"rotation":{"angle":0,"axis":"z","origin":[8,8,8]},"faces":{"north":{"uv":[6.75,9.5,7,10],"texture":"#3"},"east":{"uv":[7,9.5,7.25,10],"texture":"#3"},"south":{"uv":[7.25,9.5,7.5,10],"texture":"#3"},"west":{"uv":[6,9.5,6.25,10],"texture":"#3"},"up":{"uv":[9.25,10.25,9,10],"rotation":270,"texture":"#3"},"down":{"uv":[10.25,9,10,9.25],"rotation":90,"texture":"#3"}}},{"from":[7.75625,7.0562,-6.98758],"to":[8.25625,11.0562,-5.98758],"rotation":{"angle":45,"axis":"x","origin":[8,8,8]},"faces":{"north":{"uv":[4.25,8,4.5,9],"texture":"#3"},"east":{"uv":[8.25,3.5,8.5,4.5],"texture":"#3"},"south":{"uv":[4,8.25,4.25,9.25],"texture":"#3"},"west":{"uv":[5.75,7.5,6,8.5],"texture":"#3"},"up":{"uv":[9.5,10.25,9.25,10],"rotation":270,"texture":"#3"},"down":{"uv":[10.25,9.25,10,9.5],"rotation":90,"texture":"#3"}}},{"from":[7.75625,19.75888,-0.43675],"to":[8.25625,20.75888,1.06325],"rotation":{"angle":0,"axis":"z","origin":[8,8,8]},"faces":{"north":{"uv":[9.5,10,9.75,10.25],"texture":"#3"},"east":{"uv":[9.75,3.5,10.125,3.75],"texture":"#3"},"south":{"uv":[10,9.5,10.25,9.75],"texture":"#3"},"west":{"uv":[9.75,3.25,10.125,3.5],"texture":"#3"},"up":{"uv":[4.125,10,3.75,9.75],"rotation":270,"texture":"#3"},"down":{"uv":[4.875,9.75,4.5,10],"rotation":90,"texture":"#3"}}},{"from":[7.55625,23.64672,9.59767],"to":[8.45625,25.14672,10.59767],"rotation":{"angle":0,"axis":"z","origin":[8,8,8]},"faces":{"north":{"uv":[8,8.5,8.5,8.875],"texture":"#3"},"east":{"uv":[5.25,9.75,5.5,10.125],"texture":"#3"},"south":{"uv":[8.5,8.5,9,8.875],"texture":"#3"},"west":{"uv":[5,9.75,5.25,10.125],"texture":"#3"},"up":{"uv":[9.75,7.75,9.5,7.25],"rotation":270,"texture":"#3"},"down":{"uv":[7.75,9.5,7.5,10],"rotation":90,"texture":"#3"}}},{"from":[7.75625,6.87932,22.54958],"to":[8.25625,9.37932,23.54958],"rotation":{"angle":-45,"axis":"x","origin":[8,8,8]},"faces":{"north":{"uv":[1.75,8.75,2,9.375],"texture":"#3"},"east":{"uv":[8.75,1.75,9,2.375],"texture":"#3"},"south":{"uv":[2,8.75,2.25,9.375],"texture":"#3"},"west":{"uv":[1.5,8.75,1.75,9.375],"texture":"#3"},"up":{"uv":[10.25,10,10,9.75],"rotation":270,"texture":"#3"},"down":{"uv":[10.25,10,10,10.25],"rotation":90,"texture":"#3"}}},{"from":[7.78125,16.20277,18.78765],"to":[8.23125,18.20277,19.78765],"rotation":{"angle":0,"axis":"z","origin":[8,8,8]},"faces":{"north":{"uv":[8,9.5,8.25,10],"texture":"#3"},"east":{"uv":[9.5,8,9.75,8.5],"texture":"#3"},"south":{"uv":[8.25,9.5,8.5,10],"texture":"#3"},"west":{"uv":[7.75,9.5,8,10],"texture":"#3"},"up":{"uv":[10.5,0.5,10.25,0.25],"rotation":270,"texture":"#3"},"down":{"uv":[0.75,10.25,0.5,10.5],"rotation":90,"texture":"#3"}}},{"from":[7.75625,1.17221,21.42826],"to":[8.25625,6.17221,22.42826],"rotation":{"angle":-45,"axis":"x","origin":[8,8,8]},"faces":{"north":{"uv":[1.25,7.5,1.5,8.75],"texture":"#3"},"east":{"uv":[1.5,7.5,1.75,8.75],"texture":"#3"},"south":{"uv":[7.5,1.5,7.75,2.75],"texture":"#3"},"west":{"uv":[1,7.5,1.25,8.75],"texture":"#3"},"up":{"uv":[10.5,0.75,10.25,0.5],"rotation":270,"texture":"#3"},"down":{"uv":[1,10.25,0.75,10.5],"rotation":90,"texture":"#3"}}},{"from":[7.78125,7.21339,22.94286],"to":[8.23125,15.21339,23.94286],"rotation":{"angle":-22.5,"axis":"x","origin":[8,8,8]},"faces":{"north":{"uv":[3.25,6,3.5,8],"texture":"#3"},"east":{"uv":[3.5,6,3.75,8],"texture":"#3"},"south":{"uv":[4.25,6,4.5,8],"texture":"#3"},"west":{"uv":[3,6,3.25,8],"texture":"#3"},"up":{"uv":[10.5,1,10.25,0.75],"rotation":270,"texture":"#3"},"down":{"uv":[1.25,10.25,1,10.5],"rotation":90,"texture":"#3"}}},{"from":[7.75625,8.56325,24.48972],"to":[8.25625,13.56325,25.48972],"rotation":{"angle":-45,"axis":"x","origin":[8,8,8]},"faces":{"north":{"uv":[4.5,7.5,4.75,8.75],"texture":"#3"},"east":{"uv":[4.75,7.5,5,8.75],"texture":"#3"},"south":{"uv":[5,7.5,5.25,8.75],"texture":"#3"},"west":{"uv":[1.75,7.5,2,8.75],"texture":"#3"},"up":{"uv":[10.5,1.25,10.25,1],"rotation":270,"texture":"#3"},"down":{"uv":[1.5,10.25,1.25,10.5],"rotation":90,"texture":"#3"}}},{"from":[7.75625,22.30091,15.43329],"to":[8.25625,24.30091,16.43329],"rotation":{"angle":0,"axis":"z","origin":[8,8,8]},"faces":{"north":{"uv":[9.5,8.5,9.75,9],"texture":"#3"},"east":{"uv":[8.75,9.5,9,10],"texture":"#3"},"south":{"uv":[9,9.5,9.25,10],"texture":"#3"},"west":{"uv":[8.5,9.5,8.75,10],"texture":"#3"},"up":{"uv":[10.5,1.5,10.25,1.25],"rotation":270,"texture":"#3"},"down":{"uv":[1.75,10.25,1.5,10.5],"rotation":90,"texture":"#3"}}},{"from":[7.75625,5.16714,-7.6234],"to":[8.25625,6.31714,-7.1234],"rotation":{"angle":22.5,"axis":"x","origin":[8,8,8]},"faces":{"north":{"uv":[10.25,1.5,10.5,1.75],"texture":"#3"},"east":{"uv":[10.5,0.5,10.625,0.75],"texture":"#3"},"south":{"uv":[1.75,10.25,2,10.5],"texture":"#3"},"west":{"uv":[0.5,10.5,0.625,10.75],"texture":"#3"},"up":{"uv":[0.875,10.75,0.75,10.5],"rotation":270,"texture":"#3"},"down":{"uv":[10.625,0.75,10.5,1],"rotation":90,"texture":"#3"}}},{"from":[7.75625,4.56714,-7.6234],"to":[8.25625,5.31714,-7.3734],"rotation":{"angle":22.5,"axis":"x","origin":[8,8,8]},"faces":{"north":{"uv":[2,10.25,2.25,10.5],"texture":"#3"},"east":{"uv":[10.5,1,10.625,1.25],"texture":"#3"},"south":{"uv":[10.25,2,10.5,2.25],"texture":"#3"},"west":{"uv":[1,10.5,1.125,10.75],"texture":"#3"},"up":{"uv":[1.375,10.75,1.25,10.5],"rotation":270,"texture":"#3"},"down":{"uv":[10.625,1.25,10.5,1.5],"rotation":90,"texture":"#3"}}},{"from":[7.75625,-1.1509,-5.11626],"to":[8.25625,-0.1509,-4.86626],"rotation":{"angle":45,"axis":"x","origin":[8,8,8]},"faces":{"north":{"uv":[2.25,10.25,2.5,10.5],"texture":"#3"},"east":{"uv":[10.5,1.5,10.625,1.75],"texture":"#3"},"south":{"uv":[10.25,2.25,10.5,2.5],"texture":"#3"},"west":{"uv":[1.5,10.5,1.625,10.75],"texture":"#3"},"up":{"uv":[1.875,10.75,1.75,10.5],"rotation":270,"texture":"#3"},"down":{"uv":[10.625,1.75,10.5,2],"rotation":90,"texture":"#3"}}},{"from":[7.75625,-0.1509,-5.36626],"to":[8.25625,0.8491,-4.86626],"rotation":{"angle":45,"axis":"x","origin":[8,8,8]},"faces":{"north":{"uv":[10.25,2.5,10.5,2.75],"texture":"#3"},"east":{"uv":[10.5,2,10.625,2.25],"texture":"#3"},"south":{"uv":[3,10.25,3.25,10.5],"texture":"#3"},"west":{"uv":[2,10.5,2.125,10.75],"texture":"#3"},"up":{"uv":[2.375,10.75,2.25,10.5],"rotation":270,"texture":"#3"},"down":{"uv":[10.625,2.25,10.5,2.5],"rotation":90,"texture":"#3"}}},{"from":[7.25625,9.40246,-6.02643],"to":[8.75625,10.40246,-5.52643],"rotation":{"angle":45,"axis":"x","origin":[8,8,8]},"faces":{"north":{"uv":[9.5,6,10,6.25],"texture":"#3"},"east":{"uv":[10.5,2.5,10.625,2.75],"texture":"#3"},"south":{"uv":[9.5,9,10,9.25],"texture":"#3"},"west":{"uv":[2.5,10.5,2.625,10.75],"texture":"#3"},"up":{"uv":[3.375,10.75,3.25,10.25],"rotation":270,"texture":"#3"},"down":{"uv":[10.375,3.25,10.25,3.75],"rotation":90,"texture":"#3"}}},{"from":[7.25625,20.87811,3.7019],"to":[8.75625,21.37811,4.8519],"rotation":{"angle":-22.5,"axis":"x","origin":[8,8,8]},"faces":{"north":{"uv":[10.25,4,10.75,4.125],"texture":"#3"},"east":{"uv":[10.5,2.75,10.75,2.875],"texture":"#3"},"south":{"uv":[4.25,10.25,4.75,10.375],"texture":"#3"},"west":{"uv":[2.75,10.5,3,10.625],"texture":"#3"},"up":{"uv":[9.5,10,9.25,9.5],"rotation":270,"texture":"#3"},"down":{"uv":[9.75,9.5,9.5,10],"rotation":90,"texture":"#3"}}},{"from":[7.25625,8.40246,-6.02643],"to":[8.75625,9.40246,-5.77643],"rotation":{"angle":45,"axis":"x","origin":[8,8,8]},"faces":{"north":{"uv":[0,9.75,0.5,10],"texture":"#3"},"east":{"uv":[10.5,3,10.625,3.25],"texture":"#3"},"south":{"uv":[9.75,0.25,10.25,0.5],"texture":"#3"},"west":{"uv":[3,10.5,3.125,10.75],"texture":"#3"},"up":{"uv":[10.375,5.25,10.25,4.75],"rotation":270,"texture":"#3"},"down":{"uv":[5.125,10.25,5,10.75],"rotation":90,"texture":"#3"}}},{"from":[7.25625,20.87811,3.1019],"to":[8.75625,21.12811,3.8519],"rotation":{"angle":-22.5,"axis":"x","origin":[8,8,8]},"faces":{"north":{"uv":[10.25,4.25,10.75,4.375],"texture":"#3"},"east":{"uv":[3.5,10.5,3.75,10.625],"texture":"#3"},"south":{"uv":[5.25,10.25,5.75,10.375],"texture":"#3"},"west":{"uv":[10.5,3.25,10.75,3.375],"texture":"#3"},"up":{"uv":[0.75,10.25,0.5,9.75],"rotation":270,"texture":"#3"},"down":{"uv":[1,9.75,0.75,10.25],"rotation":90,"texture":"#3"}}},{"from":[7.75625,21.40073,-6.05551],"to":[8.25625,22.55073,-5.55551],"rotation":{"angle":45,"axis":"x","origin":[8,8,8]},"faces":{"north":{"uv":[10.25,5.5,10.5,5.75],"texture":"#3"},"east":{"uv":[3.75,10.5,3.875,10.75],"texture":"#3"},"south":{"uv":[10.25,5.75,10.5,6],"texture":"#3"},"west":{"uv":[10.5,3.5,10.625,3.75],"texture":"#3"},"up":{"uv":[10.625,4,10.5,3.75],"rotation":270,"texture":"#3"},"down":{"uv":[4.125,10.5,4,10.75],"rotation":90,"texture":"#3"}}},{"from":[7.75625,22.40073,-5.80551],"to":[8.25625,23.15073,-5.55551],"rotation":{"angle":45,"axis":"x","origin":[8,8,8]},"faces":{"north":{"uv":[6.25,10.25,6.5,10.5],"texture":"#3"},"east":{"uv":[4.5,10.5,4.625,10.75],"texture":"#3"},"south":{"uv":[10.25,6.25,10.5,6.5],"texture":"#3"},"west":{"uv":[4.25,10.5,4.375,10.75],"texture":"#3"},"up":{"uv":[10.625,4.75,10.5,4.5],"rotation":270,"texture":"#3"},"down":{"uv":[4.875,10.5,4.75,10.75],"rotation":90,"texture":"#3"}}},{"from":[7.75625,26.32577,15.81051],"to":[8.25625,26.57577,16.81051],"rotation":{"angle":-22.5,"axis":"x","origin":[8,8,8]},"faces":{"north":{"uv":[10.5,5,10.75,5.125],"texture":"#3"},"east":{"uv":[5.25,10.5,5.5,10.625],"texture":"#3"},"south":{"uv":[10.5,5.25,10.75,5.375],"texture":"#3"},"west":{"uv":[10.5,4.75,10.75,4.875],"texture":"#3"},"up":{"uv":[6.75,10.5,6.5,10.25],"rotation":270,"texture":"#3"},"down":{"uv":[10.5,6.5,10.25,6.75],"rotation":90,"texture":"#3"}}},{"from":[7.75625,26.07577,14.81051],"to":[8.25625,26.57577,15.81051],"rotation":{"angle":-22.5,"axis":"x","origin":[8,8,8]},"faces":{"north":{"uv":[10.5,5.5,10.75,5.625],"texture":"#3"},"east":{"uv":[5.75,10.5,6,10.625],"texture":"#3"},"south":{"uv":[10.5,5.75,10.75,5.875],"texture":"#3"},"west":{"uv":[5.5,10.5,5.75,10.625],"texture":"#3"},"up":{"uv":[10.5,7,10.25,6.75],"rotation":270,"texture":"#3"},"down":{"uv":[7.25,10.25,7,10.5],"rotation":90,"texture":"#3"}}},{"from":[7.75625,6.21339,23.44286],"to":[8.25625,7.21339,23.94286],"rotation":{"angle":-22.5,"axis":"x","origin":[8,8,8]},"faces":{"north":{"uv":[10.25,7,10.5,7.25],"texture":"#3"},"east":{"uv":[10.5,6,10.625,6.25],"texture":"#3"},"south":{"uv":[7.25,10.25,7.5,10.5],"texture":"#3"},"west":{"uv":[6,10.5,6.125,10.75],"texture":"#3"},"up":{"uv":[6.375,10.75,6.25,10.5],"rotation":270,"texture":"#3"},"down":{"uv":[10.625,6.25,10.5,6.5],"rotation":90,"texture":"#3"}}},{"from":[7.75625,21.42826,14.8278],"to":[8.25625,21.92826,15.9778],"rotation":{"angle":45,"axis":"x","origin":[8,8,8]},"faces":{"north":{"uv":[10.5,6.5,10.75,6.625],"texture":"#3"},"east":{"uv":[6.75,10.5,7,10.625],"texture":"#3"},"south":{"uv":[10.5,6.75,10.75,6.875],"texture":"#3"},"west":{"uv":[6.5,10.5,6.75,10.625],"texture":"#3"},"up":{"uv":[10.5,7.5,10.25,7.25],"rotation":270,"texture":"#3"},"down":{"uv":[7.75,10.25,7.5,10.5],"rotation":90,"texture":"#3"}}},{"from":[7.75625,21.42826,15.8278],"to":[8.25625,21.67826,16.5778],"rotation":{"angle":45,"axis":"x","origin":[8,8,8]},"faces":{"north":{"uv":[10.5,7,10.75,7.125],"texture":"#3"},"east":{"uv":[7.25,10.5,7.5,10.625],"texture":"#3"},"south":{"uv":[10.5,7.25,10.75,7.375],"texture":"#3"},"west":{"uv":[7,10.5,7.25,10.625],"texture":"#3"},"up":{"uv":[10.5,7.75,10.25,7.5],"rotation":270,"texture":"#3"},"down":{"uv":[8,10.25,7.75,10.5],"rotation":90,"texture":"#3"}}},{"from":[7.75625,5.21339,23.69286],"to":[8.25625,6.21339,23.94286],"rotation":{"angle":-22.5,"axis":"x","origin":[8,8,8]},"faces":{"north":{"uv":[10.25,7.75,10.5,8],"texture":"#3"},"east":{"uv":[10.5,7.5,10.625,7.75],"texture":"#3"},"south":{"uv":[8,10.25,8.25,10.5],"texture":"#3"},"west":{"uv":[7.5,10.5,7.625,10.75],"texture":"#3"},"up":{"uv":[7.875,10.75,7.75,10.5],"rotation":270,"texture":"#3"},"down":{"uv":[10.625,7.75,10.5,8],"rotation":90,"texture":"#3"}}},{"from":[7.30625,13.73251,2.01188],"to":[8.68125,24.73251,17.01188],"rotation":{"angle":0,"axis":"z","origin":[8,8,8]},"faces":{"north":{"uv":[3.75,1,4.25,3.75],"texture":"#3"},"east":{"uv":[0,2.75,3.75,5.5],"texture":"#3"},"south":{"uv":[3.75,3.75,4.25,6.5],"texture":"#3"},"west":{"uv":[0,0,3.75,2.75],"texture":"#3"},"up":{"uv":[7.5,0.5,3.75,0],"rotation":270,"texture":"#3"},"down":{"uv":[7.5,0.5,3.75,1],"rotation":90,"texture":"#3"}}},{"from":[7.80625,14.23251,-5.48812],"to":[8.18125,26.23251,21.51188],"rotation":{"angle":0,"axis":"z","origin":[8,8,8]},"faces":{"north":{"uv":[0,6.5,0.25,9.5],"texture":"#2"},"east":{"uv":[6.75,0,0,3],"texture":"#2"},"south":{"uv":[0.25,6.5,0.5,9.5],"texture":"#2"},"west":{"uv":[0,0,6.75,3],"texture":"#2"},"up":{"uv":[6.75,6.25,0,6],"rotation":270,"texture":"#2"},"down":{"uv":[6.75,6.25,0,6.5],"rotation":90,"texture":"#2"}}}],"gui_light":"front","display":{"thirdperson_righthand":{"translation":[0,4.75,0.25],"scale":[0.84375,0.84375,0.84375]},"thirdperson_lefthand":{"translation":[0,4.75,0.25],"scale":[0.84375,0.84375,0.84375]},"firstperson_righthand":{"rotation":[-25.49,10.44,4.93],"translation":[1.25,3.5,0],"scale":[0.63477,0.63477,0.63477]},"firstperson_lefthand":{"rotation":[-25.49,10.44,4.93],"translation":[1.25,3.5,0],"scale":[0.63477,0.63477,0.63477]},"ground":{"rotation":[0,0,-79],"translation":[0,-1.5,0],"scale":[0.51758,0.51758,0.51758]},"gui":{"rotation":[-90,55.75,90],"translation":[-0.25,-0.75,-2.25],"scale":[0.4375,0.4375,0.4375]},"head":{"rotation":[0,90,0],"translation":[0,21.5,0],"scale":[0.72656,0.72656,0.72656]},"fixed":{"rotation":[0,90,0],"translation":[-2.25,1.75,-2.25],"scale":[1.26562,1.26562,1.26562]}}}