{"parent":"minecraft:item/handheld","textures":{"layer0":"minecraft:item/diamond_pickaxe"},"overrides":[{"predicate":{"custom_model_data":10000},"model":"cutiecatpack:cutiecatpack/pickaxe"},{"predicate":{"custom_model_data":10008},"model":"rainbowset:rainbowset/rainbow_pickaxe"},{"predicate":{"custom_model_data":10009},"model":"whiscey:items/golden_dragon_hammer"},{"predicate":{"custom_model_data":10010},"model":"elitecreatures:diablo_weapon_set/hammer"},{"predicate":{"custom_model_data":10011},"model":"elitecreatures:diablo_weapon_set/pickaxe"},{"predicate":{"custom_model_data":10012},"model":"whiscey:items/rust_drill"},{"predicate":{"custom_model_data":10013},"model":"item/diamond_pickaxe"}]}