{"parent":"item/generated","textures":{"layer0":"item/feather"},"display":{"head":{"rotation":[0,0,45],"translation":[-1,13,7],"scale":[1,1,1]}},"overrides":[{"predicate":{"custom_model_data":10000},"model":"iafestivities:halloween/bones_backpack"},{"predicate":{"custom_model_data":10002},"model":"iafestivities:halloween/dark_jack_o_lantern_backpack"},{"predicate":{"custom_model_data":10003},"model":"iafestivities:halloween/bat_wings"},{"predicate":{"custom_model_data":10004},"model":"iafestivities:halloween/jack_o_lantern_backpack"},{"predicate":{"custom_model_data":10005},"model":"iafestivities:halloween/witch_hat"},{"predicate":{"custom_model_data":10034},"model":"iafestivities:halloween/axe_hat"},{"predicate":{"custom_model_data":10035},"model":"iafestivities:halloween/spider_backpack"},{"predicate":{"custom_model_data":10036},"model":"iafestivities:halloween/cave_spider_backpack"},{"predicate":{"custom_model_data":10037},"model":"item/feather"}]}