{"parent":"item/handheld_rod","textures":{"layer0":"item/fishing_rod"},"overrides":[{"predicate":{"cast":1},"model":"item/fishing_rod_cast"},{"predicate":{"custom_model_data":10000},"model":"cutiecatpack:cutiecatpack/fishing_rod"},{"predicate":{"cast":1,"custom_model_data":10000},"model":"cutiecatpack:cutiecatpack/fishing_rod_cast"},{"predicate":{"custom_model_data":10008},"model":"elitecreatures:diablo_weapon_set/fishing_rod"},{"predicate":{"cast":1,"custom_model_data":10008},"model":"elitecreatures:diablo_weapon_set/fishing_rod_cast"},{"predicate":{"custom_model_data":10009},"model":"item/fishing_rod"}]}