{"parent":"minecraft:item/generated","textures":{"layer0":"minecraft:item/paper"},"overrides":[{"predicate":{"custom_model_data":10000},"model":"_iainternal:ia_auto_gen/icon_left_blue"},{"predicate":{"custom_model_data":10001},"model":"_iainternal:ia_auto_gen/icon_right_blue"},{"predicate":{"custom_model_data":10002},"model":"_iainternal:ia_auto_gen/icon_search"},{"predicate":{"custom_model_data":10003},"model":"_iainternal:ia_auto_gen/icon_cancel"},{"predicate":{"custom_model_data":10004},"model":"_iainternal:ia_auto_gen/icon_arrow_chest"},{"predicate":{"custom_model_data":10005},"model":"_iainternal:ia_auto_gen/icon_back_orange"},{"predicate":{"custom_model_data":10006},"model":"_iainternal:ia_auto_gen/icon_next_orange"},{"predicate":{"custom_model_data":10007},"model":"elitecreatures:zoo_cozy_cosmetic/bear_backpack"},{"predicate":{"custom_model_data":10008},"model":"elitecreatures:zoo_cozy_cosmetic/bear_backpack_self"},{"predicate":{"custom_model_data":10009},"model":"elitecreatures:zoo_cozy_cosmetic/bear_hand"},{"predicate":{"custom_model_data":10010},"model":"elitecreatures:zoo_cozy_cosmetic/bear_hat"},{"predicate":{"custom_model_data":10011},"model":"elitecreatures:zoo_cozy_cosmetic/frog_backpack"},{"predicate":{"custom_model_data":10012},"model":"elitecreatures:zoo_cozy_cosmetic/frog_backpack_self"},{"predicate":{"custom_model_data":10013},"model":"elitecreatures:zoo_cozy_cosmetic/frog_hand"},{"predicate":{"custom_model_data":10014},"model":"elitecreatures:zoo_cozy_cosmetic/frog_hat"},{"predicate":{"custom_model_data":10015},"model":"elitecreatures:zoo_cozy_cosmetic/rabbit_backpack"},{"predicate":{"custom_model_data":10016},"model":"elitecreatures:zoo_cozy_cosmetic/rabbit_backpack_self"},{"predicate":{"custom_model_data":10017},"model":"elitecreatures:zoo_cozy_cosmetic/rabbit_carrot"},{"predicate":{"custom_model_data":10018},"model":"elitecreatures:zoo_cozy_cosmetic/rabbit_ears"},{"predicate":{"custom_model_data":10083},"model":"iafestivities:halloween/decorative_pumpkin"},{"predicate":{"custom_model_data":10089},"model":"iadeco:glass_table"},{"predicate":{"custom_model_data":10090},"model":"iadeco:white_wood_chair"},{"predicate":{"custom_model_data":10091},"model":"iadeco:orange_wood_chair"},{"predicate":{"custom_model_data":10092},"model":"iadeco:magenta_wood_chair"},{"predicate":{"custom_model_data":10093},"model":"iadeco:light_blue_wood_chair"},{"predicate":{"custom_model_data":10094},"model":"iadeco:yellow_wood_chair"},{"predicate":{"custom_model_data":10095},"model":"iadeco:lime_wood_chair"},{"predicate":{"custom_model_data":10096},"model":"iadeco:pink_wood_chair"},{"predicate":{"custom_model_data":10097},"model":"iadeco:gray_wood_chair"},{"predicate":{"custom_model_data":10098},"model":"iadeco:light_gray_wood_chair"},{"predicate":{"custom_model_data":10099},"model":"iadeco:cyan_wood_chair"},{"predicate":{"custom_model_data":10100},"model":"iadeco:purple_wood_chair"},{"predicate":{"custom_model_data":10101},"model":"iadeco:blue_wood_chair"},{"predicate":{"custom_model_data":10102},"model":"iadeco:brown_wood_chair"},{"predicate":{"custom_model_data":10103},"model":"iadeco:green_wood_chair"},{"predicate":{"custom_model_data":10104},"model":"iadeco:red_wood_chair"},{"predicate":{"custom_model_data":10105},"model":"iadeco:black_wood_chair"},{"predicate":{"custom_model_data":10106},"model":"iadeco:tv"},{"predicate":{"custom_model_data":10107},"model":"iadeco:lamp"},{"predicate":{"custom_model_data":10108},"model":"iadeco:white_chandeliers"},{"predicate":{"custom_model_data":10109},"model":"iadeco:black_chandeliers"},{"predicate":{"custom_model_data":10110},"model":"iadeco:black_and_red_chandeliers"},{"predicate":{"custom_model_data":10111},"model":"iadeco:painting_burst"},{"predicate":{"custom_model_data":10112},"model":"iadeco:painting_courbet"},{"predicate":{"custom_model_data":10113},"model":"iadeco:painting_graham"},{"predicate":{"custom_model_data":10114},"model":"iadeco:painting_match"},{"predicate":{"custom_model_data":10115},"model":"iadeco:painting_pool"},{"predicate":{"custom_model_data":10116},"model":"iadeco:painting_skull_and_roses"},{"predicate":{"custom_model_data":10117},"model":"iadeco:painting_stage"},{"predicate":{"custom_model_data":10118},"model":"iadeco:painting_void"},{"predicate":{"custom_model_data":10119},"model":"iadeco:painting_wanderer"},{"predicate":{"custom_model_data":10136},"model":"iadeco:school_chair"},{"predicate":{"custom_model_data":10137},"model":"iadeco:school_chair_lazy"},{"predicate":{"custom_model_data":10138},"model":"iadeco:small_fountain"},{"predicate":{"custom_model_data":10139},"model":"iadeco:white_chair"},{"predicate":{"custom_model_data":10141},"model":"iadeco:lit_campfire"},{"predicate":{"custom_model_data":10142},"model":"iadeco:old_clock"},{"predicate":{"custom_model_data":10143},"model":"iadeco:vending_machine"},{"predicate":{"custom_model_data":10144},"model":"iadeco:mini_fridge"},{"predicate":{"custom_model_data":10145},"model":"iadeco:computer_desk"},{"predicate":{"custom_model_data":10146},"model":"iadeco:lava_lamp"},{"predicate":{"custom_model_data":10147},"model":"iadeco:table"},{"predicate":{"custom_model_data":10148},"model":"iadeco:white_bar_chair"},{"predicate":{"custom_model_data":10149},"model":"iadeco:orange_bar_chair"},{"predicate":{"custom_model_data":10150},"model":"iadeco:magenta_bar_chair"},{"predicate":{"custom_model_data":10151},"model":"iadeco:light_blue_bar_chair"},{"predicate":{"custom_model_data":10152},"model":"iadeco:yellow_bar_chair"},{"predicate":{"custom_model_data":10153},"model":"iadeco:lime_bar_chair"},{"predicate":{"custom_model_data":10154},"model":"iadeco:pink_bar_chair"},{"predicate":{"custom_model_data":10155},"model":"iadeco:gray_bar_chair"},{"predicate":{"custom_model_data":10156},"model":"iadeco:light_gray_bar_chair"},{"predicate":{"custom_model_data":10157},"model":"iadeco:cyan_bar_chair"},{"predicate":{"custom_model_data":10158},"model":"iadeco:purple_bar_chair"},{"predicate":{"custom_model_data":10159},"model":"iadeco:blue_bar_chair"},{"predicate":{"custom_model_data":10160},"model":"iadeco:brown_bar_chair"},{"predicate":{"custom_model_data":10161},"model":"iadeco:green_bar_chair"},{"predicate":{"custom_model_data":10162},"model":"iadeco:red_bar_chair"},{"predicate":{"custom_model_data":10163},"model":"iadeco:black_bar_chair"},{"predicate":{"custom_model_data":10170},"model":"iadeco:coffee_machine"},{"predicate":{"custom_model_data":10171},"model":"iadeco:monitor"},{"predicate":{"custom_model_data":10172},"model":"iadeco:simple_chair"},{"predicate":{"custom_model_data":10173},"model":"iadeco:dark_throne"},{"predicate":{"custom_model_data":10175},"model":"iadeco:computer_chair"},{"predicate":{"custom_model_data":10177},"model":"iadeco:opened_chest"},{"predicate":{"custom_model_data":10178},"model":"rainbowset:rainbowset/rainbow_glasses"},{"predicate":{"custom_model_data":10179},"model":"rainbowset:rainbowset/rainbow_chest"},{"predicate":{"custom_model_data":10180},"model":"elitecreatures:new_year_tools/balloons"},{"predicate":{"custom_model_data":10181},"model":"elitecreatures:new_year_tools/champagnes"},{"predicate":{"custom_model_data":10182},"model":"elitecreatures:new_year_tools/champagnes_glass"},{"predicate":{"custom_model_data":10183},"model":"elitecreatures:new_year_tools/fireworkbackpack"},{"predicate":{"custom_model_data":10184},"model":"elitecreatures:new_year_tools/fireworks"},{"predicate":{"custom_model_data":10185},"model":"elitecreatures:new_year_tools/fireworks_box"},{"predicate":{"custom_model_data":10186},"model":"elitecreatures:new_year_tools/firework_launcher"},{"predicate":{"custom_model_data":10187},"model":"elitecreatures:new_year_tools/glasses"},{"predicate":{"custom_model_data":10188},"model":"elitecreatures:new_year_tools/partyhat"},{"predicate":{"custom_model_data":10189},"model":"elitecreatures:new_year_tools/sparkler"},{"predicate":{"custom_model_data":10190},"model":"lootcrat_plus:normal/amethyst_box"},{"predicate":{"custom_model_data":10191},"model":"lootcrat_plus:normal/diamond_box"},{"predicate":{"custom_model_data":10192},"model":"lootcrat_plus:normal/emerald_box"},{"predicate":{"custom_model_data":10193},"model":"lootcrat_plus:normal/gold_box"},{"predicate":{"custom_model_data":10194},"model":"lootcrat_plus:normal/iron_box"},{"predicate":{"custom_model_data":10195},"model":"lootcrat_plus:normal/amethyst_key"},{"predicate":{"custom_model_data":10196},"model":"lootcrat_plus:normal/diamond_key"},{"predicate":{"custom_model_data":10197},"model":"lootcrat_plus:normal/emerald_key"},{"predicate":{"custom_model_data":10198},"model":"lootcrat_plus:normal/gold_key"},{"predicate":{"custom_model_data":10199},"model":"lootcrat_plus:normal/iron_key"},{"predicate":{"custom_model_data":10200},"model":"lootcrat_plus:rare/amethyst_box"},{"predicate":{"custom_model_data":10201},"model":"lootcrat_plus:rare/diamond_box"},{"predicate":{"custom_model_data":10202},"model":"lootcrat_plus:rare/emerald_box"},{"predicate":{"custom_model_data":10203},"model":"lootcrat_plus:rare/gold_box"},{"predicate":{"custom_model_data":10204},"model":"lootcrat_plus:rare/iron_box"},{"predicate":{"custom_model_data":10205},"model":"lootcrat_plus:rare/amethyst_key"},{"predicate":{"custom_model_data":10206},"model":"lootcrat_plus:rare/diamond_key"},{"predicate":{"custom_model_data":10207},"model":"lootcrat_plus:rare/emerald_key"},{"predicate":{"custom_model_data":10208},"model":"lootcrat_plus:rare/gold_key"},{"predicate":{"custom_model_data":10209},"model":"lootcrat_plus:rare/iron_key"},{"predicate":{"custom_model_data":10210},"model":"lootcrat_plus:epic/amethyst_box"},{"predicate":{"custom_model_data":10211},"model":"lootcrat_plus:epic/diamond_box"},{"predicate":{"custom_model_data":10212},"model":"lootcrat_plus:epic/emerald_box"},{"predicate":{"custom_model_data":10213},"model":"lootcrat_plus:epic/gold_box"},{"predicate":{"custom_model_data":10214},"model":"lootcrat_plus:epic/iron_box"},{"predicate":{"custom_model_data":10215},"model":"lootcrat_plus:epic/amethyst_key"},{"predicate":{"custom_model_data":10216},"model":"lootcrat_plus:epic/diamond_key"},{"predicate":{"custom_model_data":10217},"model":"lootcrat_plus:epic/emerald_key"},{"predicate":{"custom_model_data":10218},"model":"lootcrat_plus:epic/gold_key"},{"predicate":{"custom_model_data":10219},"model":"lootcrat_plus:epic/iron_key"},{"predicate":{"custom_model_data":10220},"model":"lootcrat_plus:legendary/amethyst_box"},{"predicate":{"custom_model_data":10221},"model":"lootcrat_plus:legendary/diamond_box"},{"predicate":{"custom_model_data":10222},"model":"lootcrat_plus:legendary/emerald_box"},{"predicate":{"custom_model_data":10223},"model":"lootcrat_plus:legendary/gold_box"},{"predicate":{"custom_model_data":10224},"model":"lootcrat_plus:legendary/iron_box"},{"predicate":{"custom_model_data":10225},"model":"lootcrat_plus:legendary/amethyst_key"},{"predicate":{"custom_model_data":10226},"model":"lootcrat_plus:legendary/diamond_key"},{"predicate":{"custom_model_data":10227},"model":"lootcrat_plus:legendary/emerald_key"},{"predicate":{"custom_model_data":10228},"model":"lootcrat_plus:legendary/gold_key"},{"predicate":{"custom_model_data":10229},"model":"lootcrat_plus:legendary/iron_key"},{"predicate":{"custom_model_data":10230},"model":"elitecreatures:diablo_weapon_set/chest"},{"predicate":{"custom_model_data":10231},"model":"elitecreatures:diablo_weapon_set/hat_1"},{"predicate":{"custom_model_data":10232},"model":"elitecreatures:diablo_weapon_set/hat_2"},{"predicate":{"custom_model_data":10233},"model":"elitecreatures:diablo_weapon_set/key"},{"predicate":{"custom_model_data":10234},"model":"elitecreatures:diablo_weapon_set/wings_1"},{"predicate":{"custom_model_data":10235},"model":"elitecreatures:diablo_weapon_set/wings_2"},{"predicate":{"custom_model_data":10236},"model":"rainbowset:rainbowset/rainbow_key"},{"predicate":{"custom_model_data":10237},"model":"item/paper"}]}