{"parent":"item/generated","textures":{"layer0":"item/potion_overlay","layer1":"item/potion"},"overrides":[{"predicate":{"custom_model_data":10008},"model":"social_media_robot:entity/youtube_robot/rightleg"},{"predicate":{"custom_model_data":10009},"model":"social_media_robot:entity/youtube_robot/body"},{"predicate":{"custom_model_data":10010},"model":"social_media_robot:entity/youtube_robot/antenna_l"},{"predicate":{"custom_model_data":10011},"model":"social_media_robot:entity/youtube_robot/rightarm"},{"predicate":{"custom_model_data":10012},"model":"social_media_robot:entity/youtube_robot/head"},{"predicate":{"custom_model_data":10013},"model":"social_media_robot:entity/youtube_robot/leftleg"},{"predicate":{"custom_model_data":10014},"model":"social_media_robot:entity/youtube_robot/antenna_r"},{"predicate":{"custom_model_data":10015},"model":"social_media_robot:entity/youtube_robot/leftarm"},{"predicate":{"custom_model_data":10016},"model":"social_media_robot:entity/twitter_robot/rightleg"},{"predicate":{"custom_model_data":10017},"model":"social_media_robot:entity/twitter_robot/body"},{"predicate":{"custom_model_data":10018},"model":"social_media_robot:entity/twitter_robot/wing_l"},{"predicate":{"custom_model_data":10019},"model":"social_media_robot:entity/twitter_robot/rightarm"},{"predicate":{"custom_model_data":10020},"model":"social_media_robot:entity/twitter_robot/leftleg"},{"predicate":{"custom_model_data":10021},"model":"social_media_robot:entity/twitter_robot/head"},{"predicate":{"custom_model_data":10022},"model":"social_media_robot:entity/twitter_robot/leftarm"},{"predicate":{"custom_model_data":10023},"model":"social_media_robot:entity/twitter_robot/wing_r"},{"predicate":{"custom_model_data":10024},"model":"social_media_robot:entity/twitch_robot/rightleg"},{"predicate":{"custom_model_data":10025},"model":"social_media_robot:entity/twitch_robot/body"},{"predicate":{"custom_model_data":10026},"model":"social_media_robot:entity/twitch_robot/rightarm"},{"predicate":{"custom_model_data":10027},"model":"social_media_robot:entity/twitch_robot/leftleg"},{"predicate":{"custom_model_data":10028},"model":"social_media_robot:entity/twitch_robot/head"},{"predicate":{"custom_model_data":10029},"model":"social_media_robot:entity/twitch_robot/leftarm"},{"predicate":{"custom_model_data":10030},"model":"social_media_robot:entity/twitch_robot/bone"},{"predicate":{"custom_model_data":10031},"model":"social_media_robot:entity/twitch_robot/bone2"},{"predicate":{"custom_model_data":10032},"model":"social_media_robot:entity/tiktok_robot/rightleg"},{"predicate":{"custom_model_data":10033},"model":"social_media_robot:entity/tiktok_robot/body"},{"predicate":{"custom_model_data":10034},"model":"social_media_robot:entity/tiktok_robot/antenna_l"},{"predicate":{"custom_model_data":10035},"model":"social_media_robot:entity/tiktok_robot/rightarm"},{"predicate":{"custom_model_data":10036},"model":"social_media_robot:entity/tiktok_robot/head"},{"predicate":{"custom_model_data":10037},"model":"social_media_robot:entity/tiktok_robot/leftleg"},{"predicate":{"custom_model_data":10038},"model":"social_media_robot:entity/tiktok_robot/antenna_r"},{"predicate":{"custom_model_data":10039},"model":"social_media_robot:entity/tiktok_robot/leftarm"},{"predicate":{"custom_model_data":10040},"model":"social_media_robot:entity/instagame_robot/rightleg"},{"predicate":{"custom_model_data":10041},"model":"social_media_robot:entity/instagame_robot/body"},{"predicate":{"custom_model_data":10042},"model":"social_media_robot:entity/instagame_robot/rightarm"},{"predicate":{"custom_model_data":10043},"model":"social_media_robot:entity/instagame_robot/leftleg"},{"predicate":{"custom_model_data":10044},"model":"social_media_robot:entity/instagame_robot/head"},{"predicate":{"custom_model_data":10045},"model":"social_media_robot:entity/instagame_robot/leftarm"},{"predicate":{"custom_model_data":10046},"model":"social_media_robot:entity/discord_robot/rightleg"},{"predicate":{"custom_model_data":10047},"model":"social_media_robot:entity/discord_robot/body"},{"predicate":{"custom_model_data":10048},"model":"social_media_robot:entity/discord_robot/rightarm"},{"predicate":{"custom_model_data":10049},"model":"social_media_robot:entity/discord_robot/head"},{"predicate":{"custom_model_data":10050},"model":"social_media_robot:entity/discord_robot/leftleg"},{"predicate":{"custom_model_data":10051},"model":"social_media_robot:entity/discord_robot/leftarm"},{"predicate":{"custom_model_data":10052},"model":"social_media_robot:entity/discord_robot/ear_r"},{"predicate":{"custom_model_data":10053},"model":"social_media_robot:entity/discord_robot/leaf"},{"predicate":{"custom_model_data":10054},"model":"social_media_robot:entity/discord_robot/ear_l"},{"predicate":{"custom_model_data":10055},"model":"item/potion"}]}