{"parent":"minecraft:item/handheld","textures":{"layer0":"minecraft:item/stick"},"overrides":[{"predicate":{"custom_model_data":10061},"model":"iamusic:ia_auto_gen/blank_disc"},{"predicate":{"custom_model_data":10062},"model":"iamusic:ia_auto_gen/music_disc_electric_keys"},{"predicate":{"custom_model_data":10063},"model":"iamusic:ia_auto_gen/music_disc_cdk_sunday"},{"predicate":{"custom_model_data":10064},"model":"iamusic:ia_auto_gen/music_disc_vidian_aether_theories"},{"predicate":{"custom_model_data":10066},"model":"iadeco:item/cut_spruce_log"},{"predicate":{"custom_model_data":10067},"model":"item/stick"}]}