{"textures":{"0":"modelengine:entity/chibi_zombie"},"elements":[{"from":[8.0,6.285714,7.5714283],"to":[8.857143,8.0,8.428572],"rotation":{"angle":0.0,"axis":"y","origin":[8.428572,7.142857,8.0]},"faces":{"east":{"uv":[9.5,1.5,10.5,3.0],"rotation":0,"texture":"#0","tintindex":0},"south":{"uv":[9.5,3.0,10.5,4.5],"rotation":0,"texture":"#0","tintindex":0},"north":{"uv":[9.5,0.0,10.5,1.5],"rotation":0,"texture":"#0","tintindex":0},"west":{"uv":[9.5,8.0,10.5,9.5],"rotation":0,"texture":"#0","tintindex":0},"up":{"uv":[7.5,11.0,6.5,10.0],"rotation":0,"texture":"#0","tintindex":0},"down":{"uv":[8.5,10.0,7.5,11.0],"rotation":0,"texture":"#0","tintindex":0}}}],"display":{"head":{"translation":[0.0,-6.4,0.0],"scale":[4.0,4.0,4.0]}}}