{
  "parent": "item/handheld",
  "textures": {
    "layer0": "iafestivities:halloween/axe_hat"
  },
  "display": {
    "thirdperson_righthand": {
      "rotation": [
        65,
        0,
        0
      ],
      "translation": [
        0,
        -3.5,
        -1.25
      ],
      "scale": [
        0.5,
        0.5,
        1
      ]
    },
    "thirdperson_lefthand": {
      "rotation": [
        65,
        0,
        0
      ],
      "translation": [
        0,
        -3.5,
        -1.25
      ],
      "scale": [
        0.5,
        0.5,
        1
      ]
    },
    "firstperson_righthand": {
      "rotation": [
        33,
        99,
        -18
      ],
      "translation": [
        2,
        2.25,
        2
      ]
    },
    "firstperson_lefthand": {
      "rotation": [
        -32,
        161,
        15
      ],
      "scale": [
        0.5,
        0.5,
        0.5
      ]
    },
    "ground": {
      "translation": [
        0,
        3.75,
        0
      ],
      "scale": [
        0.5,
        0.5,
        0.5
      ]
    },
    "gui": {
      "translation": [
        -0.75,
        0,
        0
      ]
    },
    "head": {
      "translation": [
        -14,
        3.75,
        0
      ],
      "scale": [
        1.5,
        1.5,
        1.5
      ]
    }
  }
}