{
  "textures": {
    "4": "iafestivities:halloween/cave_spider_backpack"
  },
  "elements": [
    {
      "from": [
        6.6,
        6.8,
        8
      ],
      "to": [
        9.4,
        9.1,
        10.5
      ],
      "faces": {
        "north": {
          "uv": [
            4,
            3,
            7.904,
            5.941
          ],
          "texture": "#4"
        },
        "east": {
          "uv": [
            4,
            3,
            7.904,
            5.941
          ],
          "texture": "#4"
        },
        "south": {
          "uv": [
            3,
            3,
            5.905,
            5.941
          ],
          "texture": "#4"
        },
        "west": {
          "uv": [
            4,
            3,
            7.904,
            5.941
          ],
          "texture": "#4"
        },
        "up": {
          "uv": [
            3,
            3,
            5.905,
            5.941
          ],
          "texture": "#4"
        },
        "down": {
          "uv": [
            3,
            3,
            5.905,
            5.941
          ],
          "texture": "#4"
        }
      }
    },
    {
      "from": [
        7.1,
        9.1,
        8
      ],
      "to": [
        8.9,
        11.1,
        9.8
      ],
      "faces": {
        "north": {
          "uv": [
            3,
            3,
            5.905,
            5.941
          ],
          "texture": "#4"
        },
        "east": {
          "uv": [
            4,
            3,
            7.904,
            5.941
          ],
          "texture": "#4"
        },
        "south": {
          "uv": [
            3,
            3,
            5.905,
            5.941
          ],
          "texture": "#4"
        },
        "west": {
          "uv": [
            4,
            3,
            7.904,
            5.941
          ],
          "texture": "#4"
        },
        "up": {
          "uv": [
            0,
            5,
            16,
            15
          ],
          "texture": "#4"
        },
        "down": {
          "uv": [
            0,
            5,
            16,
            15
          ],
          "texture": "#4"
        }
      }
    },
    {
      "from": [
        5.80711,
        8.39094,
        8.2
      ],
      "to": [
        7.60711,
        8.79094,
        8.6
      ],
      "rotation": {
        "angle": 45,
        "axis": "z",
        "origin": [
          5.70354,
          8.58562,
          9.30503
        ]
      },
      "faces": {
        "north": {
          "uv": [
            3,
            3,
            8.155,
            3.941
          ],
          "texture": "#4"
        },
        "east": {
          "uv": [
            3,
            3,
            8.155,
            3.941
          ],
          "texture": "#4"
        },
        "south": {
          "uv": [
            3,
            3,
            8.155,
            3.941
          ],
          "texture": "#4"
        },
        "west": {
          "uv": [
            3,
            3,
            5.655,
            5.691
          ],
          "texture": "#4"
        },
        "up": {
          "uv": [
            3,
            3,
            8.155,
            3.941
          ],
          "texture": "#4"
        },
        "down": {
          "uv": [
            3,
            3,
            8.155,
            3.941
          ],
          "texture": "#4"
        }
      }
    },
    {
      "from": [
        5.45847,
        9.74359,
        8.1
      ],
      "to": [
        7.45847,
        10.14359,
        8.5
      ],
      "rotation": {
        "angle": 0,
        "axis": "z",
        "origin": [
          6.05491,
          8.94136,
          8.40504
        ]
      },
      "faces": {
        "north": {
          "uv": [
            3,
            3,
            8.155,
            3.941
          ],
          "texture": "#4"
        },
        "east": {
          "uv": [
            3,
            3,
            8.155,
            3.941
          ],
          "texture": "#4"
        },
        "south": {
          "uv": [
            3,
            3,
            8.155,
            3.941
          ],
          "texture": "#4"
        },
        "west": {
          "uv": [
            3,
            3,
            5.655,
            5.691
          ],
          "texture": "#4"
        },
        "up": {
          "uv": [
            3,
            3,
            8.155,
            3.941
          ],
          "texture": "#4"
        },
        "down": {
          "uv": [
            3,
            3,
            8.155,
            3.941
          ],
          "texture": "#4"
        }
      }
    },
    {
      "from": [
        5.25847,
        10.54359,
        8.2
      ],
      "to": [
        7.15847,
        10.94359,
        8.6
      ],
      "rotation": {
        "angle": -22.5,
        "axis": "z",
        "origin": [
          5.55579,
          9.93862,
          8.40765
        ]
      },
      "faces": {
        "north": {
          "uv": [
            3,
            3,
            8.155,
            3.941
          ],
          "texture": "#4"
        },
        "east": {
          "uv": [
            3,
            3,
            8.155,
            3.941
          ],
          "texture": "#4"
        },
        "south": {
          "uv": [
            3,
            3,
            8.155,
            3.941
          ],
          "texture": "#4"
        },
        "west": {
          "uv": [
            3,
            3,
            8.155,
            3.941
          ],
          "texture": "#4"
        },
        "up": {
          "uv": [
            3,
            3,
            8.155,
            3.941
          ],
          "texture": "#4"
        },
        "down": {
          "uv": [
            3,
            3,
            8.155,
            3.941
          ],
          "texture": "#4"
        }
      }
    },
    {
      "from": [
        5.47022,
        10.63364,
        6.7589
      ],
      "to": [
        5.87022,
        11.03364,
        8.6589
      ],
      "rotation": {
        "angle": 0,
        "axis": "y",
        "origin": [
          6.4633,
          10.42916,
          8.40692
        ]
      },
      "faces": {
        "north": {
          "uv": [
            3,
            3,
            4.155,
            4.191
          ],
          "texture": "#4"
        },
        "east": {
          "uv": [
            3,
            3,
            8.155,
            3.941
          ],
          "texture": "#4"
        },
        "south": {
          "uv": [
            3,
            3,
            4.155,
            4.191
          ],
          "texture": "#4"
        },
        "west": {
          "uv": [
            3,
            3,
            8.155,
            3.941
          ],
          "texture": "#4"
        },
        "up": {
          "uv": [
            3,
            3,
            8.155,
            3.941
          ],
          "rotation": 90,
          "texture": "#4"
        },
        "down": {
          "uv": [
            3,
            3,
            8.155,
            3.941
          ],
          "rotation": 270,
          "texture": "#4"
        }
      }
    },
    {
      "from": [
        10.17022,
        10.83364,
        6.7589
      ],
      "to": [
        10.57022,
        11.23364,
        8.6589
      ],
      "rotation": {
        "angle": 0,
        "axis": "y",
        "origin": [
          6.4633,
          10.42916,
          8.40692
        ]
      },
      "faces": {
        "north": {
          "uv": [
            3,
            3,
            4.155,
            4.191
          ],
          "texture": "#4"
        },
        "east": {
          "uv": [
            3,
            3,
            8.155,
            3.941
          ],
          "texture": "#4"
        },
        "south": {
          "uv": [
            3,
            3,
            4.155,
            4.191
          ],
          "texture": "#4"
        },
        "west": {
          "uv": [
            3,
            3,
            8.155,
            3.941
          ],
          "texture": "#4"
        },
        "up": {
          "uv": [
            3,
            3,
            8.155,
            3.941
          ],
          "rotation": 90,
          "texture": "#4"
        },
        "down": {
          "uv": [
            3,
            3,
            8.155,
            3.941
          ],
          "rotation": 270,
          "texture": "#4"
        }
      }
    },
    {
      "from": [
        10.17022,
        9.73364,
        6.7589
      ],
      "to": [
        10.57022,
        10.13364,
        8.6589
      ],
      "rotation": {
        "angle": 0,
        "axis": "y",
        "origin": [
          6.4633,
          10.42916,
          8.40692
        ]
      },
      "faces": {
        "north": {
          "uv": [
            3,
            3,
            4.155,
            4.191
          ],
          "texture": "#4"
        },
        "east": {
          "uv": [
            3,
            3,
            8.155,
            3.941
          ],
          "texture": "#4"
        },
        "south": {
          "uv": [
            3,
            3,
            4.155,
            4.191
          ],
          "texture": "#4"
        },
        "west": {
          "uv": [
            3,
            3,
            8.155,
            3.941
          ],
          "texture": "#4"
        },
        "up": {
          "uv": [
            3,
            3,
            8.155,
            3.941
          ],
          "rotation": 90,
          "texture": "#4"
        },
        "down": {
          "uv": [
            3,
            3,
            8.155,
            3.941
          ],
          "rotation": 270,
          "texture": "#4"
        }
      }
    },
    {
      "from": [
        10.27022,
        8.43364,
        6.6589
      ],
      "to": [
        10.67022,
        8.83364,
        8.5589
      ],
      "rotation": {
        "angle": 0,
        "axis": "y",
        "origin": [
          6.4633,
          10.42916,
          8.40692
        ]
      },
      "faces": {
        "north": {
          "uv": [
            3,
            3,
            4.155,
            4.191
          ],
          "texture": "#4"
        },
        "east": {
          "uv": [
            3,
            3,
            8.155,
            3.941
          ],
          "texture": "#4"
        },
        "south": {
          "uv": [
            3,
            3,
            4.155,
            4.191
          ],
          "texture": "#4"
        },
        "west": {
          "uv": [
            3,
            3,
            8.155,
            3.941
          ],
          "texture": "#4"
        },
        "up": {
          "uv": [
            3,
            3,
            8.155,
            3.941
          ],
          "rotation": 90,
          "texture": "#4"
        },
        "down": {
          "uv": [
            3,
            3,
            8.155,
            3.941
          ],
          "rotation": 270,
          "texture": "#4"
        }
      }
    },
    {
      "from": [
        5.47022,
        8.43364,
        6.7589
      ],
      "to": [
        5.87022,
        8.83364,
        8.6589
      ],
      "rotation": {
        "angle": 0,
        "axis": "y",
        "origin": [
          6.4633,
          10.42916,
          8.40692
        ]
      },
      "faces": {
        "north": {
          "uv": [
            3,
            3,
            4.155,
            4.191
          ],
          "texture": "#4"
        },
        "east": {
          "uv": [
            3,
            3,
            8.155,
            3.941
          ],
          "texture": "#4"
        },
        "south": {
          "uv": [
            3,
            3,
            4.155,
            4.191
          ],
          "texture": "#4"
        },
        "west": {
          "uv": [
            3,
            3,
            8.155,
            3.941
          ],
          "texture": "#4"
        },
        "up": {
          "uv": [
            3,
            3,
            8.155,
            3.941
          ],
          "rotation": 90,
          "texture": "#4"
        },
        "down": {
          "uv": [
            3,
            3,
            8.155,
            3.941
          ],
          "rotation": 270,
          "texture": "#4"
        }
      }
    },
    {
      "from": [
        5.47022,
        9.73364,
        6.7589
      ],
      "to": [
        5.87022,
        10.13364,
        8.6589
      ],
      "rotation": {
        "angle": 0,
        "axis": "y",
        "origin": [
          6.4633,
          10.42916,
          8.40692
        ]
      },
      "faces": {
        "north": {
          "uv": [
            3,
            3,
            4.155,
            4.191
          ],
          "texture": "#4"
        },
        "east": {
          "uv": [
            3,
            3,
            8.155,
            3.941
          ],
          "texture": "#4"
        },
        "south": {
          "uv": [
            3,
            3,
            4.155,
            4.191
          ],
          "texture": "#4"
        },
        "west": {
          "uv": [
            3,
            3,
            8.155,
            3.941
          ],
          "texture": "#4"
        },
        "up": {
          "uv": [
            3,
            3,
            8.155,
            3.941
          ],
          "rotation": 90,
          "texture": "#4"
        },
        "down": {
          "uv": [
            3,
            3,
            8.155,
            3.941
          ],
          "rotation": 270,
          "texture": "#4"
        }
      }
    },
    {
      "from": [
        6.85,
        11.1,
        8
      ],
      "to": [
        9.15,
        13.1,
        10.05
      ],
      "faces": {
        "north": {
          "uv": [
            3,
            3,
            5.905,
            5.941
          ],
          "texture": "#4"
        },
        "east": {
          "uv": [
            8.25,
            3,
            9.904,
            4.941
          ],
          "rotation": 270,
          "texture": "#4"
        },
        "south": {
          "uv": [
            3,
            3,
            5.905,
            5.941
          ],
          "texture": "#4"
        },
        "west": {
          "uv": [
            12,
            3,
            13.654,
            4.941
          ],
          "rotation": 90,
          "texture": "#4"
        },
        "up": {
          "uv": [
            10,
            3,
            12,
            5
          ],
          "rotation": 180,
          "texture": "#4"
        },
        "down": {
          "uv": [
            3,
            3,
            5.905,
            5.941
          ],
          "texture": "#4"
        }
      }
    },
    {
      "from": [
        8.72907,
        11.00859,
        8.14785
      ],
      "to": [
        10.62907,
        11.40859,
        8.54785
      ],
      "rotation": {
        "angle": 22.5,
        "axis": "z",
        "origin": [
          11.02494,
          10.71327,
          8.34731
        ]
      },
      "faces": {
        "north": {
          "uv": [
            3,
            3,
            8.155,
            3.941
          ],
          "texture": "#4"
        },
        "east": {
          "uv": [
            3,
            3,
            5.655,
            5.691
          ],
          "texture": "#4"
        },
        "south": {
          "uv": [
            3,
            3,
            8.155,
            3.941
          ],
          "texture": "#4"
        },
        "west": {
          "uv": [
            3,
            3,
            8.155,
            3.941
          ],
          "texture": "#4"
        },
        "up": {
          "uv": [
            3,
            3,
            8.155,
            3.941
          ],
          "rotation": 180,
          "texture": "#4"
        },
        "down": {
          "uv": [
            3,
            3,
            8.155,
            3.941
          ],
          "rotation": 180,
          "texture": "#4"
        }
      }
    },
    {
      "from": [
        8.7699,
        9.74359,
        8.24785
      ],
      "to": [
        10.5699,
        10.14359,
        8.64785
      ],
      "rotation": {
        "angle": 0,
        "axis": "y",
        "origin": [
          10.61419,
          9.77238,
          8.37393
        ]
      },
      "faces": {
        "north": {
          "uv": [
            3,
            3,
            8.155,
            3.941
          ],
          "texture": "#4"
        },
        "east": {
          "uv": [
            3,
            3,
            5.655,
            5.691
          ],
          "texture": "#4"
        },
        "south": {
          "uv": [
            3,
            3,
            8.155,
            3.941
          ],
          "texture": "#4"
        },
        "west": {
          "uv": [
            3,
            3,
            8.155,
            3.941
          ],
          "texture": "#4"
        },
        "up": {
          "uv": [
            3,
            3,
            8.155,
            3.941
          ],
          "rotation": 180,
          "texture": "#4"
        },
        "down": {
          "uv": [
            3,
            3,
            8.155,
            3.941
          ],
          "rotation": 180,
          "texture": "#4"
        }
      }
    },
    {
      "from": [
        8.88661,
        7.77536,
        8.14785
      ],
      "to": [
        10.98661,
        8.17536,
        8.54785
      ],
      "rotation": {
        "angle": -45,
        "axis": "z",
        "origin": [
          11.38568,
          8.88067,
          8.34348
        ]
      },
      "faces": {
        "north": {
          "uv": [
            3,
            3,
            8.155,
            3.941
          ],
          "texture": "#4"
        },
        "east": {
          "uv": [
            3,
            3,
            5.655,
            5.691
          ],
          "texture": "#4"
        },
        "south": {
          "uv": [
            3,
            3,
            8.155,
            3.941
          ],
          "texture": "#4"
        },
        "west": {
          "uv": [
            3,
            3,
            8.155,
            3.941
          ],
          "texture": "#4"
        },
        "up": {
          "uv": [
            3,
            3,
            8.155,
            3.941
          ],
          "rotation": 180,
          "texture": "#4"
        },
        "down": {
          "uv": [
            3,
            3,
            8.155,
            3.941
          ],
          "rotation": 180,
          "texture": "#4"
        }
      }
    }
  ],
  "display": {
    "thirdperson_righthand": {
      "rotation": [
        67.5,
        0,
        0
      ],
      "translation": [
        -5.5,
        -6.75,
        2.75
      ],
      "scale": [
        1.96,
        1.96,
        1.96
      ]
    },
    "thirdperson_lefthand": {
      "rotation": [
        70,
        0,
        0
      ],
      "translation": [
        -5.5,
        -5,
        8.5
      ],
      "scale": [
        2.5,
        2.5,
        2.5
      ]
    },
    "firstperson_righthand": {
      "scale": [
        0,
        0,
        0
      ]
    },
    "firstperson_lefthand": {
      "scale": [
        0,
        0,
        0
      ]
    },
    "ground": {
      "rotation": [
        -90,
        0,
        90
      ],
      "translation": [
        0,
        1.75,
        0
      ]
    },
    "gui": {
      "rotation": [
        25,
        -45,
        0
      ],
      "translation": [
        0.75,
        -3,
        0
      ],
      "scale": [
        2.2,
        2.2,
        2.2
      ]
    },
    "head": {
      "translation": [
        0,
        -14.25,
        3.5
      ],
      "scale": [
        4,
        4,
        4
      ]
    },
    "fixed": {
      "rotation": [
        0,
        180,
        0
      ],
      "translation": [
        0,
        -5.5,
        -3
      ],
      "scale": [
        3,
        3,
        3
      ]
    }
  },
  "groups": [
    0,
    1,
    2,
    3,
    4,
    5,
    6,
    7,
    8,
    9,
    10,
    11,
    {
      "name": "group",
      "origin": [
        5.70354,
        8.58562,
        9.30503
      ],
      "children": [
        12,
        13,
        14
      ]
    }
  ]
}