{
	"credit": "Made with Blockbench",
	"textures": {
		"1": "cutiecatpack:cutiecatpack/catshovel",
		"particle": "cutiecatpack:cutiecatpack/catshovel"
	},
	"elements": [
		{
			"from": [7.5, 2.00329, 7.5],
			"to": [8.5, 3.00329, 8.5],
			"rotation": {"angle": -45, "axis": "x", "origin": [8, 2.50329, 8]},
			"faces": {
				"north": {"uv": [4, 9, 5, 10], "texture": "#1"},
				"east": {"uv": [9, 4, 10, 5], "texture": "#1"},
				"south": {"uv": [5, 9, 6, 10], "texture": "#1"},
				"west": {"uv": [9, 5, 10, 6], "texture": "#1"},
				"up": {"uv": [10, 7, 9, 6], "texture": "#1"},
				"down": {"uv": [10, 7, 9, 8], "texture": "#1"}
			}
		},
		{
			"from": [7.5, 9.20329, 7.5],
			"to": [8.5, 10.20329, 8.5],
			"rotation": {"angle": -45, "axis": "x", "origin": [8, 9.70329, 8]},
			"faces": {
				"north": {"uv": [6, 10, 7, 11], "texture": "#1"},
				"east": {"uv": [10, 6, 11, 7], "texture": "#1"},
				"south": {"uv": [7, 10, 8, 11], "texture": "#1"},
				"west": {"uv": [10, 7, 11, 8], "texture": "#1"},
				"up": {"uv": [11, 9, 10, 8], "texture": "#1"},
				"down": {"uv": [10, 10, 9, 11], "texture": "#1"}
			}
		},
		{
			"from": [7.6, 9.30329, 7.5],
			"to": [8.4, 11.30329, 9.5],
			"rotation": {"angle": -45, "axis": "x", "origin": [8, 9.80329, 8]},
			"faces": {
				"north": {"uv": [0, 8, 1, 10], "texture": "#1"},
				"east": {"uv": [0, 6, 2, 8], "texture": "#1"},
				"south": {"uv": [8, 0, 9, 2], "texture": "#1"},
				"west": {"uv": [6, 0, 8, 2], "texture": "#1"},
				"up": {"uv": [2, 10, 1, 8], "texture": "#1"},
				"down": {"uv": [9, 2, 8, 4], "texture": "#1"}
			}
		},
		{
			"from": [7.6, 2.80329, 7.6],
			"to": [8.4, 3.80329, 8.4],
			"rotation": {"angle": 0, "axis": "x", "origin": [8, 3.30329, 8]},
			"faces": {
				"north": {"uv": [9, 8, 10, 9], "texture": "#1"},
				"east": {"uv": [9, 9, 10, 10], "texture": "#1"},
				"south": {"uv": [0, 10, 1, 11], "texture": "#1"},
				"west": {"uv": [10, 0, 11, 1], "texture": "#1"},
				"up": {"uv": [2, 11, 1, 10], "texture": "#1"},
				"down": {"uv": [11, 1, 10, 2], "texture": "#1"}
			}
		},
		{
			"from": [7.6, 4.80329, 7.6],
			"to": [8.4, 5.60329, 8.4],
			"rotation": {"angle": 0, "axis": "x", "origin": [8, 5.30329, 8]},
			"faces": {
				"north": {"uv": [10, 2, 11, 3], "texture": "#1"},
				"east": {"uv": [10, 3, 11, 4], "texture": "#1"},
				"south": {"uv": [4, 10, 5, 11], "texture": "#1"},
				"west": {"uv": [10, 4, 11, 5], "texture": "#1"},
				"up": {"uv": [6, 11, 5, 10], "texture": "#1"},
				"down": {"uv": [11, 5, 10, 6], "texture": "#1"}
			}
		},
		{
			"from": [7.6, 7.60329, 7.6],
			"to": [8.4, 9.40329, 8.4],
			"rotation": {"angle": 0, "axis": "x", "origin": [8, 8.10329, 8]},
			"faces": {
				"north": {"uv": [8, 4, 9, 6], "texture": "#1"},
				"east": {"uv": [6, 8, 7, 10], "texture": "#1"},
				"south": {"uv": [8, 6, 9, 8], "texture": "#1"},
				"west": {"uv": [7, 8, 8, 10], "texture": "#1"},
				"up": {"uv": [12, 3, 11, 2], "texture": "#1"},
				"down": {"uv": [12, 3, 11, 4], "texture": "#1"}
			}
		},
		{
			"from": [7.7, 3.80329, 7.7],
			"to": [8.3, 4.80329, 8.3],
			"rotation": {"angle": 0, "axis": "x", "origin": [8, 4.30329, 8]},
			"faces": {
				"north": {"uv": [4, 12, 4.5, 13], "texture": "#1"},
				"east": {"uv": [12, 4, 12.5, 5], "texture": "#1"},
				"south": {"uv": [5, 12, 5.5, 13], "texture": "#1"},
				"west": {"uv": [12, 5, 12.5, 6], "texture": "#1"},
				"up": {"uv": [6.5, 12.5, 6, 12], "texture": "#1"},
				"down": {"uv": [12.5, 6, 12, 6.5], "texture": "#1"}
			}
		},
		{
			"from": [7.7, 5.60329, 7.7],
			"to": [8.3, 7.60329, 8.3],
			"rotation": {"angle": 0, "axis": "x", "origin": [8, 6.10329, 8]},
			"faces": {
				"north": {"uv": [10, 9, 10.5, 11], "texture": "#1"},
				"east": {"uv": [0, 11, 0.5, 13], "texture": "#1"},
				"south": {"uv": [11, 0, 11.5, 2], "texture": "#1"},
				"west": {"uv": [1, 11, 1.5, 13], "texture": "#1"},
				"up": {"uv": [7.5, 12.5, 7, 12], "texture": "#1"},
				"down": {"uv": [12.5, 7, 12, 7.5], "texture": "#1"}
			}
		},
		{
			"from": [7.7375, 10.90329, 7.575],
			"to": [8.2625, 12.32829, 9],
			"rotation": {"angle": 45, "axis": "x", "origin": [7.9875, 11.90329, 8]},
			"faces": {
				"north": {"uv": [12, 0, 12.5, 1.5], "texture": "#1"},
				"east": {"uv": [6, 2, 7.5, 3.5], "texture": "#1"},
				"south": {"uv": [2, 12, 2.5, 13.5], "texture": "#1"},
				"west": {"uv": [6, 6, 7.5, 7.5], "texture": "#1"},
				"up": {"uv": [12.5, 3.5, 12, 2], "texture": "#1"},
				"down": {"uv": [3.5, 12, 3, 13.5], "texture": "#1"}
			}
		},
		{
			"from": [7.6, 10.24568, 4.39645],
			"to": [8.4, 11.24568, 5.19645],
			"rotation": {"angle": -45, "axis": "x", "origin": [7.2, 13.0208, 5.17157]},
			"faces": {
				"north": {"uv": [4, 11, 5, 12], "texture": "#1"},
				"east": {"uv": [11, 4, 12, 5], "texture": "#1"},
				"south": {"uv": [5, 11, 6, 12], "texture": "#1"},
				"west": {"uv": [11, 5, 12, 6], "texture": "#1"},
				"up": {"uv": [7, 12, 6, 11], "texture": "#1"},
				"down": {"uv": [12, 6, 11, 7], "texture": "#1"}
			}
		},
		{
			"from": [7.6125, 11.21751, 5.87868],
			"to": [8.3875, 14.21751, 6.67868],
			"rotation": {"angle": 0, "axis": "x", "origin": [7.9875, 11.71751, 6.27868]},
			"faces": {
				"north": {"uv": [2, 6, 3, 9], "texture": "#1"},
				"east": {"uv": [3, 6, 4, 9], "texture": "#1"},
				"south": {"uv": [4, 6, 5, 9], "texture": "#1"},
				"west": {"uv": [5, 6, 6, 9], "texture": "#1"},
				"up": {"uv": [8, 12, 7, 11], "texture": "#1"},
				"down": {"uv": [12, 7, 11, 8], "texture": "#1"}
			}
		},
		{
			"from": [7.6125, 11.21751, 9.32132],
			"to": [8.3875, 14.21751, 10.12132],
			"rotation": {"angle": 0, "axis": "x", "origin": [7.9875, 11.71751, 9.72132]},
			"faces": {
				"north": {"uv": [5, 6, 4, 9], "texture": "#1"},
				"east": {"uv": [4, 6, 3, 9], "texture": "#1"},
				"south": {"uv": [3, 6, 2, 9], "texture": "#1"},
				"west": {"uv": [6, 6, 5, 9], "texture": "#1"},
				"up": {"uv": [8, 11, 7, 12], "texture": "#1"},
				"down": {"uv": [12, 8, 11, 7], "texture": "#1"}
			}
		},
		{
			"from": [7.6, 10.24568, 10.80355],
			"to": [8.4, 11.24568, 11.60355],
			"rotation": {"angle": 45, "axis": "x", "origin": [7.2, 13.0208, 10.82843]},
			"faces": {
				"north": {"uv": [6, 11, 5, 12], "texture": "#1"},
				"east": {"uv": [12, 4, 11, 5], "texture": "#1"},
				"south": {"uv": [5, 11, 4, 12], "texture": "#1"},
				"west": {"uv": [12, 5, 11, 6], "texture": "#1"},
				"up": {"uv": [7, 11, 6, 12], "texture": "#1"},
				"down": {"uv": [12, 7, 11, 6], "texture": "#1"}
			}
		},
		{
			"from": [7.75, 11, 6.5],
			"to": [8.25, 15, 9.5],
			"rotation": {"angle": 0, "axis": "y", "origin": [8.25, 11.5, 8]},
			"faces": {
				"north": {"uv": [8, 8, 8.5, 12], "texture": "#1"},
				"east": {"uv": [0, 0, 3, 4], "texture": "#1"},
				"south": {"uv": [9, 0, 9.5, 4], "texture": "#1"},
				"west": {"uv": [3, 0, 6, 4], "texture": "#1"},
				"up": {"uv": [2.5, 12, 2, 9], "texture": "#1"},
				"down": {"uv": [3.5, 9, 3, 12], "texture": "#1"}
			}
		},
		{
			"from": [8, 13.925, 6],
			"to": [8, 16.025, 10],
			"rotation": {"angle": 0, "axis": "y", "origin": [8, 11.425, 8]},
			"faces": {
				"north": {"uv": [0, 0, 0, 2], "texture": "#1"},
				"east": {"uv": [0, 4, 4, 6], "texture": "#1"},
				"south": {"uv": [0, 0, 0, 2], "texture": "#1"},
				"west": {"uv": [4, 4, 8, 6], "texture": "#1"},
				"up": {"uv": [0, 4, 0, 0], "texture": "#1"},
				"down": {"uv": [0, 0, 0, 4], "texture": "#1"}
			}
		},
		{
			"from": [7.75, 15, 7],
			"to": [8.25, 15.5, 9],
			"rotation": {"angle": 0, "axis": "y", "origin": [8, 15.5, 8]},
			"faces": {
				"north": {"uv": [8, 12, 8.5, 12.5], "texture": "#1"},
				"east": {"uv": [11, 8, 13, 8.5], "texture": "#1"},
				"south": {"uv": [9, 12, 9.5, 12.5], "texture": "#1"},
				"west": {"uv": [9, 11, 11, 11.5], "texture": "#1"},
				"up": {"uv": [11.5, 11, 11, 9], "texture": "#1"},
				"down": {"uv": [11.5, 11, 11, 13], "texture": "#1"}
			}
		}
	],
	"gui_light": "front",
	"display": {
		"thirdperson_righthand": {
			"translation": [0, 0.5, 1.25],
			"scale": [1.5, 1.5, 1.5]
		},
		"thirdperson_lefthand": {
			"translation": [0, 0.5, 1.25],
			"scale": [1.5, 1.5, 1.5]
		},
		"firstperson_righthand": {
			"rotation": [-5.5, -0.3, 3],
			"translation": [-1.25, 3.25, 3.5],
			"scale": [0.96289, 0.96289, 0.96289]
		},
		"firstperson_lefthand": {
			"rotation": [-5.5, -0.3, 3],
			"translation": [-1.25, 3.25, 3.5],
			"scale": [0.96289, 0.96289, 0.96289]
		},
		"ground": {
			"rotation": [-26.5, -25.3, 55.42],
			"translation": [0, 1.75, 0],
			"scale": [1.24844, 1.24844, 1.24844]
		},
		"gui": {
			"rotation": [90, -135, 90],
			"translation": [-1, -1, 0],
			"scale": [1.23438, 1.23438, 1.23438]
		},
		"head": {
			"scale": [0, 0, 0]
		},
		"fixed": {
			"rotation": [90, -90, 90],
			"translation": [0, -0.5, -2.25],
			"scale": [3, 3, 3]
		}
	}
}