{"textures":{"0":"social_media_robot:entity/tiktok_robot/tiktok_robot"},"elements":[{"faces":{"north":{"uv":[3.5,9.25,2.75,10],"texture":"#0","tintindex":0},"east":{"uv":[2.75,9.25,2,10],"texture":"#0","tintindex":0},"south":{"uv":[9.75,3.25,9,4],"texture":"#0","tintindex":0},"west":{"uv":[4.25,9.25,3.5,10],"texture":"#0","tintindex":0},"up":{"uv":[8,9.5,7.25,10.25],"texture":"#0","tintindex":0},"down":{"uv":[8.75,10.25,8,9.5],"texture":"#0","tintindex":0}},"to":[8.6,5.2,8.6],"from":[7.4,4,7.4],"rotation":{"angle":0,"axis":"y","origin":[8,4.6,8]}}],"display":{"head":{"translation":[0,5.6,0],"scale":[4,4,4],"rotation":[0,0,0]}}}