{"textures":{"0":"social_media_robot:entity/discord_robot/discord_robot"},"elements":[{"faces":{"north":{"uv":[11.25,0,10.5,1],"texture":"#0","tintindex":0},"east":{"uv":[11.5,0,11.25,1],"texture":"#0","tintindex":0},"south":{"uv":[9,2,9.75,3],"texture":"#0","tintindex":0},"west":{"uv":[10.75,0,10.5,1],"texture":"#0","tintindex":0},"up":{"uv":[10.5,0.25,11.25,0],"texture":"#0","tintindex":0},"down":{"uv":[10.5,0.25,11.25,0],"texture":"#0","tintindex":0}},"to":[9.28,4.8,8.8],"from":[8.08,3.2,8.4],"rotation":{"angle":0,"axis":"y","origin":[8.68,4,8.6]}}],"display":{"head":{"translation":[0,5.6,0],"scale":[4,4,4],"rotation":[0,0,0]}}}