{"textures":{"0":"social_media_robot:entity/discord_robot/discord_robot"},"elements":[{"faces":{"north":{"uv":[1.5,2.5,0,3.25],"texture":"#0","tintindex":0},"east":{"uv":[1.5,2.5,1.25,3.25],"texture":"#0","tintindex":0},"south":{"uv":[1.5,4,0,4.75],"texture":"#0","tintindex":0},"west":{"uv":[1.75,3.25,1.5,4],"texture":"#0","tintindex":0},"up":{"uv":[1.75,3.5,0.25,3.75],"texture":"#0","tintindex":0},"down":{"uv":[1.75,3.5,0.25,3.25],"texture":"#0","tintindex":0}},"to":[9.18,6.4,6.5],"from":[6.78,5.2,6.1],"rotation":{"angle":0,"axis":"y","origin":[7.98,5.8,6.3]}},{"faces":{"north":{"uv":[8.5,0,5.5,2.25],"texture":"#0","tintindex":0},"east":{"uv":[2,7.5,0,9.75],"texture":"#0","tintindex":0},"south":{"uv":[8,4.5,5,6.75],"texture":"#0","tintindex":0},"west":{"uv":[2,7.5,0,9.75],"texture":"#0","tintindex":0},"up":{"uv":[8.5,2.25,5.5,4.25],"texture":"#0","tintindex":0},"down":{"uv":[8,8.75,5,6.75],"texture":"#0","tintindex":0}},"to":[10.38,8.4,9.66],"from":[5.58,4.8,6.46],"rotation":{"angle":0,"axis":"y","origin":[7.98,6.6,8.06]}}],"display":{"head":{"translation":[0,5.6,0],"scale":[4,4,4],"rotation":[0,0,0]}}}