{
  "credit": "Made with Blockbench",
  "texture_size": [
    24,
    24
  ],
  "textures": {
    "1": "king_of_town_set:bow",
    "particle": "king_of_town_set:bow"
  },
  "elements": [
    {
      "from": [
        7.06064,
        6.87314,
        4.68343
      ],
      "to": [
        8.96064,
        8.87314,
        6.68343
      ],
      "rotation": {
        "angle": 45,
        "axis": "x",
        "origin": [
          8.01064,
          7.87314,
          5.68343
        ]
      },
      "faces": {
        "north": {
          "uv": [
            6.66667,
            0,
            8,
            1.33333
          ],
          "texture": "#1"
        },
        "east": {
          "uv": [
            6.66667,
            1.33333,
            8,
            2.66667
          ],
          "texture": "#1"
        },
        "south": {
          "uv": [
            6.66667,
            2.66667,
            8,
            4
          ],
          "texture": "#1"
        },
        "west": {
          "uv": [
            6.66667,
            4,
            8,
            5.33333
          ],
          "texture": "#1"
        },
        "up": {
          "uv": [
            8,
            6.66667,
            6.66667,
            5.33333
          ],
          "texture": "#1"
        },
        "down": {
          "uv": [
            8,
            6.66667,
            6.66667,
            8
          ],
          "texture": "#1"
        }
      }
    },
    {
      "from": [
        7.41064,
        4.9091,
        5.23895
      ],
      "to": [
        8.61064,
        7.9091,
        6.48895
      ],
      "rotation": {
        "angle": 22.5,
        "axis": "x",
        "origin": [
          8.01064,
          6.9091,
          5.98895
        ]
      },
      "faces": {
        "north": {
          "uv": [
            1.33333,
            8,
            2,
            10
          ],
          "texture": "#1"
        },
        "east": {
          "uv": [
            5.33333,
            0,
            6.33333,
            2
          ],
          "texture": "#1"
        },
        "south": {
          "uv": [
            8,
            1.33333,
            8.66667,
            3.33333
          ],
          "texture": "#1"
        },
        "west": {
          "uv": [
            5.33333,
            2,
            6.33333,
            4
          ],
          "texture": "#1"
        },
        "up": {
          "uv": [
            12.66667,
            3.66667,
            12,
            2.66667
          ],
          "texture": "#1"
        },
        "down": {
          "uv": [
            4,
            12,
            3.33333,
            13
          ],
          "texture": "#1"
        }
      }
    },
    {
      "from": [
        7.56064,
        6.37314,
        4.18343
      ],
      "to": [
        8.46064,
        8.37314,
        6.18343
      ],
      "rotation": {
        "angle": 45,
        "axis": "x",
        "origin": [
          8.01064,
          7.87314,
          5.68343
        ]
      },
      "faces": {
        "north": {
          "uv": [
            8,
            10.66667,
            8.66667,
            12
          ],
          "texture": "#1"
        },
        "east": {
          "uv": [
            0,
            8,
            1.33333,
            9.33333
          ],
          "texture": "#1"
        },
        "south": {
          "uv": [
            1.33333,
            12,
            2,
            13.33333
          ],
          "texture": "#1"
        },
        "west": {
          "uv": [
            8,
            0,
            9.33333,
            1.33333
          ],
          "texture": "#1"
        },
        "up": {
          "uv": [
            2.66667,
            13.33333,
            2,
            12
          ],
          "texture": "#1"
        },
        "down": {
          "uv": [
            3.33333,
            12,
            2.66667,
            13.33333
          ],
          "texture": "#1"
        }
      }
    },
    {
      "from": [
        7.41064,
        3.87686,
        3.93343
      ],
      "to": [
        8.61064,
        4.87686,
        4.93343
      ],
      "rotation": {
        "angle": -22.5,
        "axis": "x",
        "origin": [
          8.01064,
          4.62686,
          7.18343
        ]
      },
      "faces": {
        "north": {
          "uv": [
            12,
            12,
            12.66667,
            12.66667
          ],
          "texture": "#1"
        },
        "east": {
          "uv": [
            0,
            12.66667,
            0.66667,
            13.33333
          ],
          "texture": "#1"
        },
        "south": {
          "uv": [
            0.66667,
            12.66667,
            1.33333,
            13.33333
          ],
          "texture": "#1"
        },
        "west": {
          "uv": [
            12.66667,
            1.33333,
            13.33333,
            2
          ],
          "texture": "#1"
        },
        "up": {
          "uv": [
            13.33333,
            2.66667,
            12.66667,
            2
          ],
          "texture": "#1"
        },
        "down": {
          "uv": [
            13.33333,
            2.66667,
            12.66667,
            3.33333
          ],
          "texture": "#1"
        }
      }
    },
    {
      "from": [
        7.51064,
        3.41283,
        5.3779
      ],
      "to": [
        8.51064,
        5.91283,
        6.3779
      ],
      "rotation": {
        "angle": 22.5,
        "axis": "x",
        "origin": [
          8.01064,
          6.16283,
          5.3779
        ]
      },
      "faces": {
        "north": {
          "uv": [
            9.33333,
            6,
            10,
            7.66667
          ],
          "texture": "#1"
        },
        "east": {
          "uv": [
            9.33333,
            8,
            10,
            9.66667
          ],
          "texture": "#1"
        },
        "south": {
          "uv": [
            6,
            11.66667,
            6.66667,
            10
          ],
          "texture": "#1"
        },
        "west": {
          "uv": [
            1.33333,
            10,
            2,
            11.66667
          ],
          "texture": "#1"
        },
        "up": {
          "uv": [
            9.33333,
            12.66667,
            8.66667,
            12
          ],
          "texture": "#1"
        },
        "down": {
          "uv": [
            12.66667,
            11.33333,
            12,
            12
          ],
          "texture": "#1"
        }
      }
    },
    {
      "from": [
        7.41064,
        7.8409,
        5.23895
      ],
      "to": [
        8.61064,
        10.8409,
        6.48895
      ],
      "rotation": {
        "angle": -22.5,
        "axis": "x",
        "origin": [
          8.01064,
          8.8409,
          5.98895
        ]
      },
      "faces": {
        "north": {
          "uv": [
            7.33333,
            8,
            8,
            10
          ],
          "texture": "#1"
        },
        "east": {
          "uv": [
            5.33333,
            4,
            6.33333,
            6
          ],
          "texture": "#1"
        },
        "south": {
          "uv": [
            8.66667,
            1.33333,
            9.33333,
            3.33333
          ],
          "texture": "#1"
        },
        "west": {
          "uv": [
            5.33333,
            6,
            6.33333,
            8
          ],
          "texture": "#1"
        },
        "up": {
          "uv": [
            7.33333,
            13,
            6.66667,
            12
          ],
          "texture": "#1"
        },
        "down": {
          "uv": [
            12.66667,
            6.66667,
            12,
            7.66667
          ],
          "texture": "#1"
        }
      }
    },
    {
      "from": [
        7.51064,
        9.83717,
        5.3779
      ],
      "to": [
        8.51064,
        12.33717,
        6.3779
      ],
      "rotation": {
        "angle": -22.5,
        "axis": "x",
        "origin": [
          8.01064,
          9.58717,
          5.3779
        ]
      },
      "faces": {
        "north": {
          "uv": [
            6,
            10,
            6.66667,
            11.66667
          ],
          "texture": "#1"
        },
        "east": {
          "uv": [
            10,
            6,
            10.66667,
            7.66667
          ],
          "texture": "#1"
        },
        "south": {
          "uv": [
            6,
            10,
            6.66667,
            11.66667
          ],
          "texture": "#1"
        },
        "west": {
          "uv": [
            7.33333,
            10,
            8,
            11.66667
          ],
          "texture": "#1"
        },
        "up": {
          "uv": [
            13.33333,
            12,
            12.66667,
            11.33333
          ],
          "texture": "#1"
        },
        "down": {
          "uv": [
            12.66667,
            12.66667,
            12,
            13.33333
          ],
          "texture": "#1"
        }
      }
    },
    {
      "from": [
        7.41064,
        10.87314,
        3.93343
      ],
      "to": [
        8.61064,
        11.87314,
        4.93343
      ],
      "rotation": {
        "angle": 22.5,
        "axis": "x",
        "origin": [
          8.01064,
          11.12314,
          7.18343
        ]
      },
      "faces": {
        "north": {
          "uv": [
            8,
            12.66667,
            8.66667,
            13.33333
          ],
          "texture": "#1"
        },
        "east": {
          "uv": [
            8.66667,
            12.66667,
            9.33333,
            13.33333
          ],
          "texture": "#1"
        },
        "south": {
          "uv": [
            9.33333,
            12.66667,
            10,
            13.33333
          ],
          "texture": "#1"
        },
        "west": {
          "uv": [
            8,
            12.66667,
            8.66667,
            13.33333
          ],
          "texture": "#1"
        },
        "up": {
          "uv": [
            11.33333,
            13.33333,
            10.66667,
            12.66667
          ],
          "texture": "#1"
        },
        "down": {
          "uv": [
            12,
            12.66667,
            11.33333,
            13.33333
          ],
          "texture": "#1"
        }
      }
    },
    {
      "from": [
        7.4375,
        -1.55559,
        5.88757
      ],
      "to": [
        8.6375,
        -0.80559,
        8.88757
      ],
      "rotation": {
        "angle": 22.5,
        "axis": "x",
        "origin": [
          8.025,
          -1.03405,
          8.46912
        ]
      },
      "faces": {
        "north": {
          "uv": [
            12.66667,
            3.33333,
            13.33333,
            4
          ],
          "texture": "#1"
        },
        "east": {
          "uv": [
            8,
            3.33333,
            10,
            4
          ],
          "texture": "#1"
        },
        "south": {
          "uv": [
            4,
            12.66667,
            4.66667,
            13.33333
          ],
          "texture": "#1"
        },
        "west": {
          "uv": [
            8,
            4,
            10,
            4.66667
          ],
          "texture": "#1"
        },
        "up": {
          "uv": [
            2.66667,
            10,
            2,
            8
          ],
          "texture": "#1"
        },
        "down": {
          "uv": [
            8.66667,
            4.66667,
            8,
            6.66667
          ],
          "texture": "#1"
        }
      }
    },
    {
      "from": [
        7.5125,
        -1.12837,
        6.7761
      ],
      "to": [
        8.5125,
        -0.12837,
        9.3261
      ],
      "rotation": {
        "angle": 22.5,
        "axis": "x",
        "origin": [
          8.0125,
          -0.62837,
          8.0511
        ]
      },
      "faces": {
        "north": {
          "uv": [
            4.66667,
            12.66667,
            5.33333,
            13.33333
          ],
          "texture": "#1"
        },
        "east": {
          "uv": [
            9.33333,
            2,
            11,
            2.66667
          ],
          "texture": "#1"
        },
        "south": {
          "uv": [
            5.33333,
            12.66667,
            6,
            13.33333
          ],
          "texture": "#1"
        },
        "west": {
          "uv": [
            9.33333,
            2.66667,
            11,
            3.33333
          ],
          "texture": "#1"
        },
        "up": {
          "uv": [
            2.66667,
            11.66667,
            2,
            10
          ],
          "texture": "#1"
        },
        "down": {
          "uv": [
            6,
            10,
            5.33333,
            11.66667
          ],
          "texture": "#1"
        }
      }
    },
    {
      "from": [
        7.3625,
        -2.3202,
        8.7125
      ],
      "to": [
        8.6625,
        -1.0702,
        9.9625
      ],
      "rotation": {
        "angle": -22.5,
        "axis": "x",
        "origin": [
          8.025,
          -1.03405,
          8.46912
        ]
      },
      "faces": {
        "north": {
          "uv": [
            9.33333,
            10,
            10.33333,
            11
          ],
          "texture": "#1"
        },
        "east": {
          "uv": [
            10.66667,
            0,
            11.66667,
            1
          ],
          "texture": "#1"
        },
        "south": {
          "uv": [
            10.66667,
            4.66667,
            11.66667,
            5.66667
          ],
          "texture": "#1"
        },
        "west": {
          "uv": [
            10.66667,
            6,
            11.66667,
            7
          ],
          "texture": "#1"
        },
        "up": {
          "uv": [
            11.66667,
            8.33333,
            10.66667,
            7.33333
          ],
          "texture": "#1"
        },
        "down": {
          "uv": [
            11.66667,
            8.66667,
            10.66667,
            9.66667
          ],
          "texture": "#1"
        }
      }
    },
    {
      "from": [
        7.3625,
        -1.82376,
        7.95895
      ],
      "to": [
        8.6625,
        -1.07376,
        8.70895
      ],
      "rotation": {
        "angle": -22.5,
        "axis": "x",
        "origin": [
          8.025,
          -1.03405,
          8.46912
        ]
      },
      "faces": {
        "north": {
          "uv": [
            4,
            12,
            5,
            12.66667
          ],
          "texture": "#1"
        },
        "east": {
          "uv": [
            13.33333,
            3.33333,
            13.66667,
            4
          ],
          "texture": "#1"
        },
        "south": {
          "uv": [
            12,
            4,
            13,
            4.66667
          ],
          "texture": "#1"
        },
        "west": {
          "uv": [
            13.33333,
            4,
            13.66667,
            4.66667
          ],
          "texture": "#1"
        },
        "up": {
          "uv": [
            3,
            13.66667,
            2,
            13.33333
          ],
          "texture": "#1"
        },
        "down": {
          "uv": [
            14.33333,
            2,
            13.33333,
            2.33333
          ],
          "texture": "#1"
        }
      }
    },
    {
      "from": [
        7.5125,
        -0.68564,
        4.50563
      ],
      "to": [
        8.5125,
        2.16436,
        5.50563
      ],
      "rotation": {
        "angle": -22.5,
        "axis": "x",
        "origin": [
          8.0125,
          4.48936,
          5.00563
        ]
      },
      "faces": {
        "north": {
          "uv": [
            5.33333,
            8,
            6,
            10
          ],
          "texture": "#1"
        },
        "east": {
          "uv": [
            6,
            8,
            6.66667,
            10
          ],
          "texture": "#1"
        },
        "south": {
          "uv": [
            6.66667,
            8,
            7.33333,
            10
          ],
          "texture": "#1"
        },
        "west": {
          "uv": [
            8,
            6.66667,
            8.66667,
            8.66667
          ],
          "texture": "#1"
        },
        "up": {
          "uv": [
            6.66667,
            13.33333,
            6,
            12.66667
          ],
          "texture": "#1"
        },
        "down": {
          "uv": [
            13.33333,
            6.66667,
            12.66667,
            7.33333
          ],
          "texture": "#1"
        }
      }
    },
    {
      "from": [
        7.3625,
        -1.07376,
        8.70895
      ],
      "to": [
        8.6625,
        -0.32376,
        9.45895
      ],
      "rotation": {
        "angle": -22.5,
        "axis": "x",
        "origin": [
          8.025,
          -1.03405,
          8.46912
        ]
      },
      "faces": {
        "north": {
          "uv": [
            12,
            4.66667,
            13,
            5.33333
          ],
          "texture": "#1"
        },
        "east": {
          "uv": [
            7.33333,
            12.66667,
            8,
            13.33333
          ],
          "texture": "#1"
        },
        "south": {
          "uv": [
            5.33333,
            12,
            6.33333,
            12.66667
          ],
          "texture": "#1"
        },
        "west": {
          "uv": [
            12.66667,
            7.33333,
            13.33333,
            8
          ],
          "texture": "#1"
        },
        "up": {
          "uv": [
            13,
            6,
            12,
            5.33333
          ],
          "texture": "#1"
        },
        "down": {
          "uv": [
            13,
            6,
            12,
            6.66667
          ],
          "texture": "#1"
        }
      }
    },
    {
      "from": [
        7.5125,
        13.83564,
        4.50563
      ],
      "to": [
        8.5125,
        16.68564,
        5.50563
      ],
      "rotation": {
        "angle": 22.5,
        "axis": "x",
        "origin": [
          8.0125,
          11.51064,
          5.00563
        ]
      },
      "faces": {
        "north": {
          "uv": [
            8.66667,
            8,
            9.33333,
            10
          ],
          "texture": "#1"
        },
        "east": {
          "uv": [
            0,
            9.33333,
            0.66667,
            11.33333
          ],
          "texture": "#1"
        },
        "south": {
          "uv": [
            9.33333,
            0,
            10,
            2
          ],
          "texture": "#1"
        },
        "west": {
          "uv": [
            0.66667,
            9.33333,
            1.33333,
            11.33333
          ],
          "texture": "#1"
        },
        "up": {
          "uv": [
            2,
            14,
            1.33333,
            13.33333
          ],
          "texture": "#1"
        },
        "down": {
          "uv": [
            14,
            1.33333,
            13.33333,
            2
          ],
          "texture": "#1"
        }
      }
    },
    {
      "from": [
        7.5125,
        16.12837,
        6.7761
      ],
      "to": [
        8.5125,
        17.12837,
        9.3261
      ],
      "rotation": {
        "angle": -22.5,
        "axis": "x",
        "origin": [
          8.0125,
          16.62837,
          8.0511
        ]
      },
      "faces": {
        "north": {
          "uv": [
            0.66667,
            13.33333,
            1.33333,
            14
          ],
          "texture": "#1"
        },
        "east": {
          "uv": [
            10,
            3.33333,
            11.66667,
            4
          ],
          "texture": "#1"
        },
        "south": {
          "uv": [
            13.33333,
            0.66667,
            14,
            1.33333
          ],
          "texture": "#1"
        },
        "west": {
          "uv": [
            10,
            4,
            11.66667,
            4.66667
          ],
          "texture": "#1"
        },
        "up": {
          "uv": [
            10.66667,
            9.66667,
            10,
            8
          ],
          "texture": "#1"
        },
        "down": {
          "uv": [
            9.33333,
            10,
            8.66667,
            11.66667
          ],
          "texture": "#1"
        }
      }
    },
    {
      "from": [
        7.4375,
        16.80559,
        5.88757
      ],
      "to": [
        8.6375,
        17.55559,
        8.88757
      ],
      "rotation": {
        "angle": -22.5,
        "axis": "x",
        "origin": [
          8.025,
          17.03405,
          8.46912
        ]
      },
      "faces": {
        "north": {
          "uv": [
            0,
            13.33333,
            0.66667,
            14
          ],
          "texture": "#1"
        },
        "east": {
          "uv": [
            8.66667,
            4.66667,
            10.66667,
            5.33333
          ],
          "texture": "#1"
        },
        "south": {
          "uv": [
            13.33333,
            0,
            14,
            0.66667
          ],
          "texture": "#1"
        },
        "west": {
          "uv": [
            8.66667,
            5.33333,
            10.66667,
            6
          ],
          "texture": "#1"
        },
        "up": {
          "uv": [
            9.33333,
            8,
            8.66667,
            6
          ],
          "texture": "#1"
        },
        "down": {
          "uv": [
            8.66667,
            8.66667,
            8,
            10.66667
          ],
          "texture": "#1"
        }
      }
    },
    {
      "from": [
        7.3625,
        16.32376,
        8.70895
      ],
      "to": [
        8.6625,
        17.07376,
        9.45895
      ],
      "rotation": {
        "angle": 22.5,
        "axis": "x",
        "origin": [
          8.025,
          17.03405,
          8.46912
        ]
      },
      "faces": {
        "north": {
          "uv": [
            12,
            8.66667,
            13,
            9.33333
          ],
          "texture": "#1"
        },
        "east": {
          "uv": [
            12.66667,
            12,
            13.33333,
            12.66667
          ],
          "texture": "#1"
        },
        "south": {
          "uv": [
            12,
            9.33333,
            13,
            10
          ],
          "texture": "#1"
        },
        "west": {
          "uv": [
            12.66667,
            12.66667,
            13.33333,
            13.33333
          ],
          "texture": "#1"
        },
        "up": {
          "uv": [
            13,
            10.66667,
            12,
            10
          ],
          "texture": "#1"
        },
        "down": {
          "uv": [
            13,
            10.66667,
            12,
            11.33333
          ],
          "texture": "#1"
        }
      }
    },
    {
      "from": [
        7.3625,
        17.07376,
        7.95895
      ],
      "to": [
        8.6625,
        17.82376,
        8.70895
      ],
      "rotation": {
        "angle": 22.5,
        "axis": "x",
        "origin": [
          8.025,
          17.03405,
          8.46912
        ]
      },
      "faces": {
        "north": {
          "uv": [
            7.33333,
            12,
            8.33333,
            12.66667
          ],
          "texture": "#1"
        },
        "east": {
          "uv": [
            4.66667,
            13.33333,
            5,
            14
          ],
          "texture": "#1"
        },
        "south": {
          "uv": [
            12,
            8,
            13,
            8.66667
          ],
          "texture": "#1"
        },
        "west": {
          "uv": [
            13.33333,
            4.66667,
            13.66667,
            5.33333
          ],
          "texture": "#1"
        },
        "up": {
          "uv": [
            14.33333,
            3,
            13.33333,
            2.66667
          ],
          "texture": "#1"
        },
        "down": {
          "uv": [
            4.33333,
            13.33333,
            3.33333,
            13.66667
          ],
          "texture": "#1"
        }
      }
    },
    {
      "from": [
        7.3625,
        17.0702,
        8.7125
      ],
      "to": [
        8.6625,
        18.3202,
        9.9625
      ],
      "rotation": {
        "angle": 22.5,
        "axis": "x",
        "origin": [
          8.025,
          17.03405,
          8.46912
        ]
      },
      "faces": {
        "north": {
          "uv": [
            10.66667,
            10,
            11.66667,
            11
          ],
          "texture": "#1"
        },
        "east": {
          "uv": [
            0,
            11.33333,
            1,
            12.33333
          ],
          "texture": "#1"
        },
        "south": {
          "uv": [
            11.33333,
            1.33333,
            12.33333,
            2.33333
          ],
          "texture": "#1"
        },
        "west": {
          "uv": [
            9.33333,
            11.33333,
            10.33333,
            12.33333
          ],
          "texture": "#1"
        },
        "up": {
          "uv": [
            11.66667,
            12.33333,
            10.66667,
            11.33333
          ],
          "texture": "#1"
        },
        "down": {
          "uv": [
            13,
            0,
            12,
            1
          ],
          "texture": "#1"
        }
      }
    },
    {
      "from": [
        7.5125,
        2.1,
        5.43343
      ],
      "to": [
        8.5125,
        13.85,
        6.43343
      ],
      "rotation": {
        "angle": 0,
        "axis": "y",
        "origin": [
          8.0125,
          15.175,
          6.68343
        ]
      },
      "faces": {
        "north": {
          "uv": [
            0,
            0,
            0.66667,
            8
          ],
          "texture": "#1"
        },
        "east": {
          "uv": [
            0.66667,
            0,
            1.33333,
            8
          ],
          "texture": "#1"
        },
        "south": {
          "uv": [
            1.33333,
            0,
            2,
            8
          ],
          "texture": "#1"
        },
        "west": {
          "uv": [
            2,
            0,
            2.66667,
            8
          ],
          "texture": "#1"
        },
        "up": {
          "uv": [
            11.33333,
            2,
            10.66667,
            1.33333
          ],
          "texture": "#1"
        },
        "down": {
          "uv": [
            12,
            2.66667,
            11.33333,
            3.33333
          ],
          "texture": "#1"
        }
      }
    },
    {
      "from": [
        7.9125,
        -0.9,
        9.38343
      ],
      "to": [
        8.0125,
        16.85,
        9.48343
      ],
      "rotation": {
        "angle": 0,
        "axis": "y",
        "origin": [
          8.0125,
          15.175,
          6.68343
        ]
      },
      "faces": {
        "north": {
          "uv": [
            2.66667,
            0,
            3,
            12
          ],
          "texture": "#1"
        },
        "east": {
          "uv": [
            3.33333,
            0,
            3.66667,
            12
          ],
          "texture": "#1"
        },
        "south": {
          "uv": [
            4,
            0,
            4.33333,
            12
          ],
          "texture": "#1"
        },
        "west": {
          "uv": [
            4.66667,
            0,
            5,
            12
          ],
          "texture": "#1"
        },
        "up": {
          "uv": [
            5.66667,
            13.66667,
            5.33333,
            13.33333
          ],
          "texture": "#1"
        },
        "down": {
          "uv": [
            13.66667,
            5.33333,
            13.33333,
            5.66667
          ],
          "texture": "#1"
        }
      }
    },
    {
      "from": [
        7.81564,
        7.95166,
        10.11407
      ],
      "to": [
        8.20564,
        8.32666,
        10.48907
      ],
      "rotation": {
        "angle": -45,
        "axis": "x",
        "origin": [
          8.01064,
          7.87666,
          10.56407
        ]
      },
      "color": 5,
      "faces": {
        "north": {
          "uv": [
            6.22222,
            2.22222,
            6.88889,
            2.88889
          ],
          "rotation": 90,
          "texture": "#missing"
        },
        "east": {
          "uv": [
            2.44444,
            6.66667,
            1.77778,
            7.33333
          ],
          "rotation": 270,
          "texture": "#missing"
        },
        "south": {
          "uv": [
            4,
            6.22222,
            4.66667,
            6.88889
          ],
          "rotation": 270,
          "texture": "#missing"
        },
        "west": {
          "uv": [
            6.44444,
            6.88889,
            5.77778,
            6.22222
          ],
          "rotation": 270,
          "texture": "#missing"
        },
        "up": {
          "uv": [
            3.11111,
            6.22222,
            3.77778,
            6.88889
          ],
          "rotation": 270,
          "texture": "#missing"
        },
        "down": {
          "uv": [
            4.88889,
            6.22222,
            5.55556,
            6.88889
          ],
          "rotation": 270,
          "texture": "#missing"
        }
      }
    },
    {
      "from": [
        7.81564,
        7.99666,
        10.38407
      ],
      "to": [
        8.20564,
        8.22166,
        10.60907
      ],
      "rotation": {
        "angle": -45,
        "axis": "x",
        "origin": [
          8.01064,
          8.02666,
          10.56407
        ]
      },
      "color": 5,
      "faces": {
        "north": {
          "uv": [
            4.44444,
            7.11111,
            4.88889,
            7.77778
          ],
          "rotation": 90,
          "texture": "#missing"
        },
        "east": {
          "uv": [
            4.44444,
            7.55556,
            4,
            8
          ],
          "rotation": 270,
          "texture": "#missing"
        },
        "south": {
          "uv": [
            4.88889,
            7.11111,
            5.33333,
            7.77778
          ],
          "rotation": 270,
          "texture": "#missing"
        },
        "west": {
          "uv": [
            8,
            4,
            7.55556,
            3.55556
          ],
          "rotation": 270,
          "texture": "#missing"
        },
        "up": {
          "uv": [
            7.11111,
            4.44444,
            7.55556,
            5.11111
          ],
          "rotation": 270,
          "texture": "#missing"
        },
        "down": {
          "uv": [
            5.33333,
            7.11111,
            5.77778,
            7.77778
          ],
          "rotation": 270,
          "texture": "#missing"
        }
      }
    },
    {
      "from": [
        7.86064,
        7.72666,
        10.30907
      ],
      "to": [
        8.16064,
        8.02666,
        12.21407
      ],
      "rotation": {
        "angle": 0,
        "axis": "y",
        "origin": [
          8.16064,
          5.47666,
          10.41407
        ]
      },
      "color": 0,
      "faces": {
        "north": {
          "uv": [
            6.22222,
            3.11111,
            6.66667,
            3.55556
          ],
          "rotation": 90,
          "texture": "#missing"
        },
        "east": {
          "uv": [
            2.66667,
            1.77778,
            2.22222,
            4.66667
          ],
          "rotation": 270,
          "texture": "#missing"
        },
        "south": {
          "uv": [
            2.66667,
            6.66667,
            3.11111,
            7.11111
          ],
          "rotation": 270,
          "texture": "#missing"
        },
        "west": {
          "uv": [
            2.22222,
            4.66667,
            1.77778,
            1.77778
          ],
          "rotation": 270,
          "texture": "#missing"
        },
        "up": {
          "uv": [
            1.77778,
            0.88889,
            4.66667,
            1.33333
          ],
          "rotation": 270,
          "texture": "#missing"
        },
        "down": {
          "uv": [
            1.77778,
            1.33333,
            4.66667,
            1.77778
          ],
          "rotation": 270,
          "texture": "#missing"
        }
      }
    },
    {
      "from": [
        7.81564,
        7.77166,
        10.15907
      ],
      "to": [
        8.20564,
        7.99666,
        10.38407
      ],
      "rotation": {
        "angle": -45,
        "axis": "x",
        "origin": [
          8.01064,
          8.02666,
          10.56407
        ]
      },
      "color": 1,
      "faces": {
        "north": {
          "uv": [
            7.11111,
            5.33333,
            7.55556,
            6
          ],
          "rotation": 90,
          "texture": "#missing"
        },
        "east": {
          "uv": [
            8,
            4.44444,
            7.55556,
            4.88889
          ],
          "rotation": 270,
          "texture": "#missing"
        },
        "south": {
          "uv": [
            6.22222,
            7.11111,
            6.66667,
            7.77778
          ],
          "rotation": 270,
          "texture": "#missing"
        },
        "west": {
          "uv": [
            8,
            4.44444,
            7.55556,
            4
          ],
          "rotation": 270,
          "texture": "#missing"
        },
        "up": {
          "uv": [
            5.77778,
            7.11111,
            6.22222,
            7.77778
          ],
          "rotation": 270,
          "texture": "#missing"
        },
        "down": {
          "uv": [
            6.66667,
            7.11111,
            7.11111,
            7.77778
          ],
          "rotation": 270,
          "texture": "#missing"
        }
      }
    }
  ],
  "gui_light": "front",
  "display": {
    "thirdperson_righthand": {
      "translation": [
        0,
        -2,
        2.5
      ]
    },
    "thirdperson_lefthand": {
      "translation": [
        0,
        -2,
        2.5
      ]
    },
    "firstperson_righthand": {
      "rotation": [
        2,
        0,
        -6.75
      ],
      "translation": [
        3,
        2.25,
        0.75
      ]
    },
    "firstperson_lefthand": {
      "rotation": [
        2,
        0,
        -6.75
      ],
      "translation": [
        3,
        2.25,
        0.75
      ]
    },
    "ground": {
      "rotation": [
        -45,
        -101,
        34
      ],
      "translation": [
        0,
        0.25,
        0
      ],
      "scale": [
        1.125,
        1.125,
        1.125
      ]
    },
    "gui": {
      "rotation": [
        90,
        45,
        90
      ],
      "translation": [
        -1,
        0.75,
        0
      ],
      "scale": [
        0.8,
        0.8,
        0.8
      ]
    },
    "head": {
      "scale": [
        0,
        0,
        0
      ]
    },
    "fixed": {
      "rotation": [
        -90,
        90,
        90
      ],
      "translation": [
        2.75,
        -1,
        -2
      ],
      "scale": [
        2.5,
        2.5,
        2.5
      ]
    }
  },
  "groups": [
    {
      "name": "group",
      "origin": [
        5.10849,
        2.89814,
        22.50745
      ],
      "color": 0,
      "boneType": "",
      "children": [
        0,
        1,
        2,
        3,
        4,
        5,
        6,
        7,
        {
          "name": "group",
          "origin": [
            -1.99497,
            14.2955,
            7.99814
          ],
          "color": 0,
          "boneType": "",
          "children": []
        },
        {
          "name": "group",
          "origin": [
            -1.99497,
            14.2955,
            7.99814
          ],
          "color": 0,
          "boneType": "",
          "children": [
            8,
            9,
            10,
            11,
            12,
            13,
            14,
            15,
            16,
            17,
            18,
            19
          ]
        },
        20,
        21
      ]
    },
    {
      "name": "group",
      "origin": [
        3.11935,
        7.02666,
        8
      ],
      "color": 0,
      "boneType": "",
      "children": [
        22,
        23,
        24,
        25
      ]
    }
  ]
}