{
  "credit": "Made with Blockbench",
  "texture_size": [
    64,
    64
  ],
  "textures": {
    "1": "king_of_town_set:kingcap",
    "particle": "king_of_town_set:kingcap"
  },
  "elements": [
    {
      "from": [
        1,
        8.57828,
        5.10426
      ],
      "to": [
        3,
        15.57828,
        6.85426
      ],
      "rotation": {
        "angle": 0,
        "axis": "x",
        "origin": [
          2,
          12.07828,
          5.97926
        ]
      },
      "faces": {
        "north": {
          "uv": [
            1.25,
            9.75,
            1.75,
            11.5
          ],
          "texture": "#1"
        },
        "east": {
          "uv": [
            1.75,
            9.75,
            2.25,
            11.5
          ],
          "texture": "#1"
        },
        "south": {
          "uv": [
            2.25,
            9.75,
            2.75,
            11.5
          ],
          "texture": "#1"
        },
        "west": {
          "uv": [
            2.75,
            9.75,
            3.25,
            11.5
          ],
          "texture": "#1"
        },
        "up": {
          "uv": [
            13.5,
            10,
            13,
            9.5
          ],
          "texture": "#1"
        },
        "down": {
          "uv": [
            13.5,
            10,
            13,
            10.5
          ],
          "texture": "#1"
        }
      }
    },
    {
      "from": [
        3,
        8.57828,
        5.35426
      ],
      "to": [
        13,
        15.57828,
        6.35426
      ],
      "rotation": {
        "angle": 0,
        "axis": "x",
        "origin": [
          2,
          12.07828,
          5.97926
        ]
      },
      "faces": {
        "north": {
          "uv": [
            0,
            0,
            2.5,
            1.75
          ],
          "texture": "#1"
        },
        "east": {
          "uv": [
            6.5,
            12.25,
            6.75,
            14
          ],
          "texture": "#1"
        },
        "south": {
          "uv": [
            0,
            1.75,
            2.5,
            3.5
          ],
          "texture": "#1"
        },
        "west": {
          "uv": [
            12.75,
            7.75,
            13,
            9.5
          ],
          "texture": "#1"
        },
        "up": {
          "uv": [
            14.25,
            12.5,
            11.75,
            12.25
          ],
          "texture": "#1"
        },
        "down": {
          "uv": [
            15,
            0,
            12.5,
            0.25
          ],
          "texture": "#1"
        }
      }
    },
    {
      "from": [
        13,
        8.57828,
        5.10426
      ],
      "to": [
        15,
        15.57828,
        6.85426
      ],
      "rotation": {
        "angle": 0,
        "axis": "x",
        "origin": [
          2,
          12.07828,
          5.97926
        ]
      },
      "faces": {
        "north": {
          "uv": [
            3.25,
            9.75,
            3.75,
            11.5
          ],
          "texture": "#1"
        },
        "east": {
          "uv": [
            9.75,
            9.25,
            10.25,
            11
          ],
          "texture": "#1"
        },
        "south": {
          "uv": [
            0,
            10,
            0.5,
            11.75
          ],
          "texture": "#1"
        },
        "west": {
          "uv": [
            10,
            0,
            10.5,
            1.75
          ],
          "texture": "#1"
        },
        "up": {
          "uv": [
            13.5,
            11,
            13,
            10.5
          ],
          "texture": "#1"
        },
        "down": {
          "uv": [
            12.25,
            13,
            11.75,
            13.5
          ],
          "texture": "#1"
        }
      }
    },
    {
      "from": [
        1,
        8.3522,
        6.34271
      ],
      "to": [
        3,
        15.3522,
        8.09271
      ],
      "rotation": {
        "angle": -22.5,
        "axis": "x",
        "origin": [
          8,
          12.3522,
          5.15521
        ]
      },
      "faces": {
        "north": {
          "uv": [
            11,
            0,
            11.5,
            1.75
          ],
          "texture": "#1"
        },
        "east": {
          "uv": [
            11,
            1.75,
            11.5,
            3.5
          ],
          "texture": "#1"
        },
        "south": {
          "uv": [
            11,
            3.5,
            11.5,
            5.25
          ],
          "texture": "#1"
        },
        "west": {
          "uv": [
            9.75,
            11,
            10.25,
            12.75
          ],
          "texture": "#1"
        },
        "up": {
          "uv": [
            13.75,
            9.25,
            13.25,
            8.75
          ],
          "texture": "#1"
        },
        "down": {
          "uv": [
            13.75,
            11,
            13.25,
            11.5
          ],
          "texture": "#1"
        }
      }
    },
    {
      "from": [
        3,
        8.3522,
        6.59271
      ],
      "to": [
        13,
        15.3522,
        7.59271
      ],
      "rotation": {
        "angle": -22.5,
        "axis": "x",
        "origin": [
          8,
          12.3522,
          5.15521
        ]
      },
      "faces": {
        "north": {
          "uv": [
            5,
            0,
            7.5,
            1.75
          ],
          "texture": "#1"
        },
        "east": {
          "uv": [
            10.5,
            12.75,
            10.75,
            14.5
          ],
          "texture": "#1"
        },
        "south": {
          "uv": [
            5,
            1.75,
            7.5,
            3.5
          ],
          "texture": "#1"
        },
        "west": {
          "uv": [
            10.75,
            12.75,
            11,
            14.5
          ],
          "texture": "#1"
        },
        "up": {
          "uv": [
            15,
            1.5,
            12.5,
            1.25
          ],
          "texture": "#1"
        },
        "down": {
          "uv": [
            15,
            1.5,
            12.5,
            1.75
          ],
          "texture": "#1"
        }
      }
    },
    {
      "from": [
        13,
        8.3522,
        6.34271
      ],
      "to": [
        15,
        15.3522,
        8.09271
      ],
      "rotation": {
        "angle": -22.5,
        "axis": "x",
        "origin": [
          8,
          12.3522,
          5.15521
        ]
      },
      "faces": {
        "north": {
          "uv": [
            10.25,
            11,
            10.75,
            12.75
          ],
          "texture": "#1"
        },
        "east": {
          "uv": [
            10.75,
            11,
            11.25,
            12.75
          ],
          "texture": "#1"
        },
        "south": {
          "uv": [
            11.25,
            5.25,
            11.75,
            7
          ],
          "texture": "#1"
        },
        "west": {
          "uv": [
            6.75,
            11.25,
            7.25,
            13
          ],
          "texture": "#1"
        },
        "up": {
          "uv": [
            13.75,
            12,
            13.25,
            11.5
          ],
          "texture": "#1"
        },
        "down": {
          "uv": [
            13.75,
            13,
            13.25,
            13.5
          ],
          "texture": "#1"
        }
      }
    },
    {
      "from": [
        3,
        0.98647,
        8.75404
      ],
      "to": [
        13,
        7.98647,
        9.75404
      ],
      "rotation": {
        "angle": -22.5,
        "axis": "x",
        "origin": [
          8,
          -0.26353,
          5.31654
        ]
      },
      "faces": {
        "north": {
          "uv": [
            2.5,
            0,
            5,
            1.75
          ],
          "texture": "#1"
        },
        "east": {
          "uv": [
            12.75,
            9.5,
            13,
            11.25
          ],
          "texture": "#1"
        },
        "south": {
          "uv": [
            2.5,
            1.75,
            5,
            3.5
          ],
          "texture": "#1"
        },
        "west": {
          "uv": [
            9.75,
            12.75,
            10,
            14.5
          ],
          "texture": "#1"
        },
        "up": {
          "uv": [
            15,
            0.5,
            12.5,
            0.25
          ],
          "texture": "#1"
        },
        "down": {
          "uv": [
            15,
            0.5,
            12.5,
            0.75
          ],
          "texture": "#1"
        }
      }
    },
    {
      "from": [
        13,
        0.98647,
        8.50404
      ],
      "to": [
        15,
        7.98647,
        10.25404
      ],
      "rotation": {
        "angle": -22.5,
        "axis": "x",
        "origin": [
          8,
          -0.26353,
          5.31654
        ]
      },
      "faces": {
        "north": {
          "uv": [
            0.5,
            10,
            1,
            11.75
          ],
          "texture": "#1"
        },
        "east": {
          "uv": [
            10,
            1.75,
            10.5,
            3.5
          ],
          "texture": "#1"
        },
        "south": {
          "uv": [
            10,
            3.5,
            10.5,
            5.25
          ],
          "texture": "#1"
        },
        "west": {
          "uv": [
            3.75,
            10.25,
            4.25,
            12
          ],
          "texture": "#1"
        },
        "up": {
          "uv": [
            12.75,
            13.5,
            12.25,
            13
          ],
          "texture": "#1"
        },
        "down": {
          "uv": [
            13.5,
            12.5,
            13,
            13
          ],
          "texture": "#1"
        }
      }
    },
    {
      "from": [
        1,
        0.98647,
        8.50404
      ],
      "to": [
        3,
        7.98647,
        10.25404
      ],
      "rotation": {
        "angle": -22.5,
        "axis": "x",
        "origin": [
          8,
          -0.26353,
          5.31654
        ]
      },
      "faces": {
        "north": {
          "uv": [
            4.25,
            10.25,
            4.75,
            12
          ],
          "texture": "#1"
        },
        "east": {
          "uv": [
            4.75,
            10.25,
            5.25,
            12
          ],
          "texture": "#1"
        },
        "south": {
          "uv": [
            5.25,
            10.25,
            5.75,
            12
          ],
          "texture": "#1"
        },
        "west": {
          "uv": [
            8.75,
            10.25,
            9.25,
            12
          ],
          "texture": "#1"
        },
        "up": {
          "uv": [
            13.25,
            13.5,
            12.75,
            13
          ],
          "texture": "#1"
        },
        "down": {
          "uv": [
            1.5,
            13.25,
            1,
            13.75
          ],
          "texture": "#1"
        }
      }
    },
    {
      "from": [
        3,
        2.78082,
        7.89984
      ],
      "to": [
        13,
        9.78082,
        8.89984
      ],
      "rotation": {
        "angle": 0,
        "axis": "y",
        "origin": [
          8,
          6.28082,
          8.46234
        ]
      },
      "faces": {
        "north": {
          "uv": [
            5,
            3.5,
            7.5,
            5.25
          ],
          "texture": "#1"
        },
        "east": {
          "uv": [
            11,
            12.75,
            11.25,
            14.5
          ],
          "texture": "#1"
        },
        "south": {
          "uv": [
            0,
            5.25,
            2.5,
            7
          ],
          "texture": "#1"
        },
        "west": {
          "uv": [
            6.75,
            13,
            7,
            14.75
          ],
          "texture": "#1"
        },
        "up": {
          "uv": [
            15,
            2,
            12.5,
            1.75
          ],
          "texture": "#1"
        },
        "down": {
          "uv": [
            15,
            2,
            12.5,
            2.25
          ],
          "texture": "#1"
        }
      }
    },
    {
      "from": [
        13,
        2.78082,
        7.64984
      ],
      "to": [
        15,
        9.78082,
        9.39984
      ],
      "rotation": {
        "angle": 0,
        "axis": "y",
        "origin": [
          8,
          6.28082,
          8.46234
        ]
      },
      "faces": {
        "north": {
          "uv": [
            11.25,
            7,
            11.75,
            8.75
          ],
          "texture": "#1"
        },
        "east": {
          "uv": [
            7.25,
            11.25,
            7.75,
            13
          ],
          "texture": "#1"
        },
        "south": {
          "uv": [
            7.75,
            11.25,
            8.25,
            13
          ],
          "texture": "#1"
        },
        "west": {
          "uv": [
            8.25,
            11.25,
            8.75,
            13
          ],
          "texture": "#1"
        },
        "up": {
          "uv": [
            0.5,
            14,
            0,
            13.5
          ],
          "texture": "#1"
        },
        "down": {
          "uv": [
            1,
            13.5,
            0.5,
            14
          ],
          "texture": "#1"
        }
      }
    },
    {
      "from": [
        1,
        2.78082,
        7.64984
      ],
      "to": [
        3,
        9.78082,
        9.39984
      ],
      "rotation": {
        "angle": 0,
        "axis": "y",
        "origin": [
          8,
          6.28082,
          8.46234
        ]
      },
      "faces": {
        "north": {
          "uv": [
            11.25,
            8.75,
            11.75,
            10.5
          ],
          "texture": "#1"
        },
        "east": {
          "uv": [
            11.25,
            10.5,
            11.75,
            12.25
          ],
          "texture": "#1"
        },
        "south": {
          "uv": [
            11.5,
            0,
            12,
            1.75
          ],
          "texture": "#1"
        },
        "west": {
          "uv": [
            1,
            11.5,
            1.5,
            13.25
          ],
          "texture": "#1"
        },
        "up": {
          "uv": [
            14,
            9.75,
            13.5,
            9.25
          ],
          "texture": "#1"
        },
        "down": {
          "uv": [
            14,
            9.75,
            13.5,
            10.25
          ],
          "texture": "#1"
        }
      }
    },
    {
      "from": [
        13,
        -6.01353,
        8.50404
      ],
      "to": [
        15,
        0.98647,
        10.25404
      ],
      "rotation": {
        "angle": -22.5,
        "axis": "x",
        "origin": [
          8,
          -0.26353,
          5.31654
        ]
      },
      "faces": {
        "north": {
          "uv": [
            9.25,
            10.25,
            9.75,
            12
          ],
          "texture": "#1"
        },
        "east": {
          "uv": [
            10.25,
            9.25,
            10.75,
            11
          ],
          "texture": "#1"
        },
        "south": {
          "uv": [
            10.5,
            0,
            11,
            1.75
          ],
          "texture": "#1"
        },
        "west": {
          "uv": [
            10.5,
            1.75,
            11,
            3.5
          ],
          "texture": "#1"
        },
        "up": {
          "uv": [
            2,
            13.75,
            1.5,
            13.25
          ],
          "texture": "#1"
        },
        "down": {
          "uv": [
            2.5,
            13.25,
            2,
            13.75
          ],
          "texture": "#1"
        }
      }
    },
    {
      "from": [
        3,
        -6.01353,
        8.75404
      ],
      "to": [
        13,
        0.98647,
        9.75404
      ],
      "rotation": {
        "angle": -22.5,
        "axis": "x",
        "origin": [
          8,
          -0.26353,
          5.31654
        ]
      },
      "faces": {
        "north": {
          "uv": [
            0,
            3.5,
            2.5,
            5.25
          ],
          "texture": "#1"
        },
        "east": {
          "uv": [
            10,
            12.75,
            10.25,
            14.5
          ],
          "texture": "#1"
        },
        "south": {
          "uv": [
            2.5,
            3.5,
            5,
            5.25
          ],
          "texture": "#1"
        },
        "west": {
          "uv": [
            10.25,
            12.75,
            10.5,
            14.5
          ],
          "texture": "#1"
        },
        "up": {
          "uv": [
            15,
            1,
            12.5,
            0.75
          ],
          "texture": "#1"
        },
        "down": {
          "uv": [
            15,
            1,
            12.5,
            1.25
          ],
          "texture": "#1"
        }
      }
    },
    {
      "from": [
        1,
        -6.01353,
        8.50404
      ],
      "to": [
        3,
        0.98647,
        10.25404
      ],
      "rotation": {
        "angle": -22.5,
        "axis": "x",
        "origin": [
          8,
          -0.26353,
          5.31654
        ]
      },
      "faces": {
        "north": {
          "uv": [
            10.5,
            3.5,
            11,
            5.25
          ],
          "texture": "#1"
        },
        "east": {
          "uv": [
            5.75,
            10.5,
            6.25,
            12.25
          ],
          "texture": "#1"
        },
        "south": {
          "uv": [
            6.25,
            10.5,
            6.75,
            12.25
          ],
          "texture": "#1"
        },
        "west": {
          "uv": [
            10.75,
            9.25,
            11.25,
            11
          ],
          "texture": "#1"
        },
        "up": {
          "uv": [
            3,
            13.75,
            2.5,
            13.25
          ],
          "texture": "#1"
        },
        "down": {
          "uv": [
            3.5,
            13.25,
            3,
            13.75
          ],
          "texture": "#1"
        }
      }
    },
    {
      "from": [
        3,
        -6.26353,
        8.50404
      ],
      "to": [
        13,
        -4.26353,
        10.25404
      ],
      "rotation": {
        "angle": -22.5,
        "axis": "x",
        "origin": [
          8,
          -0.26353,
          5.31654
        ]
      },
      "faces": {
        "north": {
          "uv": [
            1.25,
            8.75,
            3.75,
            9.25
          ],
          "texture": "#1"
        },
        "east": {
          "uv": [
            13.25,
            7.75,
            13.75,
            8.25
          ],
          "texture": "#1"
        },
        "south": {
          "uv": [
            3.75,
            8.75,
            6.25,
            9.25
          ],
          "texture": "#1"
        },
        "west": {
          "uv": [
            13.25,
            8.25,
            13.75,
            8.75
          ],
          "texture": "#1"
        },
        "up": {
          "uv": [
            11.25,
            5.75,
            8.75,
            5.25
          ],
          "texture": "#1"
        },
        "down": {
          "uv": [
            11.25,
            5.75,
            8.75,
            6.25
          ],
          "texture": "#1"
        }
      }
    },
    {
      "from": [
        13,
        -3.50403,
        5.91121
      ],
      "to": [
        15,
        3.49597,
        7.66121
      ],
      "rotation": {
        "angle": 22.5,
        "axis": "x",
        "origin": [
          8,
          -1.23193,
          6.73287
        ]
      },
      "faces": {
        "north": {
          "uv": [
            1.5,
            11.5,
            2,
            13.25
          ],
          "texture": "#1"
        },
        "east": {
          "uv": [
            11.5,
            1.75,
            12,
            3.5
          ],
          "texture": "#1"
        },
        "south": {
          "uv": [
            2,
            11.5,
            2.5,
            13.25
          ],
          "texture": "#1"
        },
        "west": {
          "uv": [
            2.5,
            11.5,
            3,
            13.25
          ],
          "texture": "#1"
        },
        "up": {
          "uv": [
            14,
            10.75,
            13.5,
            10.25
          ],
          "texture": "#1"
        },
        "down": {
          "uv": [
            12.25,
            13.5,
            11.75,
            14
          ],
          "texture": "#1"
        }
      }
    },
    {
      "from": [
        3,
        -3.50403,
        6.16121
      ],
      "to": [
        13,
        3.49597,
        7.16121
      ],
      "rotation": {
        "angle": 22.5,
        "axis": "x",
        "origin": [
          8,
          -1.23193,
          6.73287
        ]
      },
      "faces": {
        "north": {
          "uv": [
            2.5,
            5.25,
            5,
            7
          ],
          "texture": "#1"
        },
        "east": {
          "uv": [
            7,
            13,
            7.25,
            14.75
          ],
          "texture": "#1"
        },
        "south": {
          "uv": [
            5,
            5.25,
            7.5,
            7
          ],
          "texture": "#1"
        },
        "west": {
          "uv": [
            7.25,
            13,
            7.5,
            14.75
          ],
          "texture": "#1"
        },
        "up": {
          "uv": [
            15,
            2.5,
            12.5,
            2.25
          ],
          "texture": "#1"
        },
        "down": {
          "uv": [
            15,
            2.5,
            12.5,
            2.75
          ],
          "texture": "#1"
        }
      }
    },
    {
      "from": [
        1,
        -3.50403,
        5.91121
      ],
      "to": [
        3,
        3.49597,
        7.66121
      ],
      "rotation": {
        "angle": 22.5,
        "axis": "x",
        "origin": [
          8,
          -1.23193,
          6.73287
        ]
      },
      "faces": {
        "north": {
          "uv": [
            3,
            11.5,
            3.5,
            13.25
          ],
          "texture": "#1"
        },
        "east": {
          "uv": [
            11.5,
            3.5,
            12,
            5.25
          ],
          "texture": "#1"
        },
        "south": {
          "uv": [
            0,
            11.75,
            0.5,
            13.5
          ],
          "texture": "#1"
        },
        "west": {
          "uv": [
            0.5,
            11.75,
            1,
            13.5
          ],
          "texture": "#1"
        },
        "up": {
          "uv": [
            12.75,
            14,
            12.25,
            13.5
          ],
          "texture": "#1"
        },
        "down": {
          "uv": [
            14,
            12.5,
            13.5,
            13
          ],
          "texture": "#1"
        }
      }
    },
    {
      "from": [
        3,
        -3.75403,
        5.91121
      ],
      "to": [
        13,
        -1.75403,
        7.66121
      ],
      "rotation": {
        "angle": 22.5,
        "axis": "x",
        "origin": [
          8,
          -1.23193,
          6.73287
        ]
      },
      "faces": {
        "north": {
          "uv": [
            8.75,
            6.25,
            11.25,
            6.75
          ],
          "texture": "#1"
        },
        "east": {
          "uv": [
            12.75,
            13.5,
            13.25,
            14
          ],
          "texture": "#1"
        },
        "south": {
          "uv": [
            8.75,
            6.75,
            11.25,
            7.25
          ],
          "texture": "#1"
        },
        "west": {
          "uv": [
            13.25,
            13.5,
            13.75,
            14
          ],
          "texture": "#1"
        },
        "up": {
          "uv": [
            11.25,
            7.75,
            8.75,
            7.25
          ],
          "texture": "#1"
        },
        "down": {
          "uv": [
            11.25,
            7.75,
            8.75,
            8.25
          ],
          "texture": "#1"
        }
      }
    },
    {
      "from": [
        13,
        -3.27923,
        6.0627
      ],
      "to": [
        15,
        3.72077,
        7.8127
      ],
      "rotation": {
        "angle": -45,
        "axis": "x",
        "origin": [
          8,
          5.12597,
          8.79844
        ]
      },
      "faces": {
        "north": {
          "uv": [
            9.25,
            12,
            9.75,
            13.75
          ],
          "texture": "#1"
        },
        "east": {
          "uv": [
            12.25,
            5.25,
            12.75,
            7
          ],
          "texture": "#1"
        },
        "south": {
          "uv": [
            5.5,
            12.25,
            6,
            14
          ],
          "texture": "#1"
        },
        "west": {
          "uv": [
            6,
            12.25,
            6.5,
            14
          ],
          "texture": "#1"
        },
        "up": {
          "uv": [
            4.5,
            14.25,
            4,
            13.75
          ],
          "texture": "#1"
        },
        "down": {
          "uv": [
            14.25,
            4.25,
            13.75,
            4.75
          ],
          "texture": "#1"
        }
      }
    },
    {
      "from": [
        3,
        -3.27923,
        6.5627
      ],
      "to": [
        13,
        3.72077,
        7.5627
      ],
      "rotation": {
        "angle": -45,
        "axis": "x",
        "origin": [
          8,
          5.12597,
          8.79844
        ]
      },
      "faces": {
        "north": {
          "uv": [
            7.5,
            1.75,
            10,
            3.5
          ],
          "texture": "#1"
        },
        "east": {
          "uv": [
            8.25,
            13,
            8.5,
            14.75
          ],
          "texture": "#1"
        },
        "south": {
          "uv": [
            7.5,
            3.5,
            10,
            5.25
          ],
          "texture": "#1"
        },
        "west": {
          "uv": [
            8.5,
            13,
            8.75,
            14.75
          ],
          "texture": "#1"
        },
        "up": {
          "uv": [
            15,
            4,
            12.5,
            3.75
          ],
          "texture": "#1"
        },
        "down": {
          "uv": [
            15,
            4,
            12.5,
            4.25
          ],
          "texture": "#1"
        }
      }
    },
    {
      "from": [
        1,
        -3.27923,
        6.0627
      ],
      "to": [
        3,
        3.72077,
        7.8127
      ],
      "rotation": {
        "angle": -45,
        "axis": "x",
        "origin": [
          8,
          5.12597,
          8.79844
        ]
      },
      "faces": {
        "north": {
          "uv": [
            12.25,
            7,
            12.75,
            8.75
          ],
          "texture": "#1"
        },
        "east": {
          "uv": [
            12.25,
            8.75,
            12.75,
            10.5
          ],
          "texture": "#1"
        },
        "south": {
          "uv": [
            12.25,
            10.5,
            12.75,
            12.25
          ],
          "texture": "#1"
        },
        "west": {
          "uv": [
            11.25,
            12.25,
            11.75,
            14
          ],
          "texture": "#1"
        },
        "up": {
          "uv": [
            5,
            14.25,
            4.5,
            13.75
          ],
          "texture": "#1"
        },
        "down": {
          "uv": [
            14.25,
            4.75,
            13.75,
            5.25
          ],
          "texture": "#1"
        }
      }
    },
    {
      "from": [
        3,
        -3.52923,
        6.0627
      ],
      "to": [
        13,
        -1.52923,
        7.8127
      ],
      "rotation": {
        "angle": -45,
        "axis": "x",
        "origin": [
          8,
          5.12597,
          8.79844
        ]
      },
      "faces": {
        "north": {
          "uv": [
            8.75,
            8.25,
            11.25,
            8.75
          ],
          "texture": "#1"
        },
        "east": {
          "uv": [
            5,
            13.75,
            5.5,
            14.25
          ],
          "texture": "#1"
        },
        "south": {
          "uv": [
            8.75,
            8.75,
            11.25,
            9.25
          ],
          "texture": "#1"
        },
        "west": {
          "uv": [
            13.75,
            7.75,
            14.25,
            8.25
          ],
          "texture": "#1"
        },
        "up": {
          "uv": [
            8.75,
            9.5,
            6.25,
            9
          ],
          "texture": "#1"
        },
        "down": {
          "uv": [
            3.75,
            9.25,
            1.25,
            9.75
          ],
          "texture": "#1"
        }
      }
    },
    {
      "from": [
        11.2775,
        14.81578,
        0.38176
      ],
      "to": [
        16.7225,
        16.59078,
        5.82676
      ],
      "rotation": {
        "angle": 0,
        "axis": "y",
        "origin": [
          9.26,
          -13.71172,
          3.10426
        ]
      },
      "faces": {
        "north": {
          "uv": [
            12.75,
            5.75,
            14,
            6.125
          ],
          "texture": "#1"
        },
        "east": {
          "uv": [
            12.75,
            6.25,
            14,
            6.625
          ],
          "texture": "#1"
        },
        "south": {
          "uv": [
            12.75,
            6.75,
            14,
            7.125
          ],
          "texture": "#1"
        },
        "west": {
          "uv": [
            12.75,
            7.25,
            14,
            7.625
          ],
          "texture": "#1"
        },
        "up": {
          "uv": [
            8.75,
            9,
            7.5,
            7.75
          ],
          "texture": "#1"
        },
        "down": {
          "uv": [
            1.25,
            8.75,
            0,
            10
          ],
          "texture": "#1"
        }
      }
    },
    {
      "from": [
        11.822,
        16.53828,
        0.92626
      ],
      "to": [
        16.178,
        17.28828,
        5.28226
      ],
      "rotation": {
        "angle": 0,
        "axis": "y",
        "origin": [
          7.808,
          -7.60372,
          3.10426
        ]
      },
      "faces": {
        "north": {
          "uv": [
            13.75,
            8.5,
            14.75,
            8.625
          ],
          "texture": "#1"
        },
        "east": {
          "uv": [
            8.75,
            13.75,
            9.75,
            13.875
          ],
          "texture": "#1"
        },
        "south": {
          "uv": [
            13.75,
            8.75,
            14.75,
            8.875
          ],
          "texture": "#1"
        },
        "west": {
          "uv": [
            13.75,
            9,
            14.75,
            9.125
          ],
          "texture": "#1"
        },
        "up": {
          "uv": [
            9.75,
            10.25,
            8.75,
            9.25
          ],
          "texture": "#1"
        },
        "down": {
          "uv": [
            6.75,
            9.5,
            5.75,
            10.5
          ],
          "texture": "#1"
        }
      }
    },
    {
      "from": [
        -0.178,
        16.53828,
        0.92626
      ],
      "to": [
        4.178,
        17.28828,
        5.28226
      ],
      "rotation": {
        "angle": 0,
        "axis": "y",
        "origin": [
          7.808,
          -7.60372,
          3.10426
        ]
      },
      "faces": {
        "north": {
          "uv": [
            6.25,
            8.75,
            7.25,
            8.875
          ],
          "texture": "#1"
        },
        "east": {
          "uv": [
            13.25,
            12,
            14.25,
            12.125
          ],
          "texture": "#1"
        },
        "south": {
          "uv": [
            13.5,
            10.75,
            14.5,
            10.875
          ],
          "texture": "#1"
        },
        "west": {
          "uv": [
            13.75,
            8.25,
            14.75,
            8.375
          ],
          "texture": "#1"
        },
        "up": {
          "uv": [
            4.75,
            10.25,
            3.75,
            9.25
          ],
          "texture": "#1"
        },
        "down": {
          "uv": [
            5.75,
            9.25,
            4.75,
            10.25
          ],
          "texture": "#1"
        }
      }
    },
    {
      "from": [
        -0.7225,
        14.81578,
        0.38176
      ],
      "to": [
        4.7225,
        16.59078,
        5.82676
      ],
      "rotation": {
        "angle": 0,
        "axis": "y",
        "origin": [
          9.26,
          -13.71172,
          3.10426
        ]
      },
      "faces": {
        "north": {
          "uv": [
            12.5,
            4.25,
            13.75,
            4.625
          ],
          "texture": "#1"
        },
        "east": {
          "uv": [
            12.5,
            4.75,
            13.75,
            5.125
          ],
          "texture": "#1"
        },
        "south": {
          "uv": [
            11.75,
            12.5,
            13,
            12.875
          ],
          "texture": "#1"
        },
        "west": {
          "uv": [
            12.75,
            5.25,
            14,
            5.625
          ],
          "texture": "#1"
        },
        "up": {
          "uv": [
            8.75,
            6.5,
            7.5,
            5.25
          ],
          "texture": "#1"
        },
        "down": {
          "uv": [
            8.75,
            6.5,
            7.5,
            7.75
          ],
          "texture": "#1"
        }
      }
    }
  ],
  "gui_light": "front",
  "display": {
    "thirdperson_righthand": {
      "rotation": [
        40.25,
        0,
        0
      ],
      "translation": [
        3.25,
        -7,
        -0.5
      ],
      "scale": [
        0.375,
        0.375,
        0.375
      ]
    },
    "thirdperson_lefthand": {
      "rotation": [
        67.5,
        0,
        0
      ],
      "translation": [
        -5,
        -9.25,
        6.25
      ]
    },
    "firstperson_righthand": {
      "rotation": [
        0,
        104,
        0
      ],
      "translation": [
        2.5,
        2.25,
        0
      ],
      "scale": [
        0.60703,
        0.60703,
        0.60703
      ]
    },
    "firstperson_lefthand": {
      "rotation": [
        0,
        45,
        0
      ],
      "translation": [
        6.5,
        -2.5,
        0
      ],
      "scale": [
        0,
        0,
        0
      ]
    },
    "ground": {
      "rotation": [
        -25,
        0,
        0
      ],
      "translation": [
        0,
        3,
        0
      ],
      "scale": [
        0.52734,
        0.52734,
        0.52734
      ]
    },
    "gui": {
      "rotation": [
        16,
        -154,
        0
      ],
      "translation": [
        -0.75,
        0.5,
        0
      ],
      "scale": [
        0.64258,
        0.64258,
        0.64258
      ]
    },
    "head": {
      "translation": [
        0,
        -18,
        8
      ],
      "scale": [
        1.7,
        1.7,
        1.7
      ]
    },
    "fixed": {
      "rotation": [
        0,
        -180,
        0
      ],
      "translation": [
        0,
        0,
        -9.5
      ],
      "scale": [
        1.3125,
        1.3125,
        1.3125
      ]
    }
  },
  "groups": [
    {
      "name": "group",
      "origin": [
        0,
        8.40819,
        2.21227
      ],
      "color": 0,
      "boneType": "",
      "children": [
        {
          "name": "group",
          "origin": [
            0,
            0,
            0
          ],
          "color": 0,
          "boneType": "",
          "children": [
            0,
            1,
            2
          ]
        },
        {
          "name": "group",
          "origin": [
            0,
            0,
            0
          ],
          "color": 0,
          "boneType": "",
          "children": [
            3,
            4,
            5
          ]
        },
        {
          "name": "group",
          "origin": [
            0,
            8.40819,
            2.21227
          ],
          "color": 0,
          "boneType": "",
          "children": [
            6,
            7,
            8
          ]
        },
        {
          "name": "group",
          "origin": [
            0,
            8.40819,
            2.21227
          ],
          "color": 0,
          "boneType": "",
          "children": [
            9,
            10,
            11
          ]
        },
        {
          "name": "group",
          "origin": [
            0,
            8.40819,
            2.21227
          ],
          "color": 0,
          "boneType": "",
          "children": [
            12,
            13,
            14,
            15
          ]
        },
        {
          "name": "group",
          "origin": [
            0,
            8.40819,
            2.21227
          ],
          "color": 0,
          "boneType": "",
          "children": [
            16,
            17,
            18,
            19
          ]
        },
        {
          "name": "group",
          "origin": [
            0,
            8.40819,
            2.21227
          ],
          "color": 0,
          "boneType": "",
          "children": [
            20,
            21,
            22,
            23
          ]
        }
      ]
    },
    {
      "name": "group",
      "origin": [
        1.26,
        -5.04,
        0
      ],
      "color": 0,
      "boneType": "",
      "children": [
        24,
        25,
        26,
        27
      ]
    }
  ]
}