{"credit":"Made with Blockbench","texture_size":[32,32],"textures":{"0":"lunar_studios:fflash/wizard_staves/amethyst_stave","particle":"lunar_studios:fflash/wizard_staves/amethyst_stave"},"elements":[{"from":[8,0,7],"to":[9,10,8],"faces":{"north":{"uv":[4.5,2.5,5,7.5],"texture":"#0"},"east":{"uv":[5,2.5,5.5,7.5],"texture":"#0"},"south":{"uv":[5.5,0,6,5],"texture":"#0"},"west":{"uv":[5.5,5,6,10],"texture":"#0"},"up":{"uv":[4.5,8.5,4,8],"texture":"#0"},"down":{"uv":[5,8,4.5,8.5],"texture":"#0"}}},{"from":[6,9,7.5],"to":[10,16,7.5],"faces":{"north":{"uv":[0,0,2,3.5],"texture":"#0"},"east":{"uv":[0,0,0,3.5],"texture":"#0"},"south":{"uv":[2,0,4,3.5],"texture":"#0"},"west":{"uv":[0,0,0,3.5],"texture":"#0"},"up":{"uv":[2,0,0,0],"texture":"#0"},"down":{"uv":[2,0,0,0],"texture":"#0"}}},{"from":[6,16,6.5],"to":[8,18,8.5],"faces":{"north":{"uv":[0,7.5,1,8.5],"texture":"#0"},"east":{"uv":[7.5,0,8.5,1],"texture":"#0"},"south":{"uv":[1,7.5,2,8.5],"texture":"#0"},"west":{"uv":[7.5,1,8.5,2],"texture":"#0"},"up":{"uv":[3,8.5,2,7.5],"texture":"#0"},"down":{"uv":[8.5,2,7.5,3],"texture":"#0"}}},{"from":[5.5,18,6],"to":[8.5,21,9],"faces":{"north":{"uv":[0,6,1.5,7.5],"texture":"#0"},"east":{"uv":[6,0,7.5,1.5],"texture":"#0"},"south":{"uv":[1.5,6,3,7.5],"texture":"#0"},"west":{"uv":[6,1.5,7.5,3],"texture":"#0"},"up":{"uv":[4.5,7.5,3,6],"texture":"#0"},"down":{"uv":[7.5,3,6,4.5],"texture":"#0"}}},{"from":[5.75,21,6.25],"to":[8.25,26,8.75],"faces":{"north":{"uv":[0,3.5,1.25,6],"texture":"#0"},"east":{"uv":[1.5,3.5,2.75,6],"texture":"#0"},"south":{"uv":[3,3.5,4.25,6],"texture":"#0"},"west":{"uv":[4,0,5.25,2.5],"texture":"#0"},"up":{"uv":[7.25,5.75,6,4.5],"texture":"#0"},"down":{"uv":[7.25,6,6,7.25],"texture":"#0"}}},{"from":[5.97252,15.16177,7.001],"to":[9.97252,16.16177,8.001],"rotation":{"angle":-45,"axis":"z","origin":[7.87252,14.91177,7.5]},"faces":{"north":{"uv":[3,7.5,5,8],"texture":"#0"},"east":{"uv":[8,4.5,8.5,5],"texture":"#0"},"south":{"uv":[7.5,3,9.5,3.5],"texture":"#0"},"west":{"uv":[8,5,8.5,5.5],"texture":"#0"},"up":{"uv":[9.5,4,7.5,3.5],"texture":"#0"},"down":{"uv":[9.5,4,7.5,4.5],"texture":"#0"}}},{"from":[8.806,9.95,7.001],"to":[9.806,13.95,8.001],"rotation":{"angle":-22.5,"axis":"z","origin":[8.5,12,7.5]},"faces":{"north":{"uv":[7.5,4.5,8,6.5],"texture":"#0"},"east":{"uv":[5,7.5,5.5,9.5],"texture":"#0"},"south":{"uv":[6,7.5,6.5,9.5],"texture":"#0"},"west":{"uv":[6.5,7.5,7,9.5],"texture":"#0"},"up":{"uv":[8.5,6,8,5.5],"texture":"#0"},"down":{"uv":[8.5,6,8,6.5],"texture":"#0"}}},{"from":[8.806,13.95,7],"to":[10.806,14.95,8],"rotation":{"angle":-22.5,"axis":"z","origin":[8.5,12,7.5]},"faces":{"north":{"uv":[7.5,6.5,8.5,7],"texture":"#0"},"east":{"uv":[4,2.5,4.5,3],"texture":"#0"},"south":{"uv":[7,7.5,8,8],"texture":"#0"},"west":{"uv":[4,3,4.5,3.5],"texture":"#0"},"up":{"uv":[8.5,7.5,7.5,7],"texture":"#0"},"down":{"uv":[4,8,3,8.5],"texture":"#0"}}}],"display":{"thirdperson_righthand":{"rotation":[20,-73,0],"translation":[0,-0.25,1.5]},"thirdperson_lefthand":{"rotation":[10,116,0],"translation":[0,0,1.75]},"firstperson_righthand":{"rotation":[-4,-55,0]},"firstperson_lefthand":{"rotation":[-11,104,0]},"ground":{"rotation":[95,0,0]},"gui":{"rotation":[0,0,-38],"translation":[-2.75,-3,0],"scale":[0.68555,0.68555,0.68555]},"head":{"translation":[0,0,6],"scale":[2,2,2]},"fixed":{"translation":[0,0,-2.25],"scale":[2,2,2]}},"groups":[{"name":"purple_stave","origin":[8.5,12,7.5],"color":0,"children":[0,1,2,3,4,5,6,7]}]}