{"credit":"Made with Blockbench","texture_size":[32,32],"textures":{"2":"lunar_studios:fflash/wizard_staves/electric_stave"},"elements":[{"from":[2.43075,1.24174,7],"to":[4.43075,3.24174,9],"rotation":{"angle":45,"axis":"z","origin":[7.2143,7.13644,8]},"faces":{"north":{"uv":[2.5,5,3.5,6],"texture":"#2"},"east":{"uv":[5.5,4,6.5,5],"texture":"#2"},"south":{"uv":[5.5,5,6.5,6],"texture":"#2"},"west":{"uv":[2.5,6,3.5,7],"texture":"#2"},"up":{"uv":[4.5,7,3.5,6],"texture":"#2"},"down":{"uv":[5.5,6,4.5,7],"texture":"#2"}}},{"from":[7.52868,1.87132,7.501],"to":[8.52868,11.87132,8.501],"rotation":{"angle":0,"axis":"y","origin":[7.2143,7.13644,8]},"faces":{"north":{"uv":[3,0,3.5,5],"texture":"#2"},"east":{"uv":[0,3.5,0.5,8.5],"texture":"#2"},"south":{"uv":[3.5,0,4,5],"texture":"#2"},"west":{"uv":[0.5,3.5,1,8.5],"texture":"#2"},"up":{"uv":[3,7.5,2.5,7],"texture":"#2"},"down":{"uv":[3.5,7,3,7.5],"texture":"#2"}}},{"from":[6.19991,10.47288,7.5001],"to":[11.19991,11.47288,8.5001],"rotation":{"angle":45,"axis":"z","origin":[6.39991,13.27288,8]},"faces":{"north":{"uv":[5.5,0,8,0.5],"texture":"#2"},"east":{"uv":[3.5,7,4,7.5],"texture":"#2"},"south":{"uv":[5.5,0.5,8,1],"texture":"#2"},"west":{"uv":[4,7,4.5,7.5],"texture":"#2"},"up":{"uv":[8,1.5,5.5,1],"texture":"#2"},"down":{"uv":[8,1.5,5.5,2],"texture":"#2"}}},{"from":[2.07491,19.19788,7.5001],"to":[7.07491,20.19788,8.5001],"rotation":{"angle":-45,"axis":"z","origin":[6.39991,13.27288,8]},"faces":{"north":{"uv":[5.5,2,8,2.5],"texture":"#2"},"east":{"uv":[7,4,7.5,4.5],"texture":"#2"},"south":{"uv":[5.5,2.5,8,3],"texture":"#2"},"west":{"uv":[4.5,7,5,7.5],"texture":"#2"},"up":{"uv":[8,3.5,5.5,3],"texture":"#2"},"down":{"uv":[8,3.5,5.5,4],"texture":"#2"}}},{"from":[7.1526,16.60651,7.5],"to":[8.1526,18.60651,8.5],"rotation":{"angle":-45,"axis":"z","origin":[9.6526,19.10651,8]},"faces":{"north":{"uv":[3.5,5,4,6],"texture":"#2"},"east":{"uv":[1.5,6.5,2,7.5],"texture":"#2"},"south":{"uv":[2,6.5,2.5,7.5],"texture":"#2"},"west":{"uv":[6.5,4,7,5],"texture":"#2"},"up":{"uv":[7.5,5,7,4.5],"texture":"#2"},"down":{"uv":[5.5,7,5,7.5],"texture":"#2"}}},{"from":[5.14587,16.67821,7.5],"to":[7.14587,17.67821,8.5],"rotation":{"angle":-45,"axis":"z","origin":[1.52087,13.80321,8]},"faces":{"north":{"uv":[6.5,5,7.5,5.5],"texture":"#2"},"east":{"uv":[6.5,7,7,7.5],"texture":"#2"},"south":{"uv":[6.5,5.5,7.5,6],"texture":"#2"},"west":{"uv":[7,7,7.5,7.5],"texture":"#2"},"up":{"uv":[7.5,6.5,6.5,6],"texture":"#2"},"down":{"uv":[7.5,6.5,6.5,7],"texture":"#2"}}},{"from":[5.25,14.75,6.5],"to":[8.25,17.75,9.5],"rotation":{"angle":0,"axis":"y","origin":[-1,-8,0]},"faces":{"north":{"uv":[1,3.5,2.5,5],"texture":"#2"},"east":{"uv":[4,0,5.5,1.5],"texture":"#2"},"south":{"uv":[4,1.5,5.5,3],"texture":"#2"},"west":{"uv":[4,3,5.5,4.5],"texture":"#2"},"up":{"uv":[5.5,6,4,4.5],"texture":"#2"},"down":{"uv":[2.5,5,1,6.5],"texture":"#2"}}},{"from":[5.25,12.75,8],"to":[8.25,19.75,8],"rotation":{"angle":0,"axis":"y","origin":[-1,-8,0]},"faces":{"north":{"uv":[0,0,1.5,3.5],"texture":"#2"},"east":{"uv":[0,0,0,3.5],"texture":"#2"},"south":{"uv":[1.5,0,3,3.5],"texture":"#2"},"west":{"uv":[0,0,0,3.5],"texture":"#2"},"up":{"uv":[1.5,0,0,0],"texture":"#2"},"down":{"uv":[1.5,0,0,0],"texture":"#2"}}},{"from":[10.78128,14.6942,7.5],"to":[11.78128,17.6942,8.5],"rotation":{"angle":0,"axis":"y","origin":[7.53128,15.3942,8]},"faces":{"north":{"uv":[2.5,3.5,3,5],"texture":"#2"},"east":{"uv":[5.5,6,6,7.5],"texture":"#2"},"south":{"uv":[6,6,6.5,7.5],"texture":"#2"},"west":{"uv":[1,6.5,1.5,8],"texture":"#2"},"up":{"uv":[2,8,1.5,7.5],"texture":"#2"},"down":{"uv":[2.5,7.5,2,8],"texture":"#2"}}}],"display":{"thirdperson_righthand":{"rotation":[20,-73,0],"translation":[0,-0.25,1.5]},"thirdperson_lefthand":{"rotation":[10,116,0],"translation":[0,0,1.75]},"firstperson_righthand":{"rotation":[-4,-55,0]},"firstperson_lefthand":{"rotation":[-11,104,0]},"ground":{"rotation":[95,0,0]},"gui":{"rotation":[0,0,-38],"translation":[-2,-2,0],"scale":[0.81641,0.81641,0.81641]},"head":{"translation":[0,0,6],"scale":[2,2,2]},"fixed":{"translation":[0,0,-2.25],"scale":[2,2,2]}},"groups":[{"name":"electric_stave","origin":[0,0,0],"color":0,"children":[0,1,2,3,4,5,6,{"name":"2d","origin":[0,0,0],"color":0,"children":[7]},8]}]}