{"credit":"Made with Blockbench","texture_size":[32,32],"textures":{"1":"lunar_studios:fflash/wizard_staves/fire_stave"},"elements":[{"from":[8,2,7],"to":[9,12,8],"rotation":{"angle":0,"axis":"y","origin":[1,0,0]},"faces":{"north":{"uv":[3,4,3.5,9],"texture":"#1"},"east":{"uv":[3.5,4,4,9],"texture":"#1"},"south":{"uv":[4,4,4.5,9],"texture":"#1"},"west":{"uv":[4.5,4,5,9],"texture":"#1"},"up":{"uv":[8.5,8,8,7.5],"texture":"#1"},"down":{"uv":[9,3,8.5,3.5],"texture":"#1"}}},{"from":[9.2,12,7.001],"to":[10.2,18,8.001],"rotation":{"angle":-22.5,"axis":"z","origin":[8.5,15,7.5]},"faces":{"north":{"uv":[6.5,3,7,6],"texture":"#1"},"east":{"uv":[6.5,6,7,9],"texture":"#1"},"south":{"uv":[7,3,7.5,6],"texture":"#1"},"west":{"uv":[5,7,5.5,10],"texture":"#1"},"up":{"uv":[9,4,8.5,3.5],"texture":"#1"},"down":{"uv":[9,4,8.5,4.5],"texture":"#1"}}},{"from":[9.13779,18.72414,7.001],"to":[10.13779,21.72414,8.001],"rotation":{"angle":45,"axis":"z","origin":[10.21279,20.24914,7.5]},"faces":{"north":{"uv":[7.5,3,8,4.5],"texture":"#1"},"east":{"uv":[7.5,4.5,8,6],"texture":"#1"},"south":{"uv":[0,8,0.5,9.5],"texture":"#1"},"west":{"uv":[0.5,8,1,9.5],"texture":"#1"},"up":{"uv":[9,5,8.5,4.5],"texture":"#1"},"down":{"uv":[9,5,8.5,5.5],"texture":"#1"}}},{"from":[5.71392,17.3469,7.001],"to":[6.71392,20.3469,8.001],"rotation":{"angle":-45,"axis":"z","origin":[7.01392,20.2969,7.5]},"faces":{"north":{"uv":[1,8,1.5,9.5],"texture":"#1"},"east":{"uv":[1.5,8,2,9.5],"texture":"#1"},"south":{"uv":[2,8,2.5,9.5],"texture":"#1"},"west":{"uv":[2.5,8,3,9.5],"texture":"#1"},"up":{"uv":[9,6,8.5,5.5],"texture":"#1"},"down":{"uv":[7.5,8.5,7,9],"texture":"#1"}}},{"from":[4.54167,16.43756,7],"to":[5.54167,19.43756,8],"rotation":{"angle":22.5,"axis":"z","origin":[5.04167,17.93756,7.5]},"faces":{"north":{"uv":[8,3,8.5,4.5],"texture":"#1"},"east":{"uv":[8,4.5,8.5,6],"texture":"#1"},"south":{"uv":[5.5,8,6,9.5],"texture":"#1"},"west":{"uv":[6,8,6.5,9.5],"texture":"#1"},"up":{"uv":[8,9,7.5,8.5],"texture":"#1"},"down":{"uv":[9,7.5,8.5,8],"texture":"#1"}}},{"from":[6.11474,20.24577,7],"to":[9.11474,21.24577,8],"rotation":{"angle":0,"axis":"y","origin":[9.06474,23.02077,7.5]},"faces":{"north":{"uv":[8,6,9.5,6.5],"texture":"#1"},"east":{"uv":[8,8.5,8.5,9],"texture":"#1"},"south":{"uv":[8,6.5,9.5,7],"texture":"#1"},"west":{"uv":[8.5,8,9,8.5],"texture":"#1"},"up":{"uv":[8.5,8.5,7,8],"texture":"#1"},"down":{"uv":[9.5,7,8,7.5],"texture":"#1"}}},{"from":[10.225,17.125,7],"to":[11.225,19.125,8],"rotation":{"angle":0,"axis":"y","origin":[8.5,15,7.5]},"faces":{"north":{"uv":[6,3,6.5,4],"texture":"#1"},"east":{"uv":[8.5,0,9,1],"texture":"#1"},"south":{"uv":[8.5,1,9,2],"texture":"#1"},"west":{"uv":[8.5,2,9,3],"texture":"#1"},"up":{"uv":[9,9,8.5,8.5],"texture":"#1"},"down":{"uv":[9.5,0,9,0.5],"texture":"#1"}}},{"from":[7.5,0,6.5],"to":[9.5,2,8.5],"rotation":{"angle":0,"axis":"y","origin":[1,0,0]},"faces":{"north":{"uv":[5.5,7,6.5,8],"texture":"#1"},"east":{"uv":[7,6,8,7],"texture":"#1"},"south":{"uv":[7,7,8,8],"texture":"#1"},"west":{"uv":[7.5,0,8.5,1],"texture":"#1"},"up":{"uv":[8.5,2,7.5,1],"texture":"#1"},"down":{"uv":[8.5,2,7.5,3],"texture":"#1"}}},{"from":[4.5,14,6],"to":[7.5,17,9],"rotation":{"angle":0,"axis":"y","origin":[1,0,0]},"faces":{"north":{"uv":[5,4,6.5,5.5],"texture":"#1"},"east":{"uv":[5,5.5,6.5,7],"texture":"#1"},"south":{"uv":[6,0,7.5,1.5],"texture":"#1"},"west":{"uv":[6,1.5,7.5,3],"texture":"#1"},"up":{"uv":[1.5,8,0,6.5],"texture":"#1"},"down":{"uv":[3,6.5,1.5,8],"texture":"#1"}}},{"from":[1.5,10,7.4],"to":[7.5,14,7.4],"rotation":{"angle":0,"axis":"y","origin":[1,0,0]},"faces":{"north":{"uv":[3,0,6,2],"texture":"#1"},"east":{"uv":[0,0,0,2],"texture":"#1"},"south":{"uv":[3,2,6,4],"texture":"#1"},"west":{"uv":[0,0,0,2],"texture":"#1"},"up":{"uv":[3,0,0,0],"texture":"#1"},"down":{"uv":[3,0,0,0],"texture":"#1"}}},{"from":[-1.5,14,7.4],"to":[4.5,18,7.4],"rotation":{"angle":0,"axis":"y","origin":[1,0,0]},"faces":{"north":{"uv":[0,0,3,2],"texture":"#1"},"east":{"uv":[0,0,0,2],"texture":"#1"},"south":{"uv":[0,2,3,4],"texture":"#1"},"west":{"uv":[0,0,0,2],"texture":"#1"},"up":{"uv":[3,0,0,0],"texture":"#1"},"down":{"uv":[3,0,0,0],"texture":"#1"}}},{"from":[8.5,2,7.5],"to":[11.5,7,7.5],"rotation":{"angle":0,"axis":"y","origin":[1,0,0]},"faces":{"north":{"uv":[0,4,1.5,6.5],"texture":"#1"},"east":{"uv":[0,0,0,2.5],"texture":"#1"},"south":{"uv":[1.5,4,3,6.5],"texture":"#1"},"west":{"uv":[0,0,0,2.5],"texture":"#1"},"up":{"uv":[1.5,0,0,0],"texture":"#1"},"down":{"uv":[1.5,0,0,0],"texture":"#1"}}}],"display":{"thirdperson_righthand":{"rotation":[20,-73,0],"translation":[0,-0.25,1.5]},"thirdperson_lefthand":{"rotation":[10,116,0],"translation":[0,0,1.75]},"firstperson_righthand":{"rotation":[-4,-55,0]},"firstperson_lefthand":{"rotation":[-11,104,0]},"ground":{"rotation":[95,0,0]},"gui":{"rotation":[0,0,-38],"translation":[-2,-2,0],"scale":[0.75781,0.75781,0.75781]},"head":{"translation":[0,0,6],"scale":[2,2,2]},"fixed":{"translation":[0,0,-2.25],"scale":[2,2,2]}},"groups":[{"name":"fire_stave","origin":[0,0,0],"color":0,"children":[0,1,2,3,4,5,6,7,8,{"name":"2d","origin":[0,0,0],"color":0,"children":[9,10,11]}]}]}