{"textures":{"0":"social_media_robot:entity/twitter_robot/twitter_robot"},"elements":[{"faces":{"north":{"uv":[7.25,0,5,1.75],"texture":"#0","tintindex":0},"east":{"uv":[8.25,0,7.25,1.75],"texture":"#0","tintindex":0},"south":{"uv":[6.75,4,4.5,5.75],"texture":"#0","tintindex":0},"west":{"uv":[1,7.75,0,9.5],"texture":"#0","tintindex":0},"up":{"uv":[9,1.75,6.75,2.75],"texture":"#0","tintindex":0},"down":{"uv":[9,3.75,6.75,2.75],"texture":"#0","tintindex":0}},"to":[9.8,8.8,8.8],"from":[6.2,6,7.2],"rotation":{"angle":0,"axis":"y","origin":[9.2,4.6,8]}}],"display":{"head":{"translation":[0,5.6,0],"scale":[4,4,4],"rotation":[0,0,0]}}}