{"textures":{"0":"social_media_robot:entity/twitter_robot/twitter_robot"},"elements":[{"faces":{"north":{"uv":[5.5,8.5,4.75,9.25],"texture":"#0","tintindex":0},"east":{"uv":[4.75,8.5,4,9.25],"texture":"#0","tintindex":0},"south":{"uv":[4,8.5,3.25,9.25],"texture":"#0","tintindex":0},"west":{"uv":[8.75,8.5,8,9.25],"texture":"#0","tintindex":0},"up":{"uv":[9.5,3.75,8.75,4.5],"texture":"#0","tintindex":0},"down":{"uv":[9.5,5.25,8.75,4.5],"texture":"#0","tintindex":0}},"to":[8.6,5.2,8.6],"from":[7.4,4,7.4],"rotation":{"angle":0,"axis":"y","origin":[8.2,3.6,7.8]}}],"display":{"head":{"translation":[0,5.6,0],"scale":[4,4,4],"rotation":[0,0,0]}}}