{"textures":{"0":"social_media_robot:entity/twitter_robot/twitter_robot"},"elements":[{"faces":{"north":{"uv":[6.5,7.75,5.75,9.25],"texture":"#0","tintindex":0},"east":{"uv":[1.75,7.75,1,9.25],"texture":"#0","tintindex":0},"south":{"uv":[4.5,6.25,3.75,7.75],"texture":"#0","tintindex":0},"west":{"uv":[7.25,7.75,6.5,9.25],"texture":"#0","tintindex":0},"up":{"uv":[9.5,5.25,8.75,6],"texture":"#0","tintindex":0},"down":{"uv":[9.5,6.75,8.75,6],"texture":"#0","tintindex":0}},"to":[8.14092,5.32091,8.4],"from":[6.94092,2.92091,7.2],"rotation":{"angle":0,"axis":"y","origin":[8.52,1.56,8]}}],"display":{"head":{"translation":[0,5.6,0],"scale":[4,4,4],"rotation":[0,0,0]}}}