{"textures":{"0":"social_media_robot:entity/twitter_robot/twitter_robot"},"elements":[{"faces":{"north":{"uv":[11,6.25,13.75,9.25],"texture":"#0","tintindex":0},"east":{"uv":[8.75,9,9,11],"texture":"#0","tintindex":0},"south":{"uv":[13.75,6.25,11,9.25],"texture":"#0","tintindex":0},"west":{"uv":[5.5,8.5,5.75,10.5],"texture":"#0","tintindex":0},"up":{"uv":[5,3.75,6.75,4],"texture":"#0","tintindex":0},"down":{"uv":[1.25,9.5,3,9.25],"texture":"#0","tintindex":0}},"to":[7.94813,6.02982,8.14936],"from":[3.54813,1.22982,8.10936],"rotation":{"angle":0,"axis":"y","origin":[8.77756,4.03748,7.50936]}}],"display":{"head":{"translation":[0,5.6,0],"scale":[4,4,4],"rotation":[0,0,0]}}}