{
  "credit": "Made with Blockbench",
  "texture_size": [
    48,
    48
  ],
  "textures": {
    "0": "meowmi:meowmi/meowmi_wings",
    "particle": "meowmi:meowmi/meowmi_wings"
  },
  "elements": [
    {
      "from": [
        6.5,
        6.5,
        7.5
      ],
      "to": [
        9.5,
        9.5,
        8.5
      ],
      "rotation": {
        "angle": 45,
        "axis": "z",
        "origin": [
          8,
          8,
          8
        ]
      },
      "faces": {
        "north": {
          "uv": [
            0,
            10,
            1,
            11
          ],
          "texture": "#0"
        },
        "east": {
          "uv": [
            5.33333,
            10,
            5.66667,
            11
          ],
          "texture": "#0"
        },
        "south": {
          "uv": [
            1,
            10,
            2,
            11
          ],
          "texture": "#0"
        },
        "west": {
          "uv": [
            5.66667,
            10,
            6,
            11
          ],
          "texture": "#0"
        },
        "up": {
          "uv": [
            10,
            11,
            9,
            10.66667
          ],
          "texture": "#0"
        },
        "down": {
          "uv": [
            11,
            10.66667,
            10,
            11
          ],
          "texture": "#0"
        }
      }
    },
    {
      "from": [
        6.8,
        6.8,
        7
      ],
      "to": [
        9.2,
        9.2,
        9
      ],
      "rotation": {
        "angle": 45,
        "axis": "z",
        "origin": [
          8,
          8,
          7.5
        ]
      },
      "faces": {
        "north": {
          "uv": [
            2,
            10,
            2.83333,
            10.83333
          ],
          "texture": "#0"
        },
        "east": {
          "uv": [
            4,
            10,
            4.66667,
            10.83333
          ],
          "texture": "#0"
        },
        "south": {
          "uv": [
            3,
            10,
            3.83333,
            10.83333
          ],
          "texture": "#0"
        },
        "west": {
          "uv": [
            4.66667,
            10,
            5.33333,
            10.83333
          ],
          "texture": "#0"
        },
        "up": {
          "uv": [
            9.83333,
            10.66667,
            9,
            10
          ],
          "texture": "#0"
        },
        "down": {
          "uv": [
            10.83333,
            10,
            10,
            10.66667
          ],
          "texture": "#0"
        }
      }
    },
    {
      "from": [
        8.8,
        3,
        8
      ],
      "to": [
        26.8,
        18,
        8
      ],
      "rotation": {
        "angle": 0,
        "axis": "z",
        "origin": [
          8.8,
          3,
          8
        ]
      },
      "faces": {
        "north": {
          "uv": [
            0,
            0,
            6,
            5
          ],
          "texture": "#0"
        },
        "east": {
          "uv": [
            0,
            0,
            0,
            5
          ],
          "texture": "#0"
        },
        "south": {
          "uv": [
            6,
            0,
            0,
            5
          ],
          "texture": "#0"
        },
        "west": {
          "uv": [
            0,
            0,
            0,
            5
          ],
          "texture": "#0"
        },
        "up": {
          "uv": [
            6,
            0,
            0,
            0
          ],
          "texture": "#0"
        },
        "down": {
          "uv": [
            6,
            0,
            0,
            0
          ],
          "texture": "#0"
        }
      }
    },
    {
      "from": [
        10.8,
        -7,
        8.2
      ],
      "to": [
        18.8,
        8,
        8.2
      ],
      "rotation": {
        "angle": 22.5,
        "axis": "z",
        "origin": [
          10.8,
          2,
          8.2
        ]
      },
      "faces": {
        "north": {
          "uv": [
            9,
            0,
            11.66667,
            5
          ],
          "texture": "#0"
        },
        "east": {
          "uv": [
            0,
            0,
            0,
            5
          ],
          "texture": "#0"
        },
        "south": {
          "uv": [
            11.66667,
            0,
            9,
            5
          ],
          "texture": "#0"
        },
        "west": {
          "uv": [
            0,
            0,
            0,
            5
          ],
          "texture": "#0"
        },
        "up": {
          "uv": [
            2.66667,
            0,
            0,
            0
          ],
          "texture": "#0"
        },
        "down": {
          "uv": [
            2.66667,
            0,
            0,
            0
          ],
          "texture": "#0"
        }
      }
    },
    {
      "from": [
        8.8,
        -6.8,
        8.7
      ],
      "to": [
        8.8,
        15.2,
        17.7
      ],
      "rotation": {
        "angle": 22.5,
        "axis": "y",
        "origin": [
          8.8,
          3.2,
          8.7
        ]
      },
      "faces": {
        "north": {
          "uv": [
            0,
            0,
            0,
            7.33333
          ],
          "texture": "#0"
        },
        "east": {
          "uv": [
            6,
            0,
            9,
            7.33333
          ],
          "texture": "#0"
        },
        "south": {
          "uv": [
            0,
            0,
            0,
            7.33333
          ],
          "texture": "#0"
        },
        "west": {
          "uv": [
            9,
            0,
            6,
            7.33333
          ],
          "texture": "#0"
        },
        "up": {
          "uv": [
            0,
            3,
            0,
            0
          ],
          "texture": "#0"
        },
        "down": {
          "uv": [
            0,
            0,
            0,
            3
          ],
          "texture": "#0"
        }
      }
    },
    {
      "from": [
        -10.8,
        3,
        8
      ],
      "to": [
        7.2,
        18,
        8
      ],
      "rotation": {
        "angle": 0,
        "axis": "z",
        "origin": [
          7.2,
          3,
          8
        ]
      },
      "faces": {
        "north": {
          "uv": [
            6,
            0,
            0,
            5
          ],
          "texture": "#0"
        },
        "east": {
          "uv": [
            0,
            0,
            0,
            5
          ],
          "texture": "#0"
        },
        "south": {
          "uv": [
            0,
            0,
            6,
            5
          ],
          "texture": "#0"
        },
        "west": {
          "uv": [
            0,
            0,
            0,
            5
          ],
          "texture": "#0"
        },
        "up": {
          "uv": [
            0,
            0,
            6,
            0
          ],
          "texture": "#0"
        },
        "down": {
          "uv": [
            0,
            0,
            6,
            0
          ],
          "texture": "#0"
        }
      }
    },
    {
      "from": [
        -2.8,
        -7,
        8.2
      ],
      "to": [
        5.2,
        8,
        8.2
      ],
      "rotation": {
        "angle": -22.5,
        "axis": "z",
        "origin": [
          5.2,
          2,
          8.2
        ]
      },
      "faces": {
        "north": {
          "uv": [
            11.66667,
            0,
            9,
            5
          ],
          "texture": "#0"
        },
        "east": {
          "uv": [
            0,
            0,
            0,
            5
          ],
          "texture": "#0"
        },
        "south": {
          "uv": [
            9,
            0,
            11.66667,
            5
          ],
          "texture": "#0"
        },
        "west": {
          "uv": [
            0,
            0,
            0,
            5
          ],
          "texture": "#0"
        },
        "up": {
          "uv": [
            0,
            0,
            2.66667,
            0
          ],
          "texture": "#0"
        },
        "down": {
          "uv": [
            0,
            0,
            2.66667,
            0
          ],
          "texture": "#0"
        }
      }
    },
    {
      "from": [
        7.2,
        -6.8,
        8.7
      ],
      "to": [
        7.2,
        15.2,
        17.7
      ],
      "rotation": {
        "angle": -22.5,
        "axis": "y",
        "origin": [
          7.2,
          3.2,
          8.7
        ]
      },
      "faces": {
        "north": {
          "uv": [
            0,
            0,
            0,
            7.33333
          ],
          "texture": "#0"
        },
        "east": {
          "uv": [
            6,
            0,
            9,
            7.33333
          ],
          "texture": "#0"
        },
        "south": {
          "uv": [
            0,
            0,
            0,
            7.33333
          ],
          "texture": "#0"
        },
        "west": {
          "uv": [
            9,
            0,
            6,
            7.33333
          ],
          "texture": "#0"
        },
        "up": {
          "uv": [
            0,
            3,
            0,
            0
          ],
          "texture": "#0"
        },
        "down": {
          "uv": [
            0,
            0,
            0,
            3
          ],
          "texture": "#0"
        }
      }
    }
  ],
  "gui_light": "front",
  "display": {
    "thirdperson_righthand": {
      "rotation": [
        49,
        -180,
        0
      ],
      "translation": [
        0,
        0.75,
        -0.5
      ],
      "scale": [
        0.5,
        0.5,
        0.5
      ]
    },
    "thirdperson_lefthand": {
      "rotation": [
        70,
        0,
        0
      ],
      "translation": [
        -6,
        -6.5,
        10
      ]
    },
    "firstperson_righthand": {
      "rotation": [
        0,
        -180,
        0
      ],
      "translation": [
        0,
        3,
        0
      ],
      "scale": [
        0.6875,
        0.6875,
        0.6875
      ]
    },
    "firstperson_lefthand": {
      "scale": [
        0,
        0,
        0
      ]
    },
    "ground": {
      "rotation": [
        -40,
        0,
        0
      ],
      "translation": [
        0,
        1,
        0
      ],
      "scale": [
        0.5,
        0.5,
        0.5
      ]
    },
    "gui": {
      "rotation": [
        0,
        -180,
        0
      ],
      "translation": [
        0,
        1,
        0
      ],
      "scale": [
        0.46914,
        0.46914,
        0.46914
      ]
    },
    "head": {
      "scale": [
        0,
        0,
        0
      ]
    },
    "fixed": {
      "translation": [
        0,
        2.75,
        -2.25
      ],
      "scale": [
        2.07422,
        2.07422,
        2.07422
      ]
    }
  }
}