{"textures":{"1":"social_media_robot:entity/instagame_robot/instagame_robot"},"elements":[{"faces":{"north":{"uv":[7.5,4.5,9.75,6.25],"texture":"#1","tintindex":0},"east":{"uv":[2.25,8.75,3.25,10.5],"texture":"#1","tintindex":0},"south":{"uv":[0,7.25,2.25,9],"texture":"#1","tintindex":0},"west":{"uv":[8,2,9,3.75],"texture":"#1","tintindex":0},"up":{"uv":[7.75,0,10,1],"texture":"#1","tintindex":0},"down":{"uv":[7.75,2,10,1],"texture":"#1","tintindex":0}},"to":[9.8,8.8,8.8],"from":[6.2,6,7.2],"rotation":{"angle":0,"axis":"y","origin":[8,7.4,8]}}],"display":{"head":{"translation":[0,5.6,0],"scale":[4,4,4],"rotation":[0,0,0]}}}