{"textures":{"1":"social_media_robot:entity/instagame_robot/instagame_robot"},"elements":[{"faces":{"north":{"uv":[0,2.5,2.75,5],"texture":"#1","tintindex":0},"east":{"uv":[5.5,0,7.75,2.5],"texture":"#1","tintindex":0},"south":{"uv":[0,0,2.75,2.5],"texture":"#1","tintindex":0},"west":{"uv":[5.25,4.5,7.5,7],"texture":"#1","tintindex":0},"up":{"uv":[2.75,0,5.5,2.25],"texture":"#1","tintindex":0},"down":{"uv":[2.75,4.5,5.5,2.25],"texture":"#1","tintindex":0}},"to":[10.26,8.68,9.74],"from":[5.7,4.52,6.14],"rotation":{"angle":0,"axis":"y","origin":[7.98,6.6,7.94]}},{"faces":{"north":{"uv":[0,5,2.5,7.25],"texture":"#1","tintindex":0},"east":{"uv":[7,7,9,9.25],"texture":"#1","tintindex":0},"south":{"uv":[2.75,4.5,5.25,6.75],"texture":"#1","tintindex":0},"west":{"uv":[5,7,7,9.25],"texture":"#1","tintindex":0},"up":{"uv":[5.5,2.5,8,4.5],"texture":"#1","tintindex":0},"down":{"uv":[2.5,8.75,5,6.75],"texture":"#1","tintindex":0}},"to":[10.02,8.4,9.66],"from":[6.02,4.8,6.46],"rotation":{"angle":0,"axis":"y","origin":[8.02,6.6,8.06]}},{"faces":{"north":{"uv":[2.5,5.5,2.75,5.75],"texture":"#1","tintindex":0},"east":{"uv":[2.5,5.75,2.75,6],"texture":"#1","tintindex":0},"south":{"uv":[2.5,5,2.75,5.25],"texture":"#1","tintindex":0},"west":{"uv":[2.5,5.25,2.75,5.5],"texture":"#1","tintindex":0},"up":{"uv":[2.5,6,2.75,6.25],"texture":"#1","tintindex":0},"down":{"uv":[2.5,6.5,2.75,6.25],"texture":"#1","tintindex":0}},"to":[6.94,7.92,6.54],"from":[6.54,7.52,6.14],"rotation":{"angle":0,"axis":"y","origin":[6.74,7.72,6.34]}},{"faces":{"north":{"uv":[2.25,7.25,2.5,7.5],"texture":"#1","tintindex":0},"east":{"uv":[2.25,7.5,2.5,7.75],"texture":"#1","tintindex":0},"south":{"uv":[2.5,6.5,2.75,6.75],"texture":"#1","tintindex":0},"west":{"uv":[5,6.75,5.25,7],"texture":"#1","tintindex":0},"up":{"uv":[7.75,2,8,2.25],"texture":"#1","tintindex":0},"down":{"uv":[2.25,8,2.5,7.75],"texture":"#1","tintindex":0}},"to":[6.94,9,7.34],"from":[6.54,8.6,6.94],"rotation":{"angle":0,"axis":"y","origin":[6.74,8.8,7.14]}},{"faces":{"north":{"uv":[0.75,10,1.75,11],"texture":"#1","tintindex":0},"east":{"uv":[0,9,1.75,10],"texture":"#1","tintindex":0},"south":{"uv":[9.75,5.25,10.75,6.25],"texture":"#1","tintindex":0},"west":{"uv":[3.25,8.75,5,9.75],"texture":"#1","tintindex":0},"up":{"uv":[9,2,10,3.75],"texture":"#1","tintindex":0},"down":{"uv":[9,8,10,6.25],"texture":"#1","tintindex":0}},"to":[8.82,6.96,8.66],"from":[7.22,5.36,5.86],"rotation":{"angle":0,"axis":"y","origin":[8.02,6.16,7.26]}},{"faces":{"north":{"uv":[1.75,10.5,2.775,11.475],"texture":"#1","tintindex":0},"east":{"uv":[9,9,10.75,10],"texture":"#1","tintindex":0},"south":{"uv":[9.75,10,10.5,11],"texture":"#1","tintindex":0},"west":{"uv":[9,8,10.75,9],"texture":"#1","tintindex":0},"up":{"uv":[5,9.25,5.75,11],"texture":"#1","tintindex":0},"down":{"uv":[5.75,11,6.5,9.25],"texture":"#1","tintindex":0}},"to":[8.7,6.84,8.78],"from":[7.3,5.4,5.98],"rotation":{"angle":0,"axis":"y","origin":[8,6.12,7.38]}}],"display":{"head":{"translation":[0,5.6,0],"scale":[4,4,4],"rotation":[0,0,0]}}}