{"textures":{"1":"social_media_robot:entity/instagame_robot/instagame_robot"},"elements":[{"faces":{"north":{"uv":[11.5,0.75,10.75,1.5],"texture":"#1","tintindex":0},"east":{"uv":[11.5,0,10.75,0.75],"texture":"#1","tintindex":0},"south":{"uv":[11.25,10,10.5,10.75],"texture":"#1","tintindex":0},"west":{"uv":[11.5,5,10.75,5.75],"texture":"#1","tintindex":0},"up":{"uv":[7.25,10.75,6.5,11.5],"texture":"#1","tintindex":0},"down":{"uv":[8,11.5,7.25,10.75],"texture":"#1","tintindex":0}},"to":[8.6,5.2,8.6],"from":[7.4,4,7.4],"rotation":{"angle":0,"axis":"y","origin":[8,4.6,8]}}],"display":{"head":{"translation":[0,5.6,0],"scale":[4,4,4],"rotation":[0,0,0]}}}