{"textures":{"1":"social_media_robot:entity/instagame_robot/instagame_robot"},"elements":[{"faces":{"north":{"uv":[0.75,10,0,11.5],"texture":"#1","tintindex":0},"east":{"uv":[4.75,9.75,4,11.25],"texture":"#1","tintindex":0},"south":{"uv":[10.5,3.75,9.75,5.25],"texture":"#1","tintindex":0},"west":{"uv":[10.75,0,10,1.5],"texture":"#1","tintindex":0},"up":{"uv":[11.5,7.25,10.75,8],"texture":"#1","tintindex":0},"down":{"uv":[8.75,11.5,8,10.75],"texture":"#1","tintindex":0}},"to":[9.05908,5.32091,8.4],"from":[7.85908,2.92091,7.2],"rotation":{"angle":0,"axis":"y","origin":[8.45908,4.12091,7.8]}},{"faces":{"north":{"uv":[11.75,8.5,10.75,9],"texture":"#1","tintindex":0},"east":{"uv":[11.75,8,10.75,8.5],"texture":"#1","tintindex":0},"south":{"uv":[11.75,5.75,10.75,6.25],"texture":"#1","tintindex":0},"west":{"uv":[11.75,9,10.75,9.5],"texture":"#1","tintindex":0},"up":{"uv":[11,1.5,10,2.5],"texture":"#1","tintindex":0},"down":{"uv":[11,3.5,10,2.5],"texture":"#1","tintindex":0}},"to":[9.21908,5.40091,8.64],"from":[7.61908,4.60091,7.04],"rotation":{"angle":0,"axis":"y","origin":[8.41908,5.00091,7.84]}}],"display":{"head":{"translation":[0,5.6,0],"scale":[4,4,4],"rotation":[0,0,0]}}}