{"textures":{"1":"social_media_robot:entity/instagame_robot/instagame_robot"},"elements":[{"faces":{"north":{"uv":[8.75,9.25,8,10.75],"texture":"#1","tintindex":0},"east":{"uv":[8,9.25,7.25,10.75],"texture":"#1","tintindex":0},"south":{"uv":[7.25,9.25,6.5,10.75],"texture":"#1","tintindex":0},"west":{"uv":[4,9.75,3.25,11.25],"texture":"#1","tintindex":0},"up":{"uv":[11.25,3.5,10.5,4.25],"texture":"#1","tintindex":0},"down":{"uv":[11.25,5,10.5,4.25],"texture":"#1","tintindex":0}},"to":[8.14092,5.32091,8.4],"from":[6.94092,2.92091,7.2],"rotation":{"angle":0,"axis":"y","origin":[7.54092,4.12091,7.8]}},{"faces":{"north":{"uv":[1.75,11,0.75,11.5],"texture":"#1","tintindex":0},"east":{"uv":[11.5,10.75,10.5,11.25],"texture":"#1","tintindex":0},"south":{"uv":[11.75,9.5,10.75,10],"texture":"#1","tintindex":0},"west":{"uv":[12,1.5,11,2],"texture":"#1","tintindex":0},"up":{"uv":[11,6.25,10,7.25],"texture":"#1","tintindex":0},"down":{"uv":[9.75,11,8.75,10],"texture":"#1","tintindex":0}},"to":[8.38092,5.40091,8.64],"from":[6.78092,4.60091,7.04],"rotation":{"angle":0,"axis":"y","origin":[7.58092,5.00091,7.84]}}],"display":{"head":{"translation":[0,5.6,0],"scale":[4,4,4],"rotation":[0,0,0]}}}