{"textures":{"1":"social_media_robot:entity/instagame_robot/instagame_robot"},"elements":[{"faces":{"north":{"uv":[9,6.25,8.25,7],"texture":"#1","tintindex":0},"east":{"uv":[8.75,3.75,8,4.5],"texture":"#1","tintindex":0},"south":{"uv":[8.25,6.25,7.5,7],"texture":"#1","tintindex":0},"west":{"uv":[9.5,3.75,8.75,4.5],"texture":"#1","tintindex":0},"up":{"uv":[10.75,7.25,10,8],"texture":"#1","tintindex":0},"down":{"uv":[3.25,11.25,2.5,10.5],"texture":"#1","tintindex":0}},"to":[8.6,5.2,8.6],"from":[7.4,4,7.4],"rotation":{"angle":0,"axis":"y","origin":[8,4.6,8]}}],"display":{"head":{"translation":[0,5.6,0],"scale":[4,4,4],"rotation":[0,0,0]}}}