{
  "credit": "MadewithBlockbench",
  "texture_size": [
    32,
    32
  ],
  "textures": {
    "0": "elitecreatures:valentines_animated_weapon_and_tool_set_v1/valentine_tex2",
    "1": "elitecreatures:valentines_animated_weapon_and_tool_set_v1/valentine_tex3",
    "2": "elitecreatures:valentines_animated_weapon_and_tool_set_v1/glassese",
    "3": "elitecreatures:valentines_animated_weapon_and_tool_set_v1/valentine_tex1",
    "4": "elitecreatures:valentines_animated_weapon_and_tool_set_v1/cloudheart",
    "5": "elitecreatures:valentines_animated_weapon_and_tool_set_v1/valentine_tex8",
    "particle": "elitecreatures:valentines_animated_weapon_and_tool_set_v1/valentine_tex2"
  },
  "elements": [
    {
      "from": [
        1,
        12,
        1
      ],
      "to": [
        8,
        17,
        2
      ],
      "rotation": {
        "angle": 0,
        "axis": "y",
        "origin": [
          0,
          0,
          16
        ]
      },
      "faces": {
        "north": {
          "uv": [
            6.5,
            0,
            3,
            2.5
          ],
          "texture": "#0"
        },
        "east": {
          "uv": [
            2.5,
            4.5,
            3,
            7
          ],
          "texture": "#0"
        },
        "south": {
          "uv": [
            6.5,
            13,
            10,
            15.5
          ],
          "texture": "#0"
        },
        "west": {
          "uv": [
            3,
            4.5,
            2.5,
            7
          ],
          "texture": "#0"
        },
        "up": {
          "uv": [
            6.5,
            3,
            3,
            2.5
          ],
          "rotation": 180,
          "texture": "#0"
        },
        "down": {
          "uv": [
            3,
            3.5,
            6.5,
            3
          ],
          "rotation": 180,
          "texture": "#0"
        }
      }
    },
    {
      "from": [
        8,
        12,
        1
      ],
      "to": [
        15,
        17,
        2
      ],
      "rotation": {
        "angle": 0,
        "axis": "y",
        "origin": [
          16,
          0,
          16
        ]
      },
      "faces": {
        "north": {
          "uv": [
            3,
            0,
            6.5,
            2.5
          ],
          "texture": "#0"
        },
        "east": {
          "uv": [
            2.5,
            4.5,
            3,
            7
          ],
          "texture": "#0"
        },
        "south": {
          "uv": [
            10,
            13,
            6.5,
            15.5
          ],
          "texture": "#0"
        },
        "west": {
          "uv": [
            3,
            4.5,
            2.5,
            7
          ],
          "texture": "#0"
        },
        "up": {
          "uv": [
            3,
            3,
            6.5,
            2.5
          ],
          "rotation": 180,
          "texture": "#0"
        },
        "down": {
          "uv": [
            6.5,
            3.5,
            3,
            3
          ],
          "rotation": 180,
          "texture": "#0"
        }
      }
    },
    {
      "from": [
        8,
        17,
        2
      ],
      "to": [
        14,
        18,
        17
      ],
      "rotation": {
        "angle": 0,
        "axis": "y",
        "origin": [
          -16,
          0,
          16
        ]
      },
      "faces": {
        "north": {
          "uv": [
            0,
            9.5,
            3,
            10
          ],
          "texture": "#1"
        },
        "east": {
          "uv": [
            0,
            9,
            7.5,
            9.5
          ],
          "texture": "#1"
        },
        "south": {
          "uv": [
            3.25,
            9.5,
            6.25,
            10
          ],
          "texture": "#1"
        },
        "west": {
          "uv": [
            0,
            9,
            7.5,
            9.5
          ],
          "texture": "#1"
        },
        "up": {
          "uv": [
            7.5,
            9,
            0,
            6
          ],
          "rotation": 90,
          "texture": "#1"
        },
        "down": {
          "uv": [
            7.5,
            9,
            0,
            6
          ],
          "rotation": 270,
          "texture": "#1"
        }
      }
    },
    {
      "from": [
        2,
        17,
        2
      ],
      "to": [
        8,
        18,
        17
      ],
      "rotation": {
        "angle": 0,
        "axis": "y",
        "origin": [
          32,
          0,
          16
        ]
      },
      "faces": {
        "north": {
          "uv": [
            3,
            9.5,
            0,
            10
          ],
          "texture": "#1"
        },
        "east": {
          "uv": [
            7.5,
            9,
            0,
            9.5
          ],
          "texture": "#1"
        },
        "south": {
          "uv": [
            6.25,
            9.5,
            3.25,
            10
          ],
          "texture": "#1"
        },
        "west": {
          "uv": [
            7.5,
            9,
            0,
            9.5
          ],
          "texture": "#1"
        },
        "up": {
          "uv": [
            7.5,
            6,
            0,
            9
          ],
          "rotation": 90,
          "texture": "#1"
        },
        "down": {
          "uv": [
            7.5,
            6,
            0,
            9
          ],
          "rotation": 270,
          "texture": "#1"
        }
      }
    },
    {
      "from": [
        1,
        13,
        15
      ],
      "to": [
        15,
        17,
        17
      ],
      "rotation": {
        "angle": 0,
        "axis": "y",
        "origin": [
          32,
          0,
          16
        ]
      },
      "faces": {
        "north": {
          "uv": [
            7,
            11,
            0,
            13
          ],
          "texture": "#5"
        },
        "east": {
          "uv": [
            0,
            9,
            1,
            11
          ],
          "texture": "#5"
        },
        "south": {
          "uv": [
            7,
            11,
            0,
            13
          ],
          "texture": "#5"
        },
        "west": {
          "uv": [
            1,
            9,
            0,
            11
          ],
          "texture": "#5"
        },
        "up": {
          "uv": [
            11.75,
            9,
            10.75,
            16
          ],
          "rotation": 90,
          "texture": "#5"
        },
        "down": {
          "uv": [
            10.75,
            9,
            9.75,
            16
          ],
          "rotation": 270,
          "texture": "#5"
        }
      }
    },
    {
      "from": [
        8,
        18,
        4
      ],
      "to": [
        13,
        19,
        16
      ],
      "rotation": {
        "angle": 0,
        "axis": "y",
        "origin": [
          -16,
          0,
          16
        ]
      },
      "faces": {
        "north": {
          "uv": [
            4,
            2.5,
            6.5,
            3
          ],
          "texture": "#1"
        },
        "east": {
          "uv": [
            0,
            5.5,
            6,
            6
          ],
          "texture": "#1"
        },
        "south": {
          "uv": [
            4.5,
            2,
            7,
            2.5
          ],
          "texture": "#1"
        },
        "west": {
          "uv": [
            0,
            6,
            6,
            6.5
          ],
          "texture": "#1"
        },
        "up": {
          "uv": [
            6,
            5.5,
            0,
            3
          ],
          "rotation": 90,
          "texture": "#1"
        },
        "down": {
          "uv": [
            6,
            5.5,
            0,
            3
          ],
          "rotation": 270,
          "texture": "#1"
        }
      }
    },
    {
      "from": [
        3,
        18,
        4
      ],
      "to": [
        8,
        19,
        16
      ],
      "rotation": {
        "angle": 0,
        "axis": "y",
        "origin": [
          32,
          0,
          16
        ]
      },
      "faces": {
        "north": {
          "uv": [
            6.5,
            2.5,
            4,
            3
          ],
          "texture": "#1"
        },
        "east": {
          "uv": [
            6,
            6,
            0,
            6.5
          ],
          "texture": "#1"
        },
        "south": {
          "uv": [
            7,
            2,
            4.5,
            2.5
          ],
          "texture": "#1"
        },
        "west": {
          "uv": [
            6,
            5.5,
            0,
            6
          ],
          "texture": "#1"
        },
        "up": {
          "uv": [
            6,
            3,
            0,
            5.5
          ],
          "rotation": 90,
          "texture": "#1"
        },
        "down": {
          "uv": [
            6,
            3,
            0,
            5.5
          ],
          "rotation": 270,
          "texture": "#1"
        }
      }
    },
    {
      "from": [
        8,
        19,
        6
      ],
      "to": [
        12,
        20,
        15
      ],
      "rotation": {
        "angle": 0,
        "axis": "y",
        "origin": [
          -16,
          0,
          16
        ]
      },
      "faces": {
        "north": {
          "uv": [
            0,
            2.5,
            2,
            3
          ],
          "texture": "#1"
        },
        "east": {
          "uv": [
            0,
            2,
            4.5,
            2.5
          ],
          "texture": "#1"
        },
        "south": {
          "uv": [
            2,
            2.5,
            4,
            3
          ],
          "texture": "#1"
        },
        "west": {
          "uv": [
            0,
            2,
            4.5,
            2.5
          ],
          "texture": "#1"
        },
        "up": {
          "uv": [
            4.5,
            2,
            0,
            0
          ],
          "rotation": 90,
          "texture": "#1"
        },
        "down": {
          "uv": [
            4.5,
            2,
            0,
            0
          ],
          "rotation": 270,
          "texture": "#1"
        }
      }
    },
    {
      "from": [
        4,
        19,
        6
      ],
      "to": [
        8,
        20,
        15
      ],
      "rotation": {
        "angle": 0,
        "axis": "y",
        "origin": [
          32,
          0,
          16
        ]
      },
      "faces": {
        "north": {
          "uv": [
            2,
            2.5,
            0,
            3
          ],
          "texture": "#1"
        },
        "east": {
          "uv": [
            4.5,
            2,
            0,
            2.5
          ],
          "texture": "#1"
        },
        "south": {
          "uv": [
            4,
            2.5,
            2,
            3
          ],
          "texture": "#1"
        },
        "west": {
          "uv": [
            4.5,
            2,
            0,
            2.5
          ],
          "texture": "#1"
        },
        "up": {
          "uv": [
            4.5,
            0,
            0,
            2
          ],
          "rotation": 90,
          "texture": "#1"
        },
        "down": {
          "uv": [
            4.5,
            0,
            0,
            2
          ],
          "rotation": 270,
          "texture": "#1"
        }
      }
    },
    {
      "from": [
        14,
        13,
        2
      ],
      "to": [
        15,
        17,
        15
      ],
      "rotation": {
        "angle": 0,
        "axis": "y",
        "origin": [
          0,
          0,
          16
        ]
      },
      "faces": {
        "north": {
          "uv": [
            3,
            2.5,
            2.5,
            4.5
          ],
          "texture": "#0"
        },
        "east": {
          "uv": [
            6.5,
            11.5,
            0,
            13.5
          ],
          "texture": "#0"
        },
        "south": {
          "uv": [
            3,
            0.5,
            2.5,
            2.5
          ],
          "texture": "#0"
        },
        "west": {
          "uv": [
            6.5,
            13.5,
            0,
            15.5
          ],
          "texture": "#0"
        },
        "up": {
          "uv": [
            6.5,
            15.5,
            0,
            16
          ],
          "rotation": 90,
          "texture": "#0"
        },
        "down": {
          "uv": [
            6.5,
            15.5,
            0,
            16
          ],
          "rotation": 270,
          "texture": "#0"
        }
      }
    },
    {
      "from": [
        14,
        12,
        2
      ],
      "to": [
        15,
        13,
        14
      ],
      "rotation": {
        "angle": 0,
        "axis": "y",
        "origin": [
          0,
          0,
          16
        ]
      },
      "faces": {
        "north": {
          "uv": [
            4.5,
            9.5,
            4,
            10
          ],
          "texture": "#0"
        },
        "east": {
          "uv": [
            9,
            4.5,
            3,
            5
          ],
          "texture": "#0"
        },
        "south": {
          "uv": [
            5,
            9,
            4.5,
            9.5
          ],
          "texture": "#0"
        },
        "west": {
          "uv": [
            9,
            4,
            3,
            4.5
          ],
          "texture": "#0"
        },
        "up": {
          "uv": [
            9,
            3.5,
            3,
            4
          ],
          "rotation": 90,
          "texture": "#0"
        },
        "down": {
          "uv": [
            9,
            3.5,
            3,
            4
          ],
          "rotation": 270,
          "texture": "#0"
        }
      }
    },
    {
      "from": [
        14,
        11,
        3
      ],
      "to": [
        15,
        12,
        13
      ],
      "rotation": {
        "angle": 0,
        "axis": "y",
        "origin": [
          0,
          0,
          16
        ]
      },
      "faces": {
        "north": {
          "uv": [
            5.5,
            9,
            5,
            9.5
          ],
          "texture": "#0"
        },
        "east": {
          "uv": [
            3,
            5.5,
            8,
            6
          ],
          "texture": "#0"
        },
        "south": {
          "uv": [
            5.5,
            9,
            5,
            9.5
          ],
          "texture": "#0"
        },
        "west": {
          "uv": [
            3,
            6,
            8,
            6.5
          ],
          "texture": "#0"
        },
        "up": {
          "uv": [
            3,
            5,
            8,
            5.5
          ],
          "rotation": 90,
          "texture": "#0"
        },
        "down": {
          "uv": [
            3,
            5,
            8,
            5.5
          ],
          "rotation": 270,
          "texture": "#0"
        }
      }
    },
    {
      "from": [
        14,
        8,
        4
      ],
      "to": [
        15,
        11,
        12
      ],
      "rotation": {
        "angle": 0,
        "axis": "y",
        "origin": [
          0,
          0,
          16
        ]
      },
      "faces": {
        "north": {
          "uv": [
            2.5,
            10,
            3,
            11.5
          ],
          "texture": "#0"
        },
        "east": {
          "uv": [
            7,
            10,
            3,
            11.5
          ],
          "texture": "#0"
        },
        "south": {
          "uv": [
            3,
            10,
            2.5,
            11.5
          ],
          "texture": "#0"
        },
        "west": {
          "uv": [
            10.5,
            11.5,
            6.5,
            13
          ],
          "texture": "#0"
        },
        "up": {
          "uv": [
            7,
            6.5,
            3,
            7
          ],
          "rotation": 90,
          "texture": "#0"
        },
        "down": {
          "uv": [
            7,
            6.5,
            3,
            7
          ],
          "rotation": 270,
          "texture": "#0"
        }
      }
    },
    {
      "from": [
        16,
        9,
        5
      ],
      "to": [
        17,
        14,
        11
      ],
      "rotation": {
        "angle": 0,
        "axis": "y",
        "origin": [
          0,
          0,
          16
        ]
      },
      "faces": {
        "north": {
          "uv": [
            10.5,
            9,
            10,
            11.5
          ],
          "texture": "#0"
        },
        "east": {
          "uv": [
            8.5,
            7,
            5.5,
            9.5
          ],
          "texture": "#0"
        },
        "south": {
          "uv": [
            10,
            9,
            10.5,
            11.5
          ],
          "texture": "#0"
        },
        "west": {
          "uv": [
            8.5,
            7,
            5.5,
            9.5
          ],
          "texture": "#0"
        },
        "up": {
          "uv": [
            7,
            10,
            4,
            9.5
          ],
          "rotation": 90,
          "texture": "#0"
        },
        "down": {
          "uv": [
            7,
            9.5,
            4,
            10
          ],
          "rotation": 270,
          "texture": "#0"
        }
      }
    },
    {
      "from": [
        17,
        10,
        6
      ],
      "to": [
        18,
        13,
        10
      ],
      "rotation": {
        "angle": 0,
        "axis": "y",
        "origin": [
          0,
          0,
          16
        ]
      },
      "faces": {
        "north": {
          "uv": [
            9.5,
            10,
            10,
            11.5
          ],
          "texture": "#0"
        },
        "east": {
          "uv": [
            9.5,
            10,
            7.5,
            11.5
          ],
          "texture": "#0"
        },
        "south": {
          "uv": [
            10,
            10,
            9.5,
            11.5
          ],
          "texture": "#0"
        },
        "west": {
          "uv": [
            9.5,
            10,
            7.5,
            11.5
          ],
          "texture": "#0"
        },
        "up": {
          "uv": [
            9.5,
            9.5,
            7.5,
            10
          ],
          "rotation": 90,
          "texture": "#0"
        },
        "down": {
          "uv": [
            9.5,
            10,
            7.5,
            9.5
          ],
          "rotation": 270,
          "texture": "#0"
        }
      }
    },
    {
      "from": [
        14,
        17,
        2
      ],
      "to": [
        15,
        19,
        15
      ],
      "rotation": {
        "angle": 0,
        "axis": "y",
        "origin": [
          -16,
          0,
          16
        ]
      },
      "faces": {
        "north": {
          "uv": [
            1,
            0,
            2,
            0.5
          ],
          "rotation": 90,
          "texture": "#0"
        },
        "east": {
          "uv": [
            1.5,
            0.5,
            2.5,
            7
          ],
          "rotation": 90,
          "texture": "#0"
        },
        "south": {
          "uv": [
            0,
            0,
            1,
            0.5
          ],
          "rotation": 90,
          "texture": "#0"
        },
        "west": {
          "uv": [
            0,
            0.5,
            1,
            7
          ],
          "rotation": 90,
          "texture": "#0"
        },
        "up": {
          "uv": [
            1.5,
            7,
            1,
            0.5
          ],
          "texture": "#0"
        },
        "down": {
          "uv": [
            1.5,
            7,
            1,
            0.5
          ],
          "texture": "#0"
        }
      }
    },
    {
      "from": [
        14,
        19,
        4
      ],
      "to": [
        15,
        20,
        15
      ],
      "rotation": {
        "angle": 0,
        "axis": "y",
        "origin": [
          -16,
          0,
          16
        ]
      },
      "faces": {
        "north": {
          "uv": [
            2.5,
            0,
            3,
            0.5
          ],
          "texture": "#0"
        },
        "east": {
          "uv": [
            0,
            7,
            5.5,
            7.5
          ],
          "texture": "#0"
        },
        "south": {
          "uv": [
            2,
            0,
            2.5,
            0.5
          ],
          "texture": "#0"
        },
        "west": {
          "uv": [
            0,
            7.5,
            5.5,
            8
          ],
          "texture": "#0"
        },
        "up": {
          "uv": [
            5.5,
            8.5,
            0,
            8
          ],
          "rotation": 90,
          "texture": "#0"
        },
        "down": {
          "uv": [
            5.5,
            8.5,
            0,
            8
          ],
          "rotation": 270,
          "texture": "#0"
        }
      }
    },
    {
      "from": [
        14,
        20,
        6
      ],
      "to": [
        15,
        21,
        14
      ],
      "rotation": {
        "angle": 0,
        "axis": "y",
        "origin": [
          -16,
          0,
          16
        ]
      },
      "faces": {
        "north": {
          "uv": [
            4.5,
            8.5,
            5,
            9
          ],
          "texture": "#0"
        },
        "east": {
          "uv": [
            0,
            9,
            4,
            9.5
          ],
          "texture": "#0"
        },
        "south": {
          "uv": [
            4,
            8.5,
            4.5,
            9
          ],
          "texture": "#0"
        },
        "west": {
          "uv": [
            0,
            8.5,
            4,
            9
          ],
          "texture": "#0"
        },
        "up": {
          "uv": [
            4,
            10,
            0,
            9.5
          ],
          "rotation": 90,
          "texture": "#0"
        },
        "down": {
          "uv": [
            4,
            10,
            0,
            9.5
          ],
          "rotation": 270,
          "texture": "#0"
        }
      }
    },
    {
      "from": [
        14,
        21,
        8
      ],
      "to": [
        15,
        22,
        13
      ],
      "rotation": {
        "angle": 0,
        "axis": "y",
        "origin": [
          -16,
          0,
          16
        ]
      },
      "faces": {
        "north": {
          "uv": [
            4,
            9,
            4.5,
            9.5
          ],
          "texture": "#0"
        },
        "east": {
          "uv": [
            0,
            11,
            2.5,
            11.5
          ],
          "texture": "#0"
        },
        "south": {
          "uv": [
            5,
            8.5,
            5.5,
            9
          ],
          "texture": "#0"
        },
        "west": {
          "uv": [
            0,
            10.5,
            2.5,
            11
          ],
          "texture": "#0"
        },
        "up": {
          "uv": [
            2.5,
            10.5,
            0,
            10
          ],
          "rotation": 90,
          "texture": "#0"
        },
        "down": {
          "uv": [
            2.5,
            10.5,
            0,
            10
          ],
          "rotation": 270,
          "texture": "#0"
        }
      }
    },
    {
      "from": [
        15,
        9,
        4
      ],
      "to": [
        16,
        18,
        12
      ],
      "rotation": {
        "angle": 0,
        "axis": "y",
        "origin": [
          0,
          0,
          16
        ]
      },
      "faces": {
        "north": {
          "uv": [
            9.5,
            5,
            9,
            9.5
          ],
          "texture": "#0"
        },
        "east": {
          "uv": [
            14,
            4.5,
            10,
            9
          ],
          "texture": "#0"
        },
        "south": {
          "uv": [
            9,
            5,
            8.5,
            9.5
          ],
          "texture": "#0"
        },
        "west": {
          "uv": [
            14,
            0,
            10,
            4.5
          ],
          "texture": "#0"
        },
        "up": {
          "uv": [
            10.5,
            15.5,
            6.5,
            16
          ],
          "rotation": 90,
          "texture": "#0"
        },
        "down": {
          "uv": [
            14.5,
            15.5,
            10.5,
            16
          ],
          "rotation": 270,
          "texture": "#0"
        }
      }
    },
    {
      "from": [
        1,
        13,
        2
      ],
      "to": [
        2,
        17,
        15
      ],
      "rotation": {
        "angle": 0,
        "axis": "y",
        "origin": [
          16,
          0,
          16
        ]
      },
      "faces": {
        "north": {
          "uv": [
            2.5,
            2.5,
            3,
            4.5
          ],
          "texture": "#0"
        },
        "east": {
          "uv": [
            0,
            13.5,
            6.5,
            15.5
          ],
          "texture": "#0"
        },
        "south": {
          "uv": [
            2.5,
            0.5,
            3,
            2.5
          ],
          "texture": "#0"
        },
        "west": {
          "uv": [
            0,
            11.5,
            6.5,
            13.5
          ],
          "texture": "#0"
        },
        "up": {
          "uv": [
            6.5,
            16,
            0,
            15.5
          ],
          "rotation": 90,
          "texture": "#0"
        },
        "down": {
          "uv": [
            6.5,
            16,
            0,
            15.5
          ],
          "rotation": 270,
          "texture": "#0"
        }
      }
    },
    {
      "from": [
        1,
        12,
        2
      ],
      "to": [
        2,
        13,
        14
      ],
      "rotation": {
        "angle": 0,
        "axis": "y",
        "origin": [
          16,
          0,
          16
        ]
      },
      "faces": {
        "north": {
          "uv": [
            4,
            9.5,
            4.5,
            10
          ],
          "texture": "#0"
        },
        "east": {
          "uv": [
            3,
            4,
            9,
            4.5
          ],
          "texture": "#0"
        },
        "south": {
          "uv": [
            4.5,
            9,
            5,
            9.5
          ],
          "texture": "#0"
        },
        "west": {
          "uv": [
            3,
            4.5,
            9,
            5
          ],
          "texture": "#0"
        },
        "up": {
          "uv": [
            9,
            4,
            3,
            3.5
          ],
          "rotation": 90,
          "texture": "#0"
        },
        "down": {
          "uv": [
            9,
            4,
            3,
            3.5
          ],
          "rotation": 270,
          "texture": "#0"
        }
      }
    },
    {
      "from": [
        1,
        11,
        3
      ],
      "to": [
        2,
        12,
        13
      ],
      "rotation": {
        "angle": 0,
        "axis": "y",
        "origin": [
          16,
          0,
          16
        ]
      },
      "faces": {
        "north": {
          "uv": [
            5,
            9,
            5.5,
            9.5
          ],
          "texture": "#0"
        },
        "east": {
          "uv": [
            8,
            6,
            3,
            6.5
          ],
          "texture": "#0"
        },
        "south": {
          "uv": [
            5,
            9,
            5.5,
            9.5
          ],
          "texture": "#0"
        },
        "west": {
          "uv": [
            8,
            5.5,
            3,
            6
          ],
          "texture": "#0"
        },
        "up": {
          "uv": [
            3,
            5.5,
            8,
            5
          ],
          "rotation": 90,
          "texture": "#0"
        },
        "down": {
          "uv": [
            3,
            5.5,
            8,
            5
          ],
          "rotation": 270,
          "texture": "#0"
        }
      }
    },
    {
      "from": [
        1,
        8,
        4
      ],
      "to": [
        2,
        11,
        12
      ],
      "rotation": {
        "angle": 0,
        "axis": "y",
        "origin": [
          16,
          0,
          16
        ]
      },
      "faces": {
        "north": {
          "uv": [
            3,
            10,
            2.5,
            11.5
          ],
          "texture": "#0"
        },
        "east": {
          "uv": [
            6.5,
            11.5,
            10.5,
            13
          ],
          "texture": "#0"
        },
        "south": {
          "uv": [
            2.5,
            10,
            3,
            11.5
          ],
          "texture": "#0"
        },
        "west": {
          "uv": [
            3,
            10,
            7,
            11.5
          ],
          "texture": "#0"
        },
        "up": {
          "uv": [
            7,
            7,
            3,
            6.5
          ],
          "rotation": 90,
          "texture": "#0"
        },
        "down": {
          "uv": [
            7,
            7,
            3,
            6.5
          ],
          "rotation": 270,
          "texture": "#0"
        }
      }
    },
    {
      "from": [
        -1,
        9,
        5
      ],
      "to": [
        0,
        14,
        11
      ],
      "rotation": {
        "angle": 0,
        "axis": "y",
        "origin": [
          16,
          0,
          16
        ]
      },
      "faces": {
        "north": {
          "uv": [
            10,
            9,
            10.5,
            11.5
          ],
          "texture": "#0"
        },
        "east": {
          "uv": [
            5.5,
            7,
            8.5,
            9.5
          ],
          "texture": "#0"
        },
        "south": {
          "uv": [
            10.5,
            9,
            10,
            11.5
          ],
          "texture": "#0"
        },
        "west": {
          "uv": [
            5.5,
            7,
            8.5,
            9.5
          ],
          "texture": "#0"
        },
        "up": {
          "uv": [
            7,
            9.5,
            4,
            10
          ],
          "rotation": 90,
          "texture": "#0"
        },
        "down": {
          "uv": [
            7,
            10,
            4,
            9.5
          ],
          "rotation": 270,
          "texture": "#0"
        }
      }
    },
    {
      "from": [
        -2,
        10,
        6
      ],
      "to": [
        -1,
        13,
        10
      ],
      "rotation": {
        "angle": 0,
        "axis": "y",
        "origin": [
          16,
          0,
          16
        ]
      },
      "faces": {
        "north": {
          "uv": [
            10,
            10,
            9.5,
            11.5
          ],
          "texture": "#0"
        },
        "east": {
          "uv": [
            7.5,
            10,
            9.5,
            11.5
          ],
          "texture": "#0"
        },
        "south": {
          "uv": [
            9.5,
            10,
            10,
            11.5
          ],
          "texture": "#0"
        },
        "west": {
          "uv": [
            7.5,
            10,
            9.5,
            11.5
          ],
          "texture": "#0"
        },
        "up": {
          "uv": [
            9.5,
            10,
            7.5,
            9.5
          ],
          "rotation": 90,
          "texture": "#0"
        },
        "down": {
          "uv": [
            9.5,
            9.5,
            7.5,
            10
          ],
          "rotation": 270,
          "texture": "#0"
        }
      }
    },
    {
      "from": [
        -13,
        9,
        8
      ],
      "to": [
        -1,
        15,
        8
      ],
      "rotation": {
        "angle": 0,
        "axis": "y",
        "origin": [
          16,
          0,
          0
        ]
      },
      "faces": {
        "north": {
          "uv": [
            0,
            0,
            12,
            6
          ],
          "texture": "#4"
        },
        "east": {
          "uv": [
            0,
            0,
            0,
            6
          ],
          "texture": "#4"
        },
        "south": {
          "uv": [
            12,
            0,
            0,
            6
          ],
          "texture": "#4"
        },
        "west": {
          "uv": [
            0,
            0,
            0,
            6
          ],
          "texture": "#4"
        },
        "up": {
          "uv": [
            0,
            0,
            0,
            12
          ],
          "rotation": 90,
          "texture": "#4"
        },
        "down": {
          "uv": [
            0,
            0,
            0,
            12
          ],
          "rotation": 270,
          "texture": "#4"
        }
      }
    },
    {
      "from": [
        17,
        9,
        8
      ],
      "to": [
        29,
        15,
        8
      ],
      "faces": {
        "north": {
          "uv": [
            12,
            0,
            0,
            6
          ],
          "texture": "#4"
        },
        "east": {
          "uv": [
            0,
            0,
            0,
            6
          ],
          "texture": "#4"
        },
        "south": {
          "uv": [
            0,
            0,
            12,
            6
          ],
          "texture": "#4"
        },
        "west": {
          "uv": [
            0,
            0,
            0,
            6
          ],
          "texture": "#4"
        },
        "up": {
          "uv": [
            0,
            12,
            0,
            0
          ],
          "rotation": 90,
          "texture": "#4"
        },
        "down": {
          "uv": [
            0,
            12,
            0,
            0
          ],
          "rotation": 270,
          "texture": "#4"
        }
      }
    },
    {
      "from": [
        1,
        17,
        2
      ],
      "to": [
        2,
        19,
        15
      ],
      "rotation": {
        "angle": 0,
        "axis": "y",
        "origin": [
          32,
          0,
          16
        ]
      },
      "faces": {
        "north": {
          "uv": [
            1,
            0.5,
            2,
            0
          ],
          "rotation": 90,
          "texture": "#0"
        },
        "east": {
          "uv": [
            0,
            7,
            1,
            0.5
          ],
          "rotation": 90,
          "texture": "#0"
        },
        "south": {
          "uv": [
            0,
            0.5,
            1,
            0
          ],
          "rotation": 90,
          "texture": "#0"
        },
        "west": {
          "uv": [
            1.5,
            7,
            2.5,
            0.5
          ],
          "rotation": 90,
          "texture": "#0"
        },
        "up": {
          "uv": [
            1,
            7,
            1.5,
            0.5
          ],
          "texture": "#0"
        },
        "down": {
          "uv": [
            1,
            7,
            1.5,
            0.5
          ],
          "texture": "#0"
        }
      }
    },
    {
      "from": [
        1,
        19,
        4
      ],
      "to": [
        2,
        20,
        15
      ],
      "rotation": {
        "angle": 0,
        "axis": "y",
        "origin": [
          32,
          0,
          16
        ]
      },
      "faces": {
        "north": {
          "uv": [
            3,
            0,
            2.5,
            0.5
          ],
          "texture": "#0"
        },
        "east": {
          "uv": [
            5.5,
            7.5,
            0,
            8
          ],
          "texture": "#0"
        },
        "south": {
          "uv": [
            2.5,
            0,
            2,
            0.5
          ],
          "texture": "#0"
        },
        "west": {
          "uv": [
            5.5,
            7,
            0,
            7.5
          ],
          "texture": "#0"
        },
        "up": {
          "uv": [
            5.5,
            8,
            0,
            8.5
          ],
          "rotation": 90,
          "texture": "#0"
        },
        "down": {
          "uv": [
            5.5,
            8,
            0,
            8.5
          ],
          "rotation": 270,
          "texture": "#0"
        }
      }
    },
    {
      "from": [
        1,
        20,
        6
      ],
      "to": [
        2,
        21,
        14
      ],
      "rotation": {
        "angle": 0,
        "axis": "y",
        "origin": [
          32,
          0,
          16
        ]
      },
      "faces": {
        "north": {
          "uv": [
            5,
            8.5,
            4.5,
            9
          ],
          "texture": "#0"
        },
        "east": {
          "uv": [
            4,
            8.5,
            0,
            9
          ],
          "texture": "#0"
        },
        "south": {
          "uv": [
            4.5,
            8.5,
            4,
            9
          ],
          "texture": "#0"
        },
        "west": {
          "uv": [
            4,
            9,
            0,
            9.5
          ],
          "texture": "#0"
        },
        "up": {
          "uv": [
            4,
            9.5,
            0,
            10
          ],
          "rotation": 90,
          "texture": "#0"
        },
        "down": {
          "uv": [
            4,
            9.5,
            0,
            10
          ],
          "rotation": 270,
          "texture": "#0"
        }
      }
    },
    {
      "from": [
        1,
        21,
        8
      ],
      "to": [
        2,
        22,
        13
      ],
      "rotation": {
        "angle": 0,
        "axis": "y",
        "origin": [
          32,
          0,
          16
        ]
      },
      "faces": {
        "north": {
          "uv": [
            4.5,
            9,
            4,
            9.5
          ],
          "texture": "#0"
        },
        "east": {
          "uv": [
            2.5,
            10.5,
            0,
            11
          ],
          "texture": "#0"
        },
        "south": {
          "uv": [
            5.5,
            8.5,
            5,
            9
          ],
          "texture": "#0"
        },
        "west": {
          "uv": [
            2.5,
            11,
            0,
            11.5
          ],
          "texture": "#0"
        },
        "up": {
          "uv": [
            2.5,
            10,
            0,
            10.5
          ],
          "rotation": 90,
          "texture": "#0"
        },
        "down": {
          "uv": [
            2.5,
            10,
            0,
            10.5
          ],
          "rotation": 270,
          "texture": "#0"
        }
      }
    },
    {
      "from": [
        0,
        9,
        4
      ],
      "to": [
        1,
        18,
        12
      ],
      "rotation": {
        "angle": 0,
        "axis": "y",
        "origin": [
          16,
          0,
          16
        ]
      },
      "faces": {
        "north": {
          "uv": [
            9,
            5,
            9.5,
            9.5
          ],
          "texture": "#0"
        },
        "east": {
          "uv": [
            10,
            0,
            14,
            4.5
          ],
          "texture": "#0"
        },
        "south": {
          "uv": [
            8.5,
            5,
            9,
            9.5
          ],
          "texture": "#0"
        },
        "west": {
          "uv": [
            10,
            4.5,
            14,
            9
          ],
          "texture": "#0"
        },
        "up": {
          "uv": [
            10.5,
            16,
            6.5,
            15.5
          ],
          "rotation": 90,
          "texture": "#0"
        },
        "down": {
          "uv": [
            14.5,
            16,
            10.5,
            15.5
          ],
          "rotation": 270,
          "texture": "#0"
        }
      }
    },
    {
      "from": [
        0,
        8,
        2
      ],
      "to": [
        8,
        12,
        2
      ],
      "rotation": {
        "angle": 22.5,
        "axis": "y",
        "origin": [
          4.5,
          10,
          1
        ]
      },
      "faces": {
        "north": {
          "uv": [
            4,
            6,
            12,
            10
          ],
          "texture": "#2"
        },
        "east": {
          "uv": [
            0,
            0,
            0,
            2
          ],
          "texture": "#2"
        },
        "south": {
          "uv": [
            4,
            6,
            12,
            10
          ],
          "texture": "#2"
        },
        "west": {
          "uv": [
            0,
            0,
            0,
            2
          ],
          "texture": "#2"
        },
        "up": {
          "uv": [
            0,
            0,
            4,
            0
          ],
          "texture": "#2"
        },
        "down": {
          "uv": [
            0,
            0,
            4,
            0
          ],
          "texture": "#2"
        }
      }
    },
    {
      "from": [
        8,
        8,
        2
      ],
      "to": [
        16,
        12,
        2
      ],
      "rotation": {
        "angle": -22.5,
        "axis": "y",
        "origin": [
          11.5,
          10,
          1
        ]
      },
      "faces": {
        "north": {
          "uv": [
            12,
            6,
            4,
            10
          ],
          "texture": "#2"
        },
        "east": {
          "uv": [
            0,
            0,
            0,
            2
          ],
          "texture": "#2"
        },
        "south": {
          "uv": [
            12,
            6,
            4,
            10
          ],
          "texture": "#2"
        },
        "west": {
          "uv": [
            0,
            0,
            0,
            2
          ],
          "texture": "#2"
        },
        "up": {
          "uv": [
            4,
            0,
            0,
            0
          ],
          "texture": "#2"
        },
        "down": {
          "uv": [
            4,
            0,
            0,
            0
          ],
          "texture": "#2"
        }
      }
    },
    {
      "from": [
        0.9,
        9,
        12
      ],
      "to": [
        0.9,
        11,
        23
      ],
      "rotation": {
        "angle": -45,
        "axis": "x",
        "origin": [
          0,
          0,
          0
        ]
      },
      "faces": {
        "north": {
          "uv": [
            0,
            0,
            0,
            1
          ],
          "rotation": 180,
          "texture": "#1"
        },
        "east": {
          "uv": [
            16,
            0,
            15,
            5.5
          ],
          "rotation": 270,
          "texture": "#1"
        },
        "south": {
          "uv": [
            0,
            0,
            0,
            1
          ],
          "texture": "#1"
        },
        "west": {
          "uv": [
            15,
            0,
            16,
            5.5
          ],
          "rotation": 90,
          "texture": "#1"
        },
        "up": {
          "uv": [
            0,
            0,
            0,
            8.5
          ],
          "rotation": 180,
          "texture": "#1"
        },
        "down": {
          "uv": [
            0,
            0,
            0,
            8.5
          ],
          "texture": "#1"
        }
      }
    },
    {
      "from": [
        15.1,
        9,
        12
      ],
      "to": [
        15.1,
        11,
        23
      ],
      "rotation": {
        "angle": -45,
        "axis": "x",
        "origin": [
          16,
          0,
          0
        ]
      },
      "faces": {
        "north": {
          "uv": [
            0,
            0,
            0,
            1
          ],
          "rotation": 180,
          "texture": "#1"
        },
        "east": {
          "uv": [
            15,
            5.5,
            16,
            0
          ],
          "rotation": 90,
          "texture": "#1"
        },
        "south": {
          "uv": [
            0,
            0,
            0,
            1
          ],
          "texture": "#1"
        },
        "west": {
          "uv": [
            16,
            5.5,
            15,
            0
          ],
          "rotation": 270,
          "texture": "#1"
        },
        "up": {
          "uv": [
            0,
            0,
            0,
            8.5
          ],
          "rotation": 180,
          "texture": "#1"
        },
        "down": {
          "uv": [
            0,
            0,
            0,
            8.5
          ],
          "texture": "#1"
        }
      }
    },
    {
      "from": [
        1,
        13,
        13.5
      ],
      "to": [
        3,
        17,
        16.5
      ],
      "rotation": {
        "angle": -45,
        "axis": "y",
        "origin": [
          1,
          10.5,
          22
        ]
      },
      "faces": {
        "north": {
          "uv": [
            9,
            5.75,
            10,
            7.75
          ],
          "texture": "#3"
        },
        "east": {
          "uv": [
            10,
            5.75,
            11.5,
            7.75
          ],
          "texture": "#3"
        },
        "south": {
          "uv": [
            9,
            5.75,
            10,
            7.75
          ],
          "texture": "#3"
        },
        "west": {
          "uv": [
            11.5,
            5.75,
            10,
            7.75
          ],
          "texture": "#3"
        },
        "up": {
          "uv": [
            8.5,
            1,
            7,
            0
          ],
          "rotation": 90,
          "texture": "#3"
        },
        "down": {
          "uv": [
            8.5,
            1,
            7,
            0
          ],
          "rotation": 270,
          "texture": "#3"
        }
      }
    },
    {
      "from": [
        13,
        13,
        13.5
      ],
      "to": [
        15,
        17,
        16.5
      ],
      "rotation": {
        "angle": 45,
        "axis": "y",
        "origin": [
          15,
          10.5,
          22
        ]
      },
      "faces": {
        "north": {
          "uv": [
            10,
            5.75,
            9,
            7.75
          ],
          "texture": "#3"
        },
        "east": {
          "uv": [
            11.5,
            5.75,
            10,
            7.75
          ],
          "texture": "#3"
        },
        "south": {
          "uv": [
            10,
            5.75,
            9,
            7.75
          ],
          "texture": "#3"
        },
        "west": {
          "uv": [
            11.5,
            5.75,
            10,
            7.75
          ],
          "texture": "#3"
        },
        "up": {
          "uv": [
            8.5,
            0,
            7,
            1
          ],
          "rotation": 90,
          "texture": "#3"
        },
        "down": {
          "uv": [
            8.5,
            0,
            7,
            1
          ],
          "rotation": 270,
          "texture": "#3"
        }
      }
    },
    {
      "from": [
        7.5,
        14,
        17.5
      ],
      "to": [
        8.5,
        17,
        18.5
      ],
      "rotation": {
        "angle": 0,
        "axis": "y",
        "origin": [
          2,
          15,
          15
        ]
      },
      "faces": {
        "north": {
          "uv": [
            7.5,
            3.5,
            7,
            5
          ],
          "texture": "#3"
        },
        "east": {
          "uv": [
            7.5,
            3.5,
            8,
            5
          ],
          "texture": "#3"
        },
        "south": {
          "uv": [
            7.5,
            3.5,
            7,
            5
          ],
          "texture": "#3"
        },
        "west": {
          "uv": [
            8,
            3.5,
            7.5,
            5
          ],
          "texture": "#3"
        },
        "up": {
          "uv": [
            8.5,
            1,
            8,
            1.5
          ],
          "rotation": 90,
          "texture": "#3"
        },
        "down": {
          "uv": [
            8.5,
            1,
            8,
            1.5
          ],
          "rotation": 270,
          "texture": "#3"
        }
      }
    },
    {
      "from": [
        -1.5,
        13,
        7.8
      ],
      "to": [
        -0.5,
        15,
        8.8
      ],
      "rotation": {
        "angle": 0,
        "axis": "y",
        "origin": [
          9.5,
          23.6,
          16.3
        ]
      },
      "faces": {
        "north": {
          "uv": [
            1,
            8,
            2,
            7.5
          ],
          "rotation": 90,
          "texture": "#3"
        },
        "east": {
          "uv": [
            5.5,
            4,
            6.5,
            4.5
          ],
          "rotation": 90,
          "texture": "#3"
        },
        "south": {
          "uv": [
            1,
            7.5,
            2,
            8
          ],
          "rotation": 90,
          "texture": "#3"
        },
        "west": {
          "uv": [
            5.5,
            4.5,
            6.5,
            5
          ],
          "rotation": 90,
          "texture": "#3"
        },
        "up": {
          "uv": [
            5.5,
            3.5,
            6,
            4
          ],
          "rotation": 270,
          "texture": "#3"
        },
        "down": {
          "uv": [
            5.5,
            3.5,
            6,
            4
          ],
          "rotation": 270,
          "texture": "#3"
        }
      }
    },
    {
      "from": [
        -1.7,
        14.8,
        7.9
      ],
      "to": [
        -0.7,
        15.8,
        8.7
      ],
      "rotation": {
        "angle": -22.5,
        "axis": "z",
        "origin": [
          -1,
          14.5,
          8.3
        ]
      },
      "faces": {
        "north": {
          "uv": [
            5.5,
            2,
            5,
            2.5
          ],
          "texture": "#3"
        },
        "east": {
          "uv": [
            5,
            1.5,
            5.5,
            2
          ],
          "texture": "#3"
        },
        "south": {
          "uv": [
            5,
            2,
            5.5,
            2.5
          ],
          "texture": "#3"
        },
        "west": {
          "uv": [
            5,
            1,
            5.5,
            1.5
          ],
          "texture": "#3"
        },
        "up": {
          "uv": [
            5,
            2.5,
            5.5,
            3
          ],
          "rotation": 180,
          "texture": "#3"
        },
        "down": {
          "uv": [
            5,
            3,
            5.5,
            3.5
          ],
          "rotation": 180,
          "texture": "#3"
        }
      }
    },
    {
      "from": [
        -2.1,
        15.4,
        8
      ],
      "to": [
        -1.1,
        16.4,
        8.6
      ],
      "rotation": {
        "angle": -45,
        "axis": "z",
        "origin": [
          -1,
          14.5,
          8.3
        ]
      },
      "faces": {
        "north": {
          "uv": [
            5.5,
            4,
            5,
            4.5
          ],
          "texture": "#3"
        },
        "east": {
          "uv": [
            5,
            3.5,
            5.25,
            4
          ],
          "texture": "#3"
        },
        "south": {
          "uv": [
            5,
            4,
            5.5,
            4.5
          ],
          "texture": "#3"
        },
        "west": {
          "uv": [
            5.25,
            3.5,
            5.5,
            4
          ],
          "texture": "#3"
        },
        "up": {
          "uv": [
            5,
            4.5,
            5.5,
            4.75
          ],
          "rotation": 180,
          "texture": "#3"
        },
        "down": {
          "uv": [
            5,
            4.75,
            5.5,
            5
          ],
          "rotation": 180,
          "texture": "#3"
        }
      }
    },
    {
      "from": [
        0.3,
        15.2,
        7.8
      ],
      "to": [
        1.3,
        16.2,
        8.8
      ],
      "rotation": {
        "angle": 22.5,
        "axis": "z",
        "origin": [
          -1,
          14.5,
          8.3
        ]
      },
      "faces": {
        "north": {
          "uv": [
            4,
            4.5,
            4.5,
            4
          ],
          "rotation": 90,
          "texture": "#3"
        },
        "east": {
          "uv": [
            4.5,
            4,
            5,
            4.5
          ],
          "rotation": 270,
          "texture": "#3"
        },
        "south": {
          "uv": [
            4,
            4,
            4.5,
            4.5
          ],
          "rotation": 90,
          "texture": "#3"
        },
        "west": {
          "uv": [
            4.5,
            4,
            5,
            4.5
          ],
          "rotation": 270,
          "texture": "#3"
        },
        "up": {
          "uv": [
            4.5,
            4.5,
            5,
            5
          ],
          "rotation": 90,
          "texture": "#3"
        },
        "down": {
          "uv": [
            4,
            4.5,
            4.5,
            5
          ],
          "rotation": 270,
          "texture": "#3"
        }
      }
    },
    {
      "from": [
        -1.5,
        13,
        10.2
      ],
      "to": [
        -0.5,
        15,
        11.2
      ],
      "rotation": {
        "angle": 0,
        "axis": "y",
        "origin": [
          9.5,
          23.6,
          18.7
        ]
      },
      "faces": {
        "north": {
          "uv": [
            1,
            8,
            2,
            7.5
          ],
          "rotation": 90,
          "texture": "#3"
        },
        "east": {
          "uv": [
            5.5,
            4,
            6.5,
            4.5
          ],
          "rotation": 90,
          "texture": "#3"
        },
        "south": {
          "uv": [
            1,
            7.5,
            2,
            8
          ],
          "rotation": 90,
          "texture": "#3"
        },
        "west": {
          "uv": [
            5.5,
            4.5,
            6.5,
            5
          ],
          "rotation": 90,
          "texture": "#3"
        },
        "up": {
          "uv": [
            5.5,
            3.5,
            6,
            4
          ],
          "rotation": 270,
          "texture": "#3"
        },
        "down": {
          "uv": [
            5.5,
            3.5,
            6,
            4
          ],
          "rotation": 270,
          "texture": "#3"
        }
      }
    },
    {
      "from": [
        -1.7,
        14.8,
        10.3
      ],
      "to": [
        -0.7,
        15.8,
        11.1
      ],
      "rotation": {
        "angle": -22.5,
        "axis": "z",
        "origin": [
          -1,
          14.5,
          10.7
        ]
      },
      "faces": {
        "north": {
          "uv": [
            5.5,
            2,
            5,
            2.5
          ],
          "texture": "#3"
        },
        "east": {
          "uv": [
            5,
            1.5,
            5.5,
            2
          ],
          "texture": "#3"
        },
        "south": {
          "uv": [
            5,
            2,
            5.5,
            2.5
          ],
          "texture": "#3"
        },
        "west": {
          "uv": [
            5,
            1,
            5.5,
            1.5
          ],
          "texture": "#3"
        },
        "up": {
          "uv": [
            5,
            2.5,
            5.5,
            3
          ],
          "rotation": 180,
          "texture": "#3"
        },
        "down": {
          "uv": [
            5,
            3,
            5.5,
            3.5
          ],
          "rotation": 180,
          "texture": "#3"
        }
      }
    },
    {
      "from": [
        -2.1,
        15.4,
        10.4
      ],
      "to": [
        -1.1,
        16.4,
        11
      ],
      "rotation": {
        "angle": -45,
        "axis": "z",
        "origin": [
          -1,
          14.5,
          10.7
        ]
      },
      "faces": {
        "north": {
          "uv": [
            5.5,
            4,
            5,
            4.5
          ],
          "texture": "#3"
        },
        "east": {
          "uv": [
            5,
            3.5,
            5.25,
            4
          ],
          "texture": "#3"
        },
        "south": {
          "uv": [
            5,
            4,
            5.5,
            4.5
          ],
          "texture": "#3"
        },
        "west": {
          "uv": [
            5.25,
            3.5,
            5.5,
            4
          ],
          "texture": "#3"
        },
        "up": {
          "uv": [
            5,
            4.5,
            5.5,
            4.75
          ],
          "rotation": 180,
          "texture": "#3"
        },
        "down": {
          "uv": [
            5,
            4.75,
            5.5,
            5
          ],
          "rotation": 180,
          "texture": "#3"
        }
      }
    },
    {
      "from": [
        0.3,
        15.2,
        10.2
      ],
      "to": [
        1.3,
        16.2,
        11.2
      ],
      "rotation": {
        "angle": 22.5,
        "axis": "z",
        "origin": [
          -1,
          14.5,
          10.7
        ]
      },
      "faces": {
        "north": {
          "uv": [
            4,
            4.5,
            4.5,
            4
          ],
          "rotation": 90,
          "texture": "#3"
        },
        "east": {
          "uv": [
            4.5,
            4,
            5,
            4.5
          ],
          "rotation": 270,
          "texture": "#3"
        },
        "south": {
          "uv": [
            4,
            4,
            4.5,
            4.5
          ],
          "rotation": 90,
          "texture": "#3"
        },
        "west": {
          "uv": [
            4.5,
            4,
            5,
            4.5
          ],
          "rotation": 270,
          "texture": "#3"
        },
        "up": {
          "uv": [
            4.5,
            4.5,
            5,
            5
          ],
          "rotation": 90,
          "texture": "#3"
        },
        "down": {
          "uv": [
            4,
            4.5,
            4.5,
            5
          ],
          "rotation": 270,
          "texture": "#3"
        }
      }
    },
    {
      "from": [
        -1.5,
        13,
        5.2
      ],
      "to": [
        -0.5,
        15,
        6.2
      ],
      "rotation": {
        "angle": 0,
        "axis": "y",
        "origin": [
          9.5,
          23.6,
          13.7
        ]
      },
      "faces": {
        "north": {
          "uv": [
            1,
            8,
            2,
            7.5
          ],
          "rotation": 90,
          "texture": "#3"
        },
        "east": {
          "uv": [
            5.5,
            4,
            6.5,
            4.5
          ],
          "rotation": 90,
          "texture": "#3"
        },
        "south": {
          "uv": [
            1,
            7.5,
            2,
            8
          ],
          "rotation": 90,
          "texture": "#3"
        },
        "west": {
          "uv": [
            5.5,
            4.5,
            6.5,
            5
          ],
          "rotation": 90,
          "texture": "#3"
        },
        "up": {
          "uv": [
            5.5,
            3.5,
            6,
            4
          ],
          "rotation": 270,
          "texture": "#3"
        },
        "down": {
          "uv": [
            5.5,
            3.5,
            6,
            4
          ],
          "rotation": 270,
          "texture": "#3"
        }
      }
    },
    {
      "from": [
        -1.7,
        14.8,
        5.3
      ],
      "to": [
        -0.7,
        15.8,
        6.1
      ],
      "rotation": {
        "angle": -22.5,
        "axis": "z",
        "origin": [
          -1,
          14.5,
          5.7
        ]
      },
      "faces": {
        "north": {
          "uv": [
            5.5,
            2,
            5,
            2.5
          ],
          "texture": "#3"
        },
        "east": {
          "uv": [
            5,
            1.5,
            5.5,
            2
          ],
          "texture": "#3"
        },
        "south": {
          "uv": [
            5,
            2,
            5.5,
            2.5
          ],
          "texture": "#3"
        },
        "west": {
          "uv": [
            5,
            1,
            5.5,
            1.5
          ],
          "texture": "#3"
        },
        "up": {
          "uv": [
            5,
            2.5,
            5.5,
            3
          ],
          "rotation": 180,
          "texture": "#3"
        },
        "down": {
          "uv": [
            5,
            3,
            5.5,
            3.5
          ],
          "rotation": 180,
          "texture": "#3"
        }
      }
    },
    {
      "from": [
        -2.1,
        15.4,
        5.4
      ],
      "to": [
        -1.1,
        16.4,
        6
      ],
      "rotation": {
        "angle": -45,
        "axis": "z",
        "origin": [
          -1,
          14.5,
          5.7
        ]
      },
      "faces": {
        "north": {
          "uv": [
            5.5,
            4,
            5,
            4.5
          ],
          "texture": "#3"
        },
        "east": {
          "uv": [
            5,
            3.5,
            5.25,
            4
          ],
          "texture": "#3"
        },
        "south": {
          "uv": [
            5,
            4,
            5.5,
            4.5
          ],
          "texture": "#3"
        },
        "west": {
          "uv": [
            5.25,
            3.5,
            5.5,
            4
          ],
          "texture": "#3"
        },
        "up": {
          "uv": [
            5,
            4.5,
            5.5,
            4.75
          ],
          "rotation": 180,
          "texture": "#3"
        },
        "down": {
          "uv": [
            5,
            4.75,
            5.5,
            5
          ],
          "rotation": 180,
          "texture": "#3"
        }
      }
    },
    {
      "from": [
        0.3,
        15.2,
        5.2
      ],
      "to": [
        1.3,
        16.2,
        6.2
      ],
      "rotation": {
        "angle": 22.5,
        "axis": "z",
        "origin": [
          -1,
          14.5,
          5.7
        ]
      },
      "faces": {
        "north": {
          "uv": [
            4,
            4.5,
            4.5,
            4
          ],
          "rotation": 90,
          "texture": "#3"
        },
        "east": {
          "uv": [
            4.5,
            4,
            5,
            4.5
          ],
          "rotation": 270,
          "texture": "#3"
        },
        "south": {
          "uv": [
            4,
            4,
            4.5,
            4.5
          ],
          "rotation": 90,
          "texture": "#3"
        },
        "west": {
          "uv": [
            4.5,
            4,
            5,
            4.5
          ],
          "rotation": 270,
          "texture": "#3"
        },
        "up": {
          "uv": [
            4.5,
            4.5,
            5,
            5
          ],
          "rotation": 90,
          "texture": "#3"
        },
        "down": {
          "uv": [
            4,
            4.5,
            4.5,
            5
          ],
          "rotation": 270,
          "texture": "#3"
        }
      }
    },
    {
      "from": [
        16.5,
        13,
        7.8
      ],
      "to": [
        17.5,
        15,
        8.8
      ],
      "rotation": {
        "angle": 0,
        "axis": "y",
        "origin": [
          6.5,
          23.6,
          16.3
        ]
      },
      "faces": {
        "north": {
          "uv": [
            1,
            7.5,
            2,
            8
          ],
          "rotation": 90,
          "texture": "#3"
        },
        "east": {
          "uv": [
            5.5,
            5,
            6.5,
            4.5
          ],
          "rotation": 90,
          "texture": "#3"
        },
        "south": {
          "uv": [
            1,
            8,
            2,
            7.5
          ],
          "rotation": 90,
          "texture": "#3"
        },
        "west": {
          "uv": [
            5.5,
            4.5,
            6.5,
            4
          ],
          "rotation": 90,
          "texture": "#3"
        },
        "up": {
          "uv": [
            5.5,
            4,
            6,
            3.5
          ],
          "rotation": 270,
          "texture": "#3"
        },
        "down": {
          "uv": [
            5.5,
            4,
            6,
            3.5
          ],
          "rotation": 270,
          "texture": "#3"
        }
      }
    },
    {
      "from": [
        16.7,
        14.8,
        7.9
      ],
      "to": [
        17.7,
        15.8,
        8.7
      ],
      "rotation": {
        "angle": 22.5,
        "axis": "z",
        "origin": [
          17,
          14.5,
          8.3
        ]
      },
      "faces": {
        "north": {
          "uv": [
            5,
            2,
            5.5,
            2.5
          ],
          "texture": "#3"
        },
        "east": {
          "uv": [
            5.5,
            1,
            5,
            1.5
          ],
          "texture": "#3"
        },
        "south": {
          "uv": [
            5.5,
            2,
            5,
            2.5
          ],
          "texture": "#3"
        },
        "west": {
          "uv": [
            5.5,
            1.5,
            5,
            2
          ],
          "texture": "#3"
        },
        "up": {
          "uv": [
            5.5,
            2.5,
            5,
            3
          ],
          "rotation": 180,
          "texture": "#3"
        },
        "down": {
          "uv": [
            5.5,
            3,
            5,
            3.5
          ],
          "rotation": 180,
          "texture": "#3"
        }
      }
    },
    {
      "from": [
        17.1,
        15.4,
        8
      ],
      "to": [
        18.1,
        16.4,
        8.6
      ],
      "rotation": {
        "angle": 45,
        "axis": "z",
        "origin": [
          17,
          14.5,
          8.3
        ]
      },
      "faces": {
        "north": {
          "uv": [
            5,
            4,
            5.5,
            4.5
          ],
          "texture": "#3"
        },
        "east": {
          "uv": [
            5.5,
            3.5,
            5.25,
            4
          ],
          "texture": "#3"
        },
        "south": {
          "uv": [
            5.5,
            4,
            5,
            4.5
          ],
          "texture": "#3"
        },
        "west": {
          "uv": [
            5.25,
            3.5,
            5,
            4
          ],
          "texture": "#3"
        },
        "up": {
          "uv": [
            5.5,
            4.5,
            5,
            4.75
          ],
          "rotation": 180,
          "texture": "#3"
        },
        "down": {
          "uv": [
            5.5,
            4.75,
            5,
            5
          ],
          "rotation": 180,
          "texture": "#3"
        }
      }
    },
    {
      "from": [
        14.7,
        15.2,
        7.8
      ],
      "to": [
        15.7,
        16.2,
        8.8
      ],
      "rotation": {
        "angle": -22.5,
        "axis": "z",
        "origin": [
          17,
          14.5,
          8.3
        ]
      },
      "faces": {
        "north": {
          "uv": [
            4,
            4,
            4.5,
            4.5
          ],
          "rotation": 90,
          "texture": "#3"
        },
        "east": {
          "uv": [
            4.5,
            4.5,
            5,
            4
          ],
          "rotation": 270,
          "texture": "#3"
        },
        "south": {
          "uv": [
            4,
            4.5,
            4.5,
            4
          ],
          "rotation": 90,
          "texture": "#3"
        },
        "west": {
          "uv": [
            4.5,
            4.5,
            5,
            4
          ],
          "rotation": 270,
          "texture": "#3"
        },
        "up": {
          "uv": [
            4.5,
            5,
            5,
            4.5
          ],
          "rotation": 90,
          "texture": "#3"
        },
        "down": {
          "uv": [
            4,
            5,
            4.5,
            4.5
          ],
          "rotation": 270,
          "texture": "#3"
        }
      }
    },
    {
      "from": [
        16.5,
        13,
        5.2
      ],
      "to": [
        17.5,
        15,
        6.2
      ],
      "rotation": {
        "angle": 0,
        "axis": "y",
        "origin": [
          6.5,
          23.6,
          13.7
        ]
      },
      "faces": {
        "north": {
          "uv": [
            1,
            7.5,
            2,
            8
          ],
          "rotation": 90,
          "texture": "#3"
        },
        "east": {
          "uv": [
            5.5,
            5,
            6.5,
            4.5
          ],
          "rotation": 90,
          "texture": "#3"
        },
        "south": {
          "uv": [
            1,
            8,
            2,
            7.5
          ],
          "rotation": 90,
          "texture": "#3"
        },
        "west": {
          "uv": [
            5.5,
            4.5,
            6.5,
            4
          ],
          "rotation": 90,
          "texture": "#3"
        },
        "up": {
          "uv": [
            5.5,
            4,
            6,
            3.5
          ],
          "rotation": 270,
          "texture": "#3"
        },
        "down": {
          "uv": [
            5.5,
            4,
            6,
            3.5
          ],
          "rotation": 270,
          "texture": "#3"
        }
      }
    },
    {
      "from": [
        16.7,
        14.8,
        5.3
      ],
      "to": [
        17.7,
        15.8,
        6.1
      ],
      "rotation": {
        "angle": 22.5,
        "axis": "z",
        "origin": [
          17,
          14.5,
          5.7
        ]
      },
      "faces": {
        "north": {
          "uv": [
            5,
            2,
            5.5,
            2.5
          ],
          "texture": "#3"
        },
        "east": {
          "uv": [
            5.5,
            1,
            5,
            1.5
          ],
          "texture": "#3"
        },
        "south": {
          "uv": [
            5.5,
            2,
            5,
            2.5
          ],
          "texture": "#3"
        },
        "west": {
          "uv": [
            5.5,
            1.5,
            5,
            2
          ],
          "texture": "#3"
        },
        "up": {
          "uv": [
            5.5,
            2.5,
            5,
            3
          ],
          "rotation": 180,
          "texture": "#3"
        },
        "down": {
          "uv": [
            5.5,
            3,
            5,
            3.5
          ],
          "rotation": 180,
          "texture": "#3"
        }
      }
    },
    {
      "from": [
        17.1,
        15.4,
        5.4
      ],
      "to": [
        18.1,
        16.4,
        6
      ],
      "rotation": {
        "angle": 45,
        "axis": "z",
        "origin": [
          17,
          14.5,
          5.7
        ]
      },
      "faces": {
        "north": {
          "uv": [
            5,
            4,
            5.5,
            4.5
          ],
          "texture": "#3"
        },
        "east": {
          "uv": [
            5.5,
            3.5,
            5.25,
            4
          ],
          "texture": "#3"
        },
        "south": {
          "uv": [
            5.5,
            4,
            5,
            4.5
          ],
          "texture": "#3"
        },
        "west": {
          "uv": [
            5.25,
            3.5,
            5,
            4
          ],
          "texture": "#3"
        },
        "up": {
          "uv": [
            5.5,
            4.5,
            5,
            4.75
          ],
          "rotation": 180,
          "texture": "#3"
        },
        "down": {
          "uv": [
            5.5,
            4.75,
            5,
            5
          ],
          "rotation": 180,
          "texture": "#3"
        }
      }
    },
    {
      "from": [
        14.7,
        15.2,
        5.2
      ],
      "to": [
        15.7,
        16.2,
        6.2
      ],
      "rotation": {
        "angle": -22.5,
        "axis": "z",
        "origin": [
          17,
          14.5,
          5.7
        ]
      },
      "faces": {
        "north": {
          "uv": [
            4,
            4,
            4.5,
            4.5
          ],
          "rotation": 90,
          "texture": "#3"
        },
        "east": {
          "uv": [
            4.5,
            4.5,
            5,
            4
          ],
          "rotation": 270,
          "texture": "#3"
        },
        "south": {
          "uv": [
            4,
            4.5,
            4.5,
            4
          ],
          "rotation": 90,
          "texture": "#3"
        },
        "west": {
          "uv": [
            4.5,
            4.5,
            5,
            4
          ],
          "rotation": 270,
          "texture": "#3"
        },
        "up": {
          "uv": [
            4.5,
            5,
            5,
            4.5
          ],
          "rotation": 90,
          "texture": "#3"
        },
        "down": {
          "uv": [
            4,
            5,
            4.5,
            4.5
          ],
          "rotation": 270,
          "texture": "#3"
        }
      }
    },
    {
      "from": [
        16.5,
        13,
        10.2
      ],
      "to": [
        17.5,
        15,
        11.2
      ],
      "rotation": {
        "angle": 0,
        "axis": "y",
        "origin": [
          6.5,
          23.6,
          18.7
        ]
      },
      "faces": {
        "north": {
          "uv": [
            1,
            7.5,
            2,
            8
          ],
          "rotation": 90,
          "texture": "#3"
        },
        "east": {
          "uv": [
            5.5,
            5,
            6.5,
            4.5
          ],
          "rotation": 90,
          "texture": "#3"
        },
        "south": {
          "uv": [
            1,
            8,
            2,
            7.5
          ],
          "rotation": 90,
          "texture": "#3"
        },
        "west": {
          "uv": [
            5.5,
            4.5,
            6.5,
            4
          ],
          "rotation": 90,
          "texture": "#3"
        },
        "up": {
          "uv": [
            5.5,
            4,
            6,
            3.5
          ],
          "rotation": 270,
          "texture": "#3"
        },
        "down": {
          "uv": [
            5.5,
            4,
            6,
            3.5
          ],
          "rotation": 270,
          "texture": "#3"
        }
      }
    },
    {
      "from": [
        16.7,
        14.8,
        10.3
      ],
      "to": [
        17.7,
        15.8,
        11.1
      ],
      "rotation": {
        "angle": 22.5,
        "axis": "z",
        "origin": [
          17,
          14.5,
          10.7
        ]
      },
      "faces": {
        "north": {
          "uv": [
            5,
            2,
            5.5,
            2.5
          ],
          "texture": "#3"
        },
        "east": {
          "uv": [
            5.5,
            1,
            5,
            1.5
          ],
          "texture": "#3"
        },
        "south": {
          "uv": [
            5.5,
            2,
            5,
            2.5
          ],
          "texture": "#3"
        },
        "west": {
          "uv": [
            5.5,
            1.5,
            5,
            2
          ],
          "texture": "#3"
        },
        "up": {
          "uv": [
            5.5,
            2.5,
            5,
            3
          ],
          "rotation": 180,
          "texture": "#3"
        },
        "down": {
          "uv": [
            5.5,
            3,
            5,
            3.5
          ],
          "rotation": 180,
          "texture": "#3"
        }
      }
    },
    {
      "from": [
        17.1,
        15.4,
        10.4
      ],
      "to": [
        18.1,
        16.4,
        11
      ],
      "rotation": {
        "angle": 45,
        "axis": "z",
        "origin": [
          17,
          14.5,
          10.7
        ]
      },
      "faces": {
        "north": {
          "uv": [
            5,
            4,
            5.5,
            4.5
          ],
          "texture": "#3"
        },
        "east": {
          "uv": [
            5.5,
            3.5,
            5.25,
            4
          ],
          "texture": "#3"
        },
        "south": {
          "uv": [
            5.5,
            4,
            5,
            4.5
          ],
          "texture": "#3"
        },
        "west": {
          "uv": [
            5.25,
            3.5,
            5,
            4
          ],
          "texture": "#3"
        },
        "up": {
          "uv": [
            5.5,
            4.5,
            5,
            4.75
          ],
          "rotation": 180,
          "texture": "#3"
        },
        "down": {
          "uv": [
            5.5,
            4.75,
            5,
            5
          ],
          "rotation": 180,
          "texture": "#3"
        }
      }
    },
    {
      "from": [
        14.7,
        15.2,
        10.2
      ],
      "to": [
        15.7,
        16.2,
        11.2
      ],
      "rotation": {
        "angle": -22.5,
        "axis": "z",
        "origin": [
          17,
          14.5,
          10.7
        ]
      },
      "faces": {
        "north": {
          "uv": [
            4,
            4,
            4.5,
            4.5
          ],
          "rotation": 90,
          "texture": "#3"
        },
        "east": {
          "uv": [
            4.5,
            4.5,
            5,
            4
          ],
          "rotation": 270,
          "texture": "#3"
        },
        "south": {
          "uv": [
            4,
            4.5,
            4.5,
            4
          ],
          "rotation": 90,
          "texture": "#3"
        },
        "west": {
          "uv": [
            4.5,
            4.5,
            5,
            4
          ],
          "rotation": 270,
          "texture": "#3"
        },
        "up": {
          "uv": [
            4.5,
            5,
            5,
            4.5
          ],
          "rotation": 90,
          "texture": "#3"
        },
        "down": {
          "uv": [
            4,
            5,
            4.5,
            4.5
          ],
          "rotation": 270,
          "texture": "#3"
        }
      }
    }
  ],
  "gui_light": "front",
  "display": {
    "thirdperson_righthand": {
      "rotation": [
        -0.24,
        3.25,
        7.85
      ],
      "translation": [
        1.25,
        -1.25,
        0
      ],
      "scale": [
        0.5,
        0.5,
        0.5
      ]
    },
    "thirdperson_lefthand": {
      "rotation": [
        -0.24,
        3.25,
        7.85
      ],
      "translation": [
        1.25,
        -1.25,
        0
      ],
      "scale": [
        0.5,
        0.5,
        0.5
      ]
    },
    "firstperson_righthand": {
      "rotation": [
        0,
        6,
        0
      ],
      "scale": [
        0.5,
        0.5,
        0.5
      ]
    },
    "firstperson_lefthand": {
      "rotation": [
        0,
        6,
        0
      ],
      "scale": [
        0.5,
        0.5,
        0.5
      ]
    },
    "ground": {
      "translation": [
        0,
        4.25,
        0
      ],
      "scale": [
        0.5,
        0.5,
        0.5
      ]
    },
    "gui": {
      "rotation": [
        0,
        180,
        0
      ],
      "translation": [
        0.5,
        -3,
        0
      ],
      "scale": [
        0.53,
        0.53,
        0.53
      ]
    },
    "head": {
      "translation": [
        0,
        -2.5,
        -1.75
      ]
    },
    "fixed": {
      "rotation": [
        -90,
        0,
        0
      ],
      "translation": [
        0,
        1.25,
        -1.25
      ],
      "scale": [
        2,
        2,
        2
      ]
    }
  },
  "groups": [
    0,
    1,
    2,
    3,
    4,
    5,
    6,
    7,
    8,
    {
      "name": "group",
      "origin": [
        0,
        0,
        16
      ],
      "color": 0,
      "children": [
        9,
        10,
        11,
        12,
        13,
        14,
        15,
        16,
        17,
        18,
        19
      ]
    },
    {
      "name": "group",
      "origin": [
        0,
        0,
        16
      ],
      "color": 0,
      "children": [
        20,
        21,
        22,
        23,
        24,
        25,
        26,
        27,
        28,
        29,
        30,
        31,
        32
      ]
    },
    {
      "name": "group",
      "origin": [
        8,
        8,
        8
      ],
      "color": 0,
      "children": [
        33,
        34,
        35,
        36
      ]
    },
    {
      "name": "group",
      "origin": [
        0.5,
        3,
        8
      ],
      "color": 0,
      "children": [
        37,
        38,
        39
      ]
    },
    {
      "name": "group",
      "origin": [
        8,
        -9.1,
        10.5
      ],
      "color": 0,
      "children": [
        40,
        41,
        42,
        43
      ]
    },
    {
      "name": "group",
      "origin": [
        8,
        -9.1,
        10.5
      ],
      "color": 0,
      "children": [
        44,
        45,
        46,
        47
      ]
    },
    {
      "name": "group",
      "origin": [
        8,
        -9.1,
        10.5
      ],
      "color": 0,
      "children": [
        48,
        49,
        50,
        51
      ]
    },
    {
      "name": "group",
      "origin": [
        8,
        -9.1,
        10.5
      ],
      "color": 0,
      "children": [
        52,
        53,
        54,
        55
      ]
    },
    {
      "name": "group",
      "origin": [
        8,
        -9.1,
        10.5
      ],
      "color": 0,
      "children": [
        56,
        57,
        58,
        59
      ]
    },
    {
      "name": "group",
      "origin": [
        8,
        -9.1,
        10.5
      ],
      "color": 0,
      "children": [
        60,
        61,
        62,
        63
      ]
    }
  ]
}