{
  "credit": "MadewithBlockbench",
  "texture_size": [
    32,
    32
  ],
  "textures": {
    "2": "elitecreatures:valentines_animated_weapon_and_tool_set_v1/valentine_tex1",
    "3": "elitecreatures:valentines_animated_weapon_and_tool_set_v1/valentine_tex2",
    "4": "elitecreatures:valentines_animated_weapon_and_tool_set_v1/valentine_tex3",
    "5": "elitecreatures:valentines_animated_weapon_and_tool_set_v1/cameralens1",
    "6": "elitecreatures:valentines_animated_weapon_and_tool_set_v1/valentine_tex5",
    "particle": "elitecreatures:valentines_animated_weapon_and_tool_set_v1/cloudheart"
  },
  "elements": [
    {
      "from": [
        8.5,
        13,
        6.1
      ],
      "to": [
        9.5,
        16,
        9.9
      ],
      "rotation": {
        "angle": -22.5,
        "axis": "z",
        "origin": [
          11,
          14.5,
          7.9
        ]
      },
      "faces": {
        "north": {
          "uv": [
            9.5,
            14.5,
            10,
            16
          ],
          "rotation": 180,
          "texture": "#6"
        },
        "east": {
          "uv": [
            10,
            12.5,
            12,
            14
          ],
          "texture": "#6"
        },
        "south": {
          "uv": [
            9.5,
            16,
            10,
            14.5
          ],
          "texture": "#6"
        },
        "west": {
          "uv": [
            10,
            14.5,
            12,
            16
          ],
          "texture": "#6"
        },
        "up": {
          "uv": [
            10,
            14,
            12,
            14.5
          ],
          "rotation": 90,
          "texture": "#6"
        },
        "down": {
          "uv": [
            10,
            14,
            12,
            14.5
          ],
          "rotation": 90,
          "texture": "#6"
        }
      }
    },
    {
      "from": [
        10.4,
        16.4,
        6
      ],
      "to": [
        12.4,
        17.4,
        10
      ],
      "rotation": {
        "angle": 22.5,
        "axis": "z",
        "origin": [
          11,
          14.5,
          7.9
        ]
      },
      "faces": {
        "north": {
          "uv": [
            11.25,
            7,
            11.75,
            8
          ],
          "rotation": 90,
          "texture": "#6"
        },
        "east": {
          "uv": [
            10.75,
            7,
            11.25,
            9
          ],
          "rotation": 90,
          "texture": "#6"
        },
        "south": {
          "uv": [
            11.25,
            8,
            11.75,
            7
          ],
          "rotation": 90,
          "texture": "#6"
        },
        "west": {
          "uv": [
            10.75,
            7,
            11.25,
            9
          ],
          "rotation": 90,
          "texture": "#6"
        },
        "up": {
          "uv": [
            10.75,
            6,
            12.75,
            7
          ],
          "rotation": 90,
          "texture": "#6"
        },
        "down": {
          "uv": [
            10.75,
            5,
            12.75,
            6
          ],
          "rotation": 90,
          "texture": "#6"
        }
      }
    },
    {
      "from": [
        9.9,
        16.5,
        5
      ],
      "to": [
        15.9,
        17.5,
        8
      ],
      "rotation": {
        "angle": -22.5,
        "axis": "z",
        "origin": [
          11,
          14.5,
          8.1
        ]
      },
      "faces": {
        "north": {
          "uv": [
            12.5,
            13,
            13,
            16
          ],
          "rotation": 90,
          "texture": "#6"
        },
        "east": {
          "uv": [
            12.5,
            13,
            12,
            14.5
          ],
          "rotation": 90,
          "texture": "#6"
        },
        "south": {
          "uv": [
            12.5,
            16,
            13,
            13
          ],
          "rotation": 90,
          "texture": "#6"
        },
        "west": {
          "uv": [
            12,
            16,
            12.5,
            14.5
          ],
          "rotation": 90,
          "texture": "#6"
        },
        "up": {
          "uv": [
            14.5,
            13,
            13,
            16
          ],
          "rotation": 90,
          "texture": "#6"
        },
        "down": {
          "uv": [
            16,
            13,
            14.5,
            16
          ],
          "rotation": 90,
          "texture": "#6"
        }
      }
    },
    {
      "from": [
        9.9,
        16.5,
        8
      ],
      "to": [
        15.9,
        17.5,
        11
      ],
      "rotation": {
        "angle": -22.5,
        "axis": "z",
        "origin": [
          11,
          14.5,
          7.9
        ]
      },
      "faces": {
        "north": {
          "uv": [
            12.5,
            13,
            13,
            16
          ],
          "rotation": 90,
          "texture": "#6"
        },
        "east": {
          "uv": [
            12.5,
            14.5,
            12,
            13
          ],
          "rotation": 90,
          "texture": "#6"
        },
        "south": {
          "uv": [
            12.5,
            16,
            13,
            13
          ],
          "rotation": 90,
          "texture": "#6"
        },
        "west": {
          "uv": [
            12,
            14.5,
            12.5,
            16
          ],
          "rotation": 90,
          "texture": "#6"
        },
        "up": {
          "uv": [
            13,
            13,
            14.5,
            16
          ],
          "rotation": 90,
          "texture": "#6"
        },
        "down": {
          "uv": [
            14.5,
            13,
            16,
            16
          ],
          "rotation": 90,
          "texture": "#6"
        }
      }
    },
    {
      "from": [
        7.4,
        16.3,
        4.6
      ],
      "to": [
        9.4,
        17.3,
        5.8
      ],
      "rotation": {
        "angle": 0,
        "axis": "y",
        "origin": [
          8.99847,
          11.76205,
          5.2
        ]
      },
      "faces": {
        "north": {
          "uv": [
            2,
            10,
            2.5,
            11
          ],
          "rotation": 90,
          "texture": "#4"
        },
        "east": {
          "uv": [
            2.5,
            11,
            2,
            11.5
          ],
          "rotation": 270,
          "texture": "#4"
        },
        "south": {
          "uv": [
            2.5,
            10,
            2,
            11
          ],
          "rotation": 270,
          "texture": "#4"
        },
        "west": {
          "uv": [
            2.5,
            11,
            2,
            11.5
          ],
          "rotation": 270,
          "texture": "#4"
        },
        "up": {
          "uv": [
            3.5,
            10.5,
            3,
            11.5
          ],
          "rotation": 270,
          "texture": "#4"
        },
        "down": {
          "uv": [
            3,
            10,
            2.5,
            11
          ],
          "rotation": 270,
          "texture": "#4"
        }
      }
    },
    {
      "from": [
        12.53263,
        13.40704,
        4.8
      ],
      "to": [
        13.53263,
        14.40704,
        5.6
      ],
      "rotation": {
        "angle": 45,
        "axis": "z",
        "origin": [
          8.99847,
          11.76205,
          5.2
        ]
      },
      "faces": {
        "north": {
          "uv": [
            1.5,
            11,
            1,
            11.5
          ],
          "texture": "#4"
        },
        "east": {
          "uv": [
            3,
            10,
            3.5,
            10.5
          ],
          "texture": "#4"
        },
        "south": {
          "uv": [
            1,
            11,
            1.5,
            11.5
          ],
          "texture": "#4"
        },
        "west": {
          "uv": [
            0.5,
            11.5,
            1,
            12
          ],
          "texture": "#4"
        },
        "up": {
          "uv": [
            1,
            10.5,
            1.5,
            11
          ],
          "texture": "#4"
        },
        "down": {
          "uv": [
            1,
            10.5,
            1.5,
            11
          ],
          "texture": "#4"
        }
      }
    },
    {
      "from": [
        7.31614,
        15.98121,
        4.7
      ],
      "to": [
        8.31614,
        16.98121,
        5.7
      ],
      "rotation": {
        "angle": -22.5,
        "axis": "z",
        "origin": [
          8.99847,
          11.76205,
          5.2
        ]
      },
      "faces": {
        "north": {
          "uv": [
            2.5,
            12,
            2,
            12.5
          ],
          "rotation": 270,
          "texture": "#4"
        },
        "east": {
          "uv": [
            3.25,
            11.5,
            3.75,
            12
          ],
          "rotation": 90,
          "texture": "#4"
        },
        "south": {
          "uv": [
            2.5,
            12,
            2,
            12.5
          ],
          "rotation": 270,
          "texture": "#4"
        },
        "west": {
          "uv": [
            3.25,
            11.5,
            3.75,
            12
          ],
          "rotation": 90,
          "texture": "#4"
        },
        "up": {
          "uv": [
            2.75,
            11.5,
            3.25,
            12
          ],
          "texture": "#4"
        },
        "down": {
          "uv": [
            2,
            12.5,
            2.5,
            13
          ],
          "texture": "#4"
        }
      }
    },
    {
      "from": [
        7.4,
        12,
        4.6
      ],
      "to": [
        9.4,
        13,
        5.8
      ],
      "rotation": {
        "angle": 0,
        "axis": "y",
        "origin": [
          8.99847,
          11.76205,
          5.2
        ]
      },
      "faces": {
        "north": {
          "uv": [
            1.5,
            12,
            1,
            13
          ],
          "rotation": 90,
          "texture": "#4"
        },
        "east": {
          "uv": [
            1.75,
            11.5,
            2.25,
            12
          ],
          "rotation": 270,
          "texture": "#4"
        },
        "south": {
          "uv": [
            1,
            12,
            1.5,
            13
          ],
          "rotation": 270,
          "texture": "#4"
        },
        "west": {
          "uv": [
            1.75,
            11.5,
            2.25,
            12
          ],
          "rotation": 270,
          "texture": "#4"
        },
        "up": {
          "uv": [
            1.5,
            12,
            2,
            13
          ],
          "rotation": 270,
          "texture": "#4"
        },
        "down": {
          "uv": [
            2.5,
            12,
            3,
            13
          ],
          "rotation": 270,
          "texture": "#4"
        }
      }
    },
    {
      "from": [
        9.51168,
        11.80196,
        4.7
      ],
      "to": [
        10.51168,
        12.80196,
        5.7
      ],
      "rotation": {
        "angle": 22.5,
        "axis": "z",
        "origin": [
          8.99847,
          11.76205,
          5.2
        ]
      },
      "faces": {
        "north": {
          "uv": [
            2,
            10.5,
            1.5,
            11
          ],
          "rotation": 90,
          "texture": "#4"
        },
        "east": {
          "uv": [
            1.5,
            11,
            2,
            11.5
          ],
          "rotation": 270,
          "texture": "#4"
        },
        "south": {
          "uv": [
            1.5,
            10.5,
            2,
            11
          ],
          "rotation": 270,
          "texture": "#4"
        },
        "west": {
          "uv": [
            1.5,
            11,
            2,
            11.5
          ],
          "rotation": 270,
          "texture": "#4"
        },
        "up": {
          "uv": [
            1.25,
            11.5,
            1.75,
            12
          ],
          "rotation": 270,
          "texture": "#4"
        },
        "down": {
          "uv": [
            2.25,
            11.5,
            2.75,
            12
          ],
          "rotation": 270,
          "texture": "#4"
        }
      }
    },
    {
      "from": [
        8.56059,
        13.1891,
        4.8
      ],
      "to": [
        9.56059,
        14.1891,
        5.6
      ],
      "rotation": {
        "angle": -45,
        "axis": "z",
        "origin": [
          8.99847,
          11.76205,
          5.2
        ]
      },
      "faces": {
        "north": {
          "uv": [
            1,
            12,
            0.5,
            12.5
          ],
          "texture": "#4"
        },
        "east": {
          "uv": [
            2.5,
            11,
            3,
            11.5
          ],
          "texture": "#4"
        },
        "south": {
          "uv": [
            0.5,
            12,
            1,
            12.5
          ],
          "texture": "#4"
        },
        "west": {
          "uv": [
            0.5,
            12.5,
            1,
            13
          ],
          "texture": "#4"
        },
        "up": {
          "uv": [
            1.5,
            10,
            2,
            10.5
          ],
          "texture": "#4"
        },
        "down": {
          "uv": [
            1.5,
            10,
            2,
            10.5
          ],
          "texture": "#4"
        }
      }
    },
    {
      "from": [
        10.1,
        13.1,
        4.7
      ],
      "to": [
        11.1,
        16.1,
        5.7
      ],
      "rotation": {
        "angle": 0,
        "axis": "y",
        "origin": [
          8.99847,
          11.76205,
          5.2
        ]
      },
      "faces": {
        "north": {
          "uv": [
            0.5,
            10,
            1,
            11.5
          ],
          "texture": "#4"
        },
        "east": {
          "uv": [
            0,
            10,
            0.5,
            11.5
          ],
          "texture": "#4"
        },
        "south": {
          "uv": [
            1,
            10,
            0.5,
            11.5
          ],
          "texture": "#4"
        },
        "west": {
          "uv": [
            0,
            11.5,
            0.5,
            13
          ],
          "texture": "#4"
        },
        "up": {
          "uv": [
            1,
            10,
            1.5,
            10.5
          ],
          "texture": "#4"
        },
        "down": {
          "uv": [
            1,
            10,
            1.5,
            10.5
          ],
          "texture": "#4"
        }
      }
    },
    {
      "from": [
        5.9,
        13.1,
        4.7
      ],
      "to": [
        6.9,
        16.1,
        5.7
      ],
      "rotation": {
        "angle": 0,
        "axis": "y",
        "origin": [
          8.99847,
          11.76205,
          5.2
        ]
      },
      "faces": {
        "north": {
          "uv": [
            1,
            10,
            0.5,
            11.5
          ],
          "texture": "#4"
        },
        "east": {
          "uv": [
            0.5,
            11.5,
            0,
            13
          ],
          "texture": "#4"
        },
        "south": {
          "uv": [
            0.5,
            10,
            1,
            11.5
          ],
          "texture": "#4"
        },
        "west": {
          "uv": [
            0.5,
            10,
            0,
            11.5
          ],
          "texture": "#4"
        },
        "up": {
          "uv": [
            1.5,
            10,
            1,
            10.5
          ],
          "texture": "#4"
        },
        "down": {
          "uv": [
            1.5,
            10,
            1,
            10.5
          ],
          "texture": "#4"
        }
      }
    },
    {
      "from": [
        5.5,
        8,
        8
      ],
      "to": [
        5.5,
        16,
        14
      ],
      "rotation": {
        "angle": -22.5,
        "axis": "y",
        "origin": [
          6.5,
          12.5,
          10.5
        ]
      },
      "faces": {
        "north": {
          "uv": [
            0,
            0,
            0,
            4
          ],
          "texture": "#6"
        },
        "east": {
          "uv": [
            7.75,
            0.5,
            4.75,
            4.5
          ],
          "texture": "#6"
        },
        "south": {
          "uv": [
            0,
            0,
            0,
            4
          ],
          "texture": "#6"
        },
        "west": {
          "uv": [
            4.75,
            0.5,
            7.75,
            4.5
          ],
          "texture": "#6"
        },
        "up": {
          "uv": [
            3,
            0,
            0,
            0
          ],
          "rotation": 90,
          "texture": "#6"
        },
        "down": {
          "uv": [
            3,
            0,
            0,
            0
          ],
          "rotation": 270,
          "texture": "#6"
        }
      }
    },
    {
      "from": [
        5.5,
        8,
        2
      ],
      "to": [
        5.5,
        16,
        8
      ],
      "rotation": {
        "angle": 22.5,
        "axis": "y",
        "origin": [
          6.5,
          12.5,
          5.5
        ]
      },
      "faces": {
        "north": {
          "uv": [
            0,
            0,
            0,
            4
          ],
          "texture": "#6"
        },
        "east": {
          "uv": [
            4.75,
            0.5,
            7.75,
            4.5
          ],
          "texture": "#6"
        },
        "south": {
          "uv": [
            0,
            0,
            0,
            4
          ],
          "texture": "#6"
        },
        "west": {
          "uv": [
            7.75,
            0.5,
            4.75,
            4.5
          ],
          "texture": "#6"
        },
        "up": {
          "uv": [
            0,
            0,
            3,
            0
          ],
          "rotation": 90,
          "texture": "#6"
        },
        "down": {
          "uv": [
            0,
            0,
            3,
            0
          ],
          "rotation": 270,
          "texture": "#6"
        }
      }
    },
    {
      "from": [
        7,
        13,
        1
      ],
      "to": [
        10,
        17,
        3
      ],
      "rotation": {
        "angle": -45,
        "axis": "y",
        "origin": [
          1.5,
          10.5,
          1
        ]
      },
      "faces": {
        "north": {
          "uv": [
            11.5,
            5.75,
            10,
            7.75
          ],
          "texture": "#2"
        },
        "east": {
          "uv": [
            9,
            5.75,
            10,
            7.75
          ],
          "texture": "#2"
        },
        "south": {
          "uv": [
            10,
            5.75,
            11.5,
            7.75
          ],
          "texture": "#2"
        },
        "west": {
          "uv": [
            9,
            5.75,
            10,
            7.75
          ],
          "texture": "#2"
        },
        "up": {
          "uv": [
            8.5,
            1,
            7,
            0
          ],
          "rotation": 180,
          "texture": "#2"
        },
        "down": {
          "uv": [
            8.5,
            1,
            7,
            0
          ],
          "rotation": 180,
          "texture": "#2"
        }
      }
    },
    {
      "from": [
        7,
        13,
        13
      ],
      "to": [
        10,
        17,
        15
      ],
      "rotation": {
        "angle": 45,
        "axis": "y",
        "origin": [
          1.5,
          10.5,
          15
        ]
      },
      "faces": {
        "north": {
          "uv": [
            11.5,
            5.75,
            10,
            7.75
          ],
          "texture": "#2"
        },
        "east": {
          "uv": [
            10,
            5.75,
            9,
            7.75
          ],
          "texture": "#2"
        },
        "south": {
          "uv": [
            11.5,
            5.75,
            10,
            7.75
          ],
          "texture": "#2"
        },
        "west": {
          "uv": [
            10,
            5.75,
            9,
            7.75
          ],
          "texture": "#2"
        },
        "up": {
          "uv": [
            8.5,
            0,
            7,
            1
          ],
          "rotation": 180,
          "texture": "#2"
        },
        "down": {
          "uv": [
            8.5,
            0,
            7,
            1
          ],
          "rotation": 180,
          "texture": "#2"
        }
      }
    },
    {
      "from": [
        7.73141,
        13.89405,
        4.8
      ],
      "to": [
        8.73141,
        14.89405,
        5.6
      ],
      "rotation": {
        "angle": 45,
        "axis": "z",
        "origin": [
          8.99847,
          11.76205,
          5.2
        ]
      },
      "faces": {
        "north": {
          "uv": [
            0.5,
            12,
            1,
            12.5
          ],
          "texture": "#4"
        },
        "east": {
          "uv": [
            1,
            12.5,
            0.5,
            13
          ],
          "texture": "#4"
        },
        "south": {
          "uv": [
            1,
            12,
            0.5,
            12.5
          ],
          "texture": "#4"
        },
        "west": {
          "uv": [
            3,
            11,
            2.5,
            11.5
          ],
          "texture": "#4"
        },
        "up": {
          "uv": [
            2,
            10,
            1.5,
            10.5
          ],
          "texture": "#4"
        },
        "down": {
          "uv": [
            2,
            10,
            1.5,
            10.5
          ],
          "texture": "#4"
        }
      }
    },
    {
      "from": [
        6.56421,
        11.42045,
        4.7
      ],
      "to": [
        7.56421,
        12.42045,
        5.7
      ],
      "rotation": {
        "angle": -22.5,
        "axis": "z",
        "origin": [
          8.99847,
          11.76205,
          5.2
        ]
      },
      "faces": {
        "north": {
          "uv": [
            2,
            11,
            1.5,
            10.5
          ],
          "rotation": 90,
          "texture": "#4"
        },
        "east": {
          "uv": [
            1.5,
            11.5,
            2,
            11
          ],
          "rotation": 270,
          "texture": "#4"
        },
        "south": {
          "uv": [
            1.5,
            11,
            2,
            10.5
          ],
          "rotation": 270,
          "texture": "#4"
        },
        "west": {
          "uv": [
            1.5,
            11.5,
            2,
            11
          ],
          "rotation": 270,
          "texture": "#4"
        },
        "up": {
          "uv": [
            1.25,
            12,
            1.75,
            11.5
          ],
          "rotation": 270,
          "texture": "#4"
        },
        "down": {
          "uv": [
            2.25,
            12,
            2.75,
            11.5
          ],
          "rotation": 270,
          "texture": "#4"
        }
      }
    },
    {
      "from": [
        8.75974,
        16.36272,
        4.7
      ],
      "to": [
        9.75974,
        17.36272,
        5.7
      ],
      "rotation": {
        "angle": 22.5,
        "axis": "z",
        "origin": [
          8.99847,
          11.76205,
          5.2
        ]
      },
      "faces": {
        "north": {
          "uv": [
            2.5,
            12.5,
            2,
            12
          ],
          "rotation": 270,
          "texture": "#4"
        },
        "east": {
          "uv": [
            3,
            12.5,
            3.5,
            12
          ],
          "rotation": 90,
          "texture": "#4"
        },
        "south": {
          "uv": [
            2.5,
            12.5,
            2,
            12
          ],
          "rotation": 270,
          "texture": "#4"
        },
        "west": {
          "uv": [
            2.5,
            12,
            2,
            12.5
          ],
          "rotation": 270,
          "texture": "#4"
        },
        "up": {
          "uv": [
            3.25,
            11.5,
            2.75,
            12
          ],
          "texture": "#4"
        },
        "down": {
          "uv": [
            2.5,
            12.5,
            2,
            13
          ],
          "texture": "#4"
        }
      }
    },
    {
      "from": [
        6.8,
        12.9,
        5.2
      ],
      "to": [
        10.3,
        16.4,
        5.2
      ],
      "rotation": {
        "angle": 0,
        "axis": "y",
        "origin": [
          0.4,
          8.9,
          -2.8
        ]
      },
      "faces": {
        "north": {
          "uv": [
            2,
            10,
            5.5,
            13.5
          ],
          "texture": "#5"
        },
        "east": {
          "uv": [
            0,
            6,
            0,
            0
          ],
          "texture": "#5"
        },
        "south": {
          "uv": [
            2,
            13.5,
            5.5,
            10
          ],
          "texture": "#5"
        },
        "west": {
          "uv": [
            0,
            6,
            0,
            0
          ],
          "texture": "#5"
        },
        "up": {
          "uv": [
            0,
            0,
            3,
            0
          ],
          "texture": "#5"
        },
        "down": {
          "uv": [
            0,
            0,
            3,
            0
          ],
          "texture": "#5"
        }
      }
    },
    {
      "from": [
        3.75937,
        12.7021,
        4.8
      ],
      "to": [
        4.75937,
        13.7021,
        5.6
      ],
      "rotation": {
        "angle": -45,
        "axis": "z",
        "origin": [
          8.99847,
          11.76205,
          5.2
        ]
      },
      "faces": {
        "north": {
          "uv": [
            1,
            11,
            1.5,
            11.5
          ],
          "texture": "#4"
        },
        "east": {
          "uv": [
            1,
            11.5,
            0.5,
            12
          ],
          "texture": "#4"
        },
        "south": {
          "uv": [
            1.5,
            11,
            1,
            11.5
          ],
          "texture": "#4"
        },
        "west": {
          "uv": [
            3.5,
            10,
            3,
            10.5
          ],
          "texture": "#4"
        },
        "up": {
          "uv": [
            1.5,
            10.5,
            1,
            11
          ],
          "texture": "#4"
        },
        "down": {
          "uv": [
            1.5,
            10.5,
            1,
            11
          ],
          "texture": "#4"
        }
      }
    },
    {
      "from": [
        7.4,
        16.3,
        10.2
      ],
      "to": [
        9.4,
        17.3,
        11.4
      ],
      "rotation": {
        "angle": 0,
        "axis": "y",
        "origin": [
          8.99847,
          11.76205,
          10.8
        ]
      },
      "faces": {
        "north": {
          "uv": [
            2.5,
            11,
            2,
            10
          ],
          "rotation": 270,
          "texture": "#4"
        },
        "east": {
          "uv": [
            2.5,
            11.5,
            2,
            11
          ],
          "rotation": 270,
          "texture": "#4"
        },
        "south": {
          "uv": [
            2,
            11,
            2.5,
            10
          ],
          "rotation": 90,
          "texture": "#4"
        },
        "west": {
          "uv": [
            2.5,
            11.5,
            2,
            11
          ],
          "rotation": 270,
          "texture": "#4"
        },
        "up": {
          "uv": [
            3,
            10.5,
            3.5,
            11.5
          ],
          "rotation": 270,
          "texture": "#4"
        },
        "down": {
          "uv": [
            2.5,
            10,
            3,
            11
          ],
          "rotation": 270,
          "texture": "#4"
        }
      }
    },
    {
      "from": [
        12.53263,
        13.40704,
        10.4
      ],
      "to": [
        13.53263,
        14.40704,
        11.2
      ],
      "rotation": {
        "angle": 45,
        "axis": "z",
        "origin": [
          8.99847,
          11.76205,
          10.8
        ]
      },
      "faces": {
        "north": {
          "uv": [
            1.5,
            11,
            1,
            11.5
          ],
          "texture": "#4"
        },
        "east": {
          "uv": [
            3.5,
            10,
            3,
            10.5
          ],
          "texture": "#4"
        },
        "south": {
          "uv": [
            1,
            11,
            1.5,
            11.5
          ],
          "texture": "#4"
        },
        "west": {
          "uv": [
            1,
            11.5,
            0.5,
            12
          ],
          "texture": "#4"
        },
        "up": {
          "uv": [
            1,
            11,
            1.5,
            10.5
          ],
          "texture": "#4"
        },
        "down": {
          "uv": [
            1,
            11,
            1.5,
            10.5
          ],
          "texture": "#4"
        }
      }
    },
    {
      "from": [
        7.31614,
        15.98121,
        10.3
      ],
      "to": [
        8.31614,
        16.98121,
        11.3
      ],
      "rotation": {
        "angle": -22.5,
        "axis": "z",
        "origin": [
          8.99847,
          11.76205,
          10.8
        ]
      },
      "faces": {
        "north": {
          "uv": [
            2.5,
            12.5,
            2,
            12
          ],
          "rotation": 270,
          "texture": "#4"
        },
        "east": {
          "uv": [
            3.25,
            12,
            3.75,
            11.5
          ],
          "rotation": 90,
          "texture": "#4"
        },
        "south": {
          "uv": [
            2.5,
            12.5,
            2,
            12
          ],
          "rotation": 270,
          "texture": "#4"
        },
        "west": {
          "uv": [
            3.25,
            12,
            3.75,
            11.5
          ],
          "rotation": 90,
          "texture": "#4"
        },
        "up": {
          "uv": [
            2.75,
            12,
            3.25,
            11.5
          ],
          "texture": "#4"
        },
        "down": {
          "uv": [
            2,
            13,
            2.5,
            12.5
          ],
          "texture": "#4"
        }
      }
    },
    {
      "from": [
        7.4,
        12,
        10.2
      ],
      "to": [
        9.4,
        13,
        11.4
      ],
      "rotation": {
        "angle": 0,
        "axis": "y",
        "origin": [
          8.99847,
          11.76205,
          10.8
        ]
      },
      "faces": {
        "north": {
          "uv": [
            1,
            13,
            1.5,
            12
          ],
          "rotation": 270,
          "texture": "#4"
        },
        "east": {
          "uv": [
            1.75,
            12,
            2.25,
            11.5
          ],
          "rotation": 270,
          "texture": "#4"
        },
        "south": {
          "uv": [
            1.5,
            13,
            1,
            12
          ],
          "rotation": 90,
          "texture": "#4"
        },
        "west": {
          "uv": [
            1.75,
            12,
            2.25,
            11.5
          ],
          "rotation": 270,
          "texture": "#4"
        },
        "up": {
          "uv": [
            2,
            12,
            1.5,
            13
          ],
          "rotation": 270,
          "texture": "#4"
        },
        "down": {
          "uv": [
            3,
            12,
            2.5,
            13
          ],
          "rotation": 270,
          "texture": "#4"
        }
      }
    },
    {
      "from": [
        9.51168,
        11.80196,
        10.3
      ],
      "to": [
        10.51168,
        12.80196,
        11.3
      ],
      "rotation": {
        "angle": 22.5,
        "axis": "z",
        "origin": [
          8.99847,
          11.76205,
          10.8
        ]
      },
      "faces": {
        "north": {
          "uv": [
            1.5,
            11,
            2,
            10.5
          ],
          "rotation": 270,
          "texture": "#4"
        },
        "east": {
          "uv": [
            1.5,
            11.5,
            2,
            11
          ],
          "rotation": 270,
          "texture": "#4"
        },
        "south": {
          "uv": [
            2,
            11,
            1.5,
            10.5
          ],
          "rotation": 90,
          "texture": "#4"
        },
        "west": {
          "uv": [
            1.5,
            11.5,
            2,
            11
          ],
          "rotation": 270,
          "texture": "#4"
        },
        "up": {
          "uv": [
            1.75,
            11.5,
            1.25,
            12
          ],
          "rotation": 270,
          "texture": "#4"
        },
        "down": {
          "uv": [
            2.75,
            11.5,
            2.25,
            12
          ],
          "rotation": 270,
          "texture": "#4"
        }
      }
    },
    {
      "from": [
        8.56059,
        13.1891,
        10.4
      ],
      "to": [
        9.56059,
        14.1891,
        11.2
      ],
      "rotation": {
        "angle": -45,
        "axis": "z",
        "origin": [
          8.99847,
          11.76205,
          10.8
        ]
      },
      "faces": {
        "north": {
          "uv": [
            1,
            12,
            0.5,
            12.5
          ],
          "texture": "#4"
        },
        "east": {
          "uv": [
            3,
            11,
            2.5,
            11.5
          ],
          "texture": "#4"
        },
        "south": {
          "uv": [
            0.5,
            12,
            1,
            12.5
          ],
          "texture": "#4"
        },
        "west": {
          "uv": [
            1,
            12.5,
            0.5,
            13
          ],
          "texture": "#4"
        },
        "up": {
          "uv": [
            1.5,
            10.5,
            2,
            10
          ],
          "texture": "#4"
        },
        "down": {
          "uv": [
            1.5,
            10.5,
            2,
            10
          ],
          "texture": "#4"
        }
      }
    },
    {
      "from": [
        10.1,
        13.1,
        10.3
      ],
      "to": [
        11.1,
        16.1,
        11.3
      ],
      "rotation": {
        "angle": 0,
        "axis": "y",
        "origin": [
          8.99847,
          11.76205,
          10.8
        ]
      },
      "faces": {
        "north": {
          "uv": [
            0.5,
            10,
            1,
            11.5
          ],
          "texture": "#4"
        },
        "east": {
          "uv": [
            0.5,
            10,
            0,
            11.5
          ],
          "texture": "#4"
        },
        "south": {
          "uv": [
            1,
            10,
            0.5,
            11.5
          ],
          "texture": "#4"
        },
        "west": {
          "uv": [
            0.5,
            11.5,
            0,
            13
          ],
          "texture": "#4"
        },
        "up": {
          "uv": [
            1,
            10.5,
            1.5,
            10
          ],
          "texture": "#4"
        },
        "down": {
          "uv": [
            1,
            10.5,
            1.5,
            10
          ],
          "texture": "#4"
        }
      }
    },
    {
      "from": [
        5.9,
        13.1,
        10.3
      ],
      "to": [
        6.9,
        16.1,
        11.3
      ],
      "rotation": {
        "angle": 0,
        "axis": "y",
        "origin": [
          8.99847,
          11.76205,
          10.8
        ]
      },
      "faces": {
        "north": {
          "uv": [
            1,
            10,
            0.5,
            11.5
          ],
          "texture": "#4"
        },
        "east": {
          "uv": [
            0,
            11.5,
            0.5,
            13
          ],
          "texture": "#4"
        },
        "south": {
          "uv": [
            0.5,
            10,
            1,
            11.5
          ],
          "texture": "#4"
        },
        "west": {
          "uv": [
            0,
            10,
            0.5,
            11.5
          ],
          "texture": "#4"
        },
        "up": {
          "uv": [
            1.5,
            10.5,
            1,
            10
          ],
          "texture": "#4"
        },
        "down": {
          "uv": [
            1.5,
            10.5,
            1,
            10
          ],
          "texture": "#4"
        }
      }
    },
    {
      "from": [
        7.73141,
        13.89405,
        10.4
      ],
      "to": [
        8.73141,
        14.89405,
        11.2
      ],
      "rotation": {
        "angle": 45,
        "axis": "z",
        "origin": [
          8.99847,
          11.76205,
          10.8
        ]
      },
      "faces": {
        "north": {
          "uv": [
            0.5,
            12,
            1,
            12.5
          ],
          "texture": "#4"
        },
        "east": {
          "uv": [
            0.5,
            12.5,
            1,
            13
          ],
          "texture": "#4"
        },
        "south": {
          "uv": [
            1,
            12,
            0.5,
            12.5
          ],
          "texture": "#4"
        },
        "west": {
          "uv": [
            2.5,
            11,
            3,
            11.5
          ],
          "texture": "#4"
        },
        "up": {
          "uv": [
            2,
            10.5,
            1.5,
            10
          ],
          "texture": "#4"
        },
        "down": {
          "uv": [
            2,
            10.5,
            1.5,
            10
          ],
          "texture": "#4"
        }
      }
    },
    {
      "from": [
        6.56421,
        11.42045,
        10.3
      ],
      "to": [
        7.56421,
        12.42045,
        11.3
      ],
      "rotation": {
        "angle": -22.5,
        "axis": "z",
        "origin": [
          8.99847,
          11.76205,
          10.8
        ]
      },
      "faces": {
        "north": {
          "uv": [
            1.5,
            10.5,
            2,
            11
          ],
          "rotation": 270,
          "texture": "#4"
        },
        "east": {
          "uv": [
            1.5,
            11,
            2,
            11.5
          ],
          "rotation": 270,
          "texture": "#4"
        },
        "south": {
          "uv": [
            2,
            10.5,
            1.5,
            11
          ],
          "rotation": 90,
          "texture": "#4"
        },
        "west": {
          "uv": [
            1.5,
            11,
            2,
            11.5
          ],
          "rotation": 270,
          "texture": "#4"
        },
        "up": {
          "uv": [
            1.75,
            12,
            1.25,
            11.5
          ],
          "rotation": 270,
          "texture": "#4"
        },
        "down": {
          "uv": [
            2.75,
            12,
            2.25,
            11.5
          ],
          "rotation": 270,
          "texture": "#4"
        }
      }
    },
    {
      "from": [
        8.75974,
        16.36272,
        10.3
      ],
      "to": [
        9.75974,
        17.36272,
        11.3
      ],
      "rotation": {
        "angle": 22.5,
        "axis": "z",
        "origin": [
          8.99847,
          11.76205,
          10.8
        ]
      },
      "faces": {
        "north": {
          "uv": [
            2.5,
            12,
            2,
            12.5
          ],
          "rotation": 270,
          "texture": "#4"
        },
        "east": {
          "uv": [
            3,
            12,
            3.5,
            12.5
          ],
          "rotation": 90,
          "texture": "#4"
        },
        "south": {
          "uv": [
            2.5,
            12,
            2,
            12.5
          ],
          "rotation": 270,
          "texture": "#4"
        },
        "west": {
          "uv": [
            2.5,
            12.5,
            2,
            12
          ],
          "rotation": 270,
          "texture": "#4"
        },
        "up": {
          "uv": [
            3.25,
            12,
            2.75,
            11.5
          ],
          "texture": "#4"
        },
        "down": {
          "uv": [
            2.5,
            13,
            2,
            12.5
          ],
          "texture": "#4"
        }
      }
    },
    {
      "from": [
        6.8,
        12.9,
        10.8
      ],
      "to": [
        10.3,
        16.4,
        10.8
      ],
      "rotation": {
        "angle": 0,
        "axis": "y",
        "origin": [
          0.4,
          8.9,
          18.8
        ]
      },
      "faces": {
        "north": {
          "uv": [
            5.5,
            13.5,
            2,
            10
          ],
          "texture": "#5"
        },
        "east": {
          "uv": [
            0,
            6,
            0,
            0
          ],
          "texture": "#5"
        },
        "south": {
          "uv": [
            5.5,
            10,
            2,
            13.5
          ],
          "texture": "#5"
        },
        "west": {
          "uv": [
            0,
            6,
            0,
            0
          ],
          "texture": "#5"
        },
        "up": {
          "uv": [
            0,
            0,
            3,
            0
          ],
          "texture": "#5"
        },
        "down": {
          "uv": [
            0,
            0,
            3,
            0
          ],
          "texture": "#5"
        }
      }
    },
    {
      "from": [
        3.75937,
        12.7021,
        10.4
      ],
      "to": [
        4.75937,
        13.7021,
        11.2
      ],
      "rotation": {
        "angle": -45,
        "axis": "z",
        "origin": [
          8.99847,
          11.76205,
          10.8
        ]
      },
      "faces": {
        "north": {
          "uv": [
            1,
            11,
            1.5,
            11.5
          ],
          "texture": "#4"
        },
        "east": {
          "uv": [
            0.5,
            11.5,
            1,
            12
          ],
          "texture": "#4"
        },
        "south": {
          "uv": [
            1.5,
            11,
            1,
            11.5
          ],
          "texture": "#4"
        },
        "west": {
          "uv": [
            3,
            10,
            3.5,
            10.5
          ],
          "texture": "#4"
        },
        "up": {
          "uv": [
            1.5,
            11,
            1,
            10.5
          ],
          "texture": "#4"
        },
        "down": {
          "uv": [
            1.5,
            11,
            1,
            10.5
          ],
          "texture": "#4"
        }
      }
    },
    {
      "from": [
        7,
        -9,
        7
      ],
      "to": [
        9,
        0,
        9
      ],
      "rotation": {
        "angle": 0,
        "axis": "y",
        "origin": [
          8,
          -4.5,
          8
        ]
      },
      "faces": {
        "north": {
          "uv": [
            0,
            16,
            4.5,
            15
          ],
          "rotation": 90,
          "texture": "#4"
        },
        "east": {
          "uv": [
            9,
            4.5,
            13.5,
            3.5
          ],
          "rotation": 90,
          "texture": "#3"
        },
        "south": {
          "uv": [
            0,
            15,
            4.5,
            16
          ],
          "rotation": 90,
          "texture": "#4"
        },
        "west": {
          "uv": [
            0,
            15,
            4.5,
            14
          ],
          "rotation": 90,
          "texture": "#4"
        },
        "up": {
          "uv": [
            13,
            10,
            12,
            9
          ],
          "rotation": 90,
          "texture": "#4"
        },
        "down": {
          "uv": [
            13,
            9,
            12,
            10
          ],
          "rotation": 270,
          "texture": "#3"
        }
      }
    },
    {
      "from": [
        7,
        0,
        7
      ],
      "to": [
        9,
        9,
        9
      ],
      "rotation": {
        "angle": 0,
        "axis": "y",
        "origin": [
          8,
          -4.5,
          8
        ]
      },
      "faces": {
        "north": {
          "uv": [
            0,
            16,
            4.5,
            15
          ],
          "rotation": 90,
          "texture": "#4"
        },
        "east": {
          "uv": [
            9,
            4.5,
            13.5,
            3.5
          ],
          "rotation": 90,
          "texture": "#3"
        },
        "south": {
          "uv": [
            0,
            15,
            4.5,
            16
          ],
          "rotation": 90,
          "texture": "#4"
        },
        "west": {
          "uv": [
            0,
            15,
            4.5,
            14
          ],
          "rotation": 90,
          "texture": "#4"
        },
        "up": {
          "uv": [
            13,
            10,
            12,
            9
          ],
          "rotation": 90,
          "texture": "#4"
        },
        "down": {
          "uv": [
            13,
            9,
            12,
            10
          ],
          "rotation": 270,
          "texture": "#3"
        }
      }
    },
    {
      "from": [
        -8.6,
        20,
        10
      ],
      "to": [
        2.4,
        22,
        10
      ],
      "rotation": {
        "angle": -45,
        "axis": "z",
        "origin": [
          0.9,
          10,
          17.5
        ]
      },
      "faces": {
        "north": {
          "uv": [
            15,
            0,
            16,
            5.5
          ],
          "rotation": 90,
          "texture": "#4"
        },
        "east": {
          "uv": [
            0,
            0,
            0,
            1
          ],
          "rotation": 180,
          "texture": "#4"
        },
        "south": {
          "uv": [
            16,
            0,
            15,
            5.5
          ],
          "rotation": 270,
          "texture": "#4"
        },
        "west": {
          "uv": [
            0,
            0,
            0,
            1
          ],
          "texture": "#4"
        },
        "up": {
          "uv": [
            0,
            0,
            0,
            8.5
          ],
          "rotation": 270,
          "texture": "#4"
        },
        "down": {
          "uv": [
            0,
            0,
            0,
            8.5
          ],
          "rotation": 270,
          "texture": "#4"
        }
      }
    },
    {
      "from": [
        -8.6,
        20,
        6
      ],
      "to": [
        2.4,
        22,
        6
      ],
      "rotation": {
        "angle": -45,
        "axis": "z",
        "origin": [
          0.9,
          10,
          -1.5
        ]
      },
      "faces": {
        "north": {
          "uv": [
            16,
            5.5,
            15,
            0
          ],
          "rotation": 270,
          "texture": "#4"
        },
        "east": {
          "uv": [
            0,
            0,
            0,
            1
          ],
          "rotation": 180,
          "texture": "#4"
        },
        "south": {
          "uv": [
            15,
            5.5,
            16,
            0
          ],
          "rotation": 90,
          "texture": "#4"
        },
        "west": {
          "uv": [
            0,
            0,
            0,
            1
          ],
          "texture": "#4"
        },
        "up": {
          "uv": [
            0,
            0,
            0,
            8.5
          ],
          "rotation": 270,
          "texture": "#4"
        },
        "down": {
          "uv": [
            0,
            0,
            0,
            8.5
          ],
          "rotation": 270,
          "texture": "#4"
        }
      }
    },
    {
      "from": [
        25,
        -2.5,
        8
      ],
      "to": [
        29,
        1.5,
        10
      ],
      "rotation": {
        "angle": -45,
        "axis": "z",
        "origin": [
          8.59847,
          18.86205,
          8
        ]
      },
      "faces": {
        "north": {
          "uv": [
            14,
            9,
            16,
            11
          ],
          "texture": "#4"
        },
        "east": {
          "uv": [
            15,
            7,
            16,
            9
          ],
          "texture": "#4"
        },
        "south": {
          "uv": [
            14,
            9,
            16,
            11
          ],
          "texture": "#4"
        },
        "west": {
          "uv": [
            16,
            9,
            15,
            7
          ],
          "texture": "#4"
        },
        "up": {
          "uv": [
            14,
            14,
            16,
            15
          ],
          "rotation": 180,
          "texture": "#4"
        },
        "down": {
          "uv": [
            16,
            15,
            14,
            14
          ],
          "rotation": 180,
          "texture": "#4"
        }
      }
    },
    {
      "from": [
        25,
        -2.5,
        6
      ],
      "to": [
        29,
        1.5,
        8
      ],
      "rotation": {
        "angle": -45,
        "axis": "z",
        "origin": [
          8.59847,
          18.86205,
          8
        ]
      },
      "faces": {
        "north": {
          "uv": [
            16,
            9,
            14,
            11
          ],
          "texture": "#4"
        },
        "east": {
          "uv": [
            16,
            7,
            15,
            9
          ],
          "texture": "#4"
        },
        "south": {
          "uv": [
            16,
            9,
            14,
            11
          ],
          "texture": "#4"
        },
        "west": {
          "uv": [
            15,
            9,
            16,
            7
          ],
          "texture": "#4"
        },
        "up": {
          "uv": [
            14,
            15,
            16,
            14
          ],
          "rotation": 180,
          "texture": "#4"
        },
        "down": {
          "uv": [
            16,
            14,
            14,
            15
          ],
          "rotation": 180,
          "texture": "#4"
        }
      }
    },
    {
      "from": [
        5.47657,
        8.02343,
        11.1
      ],
      "to": [
        10.47657,
        9.02343,
        12.1
      ],
      "rotation": {
        "angle": 0,
        "axis": "y",
        "origin": [
          7.97657,
          10.5,
          8.1
        ]
      },
      "faces": {
        "north": {
          "uv": [
            11.5,
            7.5,
            11,
            10
          ],
          "rotation": 90,
          "texture": "#4"
        },
        "east": {
          "uv": [
            6.25,
            10,
            7.25,
            9.5
          ],
          "rotation": 180,
          "texture": "#4"
        },
        "south": {
          "uv": [
            7,
            10.5,
            6.5,
            13
          ],
          "rotation": 270,
          "texture": "#4"
        },
        "west": {
          "uv": [
            6.25,
            10,
            7.25,
            9.5
          ],
          "rotation": 180,
          "texture": "#4"
        },
        "up": {
          "uv": [
            12,
            7,
            9.5,
            6.5
          ],
          "rotation": 180,
          "texture": "#4"
        },
        "down": {
          "uv": [
            12,
            6.5,
            9.5,
            7
          ],
          "rotation": 180,
          "texture": "#4"
        }
      }
    },
    {
      "from": [
        5.47657,
        9.02343,
        5.1
      ],
      "to": [
        10.47657,
        12.02343,
        11.1
      ],
      "rotation": {
        "angle": 0,
        "axis": "y",
        "origin": [
          7.97657,
          10.5,
          8.1
        ]
      },
      "faces": {
        "north": {
          "uv": [
            9,
            10,
            10.5,
            12.5
          ],
          "rotation": 90,
          "texture": "#4"
        },
        "east": {
          "uv": [
            9,
            10,
            7.5,
            13
          ],
          "rotation": 90,
          "texture": "#4"
        },
        "south": {
          "uv": [
            10.5,
            10,
            9,
            12.5
          ],
          "rotation": 270,
          "texture": "#4"
        },
        "west": {
          "uv": [
            9,
            10,
            7.5,
            13
          ],
          "rotation": 90,
          "texture": "#4"
        },
        "up": {
          "uv": [
            7.5,
            10,
            10.5,
            7.5
          ],
          "rotation": 90,
          "texture": "#4"
        },
        "down": {
          "uv": [
            12,
            9,
            15,
            6.5
          ],
          "rotation": 90,
          "texture": "#4"
        }
      }
    },
    {
      "from": [
        6.57657,
        12.02343,
        6.1
      ],
      "to": [
        9.57657,
        13.02343,
        10.1
      ],
      "rotation": {
        "angle": 0,
        "axis": "y",
        "origin": [
          7.97657,
          10.5,
          8.1
        ]
      },
      "faces": {
        "north": {
          "uv": [
            13.5,
            10,
            13,
            11.5
          ],
          "rotation": 90,
          "texture": "#4"
        },
        "east": {
          "uv": [
            11.5,
            11.5,
            11,
            13.5
          ],
          "rotation": 90,
          "texture": "#4"
        },
        "south": {
          "uv": [
            13,
            10,
            13.5,
            11.5
          ],
          "rotation": 270,
          "texture": "#4"
        },
        "west": {
          "uv": [
            11.5,
            11.5,
            11,
            13.5
          ],
          "rotation": 90,
          "texture": "#4"
        },
        "up": {
          "uv": [
            11,
            11.5,
            13,
            10
          ],
          "rotation": 90,
          "texture": "#4"
        },
        "down": {
          "uv": [
            11,
            11.5,
            13,
            10
          ],
          "rotation": 90,
          "texture": "#4"
        }
      }
    },
    {
      "from": [
        6.57657,
        12.97657,
        6.1
      ],
      "to": [
        9.57657,
        13.97657,
        10.1
      ],
      "rotation": {
        "angle": 0,
        "axis": "y",
        "origin": [
          7.97657,
          5.5,
          8.1
        ]
      },
      "faces": {
        "north": {
          "uv": [
            13,
            10,
            13.5,
            11.5
          ],
          "rotation": 90,
          "texture": "#4"
        },
        "east": {
          "uv": [
            11,
            11.5,
            11.5,
            13.5
          ],
          "rotation": 90,
          "texture": "#4"
        },
        "south": {
          "uv": [
            13.5,
            10,
            13,
            11.5
          ],
          "rotation": 270,
          "texture": "#4"
        },
        "west": {
          "uv": [
            11,
            11.5,
            11.5,
            13.5
          ],
          "rotation": 90,
          "texture": "#4"
        },
        "up": {
          "uv": [
            13,
            11.5,
            11,
            10
          ],
          "rotation": 90,
          "texture": "#4"
        },
        "down": {
          "uv": [
            13,
            11.5,
            11,
            10
          ],
          "rotation": 90,
          "texture": "#4"
        }
      }
    },
    {
      "from": [
        10.47657,
        8.02343,
        5.1
      ],
      "to": [
        11.47657,
        9.02343,
        11.1
      ],
      "rotation": {
        "angle": 0,
        "axis": "y",
        "origin": [
          7.97657,
          10.5,
          8.1
        ]
      },
      "faces": {
        "north": {
          "uv": [
            8,
            13.5,
            7.5,
            13
          ],
          "rotation": 90,
          "texture": "#4"
        },
        "east": {
          "uv": [
            11,
            10.5,
            10.5,
            7.5
          ],
          "rotation": 90,
          "texture": "#4"
        },
        "south": {
          "uv": [
            8,
            13.5,
            7.5,
            13
          ],
          "rotation": 270,
          "texture": "#4"
        },
        "west": {
          "uv": [
            11,
            13.5,
            10.5,
            10.5
          ],
          "rotation": 90,
          "texture": "#4"
        },
        "up": {
          "uv": [
            7,
            10.5,
            7.5,
            13.5
          ],
          "rotation": 180,
          "texture": "#4"
        },
        "down": {
          "uv": [
            7,
            10.5,
            7.5,
            13.5
          ],
          "rotation": 180,
          "texture": "#4"
        }
      }
    },
    {
      "from": [
        5.47657,
        8.02343,
        4.1
      ],
      "to": [
        10.47657,
        9.02343,
        5.1
      ],
      "rotation": {
        "angle": 0,
        "axis": "y",
        "origin": [
          7.97657,
          10.5,
          8.1
        ]
      },
      "faces": {
        "north": {
          "uv": [
            6.5,
            10.5,
            7,
            13
          ],
          "rotation": 90,
          "texture": "#4"
        },
        "east": {
          "uv": [
            7.25,
            10,
            6.25,
            9.5
          ],
          "rotation": 180,
          "texture": "#4"
        },
        "south": {
          "uv": [
            11.5,
            7.5,
            12,
            10
          ],
          "rotation": 270,
          "texture": "#4"
        },
        "west": {
          "uv": [
            7.25,
            10,
            6.25,
            9.5
          ],
          "rotation": 180,
          "texture": "#4"
        },
        "up": {
          "uv": [
            12,
            6.5,
            9.5,
            7
          ],
          "rotation": 180,
          "texture": "#4"
        },
        "down": {
          "uv": [
            12,
            7,
            9.5,
            6.5
          ],
          "rotation": 180,
          "texture": "#4"
        }
      }
    },
    {
      "from": [
        4.47657,
        8.02343,
        5.1
      ],
      "to": [
        5.47657,
        9.02343,
        11.1
      ],
      "rotation": {
        "angle": 0,
        "axis": "y",
        "origin": [
          7.97657,
          10.5,
          8.1
        ]
      },
      "faces": {
        "north": {
          "uv": [
            8,
            13,
            7.5,
            13.5
          ],
          "rotation": 90,
          "texture": "#4"
        },
        "east": {
          "uv": [
            11,
            10.5,
            10.5,
            13.5
          ],
          "rotation": 90,
          "texture": "#4"
        },
        "south": {
          "uv": [
            8,
            13,
            7.5,
            13.5
          ],
          "rotation": 270,
          "texture": "#4"
        },
        "west": {
          "uv": [
            11,
            7.5,
            10.5,
            10.5
          ],
          "rotation": 90,
          "texture": "#4"
        },
        "up": {
          "uv": [
            7.5,
            10.5,
            7,
            13.5
          ],
          "rotation": 180,
          "texture": "#4"
        },
        "down": {
          "uv": [
            7.5,
            10.5,
            7,
            13.5
          ],
          "rotation": 180,
          "texture": "#4"
        }
      }
    },
    {
      "from": [
        8.72783,
        7.47657,
        3.99812
      ],
      "to": [
        9.72783,
        9.47657,
        4.99812
      ],
      "rotation": {
        "angle": 0,
        "axis": "y",
        "origin": [
          7.97657,
          10.5,
          8.1
        ]
      },
      "faces": {
        "north": {
          "uv": [
            6.5,
            4.5,
            5.5,
            5
          ],
          "rotation": 270,
          "texture": "#2"
        },
        "east": {
          "uv": [
            2,
            7.5,
            1,
            8
          ],
          "rotation": 270,
          "texture": "#2"
        },
        "south": {
          "uv": [
            6.5,
            4,
            5.5,
            4.5
          ],
          "rotation": 270,
          "texture": "#2"
        },
        "west": {
          "uv": [
            2,
            8,
            1,
            7.5
          ],
          "rotation": 270,
          "texture": "#2"
        },
        "up": {
          "uv": [
            6,
            3.5,
            5.5,
            4
          ],
          "texture": "#2"
        },
        "down": {
          "uv": [
            6,
            3.5,
            5.5,
            4
          ],
          "rotation": 180,
          "texture": "#2"
        }
      }
    },
    {
      "from": [
        8.82783,
        8.01415,
        4.65529
      ],
      "to": [
        9.62783,
        9.01415,
        5.65529
      ],
      "rotation": {
        "angle": 22.5,
        "axis": "x",
        "origin": [
          7.97657,
          10.5,
          8.1
        ]
      },
      "faces": {
        "north": {
          "uv": [
            5,
            1.5,
            5.5,
            1
          ],
          "rotation": 180,
          "texture": "#2"
        },
        "east": {
          "uv": [
            5,
            2.5,
            5.5,
            2
          ],
          "rotation": 180,
          "texture": "#2"
        },
        "south": {
          "uv": [
            5,
            2,
            5.5,
            1.5
          ],
          "rotation": 180,
          "texture": "#2"
        },
        "west": {
          "uv": [
            5.5,
            2.5,
            5,
            2
          ],
          "rotation": 180,
          "texture": "#2"
        },
        "up": {
          "uv": [
            5,
            3,
            5.5,
            2.5
          ],
          "rotation": 270,
          "texture": "#2"
        },
        "down": {
          "uv": [
            5,
            3.5,
            5.5,
            3
          ],
          "rotation": 90,
          "texture": "#2"
        }
      }
    },
    {
      "from": [
        6.52783,
        7.77586,
        5.53031
      ],
      "to": [
        7.12783,
        8.77586,
        6.53031
      ],
      "rotation": {
        "angle": 45,
        "axis": "x",
        "origin": [
          7.97657,
          10.5,
          8.1
        ]
      },
      "faces": {
        "north": {
          "uv": [
            5.25,
            4,
            5.5,
            3.5
          ],
          "rotation": 180,
          "texture": "#2"
        },
        "east": {
          "uv": [
            5,
            4.5,
            5.5,
            4
          ],
          "rotation": 180,
          "texture": "#2"
        },
        "south": {
          "uv": [
            5,
            4,
            5.25,
            3.5
          ],
          "rotation": 180,
          "texture": "#2"
        },
        "west": {
          "uv": [
            5.5,
            4.5,
            5,
            4
          ],
          "rotation": 180,
          "texture": "#2"
        },
        "up": {
          "uv": [
            5,
            4.75,
            5.5,
            4.5
          ],
          "rotation": 270,
          "texture": "#2"
        },
        "down": {
          "uv": [
            5,
            5,
            5.5,
            4.75
          ],
          "rotation": 90,
          "texture": "#2"
        }
      }
    },
    {
      "from": [
        6.42783,
        8.01415,
        4.65529
      ],
      "to": [
        7.22783,
        9.01415,
        5.65529
      ],
      "rotation": {
        "angle": 22.5,
        "axis": "x",
        "origin": [
          7.97657,
          10.5,
          8.1
        ]
      },
      "faces": {
        "north": {
          "uv": [
            5,
            1.5,
            5.5,
            1
          ],
          "rotation": 180,
          "texture": "#2"
        },
        "east": {
          "uv": [
            5,
            2.5,
            5.5,
            2
          ],
          "rotation": 180,
          "texture": "#2"
        },
        "south": {
          "uv": [
            5,
            2,
            5.5,
            1.5
          ],
          "rotation": 180,
          "texture": "#2"
        },
        "west": {
          "uv": [
            5.5,
            2.5,
            5,
            2
          ],
          "rotation": 180,
          "texture": "#2"
        },
        "up": {
          "uv": [
            5,
            3,
            5.5,
            2.5
          ],
          "rotation": 270,
          "texture": "#2"
        },
        "down": {
          "uv": [
            5,
            3.5,
            5.5,
            3
          ],
          "rotation": 90,
          "texture": "#2"
        }
      }
    },
    {
      "from": [
        6.32783,
        7.47657,
        3.99812
      ],
      "to": [
        7.32783,
        9.47657,
        4.99812
      ],
      "rotation": {
        "angle": 0,
        "axis": "y",
        "origin": [
          7.97657,
          10.5,
          8.1
        ]
      },
      "faces": {
        "north": {
          "uv": [
            6.5,
            4.5,
            5.5,
            5
          ],
          "rotation": 270,
          "texture": "#2"
        },
        "east": {
          "uv": [
            2,
            7.5,
            1,
            8
          ],
          "rotation": 270,
          "texture": "#2"
        },
        "south": {
          "uv": [
            6.5,
            4,
            5.5,
            4.5
          ],
          "rotation": 270,
          "texture": "#2"
        },
        "west": {
          "uv": [
            2,
            8,
            1,
            7.5
          ],
          "rotation": 270,
          "texture": "#2"
        },
        "up": {
          "uv": [
            6,
            3.5,
            5.5,
            4
          ],
          "texture": "#2"
        },
        "down": {
          "uv": [
            6,
            3.5,
            5.5,
            4
          ],
          "rotation": 180,
          "texture": "#2"
        }
      }
    },
    {
      "from": [
        8.92783,
        7.77586,
        5.53031
      ],
      "to": [
        9.52783,
        8.77586,
        6.53031
      ],
      "rotation": {
        "angle": 45,
        "axis": "x",
        "origin": [
          7.97657,
          10.5,
          8.1
        ]
      },
      "faces": {
        "north": {
          "uv": [
            5.25,
            4,
            5.5,
            3.5
          ],
          "rotation": 180,
          "texture": "#2"
        },
        "east": {
          "uv": [
            5,
            4.5,
            5.5,
            4
          ],
          "rotation": 180,
          "texture": "#2"
        },
        "south": {
          "uv": [
            5,
            4,
            5.25,
            3.5
          ],
          "rotation": 180,
          "texture": "#2"
        },
        "west": {
          "uv": [
            5.5,
            4.5,
            5,
            4
          ],
          "rotation": 180,
          "texture": "#2"
        },
        "up": {
          "uv": [
            5,
            4.75,
            5.5,
            4.5
          ],
          "rotation": 270,
          "texture": "#2"
        },
        "down": {
          "uv": [
            5,
            5,
            5.5,
            4.75
          ],
          "rotation": 90,
          "texture": "#2"
        }
      }
    },
    {
      "from": [
        8.72783,
        7.47657,
        11.20188
      ],
      "to": [
        9.72783,
        9.47657,
        12.20188
      ],
      "rotation": {
        "angle": 0,
        "axis": "y",
        "origin": [
          7.97657,
          10.5,
          8.1
        ]
      },
      "faces": {
        "north": {
          "uv": [
            5.5,
            4,
            6.5,
            4.5
          ],
          "rotation": 90,
          "texture": "#2"
        },
        "east": {
          "uv": [
            2,
            8,
            1,
            7.5
          ],
          "rotation": 270,
          "texture": "#2"
        },
        "south": {
          "uv": [
            5.5,
            4.5,
            6.5,
            5
          ],
          "rotation": 90,
          "texture": "#2"
        },
        "west": {
          "uv": [
            2,
            7.5,
            1,
            8
          ],
          "rotation": 270,
          "texture": "#2"
        },
        "up": {
          "uv": [
            6,
            4,
            5.5,
            3.5
          ],
          "texture": "#2"
        },
        "down": {
          "uv": [
            6,
            4,
            5.5,
            3.5
          ],
          "rotation": 180,
          "texture": "#2"
        }
      }
    },
    {
      "from": [
        8.82783,
        8.01415,
        10.54471
      ],
      "to": [
        9.62783,
        9.01415,
        11.54471
      ],
      "rotation": {
        "angle": -22.5,
        "axis": "x",
        "origin": [
          7.97657,
          10.5,
          8.1
        ]
      },
      "faces": {
        "north": {
          "uv": [
            5,
            1.5,
            5.5,
            2
          ],
          "texture": "#2"
        },
        "east": {
          "uv": [
            5.5,
            2.5,
            5,
            2
          ],
          "rotation": 180,
          "texture": "#2"
        },
        "south": {
          "uv": [
            5,
            1,
            5.5,
            1.5
          ],
          "texture": "#2"
        },
        "west": {
          "uv": [
            5,
            2.5,
            5.5,
            2
          ],
          "rotation": 180,
          "texture": "#2"
        },
        "up": {
          "uv": [
            5.5,
            3,
            5,
            2.5
          ],
          "rotation": 270,
          "texture": "#2"
        },
        "down": {
          "uv": [
            5.5,
            3.5,
            5,
            3
          ],
          "rotation": 90,
          "texture": "#2"
        }
      }
    },
    {
      "from": [
        6.52783,
        7.77586,
        9.66969
      ],
      "to": [
        7.12783,
        8.77586,
        10.66969
      ],
      "rotation": {
        "angle": -45,
        "axis": "x",
        "origin": [
          7.97657,
          10.5,
          8.1
        ]
      },
      "faces": {
        "north": {
          "uv": [
            5,
            3.5,
            5.25,
            4
          ],
          "texture": "#2"
        },
        "east": {
          "uv": [
            5.5,
            4.5,
            5,
            4
          ],
          "rotation": 180,
          "texture": "#2"
        },
        "south": {
          "uv": [
            5.25,
            3.5,
            5.5,
            4
          ],
          "texture": "#2"
        },
        "west": {
          "uv": [
            5,
            4.5,
            5.5,
            4
          ],
          "rotation": 180,
          "texture": "#2"
        },
        "up": {
          "uv": [
            5.5,
            4.75,
            5,
            4.5
          ],
          "rotation": 270,
          "texture": "#2"
        },
        "down": {
          "uv": [
            5.5,
            5,
            5,
            4.75
          ],
          "rotation": 90,
          "texture": "#2"
        }
      }
    },
    {
      "from": [
        6.42783,
        8.01415,
        10.54471
      ],
      "to": [
        7.22783,
        9.01415,
        11.54471
      ],
      "rotation": {
        "angle": -22.5,
        "axis": "x",
        "origin": [
          7.97657,
          10.5,
          8.1
        ]
      },
      "faces": {
        "north": {
          "uv": [
            5,
            1.5,
            5.5,
            2
          ],
          "texture": "#2"
        },
        "east": {
          "uv": [
            5.5,
            2.5,
            5,
            2
          ],
          "rotation": 180,
          "texture": "#2"
        },
        "south": {
          "uv": [
            5,
            1,
            5.5,
            1.5
          ],
          "texture": "#2"
        },
        "west": {
          "uv": [
            5,
            2.5,
            5.5,
            2
          ],
          "rotation": 180,
          "texture": "#2"
        },
        "up": {
          "uv": [
            5.5,
            3,
            5,
            2.5
          ],
          "rotation": 270,
          "texture": "#2"
        },
        "down": {
          "uv": [
            5.5,
            3.5,
            5,
            3
          ],
          "rotation": 90,
          "texture": "#2"
        }
      }
    },
    {
      "from": [
        6.32783,
        7.47657,
        11.20188
      ],
      "to": [
        7.32783,
        9.47657,
        12.20188
      ],
      "rotation": {
        "angle": 0,
        "axis": "y",
        "origin": [
          7.97657,
          10.5,
          8.1
        ]
      },
      "faces": {
        "north": {
          "uv": [
            5.5,
            4,
            6.5,
            4.5
          ],
          "rotation": 90,
          "texture": "#2"
        },
        "east": {
          "uv": [
            2,
            8,
            1,
            7.5
          ],
          "rotation": 270,
          "texture": "#2"
        },
        "south": {
          "uv": [
            5.5,
            4.5,
            6.5,
            5
          ],
          "rotation": 90,
          "texture": "#2"
        },
        "west": {
          "uv": [
            2,
            7.5,
            1,
            8
          ],
          "rotation": 270,
          "texture": "#2"
        },
        "up": {
          "uv": [
            6,
            4,
            5.5,
            3.5
          ],
          "texture": "#2"
        },
        "down": {
          "uv": [
            6,
            4,
            5.5,
            3.5
          ],
          "rotation": 180,
          "texture": "#2"
        }
      }
    },
    {
      "from": [
        8.92783,
        7.77586,
        9.66969
      ],
      "to": [
        9.52783,
        8.77586,
        10.66969
      ],
      "rotation": {
        "angle": -45,
        "axis": "x",
        "origin": [
          7.97657,
          10.5,
          8.1
        ]
      },
      "faces": {
        "north": {
          "uv": [
            5,
            3.5,
            5.25,
            4
          ],
          "texture": "#2"
        },
        "east": {
          "uv": [
            5.5,
            4.5,
            5,
            4
          ],
          "rotation": 180,
          "texture": "#2"
        },
        "south": {
          "uv": [
            5.25,
            3.5,
            5.5,
            4
          ],
          "texture": "#2"
        },
        "west": {
          "uv": [
            5,
            4.5,
            5.5,
            4
          ],
          "rotation": 180,
          "texture": "#2"
        },
        "up": {
          "uv": [
            5.5,
            4.75,
            5,
            4.5
          ],
          "rotation": 270,
          "texture": "#2"
        },
        "down": {
          "uv": [
            5.5,
            5,
            5,
            4.75
          ],
          "rotation": 90,
          "texture": "#2"
        }
      }
    },
    {
      "from": [
        9,
        7.5,
        8
      ],
      "to": [
        15,
        16.5,
        8
      ],
      "rotation": {
        "angle": 0,
        "axis": "y",
        "origin": [
          16,
          0,
          0
        ]
      },
      "faces": {
        "north": {
          "uv": [
            13,
            1,
            16,
            5.5
          ],
          "texture": "#6"
        },
        "east": {
          "uv": [
            13.5,
            0,
            13.5,
            5.5
          ],
          "texture": "#6"
        },
        "south": {
          "uv": [
            16,
            1,
            13,
            5.5
          ],
          "texture": "#6"
        },
        "west": {
          "uv": [
            13.5,
            0,
            13.5,
            5.5
          ],
          "texture": "#6"
        },
        "up": {
          "uv": [
            5,
            0,
            0,
            0
          ],
          "texture": "#6"
        },
        "down": {
          "uv": [
            5,
            0,
            0,
            0
          ],
          "texture": "#6"
        }
      }
    }
  ],
  "gui_light": "front",
  "display": {
    "thirdperson_righthand": {
      "rotation": [
        0,
        90,
        0
      ],
      "translation": [
        0,
        3.75,
        1.5
      ],
      "scale": [
        0.65,
        0.65,
        0.65
      ]
    },
    "thirdperson_lefthand": {
      "rotation": [
        0,
        90,
        0
      ],
      "translation": [
        0,
        3.75,
        1.5
      ],
      "scale": [
        0.65,
        0.65,
        0.65
      ]
    },
    "firstperson_righthand": {
      "rotation": [
        -10,
        104,
        -1
      ],
      "translation": [
        0.25,
        4.5,
        0.5
      ],
      "scale": [
        0.53,
        0.53,
        0.53
      ]
    },
    "firstperson_lefthand": {
      "rotation": [
        -10,
        104,
        -1
      ],
      "translation": [
        -0.75,
        4.5,
        0.5
      ],
      "scale": [
        0.53,
        0.53,
        0.53
      ]
    },
    "ground": {
      "rotation": [
        45,
        0,
        0
      ],
      "translation": [
        0,
        6.5,
        0
      ],
      "scale": [
        0.47,
        0.47,
        0.47
      ]
    },
    "gui": {
      "rotation": [
        0,
        0,
        -45
      ],
      "translation": [
        0.75,
        -0.25,
        0
      ],
      "scale": [
        0.48,
        0.48,
        0.48
      ]
    },
    "head": {
      "rotation": [
        -135.5,
        0,
        0
      ],
      "translation": [
        0,
        20.5,
        4.75
      ],
      "scale": [
        0,
        0,
        0
      ]
    },
    "fixed": {
      "translation": [
        -0.5,
        3.25,
        -7.75
      ],
      "scale": [
        1.5,
        1.5,
        1.5
      ]
    }
  },
  "groups": [
    0,
    1,
    2,
    3,
    {
      "name": "group",
      "origin": [
        9.4,
        20.9,
        8
      ],
      "color": 0,
      "children": [
        4,
        5,
        6,
        7,
        8,
        9,
        10,
        11,
        {
          "name": "group",
          "origin": [
            15,
            9.5,
            1
          ],
          "color": 0,
          "children": [
            12,
            13,
            14,
            15
          ]
        },
        16,
        17,
        18,
        19,
        20
      ]
    },
    {
      "name": "group",
      "origin": [
        9.4,
        20.9,
        8
      ],
      "color": 0,
      "children": [
        21,
        22,
        23,
        24,
        25,
        26,
        27,
        28,
        29,
        30,
        31,
        32,
        33
      ]
    },
    34,
    35,
    36,
    37,
    38,
    39,
    {
      "name": "group",
      "origin": [
        0,
        0,
        0
      ],
      "color": 0,
      "children": [
        40,
        41,
        42,
        43,
        44,
        45,
        46,
        {
          "name": "group",
          "origin": [
            8,
            -9.1,
            10.5
          ],
          "color": 0,
          "children": [
            47,
            48,
            49,
            50,
            51,
            52
          ]
        },
        {
          "name": "group",
          "origin": [
            8,
            -9.1,
            10.5
          ],
          "color": 0,
          "children": [
            53,
            54,
            55,
            56,
            57,
            58
          ]
        }
      ]
    },
    59
  ]
}