{
  "credit": "Made with Blockbench",
  "textures": {
    "1": "cutiecatpack:cutiecatpack/catears"
  },
  "elements": [
    {
      "from": [
        11.5,
        4.75,
        6.5
      ],
      "to": [
        12,
        7.75,
        9.5
      ],
      "rotation": {
        "angle": 0,
        "axis": "x",
        "origin": [
          10.5,
          6.25,
          8
        ]
      },
      "faces": {
        "north": {
          "uv": [
            10,
            6,
            10.5,
            9
          ],
          "texture": "#1"
        },
        "east": {
          "uv": [
            4,
            0,
            7,
            3
          ],
          "texture": "#1"
        },
        "south": {
          "uv": [
            9,
            10,
            9.5,
            13
          ],
          "texture": "#1"
        },
        "west": {
          "uv": [
            4,
            3,
            7,
            6
          ],
          "texture": "#1"
        },
        "up": {
          "uv": [
            10.5,
            12,
            10,
            9
          ],
          "texture": "#1"
        },
        "down": {
          "uv": [
            0.5,
            11,
            0,
            14
          ],
          "texture": "#1"
        }
      }
    },
    {
      "from": [
        11,
        4.75,
        6.5
      ],
      "to": [
        11.5,
        7.75,
        7.5
      ],
      "rotation": {
        "angle": 0,
        "axis": "x",
        "origin": [
          9.5,
          6.25,
          8
        ]
      },
      "faces": {
        "north": {
          "uv": [
            1,
            11,
            1.5,
            14
          ],
          "texture": "#1"
        },
        "south": {
          "uv": [
            2,
            11,
            2.5,
            14
          ],
          "texture": "#1"
        },
        "west": {
          "uv": [
            8,
            8,
            9,
            11
          ],
          "texture": "#1"
        },
        "up": {
          "uv": [
            4.5,
            13,
            4,
            12
          ],
          "texture": "#1"
        },
        "down": {
          "uv": [
            5.5,
            12,
            5,
            13
          ],
          "texture": "#1"
        }
      }
    },
    {
      "from": [
        11,
        6.75,
        7.5
      ],
      "to": [
        11.5,
        7.75,
        8.5
      ],
      "rotation": {
        "angle": 0,
        "axis": "x",
        "origin": [
          9.5,
          6.25,
          8
        ]
      },
      "faces": {
        "west": {
          "uv": [
            11,
            2,
            12,
            3
          ],
          "texture": "#1"
        },
        "up": {
          "uv": [
            12.5,
            8,
            12,
            7
          ],
          "texture": "#1"
        },
        "down": {
          "uv": [
            12.5,
            8,
            12,
            9
          ],
          "texture": "#1"
        }
      }
    },
    {
      "from": [
        11,
        4.75,
        7.5
      ],
      "to": [
        11.5,
        5.75,
        8.5
      ],
      "rotation": {
        "angle": 0,
        "axis": "x",
        "origin": [
          9.5,
          6.25,
          8
        ]
      },
      "faces": {
        "west": {
          "uv": [
            11,
            3,
            12,
            4
          ],
          "texture": "#1"
        },
        "up": {
          "uv": [
            12.5,
            10,
            12,
            9
          ],
          "texture": "#1"
        },
        "down": {
          "uv": [
            10.5,
            12,
            10,
            13
          ],
          "texture": "#1"
        }
      }
    },
    {
      "from": [
        11,
        4.75,
        8.5
      ],
      "to": [
        11.5,
        7.75,
        9.5
      ],
      "rotation": {
        "angle": 0,
        "axis": "x",
        "origin": [
          9.5,
          6.25,
          8
        ]
      },
      "faces": {
        "north": {
          "uv": [
            3,
            11,
            3.5,
            14
          ],
          "texture": "#1"
        },
        "south": {
          "uv": [
            11,
            6,
            11.5,
            9
          ],
          "texture": "#1"
        },
        "west": {
          "uv": [
            4,
            9,
            5,
            12
          ],
          "texture": "#1"
        },
        "up": {
          "uv": [
            6.5,
            13,
            6,
            12
          ],
          "texture": "#1"
        },
        "down": {
          "uv": [
            12.5,
            6,
            12,
            7
          ],
          "texture": "#1"
        }
      }
    },
    {
      "from": [
        12,
        5.25,
        7.05
      ],
      "to": [
        13,
        7.25,
        8.95
      ],
      "rotation": {
        "angle": -22.5,
        "axis": "x",
        "origin": [
          8,
          6.25,
          8
        ]
      },
      "faces": {
        "north": {
          "uv": [
            7,
            9,
            8,
            11
          ],
          "texture": "#1"
        },
        "east": {
          "uv": [
            7,
            4,
            9,
            6
          ],
          "texture": "#1"
        },
        "south": {
          "uv": [
            9,
            8,
            10,
            10
          ],
          "texture": "#1"
        },
        "up": {
          "uv": [
            6,
            12,
            5,
            10
          ],
          "texture": "#1"
        },
        "down": {
          "uv": [
            7,
            10,
            6,
            12
          ],
          "texture": "#1"
        }
      }
    },
    {
      "from": [
        11,
        7.75,
        7.25
      ],
      "to": [
        11.5,
        10.25,
        8.75
      ],
      "rotation": {
        "angle": 0,
        "axis": "y",
        "origin": [
          8,
          10.625,
          8.25
        ]
      },
      "faces": {
        "north": {
          "uv": [
            7,
            11,
            7.5,
            13.5
          ],
          "texture": "#1"
        },
        "east": {
          "uv": [
            0,
            8,
            1.5,
            10.5
          ],
          "texture": "#1"
        },
        "south": {
          "uv": [
            8,
            11,
            8.5,
            13.5
          ],
          "texture": "#1"
        },
        "west": {
          "uv": [
            2,
            8,
            3.5,
            10.5
          ],
          "texture": "#1"
        },
        "up": {
          "uv": [
            11.5,
            10.5,
            11,
            9
          ],
          "texture": "#1"
        },
        "down": {
          "uv": [
            11.5,
            11,
            11,
            12.5
          ],
          "texture": "#1"
        }
      }
    },
    {
      "from": [
        4,
        4.75,
        6.5
      ],
      "to": [
        4.5,
        7.75,
        9.5
      ],
      "rotation": {
        "angle": 0,
        "axis": "x",
        "origin": [
          5.5,
          6.25,
          8
        ]
      },
      "faces": {
        "north": {
          "uv": [
            10.5,
            6,
            10,
            9
          ],
          "texture": "#1"
        },
        "east": {
          "uv": [
            7,
            3,
            4,
            6
          ],
          "texture": "#1"
        },
        "south": {
          "uv": [
            9.5,
            10,
            9,
            13
          ],
          "texture": "#1"
        },
        "west": {
          "uv": [
            7,
            0,
            4,
            3
          ],
          "texture": "#1"
        },
        "up": {
          "uv": [
            10,
            12,
            10.5,
            9
          ],
          "texture": "#1"
        },
        "down": {
          "uv": [
            0,
            11,
            0.5,
            14
          ],
          "texture": "#1"
        }
      }
    },
    {
      "from": [
        3,
        5.25,
        7.05
      ],
      "to": [
        4,
        7.25,
        8.95
      ],
      "rotation": {
        "angle": -22.5,
        "axis": "x",
        "origin": [
          8,
          6.25,
          8
        ]
      },
      "faces": {
        "north": {
          "uv": [
            8,
            9,
            7,
            11
          ],
          "texture": "#1"
        },
        "south": {
          "uv": [
            10,
            8,
            9,
            10
          ],
          "texture": "#1"
        },
        "west": {
          "uv": [
            9,
            4,
            7,
            6
          ],
          "texture": "#1"
        },
        "up": {
          "uv": [
            5,
            12,
            6,
            10
          ],
          "texture": "#1"
        },
        "down": {
          "uv": [
            6,
            10,
            7,
            12
          ],
          "texture": "#1"
        }
      }
    },
    {
      "from": [
        4.5,
        4.75,
        6.5
      ],
      "to": [
        5,
        7.75,
        7.5
      ],
      "rotation": {
        "angle": 0,
        "axis": "x",
        "origin": [
          6.5,
          6.25,
          8
        ]
      },
      "faces": {
        "north": {
          "uv": [
            1.5,
            11,
            1,
            14
          ],
          "texture": "#1"
        },
        "east": {
          "uv": [
            9,
            8,
            8,
            11
          ],
          "texture": "#1"
        },
        "south": {
          "uv": [
            2.5,
            11,
            2,
            14
          ],
          "texture": "#1"
        },
        "up": {
          "uv": [
            4,
            13,
            4.5,
            12
          ],
          "texture": "#1"
        },
        "down": {
          "uv": [
            5,
            12,
            5.5,
            13
          ],
          "texture": "#1"
        }
      }
    },
    {
      "from": [
        4.5,
        4.75,
        8.5
      ],
      "to": [
        5,
        7.75,
        9.5
      ],
      "rotation": {
        "angle": 0,
        "axis": "x",
        "origin": [
          6.5,
          6.25,
          8
        ]
      },
      "faces": {
        "north": {
          "uv": [
            3.5,
            11,
            3,
            14
          ],
          "texture": "#1"
        },
        "east": {
          "uv": [
            5,
            9,
            4,
            12
          ],
          "texture": "#1"
        },
        "south": {
          "uv": [
            11.5,
            6,
            11,
            9
          ],
          "texture": "#1"
        },
        "up": {
          "uv": [
            6,
            13,
            6.5,
            12
          ],
          "texture": "#1"
        },
        "down": {
          "uv": [
            12,
            6,
            12.5,
            7
          ],
          "texture": "#1"
        }
      }
    },
    {
      "from": [
        4.5,
        6.75,
        7.5
      ],
      "to": [
        5,
        7.75,
        8.5
      ],
      "rotation": {
        "angle": 0,
        "axis": "x",
        "origin": [
          6.5,
          6.25,
          8
        ]
      },
      "faces": {
        "east": {
          "uv": [
            12,
            2,
            11,
            3
          ],
          "texture": "#1"
        },
        "up": {
          "uv": [
            12,
            8,
            12.5,
            7
          ],
          "texture": "#1"
        },
        "down": {
          "uv": [
            12,
            8,
            12.5,
            9
          ],
          "texture": "#1"
        }
      }
    },
    {
      "from": [
        4.5,
        4.75,
        7.5
      ],
      "to": [
        5,
        5.75,
        8.5
      ],
      "rotation": {
        "angle": 0,
        "axis": "x",
        "origin": [
          6.5,
          6.25,
          8
        ]
      },
      "faces": {
        "east": {
          "uv": [
            12,
            3,
            11,
            4
          ],
          "texture": "#1"
        },
        "up": {
          "uv": [
            12,
            10,
            12.5,
            9
          ],
          "texture": "#1"
        },
        "down": {
          "uv": [
            10,
            12,
            10.5,
            13
          ],
          "texture": "#1"
        }
      }
    },
    {
      "from": [
        4.5,
        7.75,
        7.25
      ],
      "to": [
        5,
        10.25,
        8.75
      ],
      "rotation": {
        "angle": 0,
        "axis": "y",
        "origin": [
          8,
          10.625,
          8.25
        ]
      },
      "faces": {
        "north": {
          "uv": [
            7.5,
            11,
            7,
            13.5
          ],
          "texture": "#1"
        },
        "east": {
          "uv": [
            3.5,
            8,
            2,
            10.5
          ],
          "texture": "#1"
        },
        "south": {
          "uv": [
            8.5,
            11,
            8,
            13.5
          ],
          "texture": "#1"
        },
        "west": {
          "uv": [
            1.5,
            8,
            0,
            10.5
          ],
          "texture": "#1"
        },
        "up": {
          "uv": [
            11,
            10.5,
            11.5,
            9
          ],
          "texture": "#1"
        },
        "down": {
          "uv": [
            11,
            11,
            11.5,
            12.5
          ],
          "texture": "#1"
        }
      }
    },
    {
      "from": [
        5,
        9.75,
        7.25
      ],
      "to": [
        11,
        10.25,
        8.75
      ],
      "rotation": {
        "angle": 0,
        "axis": "z",
        "origin": [
          8,
          8.125,
          8.25
        ]
      },
      "faces": {
        "north": {
          "uv": [
            9,
            4,
            15,
            4.5
          ],
          "texture": "#1"
        },
        "east": {
          "uv": [
            12,
            2,
            13.5,
            2.5
          ],
          "texture": "#1"
        },
        "south": {
          "uv": [
            9,
            5,
            15,
            5.5
          ],
          "texture": "#1"
        },
        "west": {
          "uv": [
            12,
            3,
            13.5,
            3.5
          ],
          "texture": "#1"
        },
        "up": {
          "uv": [
            10,
            7.5,
            4,
            6
          ],
          "texture": "#1"
        },
        "down": {
          "uv": [
            13,
            0,
            7,
            1.5
          ],
          "texture": "#1"
        }
      }
    },
    {
      "from": [
        8.5,
        8.75,
        8
      ],
      "to": [
        12.5,
        12.75,
        8
      ],
      "rotation": {
        "angle": 0,
        "axis": "y",
        "origin": [
          0,
          4.75,
          8
        ]
      },
      "faces": {
        "north": {
          "uv": [
            0,
            0,
            4,
            4
          ],
          "texture": "#1"
        },
        "east": {
          "uv": [
            0,
            0,
            0,
            4
          ],
          "texture": "#1"
        },
        "south": {
          "uv": [
            0,
            4,
            4,
            8
          ],
          "texture": "#1"
        },
        "west": {
          "uv": [
            0,
            0,
            0,
            4
          ],
          "texture": "#1"
        },
        "up": {
          "uv": [
            4,
            0,
            0,
            0
          ],
          "texture": "#1"
        },
        "down": {
          "uv": [
            4,
            0,
            0,
            0
          ],
          "texture": "#1"
        }
      }
    },
    {
      "from": [
        3.5,
        8.75,
        8
      ],
      "to": [
        7.5,
        12.75,
        8
      ],
      "rotation": {
        "angle": 0,
        "axis": "y",
        "origin": [
          16,
          4.75,
          8
        ]
      },
      "faces": {
        "north": {
          "uv": [
            4,
            0,
            0,
            4
          ],
          "texture": "#1"
        },
        "east": {
          "uv": [
            0,
            0,
            0,
            4
          ],
          "texture": "#1"
        },
        "south": {
          "uv": [
            4,
            4,
            0,
            8
          ],
          "texture": "#1"
        },
        "west": {
          "uv": [
            0,
            0,
            0,
            4
          ],
          "texture": "#1"
        },
        "up": {
          "uv": [
            0,
            0,
            4,
            0
          ],
          "texture": "#1"
        },
        "down": {
          "uv": [
            0,
            0,
            4,
            0
          ],
          "texture": "#1"
        }
      }
    },
    {
      "from": [
        4.501,
        3.2678,
        4.20396
      ],
      "to": [
        4.501,
        4.2678,
        7.50396
      ],
      "rotation": {
        "angle": -22.5,
        "axis": "x",
        "origin": [
          3.001,
          3.7678,
          5.00396
        ]
      },
      "faces": {
        "north": {
          "uv": [
            0,
            0,
            0,
            1
          ],
          "texture": "#1"
        },
        "east": {
          "uv": [
            4,
            8,
            7.5,
            9
          ],
          "texture": "#1"
        },
        "south": {
          "uv": [
            0,
            0,
            0,
            1
          ],
          "texture": "#1"
        },
        "west": {
          "uv": [
            7.5,
            8,
            4,
            9
          ],
          "texture": "#1"
        },
        "up": {
          "uv": [
            0,
            3.5,
            0,
            0
          ],
          "texture": "#1"
        },
        "down": {
          "uv": [
            0,
            0,
            0,
            3.5
          ],
          "texture": "#1"
        }
      }
    },
    {
      "from": [
        12.099,
        5.12046,
        9.77142
      ],
      "to": [
        12.099,
        7.12046,
        13.07142
      ],
      "rotation": {
        "angle": -22.5,
        "axis": "x",
        "origin": [
          12.799,
          3.62046,
          5.57142
        ]
      },
      "faces": {
        "north": {
          "uv": [
            0,
            0,
            0,
            2
          ],
          "texture": "#1"
        },
        "east": {
          "uv": [
            7,
            2,
            10.5,
            4
          ],
          "texture": "#1"
        },
        "south": {
          "uv": [
            0,
            0,
            0,
            2
          ],
          "texture": "#1"
        },
        "west": {
          "uv": [
            10.5,
            2,
            7,
            4
          ],
          "texture": "#1"
        },
        "up": {
          "uv": [
            0,
            3.5,
            0,
            0
          ],
          "texture": "#1"
        },
        "down": {
          "uv": [
            0,
            0,
            0,
            3.5
          ],
          "texture": "#1"
        }
      }
    },
    {
      "from": [
        3.901,
        5.12046,
        9.77142
      ],
      "to": [
        3.901,
        7.12046,
        13.07142
      ],
      "rotation": {
        "angle": -22.5,
        "axis": "x",
        "origin": [
          3.201,
          3.62046,
          5.57142
        ]
      },
      "faces": {
        "north": {
          "uv": [
            0,
            0,
            0,
            2
          ],
          "texture": "#1"
        },
        "east": {
          "uv": [
            7,
            2,
            10.5,
            4
          ],
          "texture": "#1"
        },
        "south": {
          "uv": [
            0,
            0,
            0,
            2
          ],
          "texture": "#1"
        },
        "west": {
          "uv": [
            10.5,
            2,
            7,
            4
          ],
          "texture": "#1"
        },
        "up": {
          "uv": [
            0,
            3.5,
            0,
            0
          ],
          "texture": "#1"
        },
        "down": {
          "uv": [
            0,
            0,
            0,
            3.5
          ],
          "texture": "#1"
        }
      }
    },
    {
      "from": [
        4.501,
        3.2678,
        4.20396
      ],
      "to": [
        6.501,
        4.2678,
        4.20396
      ],
      "rotation": {
        "angle": -22.5,
        "axis": "x",
        "origin": [
          3.001,
          3.7678,
          5.00396
        ]
      },
      "faces": {
        "north": {
          "uv": [
            7,
            9,
            5,
            10
          ],
          "texture": "#1"
        },
        "east": {
          "uv": [
            0,
            0,
            0,
            1
          ],
          "texture": "#1"
        },
        "south": {
          "uv": [
            5,
            9,
            7,
            10
          ],
          "texture": "#1"
        },
        "west": {
          "uv": [
            0,
            0,
            0,
            1
          ],
          "texture": "#1"
        },
        "up": {
          "uv": [
            0,
            0,
            2,
            0
          ],
          "texture": "#1"
        },
        "down": {
          "uv": [
            0,
            0,
            2,
            0
          ],
          "texture": "#1"
        }
      }
    }
  ],
  "gui_light": "front",
  "display": {
    "thirdperson_righthand": {
      "rotation": [
        53,
        90,
        0
      ],
      "translation": [
        0,
        3.25,
        -0.75
      ],
      "scale": [
        0.7,
        0.7,
        0.7
      ]
    },
    "thirdperson_lefthand": {
      "rotation": [
        53,
        90,
        0
      ],
      "translation": [
        0,
        3.25,
        -0.75
      ],
      "scale": [
        0.7,
        0.7,
        0.7
      ]
    },
    "firstperson_righthand": {
      "rotation": [
        0,
        180,
        0
      ],
      "translation": [
        0,
        4,
        0
      ],
      "scale": [
        1.15625,
        1.15625,
        1.15625
      ]
    },
    "firstperson_lefthand": {
      "rotation": [
        0,
        180,
        0
      ],
      "translation": [
        0,
        4,
        0
      ],
      "scale": [
        1.15625,
        1.15625,
        1.15625
      ]
    },
    "ground": {
      "rotation": [
        40,
        0,
        0
      ],
      "translation": [
        0,
        4,
        0
      ],
      "scale": [
        1.36602,
        1.36602,
        1.36602
      ]
    },
    "gui": {
      "rotation": [
        0,
        157,
        0
      ],
      "translation": [
        0,
        -0.5,
        0
      ],
      "scale": [
        1.31445,
        1.31445,
        1.31445
      ]
    },
    "head": {
      "translation": [
        0,
        2.5,
        0
      ],
      "scale": [
        2.18945,
        2.18945,
        2.18945
      ]
    },
    "fixed": {
      "rotation": [
        9.75,
        0,
        0
      ],
      "translation": [
        0,
        1.5,
        -5.25
      ],
      "scale": [
        3.31055,
        3.31055,
        3.31055
      ]
    }
  }
}