{"textures":{"0":"social_media_robot:entity/discord_robot/discord_robot"},"elements":[{"faces":{"north":{"uv":[5,2.5,2.75,4.25],"texture":"#0","tintindex":0},"east":{"uv":[9.5,1,8.5,2.75],"texture":"#0","tintindex":0},"south":{"uv":[5,4.25,2.75,6],"texture":"#0","tintindex":0},"west":{"uv":[9.5,4.5,8.5,6.25],"texture":"#0","tintindex":0},"up":{"uv":[5,6,2.75,7],"texture":"#0","tintindex":0},"down":{"uv":[5,8,2.75,7],"texture":"#0","tintindex":0}},"to":[9.8,8.8,8.8],"from":[6.2,6,7.2],"rotation":{"angle":0,"axis":"y","origin":[8,7.4,8]}}],"display":{"head":{"translation":[0,5.6,0],"scale":[4,4,4],"rotation":[0,0,0]}}}