{"textures":{"0":"social_media_robot:entity/discord_robot/discord_robot"},"elements":[{"faces":{"north":{"uv":[10.5,0,11.25,1],"texture":"#0","tintindex":0},"east":{"uv":[10.5,0,10.75,1],"texture":"#0","tintindex":0},"south":{"uv":[9.75,2,9,3],"texture":"#0","tintindex":0},"west":{"uv":[11.25,0,11.5,1],"texture":"#0","tintindex":0},"up":{"uv":[11.25,0.25,10.5,0],"texture":"#0","tintindex":0},"down":{"uv":[11.25,0.25,10.5,0],"texture":"#0","tintindex":0}},"to":[7.96,4.8,8.8],"from":[6.76,3.2,8.4],"rotation":{"angle":0,"axis":"y","origin":[7.36,4,8.6]}}],"display":{"head":{"translation":[0,5.6,0],"scale":[4,4,4],"rotation":[0,0,0]}}}