{"textures":{"0":"social_media_robot:entity/discord_robot/discord_robot"},"elements":[{"faces":{"north":{"uv":[4.75,0.25,4,1.75],"texture":"#0","tintindex":0},"east":{"uv":[4.75,0.25,4,1.75],"texture":"#0","tintindex":0},"south":{"uv":[4.75,0.25,4,1.75],"texture":"#0","tintindex":0},"west":{"uv":[4.75,0.25,4,1.75],"texture":"#0","tintindex":0},"up":{"uv":[0.5,9.75,1.25,10.5],"texture":"#0","tintindex":0},"down":{"uv":[5.25,9.75,6,9],"texture":"#0","tintindex":0}},"to":[9.05908,5.32091,8.4],"from":[7.85908,2.92091,7.2],"rotation":{"angle":0,"axis":"y","origin":[8.45908,4.12091,7.8]}}],"display":{"head":{"translation":[0,5.6,0],"scale":[4,4,4],"rotation":[0,0,0]}}}